solid antenna:waveguide
  facet normal -1.000000e+00 0.000000e+00 0.000000e+00
    outer loop
      vertex 3.968151e+00 -3.527245e+00 9.653189e+00
      vertex 3.968151e+00 -5.511321e-01 2.728942e+01
      vertex 3.968151e+00 5.398548e-11 9.653189e+00
    endloop
  endfacet
  facet normal -1.000000e+00 0.000000e+00 0.000000e+00
    outer loop
      vertex 3.968151e+00 -2.976113e+00 2.728942e+01
      vertex 3.968151e+00 -5.511321e-01 2.728942e+01
      vertex 3.968151e+00 -3.527245e+00 9.653189e+00
    endloop
  endfacet
  facet normal -1.000000e+00 0.000000e+00 0.000000e+00
    outer loop
      vertex 3.968151e+00 5.398548e-11 8.928551e-08
      vertex 3.968151e+00 -3.527245e+00 9.653189e+00
      vertex 3.968151e+00 5.398548e-11 9.653189e+00
    endloop
  endfacet
  facet normal -1.000000e+00 0.000000e+00 0.000000e+00
    outer loop
      vertex 3.968151e+00 -3.527245e+00 8.928551e-08
      vertex 3.968151e+00 -3.527245e+00 9.653189e+00
      vertex 3.968151e+00 5.398548e-11 8.928551e-08
    endloop
  endfacet
  facet normal 1.000000e+00 0.000000e+00 0.000000e+00
    outer loop
      vertex -3.968151e+00 -3.527245e+00 9.653189e+00
      vertex -3.968151e+00 -5.511321e-01 2.728942e+01
      vertex -3.968151e+00 -2.976113e+00 2.728942e+01
    endloop
  endfacet
  facet normal 1.000000e+00 0.000000e+00 0.000000e+00
    outer loop
      vertex -3.968151e+00 5.398548e-11 9.653189e+00
      vertex -3.968151e+00 -5.511321e-01 2.728942e+01
      vertex -3.968151e+00 -3.527245e+00 9.653189e+00
    endloop
  endfacet
  facet normal 1.000000e+00 0.000000e+00 0.000000e+00
    outer loop
      vertex -3.968151e+00 -3.527245e+00 8.928551e-08
      vertex -3.968151e+00 5.398548e-11 9.653189e+00
      vertex -3.968151e+00 -3.527245e+00 9.653189e+00
    endloop
  endfacet
  facet normal 1.000000e+00 0.000000e+00 0.000000e+00
    outer loop
      vertex -3.968151e+00 5.398548e-11 8.928551e-08
      vertex -3.968151e+00 5.398548e-11 9.653189e+00
      vertex -3.968151e+00 -3.527245e+00 8.928551e-08
    endloop
  endfacet
  facet normal 0.000000e+00 9.995120e-01 -3.123475e-02
    outer loop
      vertex -3.968151e+00 -2.976113e+00 2.728942e+01
      vertex 3.968151e+00 -3.527245e+00 9.653189e+00
      vertex -3.968151e+00 -3.527245e+00 9.653189e+00
    endloop
  endfacet
  facet normal 0.000000e+00 9.995120e-01 -3.123475e-02
    outer loop
      vertex 3.968151e+00 -2.976113e+00 2.728942e+01
      vertex 3.968151e+00 -3.527245e+00 9.653189e+00
      vertex -3.968151e+00 -2.976113e+00 2.728942e+01
    endloop
  endfacet
  facet normal -0.000000e+00 -9.995120e-01 -3.123475e-02
    outer loop
      vertex 3.968151e+00 -5.511321e-01 2.728942e+01
      vertex -3.968151e+00 5.398548e-11 9.653189e+00
      vertex 3.968151e+00 5.398548e-11 9.653189e+00
    endloop
  endfacet
  facet normal -0.000000e+00 -9.995120e-01 -3.123475e-02
    outer loop
      vertex -3.968151e+00 -5.511321e-01 2.728942e+01
      vertex -3.968151e+00 5.398548e-11 9.653189e+00
      vertex 3.968151e+00 -5.511321e-01 2.728942e+01
    endloop
  endfacet
  facet normal 1.000000e+00 0.000000e+00 0.000000e+00
    outer loop
      vertex 4.345248e+00 -3.904343e+00 8.928551e-08
      vertex 4.345248e+00 3.770975e-01 8.928551e-08
      vertex 4.345248e+00 3.770975e-01 9.659079e+00
    endloop
  endfacet
  facet normal 1.000000e+00 0.000000e+00 0.000000e+00
    outer loop
      vertex 4.345248e+00 -3.904343e+00 9.659079e+00
      vertex 4.345248e+00 -1.738505e-01 2.728942e+01
      vertex 4.345248e+00 -3.353395e+00 2.728942e+01
    endloop
  endfacet
  facet normal 1.000000e+00 0.000000e+00 0.000000e+00
    outer loop
      vertex 4.345248e+00 -3.904343e+00 9.659079e+00
      vertex 4.345248e+00 3.770975e-01 9.659079e+00
      vertex 4.345248e+00 -1.738505e-01 2.728942e+01
    endloop
  endfacet
  facet normal 1.000000e+00 0.000000e+00 0.000000e+00
    outer loop
      vertex 4.345248e+00 -3.904343e+00 8.928551e-08
      vertex 4.345248e+00 3.770975e-01 9.659079e+00
      vertex 4.345248e+00 -3.904343e+00 9.659079e+00
    endloop
  endfacet
  facet normal 0.000000e+00 1.000000e+00 0.000000e+00
    outer loop
      vertex -4.345248e+00 3.770975e-01 9.659079e+00
      vertex 4.345248e+00 3.770975e-01 8.928551e-08
      vertex -4.345248e+00 3.770975e-01 8.928551e-08
    endloop
  endfacet
  facet normal 0.000000e+00 1.000000e+00 0.000000e+00
    outer loop
      vertex 4.345248e+00 3.770975e-01 9.659079e+00
      vertex 4.345248e+00 3.770975e-01 8.928551e-08
      vertex -4.345248e+00 3.770975e-01 9.659079e+00
    endloop
  endfacet
  facet normal -1.000000e+00 -0.000000e+00 -0.000000e+00
    outer loop
      vertex -4.345248e+00 -3.904343e+00 9.659079e+00
      vertex -4.345248e+00 -3.353395e+00 2.728942e+01
      vertex -4.345248e+00 -1.738505e-01 2.728942e+01
    endloop
  endfacet
  facet normal -1.000000e+00 -0.000000e+00 -0.000000e+00
    outer loop
      vertex -4.345248e+00 -3.904343e+00 9.659079e+00
      vertex -4.345248e+00 3.770975e-01 8.928551e-08
      vertex -4.345248e+00 -3.904343e+00 8.928551e-08
    endloop
  endfacet
  facet normal -1.000000e+00 -0.000000e+00 -0.000000e+00
    outer loop
      vertex -4.345248e+00 -3.904343e+00 9.659079e+00
      vertex -4.345248e+00 3.770975e-01 9.659079e+00
      vertex -4.345248e+00 3.770975e-01 8.928551e-08
    endloop
  endfacet
  facet normal -1.000000e+00 -0.000000e+00 -0.000000e+00
    outer loop
      vertex -4.345248e+00 -1.738505e-01 2.728942e+01
      vertex -4.345248e+00 3.770975e-01 9.659079e+00
      vertex -4.345248e+00 -3.904343e+00 9.659079e+00
    endloop
  endfacet
  facet normal -0.000000e+00 -1.000000e+00 -0.000000e+00
    outer loop
      vertex 4.345248e+00 -3.904343e+00 9.659079e+00
      vertex -4.345248e+00 -3.904343e+00 8.928551e-08
      vertex 4.345248e+00 -3.904343e+00 8.928551e-08
    endloop
  endfacet
  facet normal -0.000000e+00 -1.000000e+00 -0.000000e+00
    outer loop
      vertex -4.345248e+00 -3.904343e+00 9.659079e+00
      vertex -4.345248e+00 -3.904343e+00 8.928551e-08
      vertex 4.345248e+00 -3.904343e+00 9.659079e+00
    endloop
  endfacet
  facet normal -0.000000e+00 -0.000000e+00 -1.000000e+00
    outer loop
      vertex -3.555000e+00 -3.560000e+00 8.928551e-08
      vertex 3.555000e+00 -3.560000e+00 8.928551e-08
      vertex -4.345248e+00 -3.904343e+00 8.928551e-08
    endloop
  endfacet
  facet normal -0.000000e+00 -0.000000e+00 -1.000000e+00
    outer loop
      vertex -3.555000e+00 -3.560000e+00 8.928551e-08
      vertex -3.968151e+00 -3.527245e+00 8.928551e-08
      vertex -3.555000e+00 -3.527245e+00 8.928551e-08
    endloop
  endfacet
  facet normal -0.000000e+00 -0.000000e+00 -1.000000e+00
    outer loop
      vertex -4.345248e+00 -3.904343e+00 8.928551e-08
      vertex -3.968151e+00 -3.527245e+00 8.928551e-08
      vertex -3.555000e+00 -3.560000e+00 8.928551e-08
    endloop
  endfacet
  facet normal -0.000000e+00 -0.000000e+00 -1.000000e+00
    outer loop
      vertex -4.345248e+00 -3.904343e+00 8.928551e-08
      vertex -3.968151e+00 5.398548e-11 8.928551e-08
      vertex -3.968151e+00 -3.527245e+00 8.928551e-08
    endloop
  endfacet
  facet normal -0.000000e+00 -0.000000e+00 -1.000000e+00
    outer loop
      vertex -4.345248e+00 3.770975e-01 8.928551e-08
      vertex -3.968151e+00 5.398548e-11 8.928551e-08
      vertex -4.345248e+00 -3.904343e+00 8.928551e-08
    endloop
  endfacet
  facet normal -0.000000e+00 -0.000000e+00 -1.000000e+00
    outer loop
      vertex 4.345248e+00 3.770975e-01 8.928551e-08
      vertex -3.968151e+00 5.398548e-11 8.928551e-08
      vertex -4.345248e+00 3.770975e-01 8.928551e-08
    endloop
  endfacet
  facet normal -0.000000e+00 -0.000000e+00 -1.000000e+00
    outer loop
      vertex 3.968151e+00 5.398548e-11 8.928551e-08
      vertex -3.968151e+00 5.398548e-11 8.928551e-08
      vertex 4.345248e+00 3.770975e-01 8.928551e-08
    endloop
  endfacet
  facet normal -0.000000e+00 -0.000000e+00 -1.000000e+00
    outer loop
      vertex 4.345248e+00 -3.904343e+00 8.928551e-08
      vertex 3.968151e+00 5.398548e-11 8.928551e-08
      vertex 4.345248e+00 3.770975e-01 8.928551e-08
    endloop
  endfacet
  facet normal -0.000000e+00 -0.000000e+00 -1.000000e+00
    outer loop
      vertex 3.968151e+00 -3.527245e+00 8.928551e-08
      vertex 3.968151e+00 5.398548e-11 8.928551e-08
      vertex 4.345248e+00 -3.904343e+00 8.928551e-08
    endloop
  endfacet
  facet normal -0.000000e+00 -0.000000e+00 -1.000000e+00
    outer loop
      vertex 3.555000e+00 -3.560000e+00 8.928551e-08
      vertex 4.345248e+00 -3.904343e+00 8.928551e-08
      vertex -4.345248e+00 -3.904343e+00 8.928551e-08
    endloop
  endfacet
  facet normal -0.000000e+00 -0.000000e+00 -1.000000e+00
    outer loop
      vertex 3.555000e+00 -3.560000e+00 8.928551e-08
      vertex 3.968151e+00 -3.527245e+00 8.928551e-08
      vertex 4.345248e+00 -3.904343e+00 8.928551e-08
    endloop
  endfacet
  facet normal -0.000000e+00 -0.000000e+00 -1.000000e+00
    outer loop
      vertex 3.555000e+00 -3.527245e+00 8.928551e-08
      vertex 3.968151e+00 -3.527245e+00 8.928551e-08
      vertex 3.555000e+00 -3.560000e+00 8.928551e-08
    endloop
  endfacet
  facet normal 0.000000e+00 -9.995120e-01 3.123475e-02
    outer loop
      vertex 4.345248e+00 -3.353395e+00 2.728942e+01
      vertex -4.345248e+00 -3.904343e+00 9.659079e+00
      vertex 4.345248e+00 -3.904343e+00 9.659079e+00
    endloop
  endfacet
  facet normal 0.000000e+00 -9.995120e-01 3.123475e-02
    outer loop
      vertex -4.345248e+00 -3.353395e+00 2.728942e+01
      vertex -4.345248e+00 -3.904343e+00 9.659079e+00
      vertex 4.345248e+00 -3.353395e+00 2.728942e+01
    endloop
  endfacet
  facet normal 0.000000e+00 9.995120e-01 3.123475e-02
    outer loop
      vertex -4.345248e+00 -1.738505e-01 2.728942e+01
      vertex 4.345248e+00 3.770975e-01 9.659079e+00
      vertex -4.345248e+00 3.770975e-01 9.659079e+00
    endloop
  endfacet
  facet normal 0.000000e+00 9.995120e-01 3.123475e-02
    outer loop
      vertex 4.345248e+00 -1.738505e-01 2.728942e+01
      vertex 4.345248e+00 3.770975e-01 9.659079e+00
      vertex -4.345248e+00 -1.738505e-01 2.728942e+01
    endloop
  endfacet
  facet normal 0.000000e+00 0.000000e+00 1.000000e+00
    outer loop
      vertex -4.345248e+00 -3.353395e+00 2.728942e+01
      vertex 4.345248e+00 -3.353395e+00 2.728942e+01
      vertex -3.968151e+00 -2.976113e+00 2.728942e+01
    endloop
  endfacet
  facet normal 0.000000e+00 0.000000e+00 1.000000e+00
    outer loop
      vertex -3.968151e+00 -5.511321e-01 2.728942e+01
      vertex -4.345248e+00 -3.353395e+00 2.728942e+01
      vertex -3.968151e+00 -2.976113e+00 2.728942e+01
    endloop
  endfacet
  facet normal 0.000000e+00 0.000000e+00 1.000000e+00
    outer loop
      vertex -4.345248e+00 -1.738505e-01 2.728942e+01
      vertex -4.345248e+00 -3.353395e+00 2.728942e+01
      vertex -3.968151e+00 -5.511321e-01 2.728942e+01
    endloop
  endfacet
  facet normal 0.000000e+00 0.000000e+00 1.000000e+00
    outer loop
      vertex 3.968151e+00 -5.511321e-01 2.728942e+01
      vertex -4.345248e+00 -1.738505e-01 2.728942e+01
      vertex -3.968151e+00 -5.511321e-01 2.728942e+01
    endloop
  endfacet
  facet normal 0.000000e+00 0.000000e+00 1.000000e+00
    outer loop
      vertex 4.345248e+00 -1.738505e-01 2.728942e+01
      vertex -4.345248e+00 -1.738505e-01 2.728942e+01
      vertex 3.968151e+00 -5.511321e-01 2.728942e+01
    endloop
  endfacet
  facet normal 0.000000e+00 0.000000e+00 1.000000e+00
    outer loop
      vertex 4.345248e+00 -3.353395e+00 2.728942e+01
      vertex 3.968151e+00 -2.976113e+00 2.728942e+01
      vertex -3.968151e+00 -2.976113e+00 2.728942e+01
    endloop
  endfacet
  facet normal 0.000000e+00 0.000000e+00 1.000000e+00
    outer loop
      vertex 4.345248e+00 -3.353395e+00 2.728942e+01
      vertex 3.968151e+00 -5.511321e-01 2.728942e+01
      vertex 3.968151e+00 -2.976113e+00 2.728942e+01
    endloop
  endfacet
  facet normal 0.000000e+00 0.000000e+00 1.000000e+00
    outer loop
      vertex 4.345248e+00 -1.738505e-01 2.728942e+01
      vertex 3.968151e+00 -5.511321e-01 2.728942e+01
      vertex 4.345248e+00 -3.353395e+00 2.728942e+01
    endloop
  endfacet
  facet normal 0.000000e+00 1.000000e+00 0.000000e+00
    outer loop
      vertex -3.968151e+00 -3.527245e+00 8.928551e-08
      vertex -3.555000e+00 -3.527245e+00 7.936302e+00
      vertex -3.555000e+00 -3.527245e+00 8.928551e-08
    endloop
  endfacet
  facet normal 0.000000e+00 1.000000e+00 0.000000e+00
    outer loop
      vertex -3.968151e+00 -3.527245e+00 9.653189e+00
      vertex -3.555000e+00 -3.527245e+00 7.936302e+00
      vertex -3.968151e+00 -3.527245e+00 8.928551e-08
    endloop
  endfacet
  facet normal 0.000000e+00 1.000000e+00 0.000000e+00
    outer loop
      vertex -3.968151e+00 -3.527245e+00 9.653189e+00
      vertex 3.555000e+00 -3.527245e+00 7.936302e+00
      vertex -3.555000e+00 -3.527245e+00 7.936302e+00
    endloop
  endfacet
  facet normal 0.000000e+00 1.000000e+00 0.000000e+00
    outer loop
      vertex 3.968151e+00 -3.527245e+00 9.653189e+00
      vertex 3.555000e+00 -3.527245e+00 7.936302e+00
      vertex -3.968151e+00 -3.527245e+00 9.653189e+00
    endloop
  endfacet
  facet normal 0.000000e+00 1.000000e+00 0.000000e+00
    outer loop
      vertex 3.968151e+00 -3.527245e+00 8.928551e-08
      vertex 3.555000e+00 -3.527245e+00 7.936302e+00
      vertex 3.968151e+00 -3.527245e+00 9.653189e+00
    endloop
  endfacet
  facet normal 0.000000e+00 1.000000e+00 0.000000e+00
    outer loop
      vertex 3.555000e+00 -3.527245e+00 8.928551e-08
      vertex 3.555000e+00 -3.527245e+00 7.936302e+00
      vertex 3.968151e+00 -3.527245e+00 8.928551e-08
    endloop
  endfacet
  facet normal 0.000000e+00 -1.000000e+00 0.000000e+00
    outer loop
      vertex -3.968151e+00 5.398548e-11 8.928551e-08
      vertex 3.968151e+00 5.398548e-11 9.653189e+00
      vertex -3.968151e+00 5.398548e-11 9.653189e+00
    endloop
  endfacet
  facet normal 0.000000e+00 -1.000000e+00 0.000000e+00
    outer loop
      vertex 3.968151e+00 5.398548e-11 8.928551e-08
      vertex 3.968151e+00 5.398548e-11 9.653189e+00
      vertex -3.968151e+00 5.398548e-11 8.928551e-08
    endloop
  endfacet
  facet normal -1.000000e+00 0.000000e+00 0.000000e+00
    outer loop
      vertex 3.555000e+00 -3.560000e+00 7.936302e+00
      vertex 3.555000e+00 -3.527245e+00 8.928551e-08
      vertex 3.555000e+00 -3.560000e+00 8.928551e-08
    endloop
  endfacet
  facet normal -1.000000e+00 0.000000e+00 0.000000e+00
    outer loop
      vertex 3.555000e+00 -3.527245e+00 7.936302e+00
      vertex 3.555000e+00 -3.527245e+00 8.928551e-08
      vertex 3.555000e+00 -3.560000e+00 7.936302e+00
    endloop
  endfacet
  facet normal 0.000000e+00 1.000000e+00 0.000000e+00
    outer loop
      vertex 3.555000e+00 -3.560000e+00 8.928551e-08
      vertex -3.555000e+00 -3.560000e+00 7.936302e+00
      vertex 3.555000e+00 -3.560000e+00 7.936302e+00
    endloop
  endfacet
  facet normal 0.000000e+00 1.000000e+00 0.000000e+00
    outer loop
      vertex -3.555000e+00 -3.560000e+00 8.928551e-08
      vertex -3.555000e+00 -3.560000e+00 7.936302e+00
      vertex 3.555000e+00 -3.560000e+00 8.928551e-08
    endloop
  endfacet
  facet normal 1.000000e+00 0.000000e+00 0.000000e+00
    outer loop
      vertex -3.555000e+00 -3.560000e+00 8.928551e-08
      vertex -3.555000e+00 -3.527245e+00 7.936302e+00
      vertex -3.555000e+00 -3.560000e+00 7.936302e+00
    endloop
  endfacet
  facet normal 1.000000e+00 0.000000e+00 0.000000e+00
    outer loop
      vertex -3.555000e+00 -3.527245e+00 8.928551e-08
      vertex -3.555000e+00 -3.527245e+00 7.936302e+00
      vertex -3.555000e+00 -3.560000e+00 8.928551e-08
    endloop
  endfacet
  facet normal -0.000000e+00 -0.000000e+00 -1.000000e+00
    outer loop
      vertex -3.555000e+00 -3.560000e+00 7.936302e+00
      vertex 3.555000e+00 -3.527245e+00 7.936302e+00
      vertex 3.555000e+00 -3.560000e+00 7.936302e+00
    endloop
  endfacet
  facet normal -0.000000e+00 -0.000000e+00 -1.000000e+00
    outer loop
      vertex -3.555000e+00 -3.527245e+00 7.936302e+00
      vertex 3.555000e+00 -3.527245e+00 7.936302e+00
      vertex -3.555000e+00 -3.560000e+00 7.936302e+00
    endloop
  endfacet
endsolid antenna:waveguide
solid antenna:plate
  facet normal 1.000000e+00 0.000000e+00 0.000000e+00
    outer loop
      vertex 4.345248e+00 -1.481443e+00 3.555640e+01
      vertex 4.345248e+00 -2.045802e+00 2.108489e+01
      vertex 4.345248e+00 -1.481443e+00 2.108489e+01
    endloop
  endfacet
  facet normal 1.000000e+00 0.000000e+00 0.000000e+00
    outer loop
      vertex 4.345248e+00 -2.045802e+00 3.555640e+01
      vertex 4.345248e+00 -2.045802e+00 2.108489e+01
      vertex 4.345248e+00 -1.481443e+00 3.555640e+01
    endloop
  endfacet
  facet normal -1.000000e+00 -0.000000e+00 -0.000000e+00
    outer loop
      vertex -4.345248e+00 -2.045802e+00 3.555640e+01
      vertex -4.345248e+00 -1.481443e+00 2.108489e+01
      vertex -4.345248e+00 -2.045802e+00 2.108489e+01
    endloop
  endfacet
  facet normal -1.000000e+00 -0.000000e+00 -0.000000e+00
    outer loop
      vertex -4.345248e+00 -1.481443e+00 3.555640e+01
      vertex -4.345248e+00 -1.481443e+00 2.108489e+01
      vertex -4.345248e+00 -2.045802e+00 3.555640e+01
    endloop
  endfacet
  facet normal -0.000000e+00 -1.000000e+00 -0.000000e+00
    outer loop
      vertex 4.279234e+00 -2.045802e+00 2.177948e+01
      vertex 4.345248e+00 -2.045802e+00 2.108489e+01
      vertex 4.345248e+00 -2.045802e+00 3.555640e+01
    endloop
  endfacet
  facet normal -0.000000e+00 -1.000000e+00 -0.000000e+00
    outer loop
      vertex 4.345248e+00 -2.045802e+00 3.555640e+01
      vertex 4.083198e+00 -2.045802e+00 2.245297e+01
      vertex 4.279234e+00 -2.045802e+00 2.177948e+01
    endloop
  endfacet
  facet normal -0.000000e+00 -1.000000e+00 -0.000000e+00
    outer loop
      vertex 4.345248e+00 -2.045802e+00 3.555640e+01
      vertex 3.763095e+00 -2.045802e+00 2.308489e+01
      vertex 4.083198e+00 -2.045802e+00 2.245297e+01
    endloop
  endfacet
  facet normal -0.000000e+00 -1.000000e+00 -0.000000e+00
    outer loop
      vertex 3.328653e+00 -2.045802e+00 2.365604e+01
      vertex 3.763095e+00 -2.045802e+00 2.308489e+01
      vertex 4.345248e+00 -2.045802e+00 3.555640e+01
    endloop
  endfacet
  facet normal -0.000000e+00 -1.000000e+00 -0.000000e+00
    outer loop
      vertex 4.345248e+00 -2.045802e+00 3.555640e+01
      vertex 2.793072e+00 -2.045802e+00 2.414906e+01
      vertex 3.328653e+00 -2.045802e+00 2.365604e+01
    endloop
  endfacet
  facet normal -0.000000e+00 -1.000000e+00 -0.000000e+00
    outer loop
      vertex 4.345248e+00 -2.045802e+00 3.555640e+01
      vertex 2.172624e+00 -2.045802e+00 2.454899e+01
      vertex 2.793072e+00 -2.045802e+00 2.414906e+01
    endloop
  endfacet
  facet normal -0.000000e+00 -1.000000e+00 -0.000000e+00
    outer loop
      vertex 1.486162e+00 -2.045802e+00 2.484366e+01
      vertex 2.172624e+00 -2.045802e+00 2.454899e+01
      vertex 4.345248e+00 -2.045802e+00 3.555640e+01
    endloop
  endfacet
  facet normal -0.000000e+00 -1.000000e+00 -0.000000e+00
    outer loop
      vertex 4.345248e+00 -2.045802e+00 3.555640e+01
      vertex 7.545444e-01 -2.045802e+00 2.502412e+01
      vertex 1.486162e+00 -2.045802e+00 2.484366e+01
    endloop
  endfacet
  facet normal -0.000000e+00 -1.000000e+00 -0.000000e+00
    outer loop
      vertex 4.345248e+00 -2.045802e+00 3.555640e+01
      vertex 2.660697e-16 -2.045802e+00 2.508489e+01
      vertex 7.545444e-01 -2.045802e+00 2.502412e+01
    endloop
  endfacet
  facet normal -0.000000e+00 -1.000000e+00 -0.000000e+00
    outer loop
      vertex -4.345248e+00 -2.045802e+00 3.555640e+01
      vertex 2.660697e-16 -2.045802e+00 2.508489e+01
      vertex 4.345248e+00 -2.045802e+00 3.555640e+01
    endloop
  endfacet
  facet normal -0.000000e+00 -1.000000e+00 -0.000000e+00
    outer loop
      vertex -4.345248e+00 -2.045802e+00 3.555640e+01
      vertex -7.545444e-01 -2.045802e+00 2.502412e+01
      vertex 2.660697e-16 -2.045802e+00 2.508489e+01
    endloop
  endfacet
  facet normal -0.000000e+00 -1.000000e+00 -0.000000e+00
    outer loop
      vertex -4.345248e+00 -2.045802e+00 3.555640e+01
      vertex -1.486162e+00 -2.045802e+00 2.484366e+01
      vertex -7.545444e-01 -2.045802e+00 2.502412e+01
    endloop
  endfacet
  facet normal -0.000000e+00 -1.000000e+00 -0.000000e+00
    outer loop
      vertex -2.172624e+00 -2.045802e+00 2.454899e+01
      vertex -1.486162e+00 -2.045802e+00 2.484366e+01
      vertex -4.345248e+00 -2.045802e+00 3.555640e+01
    endloop
  endfacet
  facet normal -0.000000e+00 -1.000000e+00 -0.000000e+00
    outer loop
      vertex -4.345248e+00 -2.045802e+00 3.555640e+01
      vertex -2.793072e+00 -2.045802e+00 2.414906e+01
      vertex -2.172624e+00 -2.045802e+00 2.454899e+01
    endloop
  endfacet
  facet normal -0.000000e+00 -1.000000e+00 -0.000000e+00
    outer loop
      vertex -4.345248e+00 -2.045802e+00 3.555640e+01
      vertex -3.328653e+00 -2.045802e+00 2.365604e+01
      vertex -2.793072e+00 -2.045802e+00 2.414906e+01
    endloop
  endfacet
  facet normal -0.000000e+00 -1.000000e+00 -0.000000e+00
    outer loop
      vertex -3.763095e+00 -2.045802e+00 2.308489e+01
      vertex -3.328653e+00 -2.045802e+00 2.365604e+01
      vertex -4.345248e+00 -2.045802e+00 3.555640e+01
    endloop
  endfacet
  facet normal -0.000000e+00 -1.000000e+00 -0.000000e+00
    outer loop
      vertex -4.345248e+00 -2.045802e+00 3.555640e+01
      vertex -4.083198e+00 -2.045802e+00 2.245297e+01
      vertex -3.763095e+00 -2.045802e+00 2.308489e+01
    endloop
  endfacet
  facet normal -0.000000e+00 -1.000000e+00 -0.000000e+00
    outer loop
      vertex -4.345248e+00 -2.045802e+00 3.555640e+01
      vertex -4.279234e+00 -2.045802e+00 2.177948e+01
      vertex -4.083198e+00 -2.045802e+00 2.245297e+01
    endloop
  endfacet
  facet normal -0.000000e+00 -1.000000e+00 -0.000000e+00
    outer loop
      vertex -4.345248e+00 -2.045802e+00 2.108489e+01
      vertex -4.279234e+00 -2.045802e+00 2.177948e+01
      vertex -4.345248e+00 -2.045802e+00 3.555640e+01
    endloop
  endfacet
  facet normal 0.000000e+00 0.000000e+00 1.000000e+00
    outer loop
      vertex 4.345248e+00 -2.045802e+00 3.555640e+01
      vertex -4.345248e+00 -1.481443e+00 3.555640e+01
      vertex -4.345248e+00 -2.045802e+00 3.555640e+01
    endloop
  endfacet
  facet normal 0.000000e+00 0.000000e+00 1.000000e+00
    outer loop
      vertex 4.345248e+00 -1.481443e+00 3.555640e+01
      vertex -4.345248e+00 -1.481443e+00 3.555640e+01
      vertex 4.345248e+00 -2.045802e+00 3.555640e+01
    endloop
  endfacet
  facet normal 0.000000e+00 1.000000e+00 0.000000e+00
    outer loop
      vertex -4.279234e+00 -1.481443e+00 2.177948e+01
      vertex -4.345248e+00 -1.481443e+00 2.108489e+01
      vertex -4.345248e+00 -1.481443e+00 3.555640e+01
    endloop
  endfacet
  facet normal 0.000000e+00 1.000000e+00 0.000000e+00
    outer loop
      vertex -4.345248e+00 -1.481443e+00 3.555640e+01
      vertex -4.083198e+00 -1.481443e+00 2.245297e+01
      vertex -4.279234e+00 -1.481443e+00 2.177948e+01
    endloop
  endfacet
  facet normal 0.000000e+00 1.000000e+00 0.000000e+00
    outer loop
      vertex -4.345248e+00 -1.481443e+00 3.555640e+01
      vertex -3.763095e+00 -1.481443e+00 2.308489e+01
      vertex -4.083198e+00 -1.481443e+00 2.245297e+01
    endloop
  endfacet
  facet normal 0.000000e+00 1.000000e+00 0.000000e+00
    outer loop
      vertex -3.328653e+00 -1.481443e+00 2.365604e+01
      vertex -3.763095e+00 -1.481443e+00 2.308489e+01
      vertex -4.345248e+00 -1.481443e+00 3.555640e+01
    endloop
  endfacet
  facet normal 0.000000e+00 1.000000e+00 0.000000e+00
    outer loop
      vertex -4.345248e+00 -1.481443e+00 3.555640e+01
      vertex -2.793072e+00 -1.481443e+00 2.414906e+01
      vertex -3.328653e+00 -1.481443e+00 2.365604e+01
    endloop
  endfacet
  facet normal 0.000000e+00 1.000000e+00 0.000000e+00
    outer loop
      vertex -4.345248e+00 -1.481443e+00 3.555640e+01
      vertex -2.172624e+00 -1.481443e+00 2.454899e+01
      vertex -2.793072e+00 -1.481443e+00 2.414906e+01
    endloop
  endfacet
  facet normal 0.000000e+00 1.000000e+00 0.000000e+00
    outer loop
      vertex -1.486162e+00 -1.481443e+00 2.484366e+01
      vertex -2.172624e+00 -1.481443e+00 2.454899e+01
      vertex -4.345248e+00 -1.481443e+00 3.555640e+01
    endloop
  endfacet
  facet normal 0.000000e+00 1.000000e+00 0.000000e+00
    outer loop
      vertex -4.345248e+00 -1.481443e+00 3.555640e+01
      vertex -7.545444e-01 -1.481443e+00 2.502412e+01
      vertex -1.486162e+00 -1.481443e+00 2.484366e+01
    endloop
  endfacet
  facet normal 0.000000e+00 1.000000e+00 0.000000e+00
    outer loop
      vertex -4.345248e+00 -1.481443e+00 3.555640e+01
      vertex 2.660697e-16 -1.481443e+00 2.508489e+01
      vertex -7.545444e-01 -1.481443e+00 2.502412e+01
    endloop
  endfacet
  facet normal 0.000000e+00 1.000000e+00 0.000000e+00
    outer loop
      vertex 4.345248e+00 -1.481443e+00 3.555640e+01
      vertex 2.660697e-16 -1.481443e+00 2.508489e+01
      vertex -4.345248e+00 -1.481443e+00 3.555640e+01
    endloop
  endfacet
  facet normal 0.000000e+00 1.000000e+00 0.000000e+00
    outer loop
      vertex 4.345248e+00 -1.481443e+00 3.555640e+01
      vertex 7.545444e-01 -1.481443e+00 2.502412e+01
      vertex 2.660697e-16 -1.481443e+00 2.508489e+01
    endloop
  endfacet
  facet normal 0.000000e+00 1.000000e+00 0.000000e+00
    outer loop
      vertex 4.345248e+00 -1.481443e+00 3.555640e+01
      vertex 1.486162e+00 -1.481443e+00 2.484366e+01
      vertex 7.545444e-01 -1.481443e+00 2.502412e+01
    endloop
  endfacet
  facet normal 0.000000e+00 1.000000e+00 0.000000e+00
    outer loop
      vertex 2.172624e+00 -1.481443e+00 2.454899e+01
      vertex 1.486162e+00 -1.481443e+00 2.484366e+01
      vertex 4.345248e+00 -1.481443e+00 3.555640e+01
    endloop
  endfacet
  facet normal 0.000000e+00 1.000000e+00 0.000000e+00
    outer loop
      vertex 4.345248e+00 -1.481443e+00 3.555640e+01
      vertex 2.793072e+00 -1.481443e+00 2.414906e+01
      vertex 2.172624e+00 -1.481443e+00 2.454899e+01
    endloop
  endfacet
  facet normal 0.000000e+00 1.000000e+00 0.000000e+00
    outer loop
      vertex 4.345248e+00 -1.481443e+00 3.555640e+01
      vertex 3.328653e+00 -1.481443e+00 2.365604e+01
      vertex 2.793072e+00 -1.481443e+00 2.414906e+01
    endloop
  endfacet
  facet normal 0.000000e+00 1.000000e+00 0.000000e+00
    outer loop
      vertex 3.763095e+00 -1.481443e+00 2.308489e+01
      vertex 3.328653e+00 -1.481443e+00 2.365604e+01
      vertex 4.345248e+00 -1.481443e+00 3.555640e+01
    endloop
  endfacet
  facet normal 0.000000e+00 1.000000e+00 0.000000e+00
    outer loop
      vertex 4.345248e+00 -1.481443e+00 3.555640e+01
      vertex 4.083198e+00 -1.481443e+00 2.245297e+01
      vertex 3.763095e+00 -1.481443e+00 2.308489e+01
    endloop
  endfacet
  facet normal 0.000000e+00 1.000000e+00 0.000000e+00
    outer loop
      vertex 4.345248e+00 -1.481443e+00 3.555640e+01
      vertex 4.279234e+00 -1.481443e+00 2.177948e+01
      vertex 4.083198e+00 -1.481443e+00 2.245297e+01
    endloop
  endfacet
  facet normal 0.000000e+00 1.000000e+00 0.000000e+00
    outer loop
      vertex 4.345248e+00 -1.481443e+00 2.108489e+01
      vertex 4.279234e+00 -1.481443e+00 2.177948e+01
      vertex 4.345248e+00 -1.481443e+00 3.555640e+01
    endloop
  endfacet
  facet normal 9.940483e-01 -3.839799e-18 -6.270868e-02
    outer loop
      vertex -4.279234e+00 -1.481443e+00 2.177948e+01
      vertex -4.345248e+00 -2.045802e+00 2.108489e+01
      vertex -4.345248e+00 -1.481443e+00 2.108489e+01
    endloop
  endfacet
  facet normal 9.880965e-01 -7.679599e-18 -1.254174e-01
    outer loop
      vertex -4.279234e+00 -2.045802e+00 2.177948e+01
      vertex -4.345248e+00 -2.045802e+00 2.108489e+01
      vertex -4.279234e+00 -1.481443e+00 2.177948e+01
    endloop
  endfacet
  facet normal 9.647463e-01 -1.518440e-17 -2.479801e-01
    outer loop
      vertex -4.083198e+00 -1.481443e+00 2.245297e+01
      vertex -4.279234e+00 -2.045802e+00 2.177948e+01
      vertex -4.279234e+00 -1.481443e+00 2.177948e+01
    endloop
  endfacet
  facet normal 9.473478e-01 -1.884941e-17 -3.078341e-01
    outer loop
      vertex -4.083198e+00 -2.045802e+00 2.245297e+01
      vertex -4.279234e+00 -2.045802e+00 2.177948e+01
      vertex -4.083198e+00 -1.481443e+00 2.245297e+01
    endloop
  endfacet
  facet normal 9.023549e-01 -2.585442e-17 -4.222348e-01
    outer loop
      vertex -3.763095e+00 -1.481443e+00 2.308489e+01
      vertex -4.083198e+00 -2.045802e+00 2.245297e+01
      vertex -4.083198e+00 -1.481443e+00 2.245297e+01
    endloop
  endfacet
  facet normal 8.747606e-01 -2.919444e-17 -4.767813e-01
    outer loop
      vertex -3.763095e+00 -2.045802e+00 2.308489e+01
      vertex -4.083198e+00 -2.045802e+00 2.245297e+01
      vertex -3.763095e+00 -1.481443e+00 2.308489e+01
    endloop
  endfacet
  facet normal 8.111256e-01 -3.543950e-17 -5.787709e-01
    outer loop
      vertex -3.328653e+00 -1.481443e+00 2.365604e+01
      vertex -3.763095e+00 -2.045802e+00 2.308489e+01
      vertex -3.763095e+00 -1.481443e+00 2.308489e+01
    endloop
  endfacet
  facet normal 7.750850e-01 -3.834454e-17 -6.262138e-01
    outer loop
      vertex -3.328653e+00 -2.045802e+00 2.365604e+01
      vertex -3.763095e+00 -2.045802e+00 2.308489e+01
      vertex -3.328653e+00 -1.481443e+00 2.365604e+01
    endloop
  endfacet
  facet normal 6.964629e-01 -4.365279e-17 -7.129042e-01
    outer loop
      vertex -2.793072e+00 -1.481443e+00 2.414906e+01
      vertex -3.328653e+00 -2.045802e+00 2.365604e+01
      vertex -3.328653e+00 -1.481443e+00 2.365604e+01
    endloop
  endfacet
  facet normal 6.538815e-01 -4.605600e-17 -7.521515e-01
    outer loop
      vertex -2.793072e+00 -2.045802e+00 2.414906e+01
      vertex -3.328653e+00 -2.045802e+00 2.365604e+01
      vertex -2.793072e+00 -1.481443e+00 2.414906e+01
    endloop
  endfacet
  facet normal 5.639706e-01 -5.032952e-17 -8.219435e-01
    outer loop
      vertex -2.172624e+00 -1.481443e+00 2.454899e+01
      vertex -2.793072e+00 -2.045802e+00 2.414906e+01
      vertex -2.793072e+00 -1.481443e+00 2.414906e+01
    endloop
  endfacet
  facet normal 5.166411e-01 -5.219983e-17 -8.524880e-01
    outer loop
      vertex -2.172624e+00 -2.045802e+00 2.454899e+01
      vertex -2.793072e+00 -2.045802e+00 2.414906e+01
      vertex -2.172624e+00 -1.481443e+00 2.454899e+01
    endloop
  endfacet
  facet normal 4.187723e-01 -5.540013e-17 -9.047528e-01
    outer loop
      vertex -1.486162e+00 -1.481443e+00 2.484366e+01
      vertex -2.172624e+00 -2.045802e+00 2.454899e+01
      vertex -2.172624e+00 -1.481443e+00 2.454899e+01
    endloop
  endfacet
  facet normal 3.682329e-01 -5.673012e-17 -9.264731e-01
    outer loop
      vertex -1.486162e+00 -2.045802e+00 2.484366e+01
      vertex -2.172624e+00 -2.045802e+00 2.454899e+01
      vertex -1.486162e+00 -1.481443e+00 2.484366e+01
    endloop
  endfacet
  facet normal 2.652023e-01 -5.885383e-17 -9.611561e-01
    outer loop
      vertex -7.545444e-01 -1.481443e+00 2.502412e+01
      vertex -1.486162e+00 -2.045802e+00 2.484366e+01
      vertex -1.486162e+00 -1.481443e+00 2.484366e+01
    endloop
  endfacet
  facet normal 2.127112e-01 -5.964756e-17 -9.741187e-01
    outer loop
      vertex -7.545444e-01 -2.045802e+00 2.502412e+01
      vertex -1.486162e+00 -2.045802e+00 2.484366e+01
      vertex -7.545444e-01 -1.481443e+00 2.502412e+01
    endloop
  endfacet
  facet normal 1.068134e-01 -6.070498e-17 -9.913875e-01
    outer loop
      vertex 2.660697e-16 -1.481443e+00 2.508489e+01
      vertex -7.545444e-01 -2.045802e+00 2.502412e+01
      vertex -7.545444e-01 -1.481443e+00 2.502412e+01
    endloop
  endfacet
  facet normal 5.340671e-02 -6.096866e-17 -9.956937e-01
    outer loop
      vertex 2.660697e-16 -2.045802e+00 2.508489e+01
      vertex -7.545444e-01 -2.045802e+00 2.502412e+01
      vertex 2.660697e-16 -1.481443e+00 2.508489e+01
    endloop
  endfacet
  facet normal -5.340671e-02 -6.096866e-17 -9.956937e-01
    outer loop
      vertex 7.545444e-01 -1.481443e+00 2.502412e+01
      vertex 2.660697e-16 -2.045802e+00 2.508489e+01
      vertex 2.660697e-16 -1.481443e+00 2.508489e+01
    endloop
  endfacet
  facet normal -1.068134e-01 -6.070498e-17 -9.913875e-01
    outer loop
      vertex 7.545444e-01 -2.045802e+00 2.502412e+01
      vertex 2.660697e-16 -2.045802e+00 2.508489e+01
      vertex 7.545444e-01 -1.481443e+00 2.502412e+01
    endloop
  endfacet
  facet normal -2.127112e-01 -5.964756e-17 -9.741187e-01
    outer loop
      vertex 1.486162e+00 -1.481443e+00 2.484366e+01
      vertex 7.545444e-01 -2.045802e+00 2.502412e+01
      vertex 7.545444e-01 -1.481443e+00 2.502412e+01
    endloop
  endfacet
  facet normal -2.652023e-01 -5.885383e-17 -9.611561e-01
    outer loop
      vertex 1.486162e+00 -2.045802e+00 2.484366e+01
      vertex 7.545444e-01 -2.045802e+00 2.502412e+01
      vertex 1.486162e+00 -1.481443e+00 2.484366e+01
    endloop
  endfacet
  facet normal -3.682329e-01 -5.673012e-17 -9.264731e-01
    outer loop
      vertex 2.172624e+00 -1.481443e+00 2.454899e+01
      vertex 1.486162e+00 -2.045802e+00 2.484366e+01
      vertex 1.486162e+00 -1.481443e+00 2.484366e+01
    endloop
  endfacet
  facet normal -4.187723e-01 -5.540013e-17 -9.047528e-01
    outer loop
      vertex 2.172624e+00 -2.045802e+00 2.454899e+01
      vertex 1.486162e+00 -2.045802e+00 2.484366e+01
      vertex 2.172624e+00 -1.481443e+00 2.454899e+01
    endloop
  endfacet
  facet normal -5.166411e-01 -5.219983e-17 -8.524880e-01
    outer loop
      vertex 2.793072e+00 -1.481443e+00 2.414906e+01
      vertex 2.172624e+00 -2.045802e+00 2.454899e+01
      vertex 2.172624e+00 -1.481443e+00 2.454899e+01
    endloop
  endfacet
  facet normal -5.639706e-01 -5.032952e-17 -8.219435e-01
    outer loop
      vertex 2.793072e+00 -2.045802e+00 2.414906e+01
      vertex 2.172624e+00 -2.045802e+00 2.454899e+01
      vertex 2.793072e+00 -1.481443e+00 2.414906e+01
    endloop
  endfacet
  facet normal -6.538815e-01 -4.605600e-17 -7.521515e-01
    outer loop
      vertex 3.328653e+00 -1.481443e+00 2.365604e+01
      vertex 2.793072e+00 -2.045802e+00 2.414906e+01
      vertex 2.793072e+00 -1.481443e+00 2.414906e+01
    endloop
  endfacet
  facet normal -6.964629e-01 -4.365279e-17 -7.129042e-01
    outer loop
      vertex 3.328653e+00 -2.045802e+00 2.365604e+01
      vertex 2.793072e+00 -2.045802e+00 2.414906e+01
      vertex 3.328653e+00 -1.481443e+00 2.365604e+01
    endloop
  endfacet
  facet normal -7.750850e-01 -3.834454e-17 -6.262138e-01
    outer loop
      vertex 3.763095e+00 -1.481443e+00 2.308489e+01
      vertex 3.328653e+00 -2.045802e+00 2.365604e+01
      vertex 3.328653e+00 -1.481443e+00 2.365604e+01
    endloop
  endfacet
  facet normal -8.111256e-01 -3.543950e-17 -5.787709e-01
    outer loop
      vertex 3.763095e+00 -2.045802e+00 2.308489e+01
      vertex 3.328653e+00 -2.045802e+00 2.365604e+01
      vertex 3.763095e+00 -1.481443e+00 2.308489e+01
    endloop
  endfacet
  facet normal -8.747606e-01 -2.919444e-17 -4.767813e-01
    outer loop
      vertex 4.083198e+00 -1.481443e+00 2.245297e+01
      vertex 3.763095e+00 -2.045802e+00 2.308489e+01
      vertex 3.763095e+00 -1.481443e+00 2.308489e+01
    endloop
  endfacet
  facet normal -9.023549e-01 -2.585442e-17 -4.222348e-01
    outer loop
      vertex 4.083198e+00 -2.045802e+00 2.245297e+01
      vertex 3.763095e+00 -2.045802e+00 2.308489e+01
      vertex 4.083198e+00 -1.481443e+00 2.245297e+01
    endloop
  endfacet
  facet normal -9.473478e-01 -1.884941e-17 -3.078341e-01
    outer loop
      vertex 4.279234e+00 -1.481443e+00 2.177948e+01
      vertex 4.083198e+00 -2.045802e+00 2.245297e+01
      vertex 4.083198e+00 -1.481443e+00 2.245297e+01
    endloop
  endfacet
  facet normal -9.647463e-01 -1.518440e-17 -2.479801e-01
    outer loop
      vertex 4.279234e+00 -2.045802e+00 2.177948e+01
      vertex 4.083198e+00 -2.045802e+00 2.245297e+01
      vertex 4.279234e+00 -1.481443e+00 2.177948e+01
    endloop
  endfacet
  facet normal -9.880965e-01 -7.679599e-18 -1.254174e-01
    outer loop
      vertex 4.345248e+00 -1.481443e+00 2.108489e+01
      vertex 4.279234e+00 -2.045802e+00 2.177948e+01
      vertex 4.279234e+00 -1.481443e+00 2.177948e+01
    endloop
  endfacet
  facet normal -9.940483e-01 -3.839799e-18 -6.270868e-02
    outer loop
      vertex 4.345248e+00 -2.045802e+00 2.108489e+01
      vertex 4.279234e+00 -2.045802e+00 2.177948e+01
      vertex 4.345248e+00 -1.481443e+00 2.108489e+01
    endloop
  endfacet
endsolid antenna:plate
solid new_tri:tri1
  facet normal -1.000000e+00 -0.000000e+00 -0.000000e+00
    outer loop
      vertex -5.000000e-01 -4.263623e+00 2.954685e+01
      vertex -5.000000e-01 7.363774e-01 2.954685e+01
      vertex -5.000000e-01 -1.763623e+00 2.754685e+01
    endloop
  endfacet
  facet normal 1.000000e+00 0.000000e+00 0.000000e+00
    outer loop
      vertex 5.000000e-01 -1.763623e+00 2.754685e+01
      vertex 5.000000e-01 7.363774e-01 2.954685e+01
      vertex 5.000000e-01 -4.263623e+00 2.954685e+01
    endloop
  endfacet
  facet normal 0.000000e+00 0.000000e+00 1.000000e+00
    outer loop
      vertex -5.000000e-01 -4.263623e+00 2.954685e+01
      vertex 5.000000e-01 7.363774e-01 2.954685e+01
      vertex -5.000000e-01 7.363774e-01 2.954685e+01
    endloop
  endfacet
  facet normal 0.000000e+00 0.000000e+00 1.000000e+00
    outer loop
      vertex 5.000000e-01 -4.263623e+00 2.954685e+01
      vertex 5.000000e-01 7.363774e-01 2.954685e+01
      vertex -5.000000e-01 -4.263623e+00 2.954685e+01
    endloop
  endfacet
  facet normal 0.000000e+00 6.246951e-01 -7.808688e-01
    outer loop
      vertex -5.000000e-01 7.363774e-01 2.954685e+01
      vertex 5.000000e-01 -1.763623e+00 2.754685e+01
      vertex -5.000000e-01 -1.763623e+00 2.754685e+01
    endloop
  endfacet
  facet normal 0.000000e+00 6.246951e-01 -7.808688e-01
    outer loop
      vertex 5.000000e-01 7.363774e-01 2.954685e+01
      vertex 5.000000e-01 -1.763623e+00 2.754685e+01
      vertex -5.000000e-01 7.363774e-01 2.954685e+01
    endloop
  endfacet
  facet normal 0.000000e+00 -6.246951e-01 -7.808688e-01
    outer loop
      vertex -5.000000e-01 -1.763623e+00 2.754685e+01
      vertex 5.000000e-01 -4.263623e+00 2.954685e+01
      vertex -5.000000e-01 -4.263623e+00 2.954685e+01
    endloop
  endfacet
  facet normal 0.000000e+00 -6.246951e-01 -7.808688e-01
    outer loop
      vertex 5.000000e-01 -1.763623e+00 2.754685e+01
      vertex 5.000000e-01 -4.263623e+00 2.954685e+01
      vertex -5.000000e-01 -1.763623e+00 2.754685e+01
    endloop
  endfacet
endsolid new_tri:tri1
solid new_tri:tri_support
  facet normal 1.000000e+00 0.000000e+00 0.000000e+00
    outer loop
      vertex 5.000000e-01 7.363774e-01 3.004685e+01
      vertex 5.000000e-01 -4.263623e+00 2.954685e+01
      vertex 5.000000e-01 7.363774e-01 2.954685e+01
    endloop
  endfacet
  facet normal 1.000000e+00 0.000000e+00 0.000000e+00
    outer loop
      vertex 5.000000e-01 -4.263623e+00 3.004685e+01
      vertex 5.000000e-01 -4.263623e+00 2.954685e+01
      vertex 5.000000e-01 7.363774e-01 3.004685e+01
    endloop
  endfacet
  facet normal 0.000000e+00 1.000000e+00 0.000000e+00
    outer loop
      vertex -5.000000e-01 7.363774e-01 3.004685e+01
      vertex 5.000000e-01 7.363774e-01 2.954685e+01
      vertex -5.000000e-01 7.363774e-01 2.954685e+01
    endloop
  endfacet
  facet normal 0.000000e+00 1.000000e+00 0.000000e+00
    outer loop
      vertex 5.000000e-01 7.363774e-01 3.004685e+01
      vertex 5.000000e-01 7.363774e-01 2.954685e+01
      vertex -5.000000e-01 7.363774e-01 3.004685e+01
    endloop
  endfacet
  facet normal -1.000000e+00 -0.000000e+00 -0.000000e+00
    outer loop
      vertex -5.000000e-01 -4.263623e+00 3.004685e+01
      vertex -5.000000e-01 7.363774e-01 2.954685e+01
      vertex -5.000000e-01 -4.263623e+00 2.954685e+01
    endloop
  endfacet
  facet normal -1.000000e+00 -0.000000e+00 -0.000000e+00
    outer loop
      vertex -5.000000e-01 7.363774e-01 3.004685e+01
      vertex -5.000000e-01 7.363774e-01 2.954685e+01
      vertex -5.000000e-01 -4.263623e+00 3.004685e+01
    endloop
  endfacet
  facet normal -0.000000e+00 -1.000000e+00 -0.000000e+00
    outer loop
      vertex 5.000000e-01 -4.263623e+00 3.004685e+01
      vertex -5.000000e-01 -4.263623e+00 2.954685e+01
      vertex 5.000000e-01 -4.263623e+00 2.954685e+01
    endloop
  endfacet
  facet normal -0.000000e+00 -1.000000e+00 -0.000000e+00
    outer loop
      vertex -5.000000e-01 -4.263623e+00 3.004685e+01
      vertex -5.000000e-01 -4.263623e+00 2.954685e+01
      vertex 5.000000e-01 -4.263623e+00 3.004685e+01
    endloop
  endfacet
  facet normal -0.000000e+00 -0.000000e+00 -1.000000e+00
    outer loop
      vertex 5.000000e-01 7.363774e-01 2.954685e+01
      vertex -5.000000e-01 -4.263623e+00 2.954685e+01
      vertex -5.000000e-01 7.363774e-01 2.954685e+01
    endloop
  endfacet
  facet normal -0.000000e+00 -0.000000e+00 -1.000000e+00
    outer loop
      vertex 5.000000e-01 -4.263623e+00 2.954685e+01
      vertex -5.000000e-01 -4.263623e+00 2.954685e+01
      vertex 5.000000e-01 7.363774e-01 2.954685e+01
    endloop
  endfacet
  facet normal 0.000000e+00 0.000000e+00 1.000000e+00
    outer loop
      vertex 5.000000e-01 -4.263623e+00 3.004685e+01
      vertex -5.000000e-01 7.363774e-01 3.004685e+01
      vertex -5.000000e-01 -4.263623e+00 3.004685e+01
    endloop
  endfacet
  facet normal 0.000000e+00 0.000000e+00 1.000000e+00
    outer loop
      vertex 5.000000e-01 7.363774e-01 3.004685e+01
      vertex -5.000000e-01 7.363774e-01 3.004685e+01
      vertex 5.000000e-01 -4.263623e+00 3.004685e+01
    endloop
  endfacet
endsolid new_tri:tri_support
solid new_tri:tri2
  facet normal -1.000000e+00 -0.000000e+00 -0.000000e+00
    outer loop
      vertex -5.000000e-01 -4.463623e+00 3.395591e+01
      vertex -5.000000e-01 9.363774e-01 3.395591e+01
      vertex -5.000000e-01 -1.763623e+00 3.195591e+01
    endloop
  endfacet
  facet normal 1.000000e+00 0.000000e+00 0.000000e+00
    outer loop
      vertex 5.000000e-01 -1.763623e+00 3.195591e+01
      vertex 5.000000e-01 9.363774e-01 3.395591e+01
      vertex 5.000000e-01 -4.463623e+00 3.395591e+01
    endloop
  endfacet
  facet normal 0.000000e+00 0.000000e+00 1.000000e+00
    outer loop
      vertex -5.000000e-01 -4.463623e+00 3.395591e+01
      vertex 5.000000e-01 9.363774e-01 3.395591e+01
      vertex -5.000000e-01 9.363774e-01 3.395591e+01
    endloop
  endfacet
  facet normal 0.000000e+00 0.000000e+00 1.000000e+00
    outer loop
      vertex 5.000000e-01 -4.463623e+00 3.395591e+01
      vertex 5.000000e-01 9.363774e-01 3.395591e+01
      vertex -5.000000e-01 -4.463623e+00 3.395591e+01
    endloop
  endfacet
  facet normal 0.000000e+00 5.952275e-01 -8.035572e-01
    outer loop
      vertex -5.000000e-01 9.363774e-01 3.395591e+01
      vertex 5.000000e-01 -1.763623e+00 3.195591e+01
      vertex -5.000000e-01 -1.763623e+00 3.195591e+01
    endloop
  endfacet
  facet normal 0.000000e+00 5.952275e-01 -8.035572e-01
    outer loop
      vertex 5.000000e-01 9.363774e-01 3.395591e+01
      vertex 5.000000e-01 -1.763623e+00 3.195591e+01
      vertex -5.000000e-01 9.363774e-01 3.395591e+01
    endloop
  endfacet
  facet normal 0.000000e+00 -5.952275e-01 -8.035572e-01
    outer loop
      vertex -5.000000e-01 -1.763623e+00 3.195591e+01
      vertex 5.000000e-01 -4.463623e+00 3.395591e+01
      vertex -5.000000e-01 -4.463623e+00 3.395591e+01
    endloop
  endfacet
  facet normal 0.000000e+00 -5.952275e-01 -8.035572e-01
    outer loop
      vertex 5.000000e-01 -1.763623e+00 3.195591e+01
      vertex 5.000000e-01 -4.463623e+00 3.395591e+01
      vertex -5.000000e-01 -1.763623e+00 3.195591e+01
    endloop
  endfacet
endsolid new_tri:tri2
solid new_tri:tri2_support
  facet normal 1.000000e+00 0.000000e+00 0.000000e+00
    outer loop
      vertex 5.000000e-01 9.363774e-01 3.445591e+01
      vertex 5.000000e-01 -4.463623e+00 3.395591e+01
      vertex 5.000000e-01 9.363774e-01 3.395591e+01
    endloop
  endfacet
  facet normal 1.000000e+00 0.000000e+00 0.000000e+00
    outer loop
      vertex 5.000000e-01 -4.463623e+00 3.445591e+01
      vertex 5.000000e-01 -4.463623e+00 3.395591e+01
      vertex 5.000000e-01 9.363774e-01 3.445591e+01
    endloop
  endfacet
  facet normal 0.000000e+00 1.000000e+00 0.000000e+00
    outer loop
      vertex -5.000000e-01 9.363774e-01 3.445591e+01
      vertex 5.000000e-01 9.363774e-01 3.395591e+01
      vertex -5.000000e-01 9.363774e-01 3.395591e+01
    endloop
  endfacet
  facet normal 0.000000e+00 1.000000e+00 0.000000e+00
    outer loop
      vertex 5.000000e-01 9.363774e-01 3.445591e+01
      vertex 5.000000e-01 9.363774e-01 3.395591e+01
      vertex -5.000000e-01 9.363774e-01 3.445591e+01
    endloop
  endfacet
  facet normal -1.000000e+00 -0.000000e+00 -0.000000e+00
    outer loop
      vertex -5.000000e-01 -4.463623e+00 3.445591e+01
      vertex -5.000000e-01 9.363774e-01 3.395591e+01
      vertex -5.000000e-01 -4.463623e+00 3.395591e+01
    endloop
  endfacet
  facet normal -1.000000e+00 -0.000000e+00 -0.000000e+00
    outer loop
      vertex -5.000000e-01 9.363774e-01 3.445591e+01
      vertex -5.000000e-01 9.363774e-01 3.395591e+01
      vertex -5.000000e-01 -4.463623e+00 3.445591e+01
    endloop
  endfacet
  facet normal -0.000000e+00 -1.000000e+00 -0.000000e+00
    outer loop
      vertex 5.000000e-01 -4.463623e+00 3.445591e+01
      vertex -5.000000e-01 -4.463623e+00 3.395591e+01
      vertex 5.000000e-01 -4.463623e+00 3.395591e+01
    endloop
  endfacet
  facet normal -0.000000e+00 -1.000000e+00 -0.000000e+00
    outer loop
      vertex -5.000000e-01 -4.463623e+00 3.445591e+01
      vertex -5.000000e-01 -4.463623e+00 3.395591e+01
      vertex 5.000000e-01 -4.463623e+00 3.445591e+01
    endloop
  endfacet
  facet normal -0.000000e+00 -0.000000e+00 -1.000000e+00
    outer loop
      vertex 5.000000e-01 9.363774e-01 3.395591e+01
      vertex -5.000000e-01 -4.463623e+00 3.395591e+01
      vertex -5.000000e-01 9.363774e-01 3.395591e+01
    endloop
  endfacet
  facet normal -0.000000e+00 -0.000000e+00 -1.000000e+00
    outer loop
      vertex 5.000000e-01 -4.463623e+00 3.395591e+01
      vertex -5.000000e-01 -4.463623e+00 3.395591e+01
      vertex 5.000000e-01 9.363774e-01 3.395591e+01
    endloop
  endfacet
  facet normal 0.000000e+00 0.000000e+00 1.000000e+00
    outer loop
      vertex 5.000000e-01 -4.463623e+00 3.445591e+01
      vertex -5.000000e-01 9.363774e-01 3.445591e+01
      vertex -5.000000e-01 -4.463623e+00 3.445591e+01
    endloop
  endfacet
  facet normal 0.000000e+00 0.000000e+00 1.000000e+00
    outer loop
      vertex 5.000000e-01 9.363774e-01 3.445591e+01
      vertex -5.000000e-01 9.363774e-01 3.445591e+01
      vertex 5.000000e-01 -4.463623e+00 3.445591e+01
    endloop
  endfacet
endsolid new_tri:tri2_support
solid waveguide:flange
  facet normal -0.000000e+00 -1.000000e+00 -0.000000e+00
    outer loop
      vertex 6.522136e-01 -1.128862e+01 3.842566e+00
      vertex -2.750000e-01 -1.128862e+01 3.839211e+00
      vertex -2.750000e-01 -1.128862e+01 -1.031849e+00
    endloop
  endfacet
  facet normal -0.000000e+00 -1.000000e+00 -0.000000e+00
    outer loop
      vertex -2.750000e-01 -1.128862e+01 -1.031849e+00
      vertex 1.980394e+00 -1.128862e+01 3.876102e+00
      vertex 6.522136e-01 -1.128862e+01 3.842566e+00
    endloop
  endfacet
  facet normal -0.000000e+00 -1.000000e+00 -0.000000e+00
    outer loop
      vertex -2.750000e-01 -1.128862e+01 -1.031849e+00
      vertex 3.386773e+00 -1.128862e+01 3.948492e+00
      vertex 1.980394e+00 -1.128862e+01 3.876102e+00
    endloop
  endfacet
  facet normal -0.000000e+00 -1.000000e+00 -0.000000e+00
    outer loop
      vertex 7.840000e+00 -1.128862e+01 -1.031849e+00
      vertex 3.386773e+00 -1.128862e+01 3.948492e+00
      vertex -2.750000e-01 -1.128862e+01 -1.031849e+00
    endloop
  endfacet
  facet normal -0.000000e+00 -1.000000e+00 -0.000000e+00
    outer loop
      vertex 7.840000e+00 -1.128862e+01 -1.031849e+00
      vertex 3.677003e+00 -1.128862e+01 3.968151e+00
      vertex 3.386773e+00 -1.128862e+01 3.948492e+00
    endloop
  endfacet
  facet normal -0.000000e+00 -1.000000e+00 -0.000000e+00
    outer loop
      vertex 7.840000e+00 -1.128862e+01 3.968151e+00
      vertex 3.677003e+00 -1.128862e+01 3.968151e+00
      vertex 7.840000e+00 -1.128862e+01 -1.031849e+00
    endloop
  endfacet
  facet normal 0.000000e+00 0.000000e+00 1.000000e+00
    outer loop
      vertex -5.264138e+01 -5.328862e+01 1.096815e+01
      vertex -5.305000e+01 -5.176362e+01 1.096815e+01
      vertex -5.909250e+01 -5.346331e+01 1.096815e+01
    endloop
  endfacet
  facet normal 0.000000e+00 0.000000e+00 1.000000e+00
    outer loop
      vertex -5.786451e+01 -5.663312e+01 1.096815e+01
      vertex -5.264138e+01 -5.328862e+01 1.096815e+01
      vertex -5.909250e+01 -5.346331e+01 1.096815e+01
    endloop
  endfacet
  facet normal 0.000000e+00 0.000000e+00 1.000000e+00
    outer loop
      vertex -5.557437e+01 -5.914528e+01 1.096815e+01
      vertex -5.264138e+01 -5.328862e+01 1.096815e+01
      vertex -5.786451e+01 -5.663312e+01 1.096815e+01
    endloop
  endfacet
  facet normal 0.000000e+00 0.000000e+00 1.000000e+00
    outer loop
      vertex -5.557437e+01 -5.914528e+01 1.096815e+01
      vertex -5.152500e+01 -5.440500e+01 1.096815e+01
      vertex -5.264138e+01 -5.328862e+01 1.096815e+01
    endloop
  endfacet
  facet normal 0.000000e+00 0.000000e+00 1.000000e+00
    outer loop
      vertex -5.253138e+01 -6.066051e+01 1.096815e+01
      vertex -5.152500e+01 -5.440500e+01 1.096815e+01
      vertex -5.557437e+01 -5.914528e+01 1.096815e+01
    endloop
  endfacet
  facet normal 0.000000e+00 0.000000e+00 1.000000e+00
    outer loop
      vertex -5.253138e+01 -6.066051e+01 1.096815e+01
      vertex -5.000000e+01 -5.481362e+01 1.096815e+01
      vertex -5.152500e+01 -5.440500e+01 1.096815e+01
    endloop
  endfacet
  facet normal 0.000000e+00 0.000000e+00 1.000000e+00
    outer loop
      vertex -4.914652e+01 -6.097416e+01 1.096815e+01
      vertex -5.000000e+01 -5.481362e+01 1.096815e+01
      vertex -5.253138e+01 -6.066051e+01 1.096815e+01
    endloop
  endfacet
  facet normal 0.000000e+00 0.000000e+00 1.000000e+00
    outer loop
      vertex -4.914652e+01 -6.097416e+01 1.096815e+01
      vertex -4.847500e+01 -5.440500e+01 1.096815e+01
      vertex -5.000000e+01 -5.481362e+01 1.096815e+01
    endloop
  endfacet
  facet normal 0.000000e+00 0.000000e+00 1.000000e+00
    outer loop
      vertex -4.587692e+01 -6.004388e+01 1.096815e+01
      vertex -4.847500e+01 -5.440500e+01 1.096815e+01
      vertex -4.914652e+01 -6.097416e+01 1.096815e+01
    endloop
  endfacet
  facet normal 0.000000e+00 0.000000e+00 1.000000e+00
    outer loop
      vertex -4.316417e+01 -5.799531e+01 1.096815e+01
      vertex -4.847500e+01 -5.440500e+01 1.096815e+01
      vertex -4.587692e+01 -6.004388e+01 1.096815e+01
    endloop
  endfacet
  facet normal 0.000000e+00 0.000000e+00 1.000000e+00
    outer loop
      vertex -4.735862e+01 -5.328862e+01 1.096815e+01
      vertex -4.847500e+01 -5.440500e+01 1.096815e+01
      vertex -4.316417e+01 -5.799531e+01 1.096815e+01
    endloop
  endfacet
  facet normal 0.000000e+00 0.000000e+00 1.000000e+00
    outer loop
      vertex -4.137463e+01 -5.510511e+01 1.096815e+01
      vertex -4.735862e+01 -5.328862e+01 1.096815e+01
      vertex -4.316417e+01 -5.799531e+01 1.096815e+01
    endloop
  endfacet
  facet normal 0.000000e+00 0.000000e+00 1.000000e+00
    outer loop
      vertex -4.695000e+01 -5.176362e+01 1.096815e+01
      vertex -4.735862e+01 -5.328862e+01 1.096815e+01
      vertex -4.137463e+01 -5.510511e+01 1.096815e+01
    endloop
  endfacet
  facet normal 0.000000e+00 0.000000e+00 1.000000e+00
    outer loop
      vertex -4.075000e+01 -5.176362e+01 1.096815e+01
      vertex -4.695000e+01 -5.176362e+01 1.096815e+01
      vertex -4.137463e+01 -5.510511e+01 1.096815e+01
    endloop
  endfacet
  facet normal 0.000000e+00 0.000000e+00 1.000000e+00
    outer loop
      vertex -4.137463e+01 -4.842214e+01 1.096815e+01
      vertex -4.695000e+01 -5.176362e+01 1.096815e+01
      vertex -4.075000e+01 -5.176362e+01 1.096815e+01
    endloop
  endfacet
  facet normal 0.000000e+00 0.000000e+00 1.000000e+00
    outer loop
      vertex -4.137463e+01 -4.842214e+01 1.096815e+01
      vertex -4.735862e+01 -5.023862e+01 1.096815e+01
      vertex -4.695000e+01 -5.176362e+01 1.096815e+01
    endloop
  endfacet
  facet normal 0.000000e+00 0.000000e+00 1.000000e+00
    outer loop
      vertex -4.316417e+01 -4.553194e+01 1.096815e+01
      vertex -4.735862e+01 -5.023862e+01 1.096815e+01
      vertex -4.137463e+01 -4.842214e+01 1.096815e+01
    endloop
  endfacet
  facet normal 0.000000e+00 0.000000e+00 1.000000e+00
    outer loop
      vertex -4.316417e+01 -4.553194e+01 1.096815e+01
      vertex -4.847500e+01 -4.912225e+01 1.096815e+01
      vertex -4.735862e+01 -5.023862e+01 1.096815e+01
    endloop
  endfacet
  facet normal 0.000000e+00 0.000000e+00 1.000000e+00
    outer loop
      vertex -4.587692e+01 -4.348336e+01 1.096815e+01
      vertex -4.847500e+01 -4.912225e+01 1.096815e+01
      vertex -4.316417e+01 -4.553194e+01 1.096815e+01
    endloop
  endfacet
  facet normal 0.000000e+00 0.000000e+00 1.000000e+00
    outer loop
      vertex -4.914652e+01 -4.255308e+01 1.096815e+01
      vertex -4.847500e+01 -4.912225e+01 1.096815e+01
      vertex -4.587692e+01 -4.348336e+01 1.096815e+01
    endloop
  endfacet
  facet normal 0.000000e+00 0.000000e+00 1.000000e+00
    outer loop
      vertex -5.000000e+01 -4.871362e+01 1.096815e+01
      vertex -4.847500e+01 -4.912225e+01 1.096815e+01
      vertex -4.914652e+01 -4.255308e+01 1.096815e+01
    endloop
  endfacet
  facet normal 0.000000e+00 0.000000e+00 1.000000e+00
    outer loop
      vertex -5.253138e+01 -4.286673e+01 1.096815e+01
      vertex -5.000000e+01 -4.871362e+01 1.096815e+01
      vertex -4.914652e+01 -4.255308e+01 1.096815e+01
    endloop
  endfacet
  facet normal 0.000000e+00 0.000000e+00 1.000000e+00
    outer loop
      vertex -5.152500e+01 -4.912225e+01 1.096815e+01
      vertex -5.000000e+01 -4.871362e+01 1.096815e+01
      vertex -5.253138e+01 -4.286673e+01 1.096815e+01
    endloop
  endfacet
  facet normal 0.000000e+00 0.000000e+00 1.000000e+00
    outer loop
      vertex -5.557437e+01 -4.438196e+01 1.096815e+01
      vertex -5.152500e+01 -4.912225e+01 1.096815e+01
      vertex -5.253138e+01 -4.286673e+01 1.096815e+01
    endloop
  endfacet
  facet normal 0.000000e+00 0.000000e+00 1.000000e+00
    outer loop
      vertex -5.264138e+01 -5.023862e+01 1.096815e+01
      vertex -5.152500e+01 -4.912225e+01 1.096815e+01
      vertex -5.557437e+01 -4.438196e+01 1.096815e+01
    endloop
  endfacet
  facet normal 0.000000e+00 0.000000e+00 1.000000e+00
    outer loop
      vertex -5.305000e+01 -5.176362e+01 1.096815e+01
      vertex -5.925000e+01 -5.176362e+01 1.096815e+01
      vertex -5.909250e+01 -5.346331e+01 1.096815e+01
    endloop
  endfacet
  facet normal 0.000000e+00 0.000000e+00 1.000000e+00
    outer loop
      vertex -5.305000e+01 -5.176362e+01 1.096815e+01
      vertex -5.909250e+01 -5.006394e+01 1.096815e+01
      vertex -5.925000e+01 -5.176362e+01 1.096815e+01
    endloop
  endfacet
  facet normal 0.000000e+00 0.000000e+00 1.000000e+00
    outer loop
      vertex -5.264138e+01 -5.023862e+01 1.096815e+01
      vertex -5.909250e+01 -5.006394e+01 1.096815e+01
      vertex -5.305000e+01 -5.176362e+01 1.096815e+01
    endloop
  endfacet
  facet normal 0.000000e+00 0.000000e+00 1.000000e+00
    outer loop
      vertex -5.264138e+01 -5.023862e+01 1.096815e+01
      vertex -5.786451e+01 -4.689412e+01 1.096815e+01
      vertex -5.909250e+01 -5.006394e+01 1.096815e+01
    endloop
  endfacet
  facet normal 0.000000e+00 0.000000e+00 1.000000e+00
    outer loop
      vertex -5.557437e+01 -4.438196e+01 1.096815e+01
      vertex -5.786451e+01 -4.689412e+01 1.096815e+01
      vertex -5.264138e+01 -5.023862e+01 1.096815e+01
    endloop
  endfacet
  facet normal 1.337618e-01 9.822636e-01 0.000000e+00
    outer loop
      vertex -4.914652e+01 -4.255308e+01 1.096815e+01
      vertex -4.714159e+01 -4.296635e+01 8.968151e+00
      vertex -5.000000e+01 -4.251362e+01 8.968151e+00
    endloop
  endfacet
  facet normal 2.823412e-01 9.473180e-01 0.000000e+00
    outer loop
      vertex -4.587692e+01 -4.348336e+01 1.096815e+01
      vertex -4.714159e+01 -4.296635e+01 8.968151e+00
      vertex -4.914652e+01 -4.255308e+01 1.096815e+01
    endloop
  endfacet
  facet normal 4.475135e-01 8.850789e-01 0.000000e+00
    outer loop
      vertex -4.587692e+01 -4.348336e+01 1.096815e+01
      vertex -4.456299e+01 -4.428022e+01 8.968151e+00
      vertex -4.714159e+01 -4.296635e+01 8.968151e+00
    endloop
  endfacet
  facet normal 5.908442e-01 7.926252e-01 0.000000e+00
    outer loop
      vertex -4.316417e+01 -4.553194e+01 1.096815e+01
      vertex -4.456299e+01 -4.428022e+01 8.968151e+00
      vertex -4.587692e+01 -4.348336e+01 1.096815e+01
    endloop
  endfacet
  facet normal 7.119370e-01 6.901659e-01 0.000000e+00
    outer loop
      vertex -4.316417e+01 -4.553194e+01 1.096815e+01
      vertex -4.251659e+01 -4.632661e+01 8.968151e+00
      vertex -4.456299e+01 -4.428022e+01 8.968151e+00
    endloop
  endfacet
  facet normal 8.268327e-01 5.409076e-01 0.000000e+00
    outer loop
      vertex -4.137463e+01 -4.842214e+01 1.096815e+01
      vertex -4.251659e+01 -4.632661e+01 8.968151e+00
      vertex -4.316417e+01 -4.553194e+01 1.096815e+01
    endloop
  endfacet
  facet normal 8.975152e-01 4.193480e-01 0.000000e+00
    outer loop
      vertex -4.137463e+01 -4.842214e+01 1.096815e+01
      vertex -4.120273e+01 -4.890522e+01 8.968151e+00
      vertex -4.251659e+01 -4.632661e+01 8.968151e+00
    endloop
  endfacet
  facet normal 9.611762e-01 2.234195e-01 0.000000e+00
    outer loop
      vertex -4.075000e+01 -5.176362e+01 1.096815e+01
      vertex -4.120273e+01 -4.890522e+01 8.968151e+00
      vertex -4.137463e+01 -4.842214e+01 1.096815e+01
    endloop
  endfacet
  facet normal 9.836855e-01 1.030057e-01 0.000000e+00
    outer loop
      vertex -4.075000e+01 -5.176362e+01 1.096815e+01
      vertex -4.075000e+01 -5.176362e+01 8.968151e+00
      vertex -4.120273e+01 -4.890522e+01 8.968151e+00
    endloop
  endfacet
  facet normal 9.774907e-01 -1.204139e-01 0.000000e+00
    outer loop
      vertex -4.137463e+01 -5.510511e+01 1.096815e+01
      vertex -4.075000e+01 -5.176362e+01 8.968151e+00
      vertex -4.075000e+01 -5.176362e+01 1.096815e+01
    endloop
  endfacet
  facet normal 8.688324e-01 -4.631807e-01 0.000000e+00
    outer loop
      vertex -4.135110e+01 -5.504372e+01 -1.031849e+00
      vertex -4.137463e+01 -5.510511e+01 1.096815e+01
      vertex -4.316417e+01 -5.799531e+01 1.096815e+01
    endloop
  endfacet
  facet normal 9.558294e-01 -2.386155e-01 0.000000e+00
    outer loop
      vertex -4.135110e+01 -5.504372e+01 -1.031849e+00
      vertex -4.075000e+01 -5.176362e+01 8.968151e+00
      vertex -4.137463e+01 -5.510511e+01 1.096815e+01
    endloop
  endfacet
  facet normal 9.783387e-01 -1.182016e-01 0.000000e+00
    outer loop
      vertex -4.075000e+01 -5.176362e+01 -1.031849e+00
      vertex -4.075000e+01 -5.176362e+01 8.968151e+00
      vertex -4.135110e+01 -5.504372e+01 -1.031849e+00
    endloop
  endfacet
  facet normal 8.075120e-01 -5.638077e-01 0.000000e+00
    outer loop
      vertex -4.316417e+01 -5.799531e+01 1.096815e+01
      vertex -4.307627e+01 -5.789751e+01 -1.031849e+00
      vertex -4.135110e+01 -5.504372e+01 -1.031849e+00
    endloop
  endfacet
  facet normal 6.507476e-01 -7.407581e-01 0.000000e+00
    outer loop
      vertex -4.316417e+01 -5.799531e+01 1.096815e+01
      vertex -4.570131e+01 -5.995409e+01 -1.031849e+00
      vertex -4.307627e+01 -5.789751e+01 -1.031849e+00
    endloop
  endfacet
  facet normal 5.498235e-01 -8.181050e-01 0.000000e+00
    outer loop
      vertex -4.587692e+01 -6.004388e+01 1.096815e+01
      vertex -4.570131e+01 -5.995409e+01 -1.031849e+00
      vertex -4.316417e+01 -5.799531e+01 1.096815e+01
    endloop
  endfacet
  facet normal 3.436661e-01 -9.244428e-01 0.000000e+00
    outer loop
      vertex -4.587692e+01 -6.004388e+01 1.096815e+01
      vertex -4.888504e+01 -6.094618e+01 -1.031849e+00
      vertex -4.570131e+01 -5.995409e+01 -1.031849e+00
    endloop
  endfacet
  facet normal 2.195144e-01 -9.612021e-01 0.000000e+00
    outer loop
      vertex -4.914652e+01 -6.097416e+01 1.096815e+01
      vertex -4.888504e+01 -6.094618e+01 -1.031849e+00
      vertex -4.587692e+01 -6.004388e+01 1.096815e+01
    endloop
  endfacet
  facet normal -8.836873e-03 -9.864616e-01 0.000000e+00
    outer loop
      vertex -4.914652e+01 -6.097416e+01 1.096815e+01
      vertex -5.221367e+01 -6.074484e+01 -1.031849e+00
      vertex -4.888504e+01 -6.094618e+01 -1.031849e+00
    endloop
  endfacet
  facet normal -1.402368e-01 -9.761672e-01 0.000000e+00
    outer loop
      vertex -5.253138e+01 -6.066051e+01 1.096815e+01
      vertex -5.221367e+01 -6.074484e+01 -1.031849e+00
      vertex -4.914652e+01 -6.097416e+01 1.096815e+01
    endloop
  endfacet
  facet normal -3.603478e-01 -9.185838e-01 0.000000e+00
    outer loop
      vertex -5.253138e+01 -6.066051e+01 1.096815e+01
      vertex -5.525460e+01 -5.937622e+01 -1.031849e+00
      vertex -5.221367e+01 -6.074484e+01 -1.031849e+00
    endloop
  endfacet
  facet normal -4.814541e-01 -8.609422e-01 0.000000e+00
    outer loop
      vertex -5.557437e+01 -5.914528e+01 1.096815e+01
      vertex -5.525460e+01 -5.937622e+01 -1.031849e+00
      vertex -5.253138e+01 -6.066051e+01 1.096815e+01
    endloop
  endfacet
  facet normal -6.645610e-01 -7.296886e-01 0.000000e+00
    outer loop
      vertex -5.557437e+01 -5.914528e+01 1.096815e+01
      vertex -5.761260e+01 -5.701822e+01 -1.031849e+00
      vertex -5.525460e+01 -5.937622e+01 -1.031849e+00
    endloop
  endfacet
  facet normal -7.586119e-01 -6.308381e-01 0.000000e+00
    outer loop
      vertex -5.786451e+01 -5.663312e+01 1.096815e+01
      vertex -5.761260e+01 -5.701822e+01 -1.031849e+00
      vertex -5.557437e+01 -5.914528e+01 1.096815e+01
    endloop
  endfacet
  facet normal -8.813810e-01 -4.446042e-01 0.000000e+00
    outer loop
      vertex -5.786451e+01 -5.663312e+01 1.096815e+01
      vertex -5.898121e+01 -5.397729e+01 -1.031849e+00
      vertex -5.761260e+01 -5.701822e+01 -1.031849e+00
    endloop
  endfacet
  facet normal -9.347107e-01 -3.164991e-01 0.000000e+00
    outer loop
      vertex -5.909250e+01 -5.346331e+01 1.096815e+01
      vertex -5.898121e+01 -5.397729e+01 -1.031849e+00
      vertex -5.786451e+01 -5.663312e+01 1.096815e+01
    endloop
  endfacet
  facet normal -9.846383e-01 -1.410217e-01 0.000000e+00
    outer loop
      vertex -5.909250e+01 -5.346331e+01 1.096815e+01
      vertex -5.925000e+01 -5.176362e+01 -1.031849e+00
      vertex -5.898121e+01 -5.397729e+01 -1.031849e+00
    endloop
  endfacet
  facet normal -9.943244e-01 -6.124984e-02 0.000000e+00
    outer loop
      vertex -5.925000e+01 -5.176362e+01 1.096815e+01
      vertex -5.925000e+01 -5.176362e+01 -1.031849e+00
      vertex -5.909250e+01 -5.346331e+01 1.096815e+01
    endloop
  endfacet
  facet normal -9.975696e-01 4.017889e-02 0.000000e+00
    outer loop
      vertex -5.925000e+01 -5.176362e+01 1.096815e+01
      vertex -5.918256e+01 -5.064866e+01 -1.031849e+00
      vertex -5.925000e+01 -5.176362e+01 -1.031849e+00
    endloop
  endfacet
  facet normal -9.918940e-01 1.014287e-01 0.000000e+00
    outer loop
      vertex -5.909250e+01 -5.006394e+01 1.096815e+01
      vertex -5.918256e+01 -5.064866e+01 -1.031849e+00
      vertex -5.925000e+01 -5.176362e+01 1.096815e+01
    endloop
  endfacet
  facet normal -9.537127e-01 2.563365e-01 0.000000e+00
    outer loop
      vertex -5.909250e+01 -5.006394e+01 1.096815e+01
      vertex -5.819047e+01 -4.746493e+01 -1.031849e+00
      vertex -5.918256e+01 -5.064866e+01 -1.031849e+00
    endloop
  endfacet
  facet normal -9.062154e-01 3.916349e-01 0.000000e+00
    outer loop
      vertex -5.786451e+01 -4.689412e+01 1.096815e+01
      vertex -5.819047e+01 -4.746493e+01 -1.031849e+00
      vertex -5.909250e+01 -5.006394e+01 1.096815e+01
    endloop
  endfacet
  facet normal -7.995986e-01 5.798886e-01 0.000000e+00
    outer loop
      vertex -5.786451e+01 -4.689412e+01 1.096815e+01
      vertex -5.613388e+01 -4.483990e+01 -1.031849e+00
      vertex -5.819047e+01 -4.746493e+01 -1.031849e+00
    endloop
  endfacet
  facet normal -7.053248e-01 6.909867e-01 0.000000e+00
    outer loop
      vertex -5.557437e+01 -4.438196e+01 1.096815e+01
      vertex -5.613388e+01 -4.483990e+01 -1.031849e+00
      vertex -5.786451e+01 -4.689412e+01 1.096815e+01
    endloop
  endfacet
  facet normal -5.401207e-01 8.271814e-01 0.000000e+00
    outer loop
      vertex -5.557437e+01 -4.438196e+01 1.096815e+01
      vertex -5.328009e+01 -4.311472e+01 -1.031849e+00
      vertex -5.613388e+01 -4.483990e+01 -1.031849e+00
    endloop
  endfacet
  facet normal -4.103008e-01 8.982863e-01 0.000000e+00
    outer loop
      vertex -5.253138e+01 -4.286673e+01 1.096815e+01
      vertex -5.328009e+01 -4.311472e+01 -1.031849e+00
      vertex -5.557437e+01 -4.438196e+01 1.096815e+01
    endloop
  endfacet
  facet normal -6.046487e-02 9.858533e-01 0.000000e+00
    outer loop
      vertex -5.000000e+01 -4.251362e+01 8.968151e+00
      vertex -5.253138e+01 -4.286673e+01 1.096815e+01
      vertex -4.914652e+01 -4.255308e+01 1.096815e+01
    endloop
  endfacet
  facet normal -2.094226e-01 9.656139e-01 0.000000e+00
    outer loop
      vertex -5.000000e+01 -4.251362e+01 8.968151e+00
      vertex -5.328009e+01 -4.311472e+01 -1.031849e+00
      vertex -5.253138e+01 -4.286673e+01 1.096815e+01
    endloop
  endfacet
  facet normal -1.182016e-01 9.783387e-01 0.000000e+00
    outer loop
      vertex -5.000000e+01 -4.251362e+01 -1.031849e+00
      vertex -5.328009e+01 -4.311472e+01 -1.031849e+00
      vertex -5.000000e+01 -4.251362e+01 8.968151e+00
    endloop
  endfacet
  facet normal 9.106836e-01 3.333333e-01 0.000000e+00
    outer loop
      vertex -5.264138e+01 -5.328862e+01 1.096815e+01
      vertex -5.264138e+01 -5.328862e+01 -1.031849e+00
      vertex -5.305000e+01 -5.176362e+01 -1.031849e+00
    endloop
  endfacet
  facet normal 7.440169e-01 6.220085e-01 0.000000e+00
    outer loop
      vertex -5.152500e+01 -5.440500e+01 1.096815e+01
      vertex -5.264138e+01 -5.328862e+01 -1.031849e+00
      vertex -5.264138e+01 -5.328862e+01 1.096815e+01
    endloop
  endfacet
  facet normal 6.220085e-01 7.440169e-01 0.000000e+00
    outer loop
      vertex -5.152500e+01 -5.440500e+01 1.096815e+01
      vertex -5.152500e+01 -5.440500e+01 -1.031849e+00
      vertex -5.264138e+01 -5.328862e+01 -1.031849e+00
    endloop
  endfacet
  facet normal 3.333333e-01 9.106836e-01 0.000000e+00
    outer loop
      vertex -5.000000e+01 -5.481362e+01 1.096815e+01
      vertex -5.152500e+01 -5.440500e+01 -1.031849e+00
      vertex -5.152500e+01 -5.440500e+01 1.096815e+01
    endloop
  endfacet
  facet normal 1.666667e-01 9.553418e-01 0.000000e+00
    outer loop
      vertex -5.000000e+01 -5.481362e+01 1.096815e+01
      vertex -5.000000e+01 -5.481362e+01 -1.031849e+00
      vertex -5.152500e+01 -5.440500e+01 -1.031849e+00
    endloop
  endfacet
  facet normal -1.666667e-01 9.553418e-01 0.000000e+00
    outer loop
      vertex -4.847500e+01 -5.440500e+01 1.096815e+01
      vertex -5.000000e+01 -5.481362e+01 -1.031849e+00
      vertex -5.000000e+01 -5.481362e+01 1.096815e+01
    endloop
  endfacet
  facet normal -3.333333e-01 9.106836e-01 0.000000e+00
    outer loop
      vertex -4.847500e+01 -5.440500e+01 1.096815e+01
      vertex -4.847500e+01 -5.440500e+01 -1.031849e+00
      vertex -5.000000e+01 -5.481362e+01 -1.031849e+00
    endloop
  endfacet
  facet normal -6.220085e-01 7.440169e-01 0.000000e+00
    outer loop
      vertex -4.735862e+01 -5.328862e+01 1.096815e+01
      vertex -4.847500e+01 -5.440500e+01 -1.031849e+00
      vertex -4.847500e+01 -5.440500e+01 1.096815e+01
    endloop
  endfacet
  facet normal -7.440169e-01 6.220085e-01 0.000000e+00
    outer loop
      vertex -4.735862e+01 -5.328862e+01 1.096815e+01
      vertex -4.735862e+01 -5.328862e+01 -1.031849e+00
      vertex -4.847500e+01 -5.440500e+01 -1.031849e+00
    endloop
  endfacet
  facet normal -9.106836e-01 3.333333e-01 0.000000e+00
    outer loop
      vertex -4.695000e+01 -5.176362e+01 1.096815e+01
      vertex -4.735862e+01 -5.328862e+01 -1.031849e+00
      vertex -4.735862e+01 -5.328862e+01 1.096815e+01
    endloop
  endfacet
  facet normal -9.553418e-01 1.666667e-01 0.000000e+00
    outer loop
      vertex -4.695000e+01 -5.176362e+01 1.096815e+01
      vertex -4.695000e+01 -5.176362e+01 -1.031849e+00
      vertex -4.735862e+01 -5.328862e+01 -1.031849e+00
    endloop
  endfacet
  facet normal -9.553418e-01 -1.666667e-01 -0.000000e+00
    outer loop
      vertex -4.735862e+01 -5.023862e+01 1.096815e+01
      vertex -4.695000e+01 -5.176362e+01 -1.031849e+00
      vertex -4.695000e+01 -5.176362e+01 1.096815e+01
    endloop
  endfacet
  facet normal -9.106836e-01 -3.333333e-01 -0.000000e+00
    outer loop
      vertex -4.735862e+01 -5.023862e+01 1.096815e+01
      vertex -4.735862e+01 -5.023862e+01 -1.031849e+00
      vertex -4.695000e+01 -5.176362e+01 -1.031849e+00
    endloop
  endfacet
  facet normal -7.440169e-01 -6.220085e-01 -0.000000e+00
    outer loop
      vertex -4.847500e+01 -4.912225e+01 1.096815e+01
      vertex -4.735862e+01 -5.023862e+01 -1.031849e+00
      vertex -4.735862e+01 -5.023862e+01 1.096815e+01
    endloop
  endfacet
  facet normal -6.220085e-01 -7.440169e-01 -0.000000e+00
    outer loop
      vertex -4.847500e+01 -4.912225e+01 1.096815e+01
      vertex -4.847500e+01 -4.912225e+01 -1.031849e+00
      vertex -4.735862e+01 -5.023862e+01 -1.031849e+00
    endloop
  endfacet
  facet normal -3.333333e-01 -9.106836e-01 -0.000000e+00
    outer loop
      vertex -5.000000e+01 -4.871362e+01 1.096815e+01
      vertex -4.847500e+01 -4.912225e+01 -1.031849e+00
      vertex -4.847500e+01 -4.912225e+01 1.096815e+01
    endloop
  endfacet
  facet normal -1.666667e-01 -9.553418e-01 -0.000000e+00
    outer loop
      vertex -5.000000e+01 -4.871362e+01 1.096815e+01
      vertex -5.000000e+01 -4.871362e+01 -1.031849e+00
      vertex -4.847500e+01 -4.912225e+01 -1.031849e+00
    endloop
  endfacet
  facet normal 1.666667e-01 -9.553418e-01 0.000000e+00
    outer loop
      vertex -5.152500e+01 -4.912225e+01 1.096815e+01
      vertex -5.000000e+01 -4.871362e+01 -1.031849e+00
      vertex -5.000000e+01 -4.871362e+01 1.096815e+01
    endloop
  endfacet
  facet normal 3.333333e-01 -9.106836e-01 0.000000e+00
    outer loop
      vertex -5.152500e+01 -4.912225e+01 1.096815e+01
      vertex -5.152500e+01 -4.912225e+01 -1.031849e+00
      vertex -5.000000e+01 -4.871362e+01 -1.031849e+00
    endloop
  endfacet
  facet normal 6.220085e-01 -7.440169e-01 0.000000e+00
    outer loop
      vertex -5.264138e+01 -5.023862e+01 1.096815e+01
      vertex -5.152500e+01 -4.912225e+01 -1.031849e+00
      vertex -5.152500e+01 -4.912225e+01 1.096815e+01
    endloop
  endfacet
  facet normal 7.440169e-01 -6.220085e-01 0.000000e+00
    outer loop
      vertex -5.264138e+01 -5.023862e+01 1.096815e+01
      vertex -5.264138e+01 -5.023862e+01 -1.031849e+00
      vertex -5.152500e+01 -4.912225e+01 -1.031849e+00
    endloop
  endfacet
  facet normal 9.106836e-01 -3.333333e-01 0.000000e+00
    outer loop
      vertex -5.305000e+01 -5.176362e+01 1.096815e+01
      vertex -5.264138e+01 -5.023862e+01 -1.031849e+00
      vertex -5.264138e+01 -5.023862e+01 1.096815e+01
    endloop
  endfacet
  facet normal 9.553418e-01 -1.666667e-01 0.000000e+00
    outer loop
      vertex -5.305000e+01 -5.176362e+01 1.096815e+01
      vertex -5.305000e+01 -5.176362e+01 -1.031849e+00
      vertex -5.264138e+01 -5.023862e+01 -1.031849e+00
    endloop
  endfacet
  facet normal 9.553418e-01 1.666667e-01 0.000000e+00
    outer loop
      vertex -5.264138e+01 -5.328862e+01 1.096815e+01
      vertex -5.305000e+01 -5.176362e+01 -1.031849e+00
      vertex -5.305000e+01 -5.176362e+01 1.096815e+01
    endloop
  endfacet
  facet normal 0.000000e+00 0.000000e+00 1.000000e+00
    outer loop
      vertex 4.735862e+01 4.671138e+01 1.096815e+01
      vertex 4.695000e+01 4.823638e+01 1.096815e+01
      vertex 4.090750e+01 4.653669e+01 1.096815e+01
    endloop
  endfacet
  facet normal 0.000000e+00 0.000000e+00 1.000000e+00
    outer loop
      vertex 4.213549e+01 4.336688e+01 1.096815e+01
      vertex 4.735862e+01 4.671138e+01 1.096815e+01
      vertex 4.090750e+01 4.653669e+01 1.096815e+01
    endloop
  endfacet
  facet normal 0.000000e+00 0.000000e+00 1.000000e+00
    outer loop
      vertex 4.442563e+01 4.085472e+01 1.096815e+01
      vertex 4.735862e+01 4.671138e+01 1.096815e+01
      vertex 4.213549e+01 4.336688e+01 1.096815e+01
    endloop
  endfacet
  facet normal 0.000000e+00 0.000000e+00 1.000000e+00
    outer loop
      vertex 4.442563e+01 4.085472e+01 1.096815e+01
      vertex 4.847500e+01 4.559500e+01 1.096815e+01
      vertex 4.735862e+01 4.671138e+01 1.096815e+01
    endloop
  endfacet
  facet normal 0.000000e+00 0.000000e+00 1.000000e+00
    outer loop
      vertex 4.746862e+01 3.933949e+01 1.096815e+01
      vertex 4.847500e+01 4.559500e+01 1.096815e+01
      vertex 4.442563e+01 4.085472e+01 1.096815e+01
    endloop
  endfacet
  facet normal 0.000000e+00 0.000000e+00 1.000000e+00
    outer loop
      vertex 4.746862e+01 3.933949e+01 1.096815e+01
      vertex 5.000000e+01 4.518638e+01 1.096815e+01
      vertex 4.847500e+01 4.559500e+01 1.096815e+01
    endloop
  endfacet
  facet normal 0.000000e+00 0.000000e+00 1.000000e+00
    outer loop
      vertex 5.085348e+01 3.902584e+01 1.096815e+01
      vertex 5.000000e+01 4.518638e+01 1.096815e+01
      vertex 4.746862e+01 3.933949e+01 1.096815e+01
    endloop
  endfacet
  facet normal 0.000000e+00 0.000000e+00 1.000000e+00
    outer loop
      vertex 5.085348e+01 3.902584e+01 1.096815e+01
      vertex 5.152500e+01 4.559500e+01 1.096815e+01
      vertex 5.000000e+01 4.518638e+01 1.096815e+01
    endloop
  endfacet
  facet normal 0.000000e+00 0.000000e+00 1.000000e+00
    outer loop
      vertex 5.412308e+01 3.995612e+01 1.096815e+01
      vertex 5.152500e+01 4.559500e+01 1.096815e+01
      vertex 5.085348e+01 3.902584e+01 1.096815e+01
    endloop
  endfacet
  facet normal 0.000000e+00 0.000000e+00 1.000000e+00
    outer loop
      vertex 5.683583e+01 4.200469e+01 1.096815e+01
      vertex 5.152500e+01 4.559500e+01 1.096815e+01
      vertex 5.412308e+01 3.995612e+01 1.096815e+01
    endloop
  endfacet
  facet normal 0.000000e+00 0.000000e+00 1.000000e+00
    outer loop
      vertex 5.264138e+01 4.671138e+01 1.096815e+01
      vertex 5.152500e+01 4.559500e+01 1.096815e+01
      vertex 5.683583e+01 4.200469e+01 1.096815e+01
    endloop
  endfacet
  facet normal 0.000000e+00 0.000000e+00 1.000000e+00
    outer loop
      vertex 5.862537e+01 4.489489e+01 1.096815e+01
      vertex 5.264138e+01 4.671138e+01 1.096815e+01
      vertex 5.683583e+01 4.200469e+01 1.096815e+01
    endloop
  endfacet
  facet normal 0.000000e+00 0.000000e+00 1.000000e+00
    outer loop
      vertex 5.305000e+01 4.823638e+01 1.096815e+01
      vertex 5.264138e+01 4.671138e+01 1.096815e+01
      vertex 5.862537e+01 4.489489e+01 1.096815e+01
    endloop
  endfacet
  facet normal 0.000000e+00 0.000000e+00 1.000000e+00
    outer loop
      vertex 5.925000e+01 4.823638e+01 1.096815e+01
      vertex 5.305000e+01 4.823638e+01 1.096815e+01
      vertex 5.862537e+01 4.489489e+01 1.096815e+01
    endloop
  endfacet
  facet normal 0.000000e+00 0.000000e+00 1.000000e+00
    outer loop
      vertex 5.862537e+01 5.157786e+01 1.096815e+01
      vertex 5.305000e+01 4.823638e+01 1.096815e+01
      vertex 5.925000e+01 4.823638e+01 1.096815e+01
    endloop
  endfacet
  facet normal 0.000000e+00 0.000000e+00 1.000000e+00
    outer loop
      vertex 5.862537e+01 5.157786e+01 1.096815e+01
      vertex 5.264138e+01 4.976138e+01 1.096815e+01
      vertex 5.305000e+01 4.823638e+01 1.096815e+01
    endloop
  endfacet
  facet normal 0.000000e+00 0.000000e+00 1.000000e+00
    outer loop
      vertex 5.683583e+01 5.446806e+01 1.096815e+01
      vertex 5.264138e+01 4.976138e+01 1.096815e+01
      vertex 5.862537e+01 5.157786e+01 1.096815e+01
    endloop
  endfacet
  facet normal 0.000000e+00 0.000000e+00 1.000000e+00
    outer loop
      vertex 5.683583e+01 5.446806e+01 1.096815e+01
      vertex 5.152500e+01 5.087775e+01 1.096815e+01
      vertex 5.264138e+01 4.976138e+01 1.096815e+01
    endloop
  endfacet
  facet normal 0.000000e+00 0.000000e+00 1.000000e+00
    outer loop
      vertex 5.412308e+01 5.651664e+01 1.096815e+01
      vertex 5.152500e+01 5.087775e+01 1.096815e+01
      vertex 5.683583e+01 5.446806e+01 1.096815e+01
    endloop
  endfacet
  facet normal 0.000000e+00 0.000000e+00 1.000000e+00
    outer loop
      vertex 5.085348e+01 5.744692e+01 1.096815e+01
      vertex 5.152500e+01 5.087775e+01 1.096815e+01
      vertex 5.412308e+01 5.651664e+01 1.096815e+01
    endloop
  endfacet
  facet normal 0.000000e+00 0.000000e+00 1.000000e+00
    outer loop
      vertex 5.000000e+01 5.128638e+01 1.096815e+01
      vertex 5.152500e+01 5.087775e+01 1.096815e+01
      vertex 5.085348e+01 5.744692e+01 1.096815e+01
    endloop
  endfacet
  facet normal 0.000000e+00 0.000000e+00 1.000000e+00
    outer loop
      vertex 4.746862e+01 5.713327e+01 1.096815e+01
      vertex 5.000000e+01 5.128638e+01 1.096815e+01
      vertex 5.085348e+01 5.744692e+01 1.096815e+01
    endloop
  endfacet
  facet normal 0.000000e+00 0.000000e+00 1.000000e+00
    outer loop
      vertex 4.847500e+01 5.087775e+01 1.096815e+01
      vertex 5.000000e+01 5.128638e+01 1.096815e+01
      vertex 4.746862e+01 5.713327e+01 1.096815e+01
    endloop
  endfacet
  facet normal 0.000000e+00 0.000000e+00 1.000000e+00
    outer loop
      vertex 4.442563e+01 5.561804e+01 1.096815e+01
      vertex 4.847500e+01 5.087775e+01 1.096815e+01
      vertex 4.746862e+01 5.713327e+01 1.096815e+01
    endloop
  endfacet
  facet normal 0.000000e+00 0.000000e+00 1.000000e+00
    outer loop
      vertex 4.735862e+01 4.976138e+01 1.096815e+01
      vertex 4.847500e+01 5.087775e+01 1.096815e+01
      vertex 4.442563e+01 5.561804e+01 1.096815e+01
    endloop
  endfacet
  facet normal 0.000000e+00 0.000000e+00 1.000000e+00
    outer loop
      vertex 4.695000e+01 4.823638e+01 1.096815e+01
      vertex 4.075000e+01 4.823638e+01 1.096815e+01
      vertex 4.090750e+01 4.653669e+01 1.096815e+01
    endloop
  endfacet
  facet normal 0.000000e+00 0.000000e+00 1.000000e+00
    outer loop
      vertex 4.695000e+01 4.823638e+01 1.096815e+01
      vertex 4.090750e+01 4.993606e+01 1.096815e+01
      vertex 4.075000e+01 4.823638e+01 1.096815e+01
    endloop
  endfacet
  facet normal 0.000000e+00 0.000000e+00 1.000000e+00
    outer loop
      vertex 4.735862e+01 4.976138e+01 1.096815e+01
      vertex 4.090750e+01 4.993606e+01 1.096815e+01
      vertex 4.695000e+01 4.823638e+01 1.096815e+01
    endloop
  endfacet
  facet normal 0.000000e+00 0.000000e+00 1.000000e+00
    outer loop
      vertex 4.735862e+01 4.976138e+01 1.096815e+01
      vertex 4.213549e+01 5.310588e+01 1.096815e+01
      vertex 4.090750e+01 4.993606e+01 1.096815e+01
    endloop
  endfacet
  facet normal 0.000000e+00 0.000000e+00 1.000000e+00
    outer loop
      vertex 4.442563e+01 5.561804e+01 1.096815e+01
      vertex 4.213549e+01 5.310588e+01 1.096815e+01
      vertex 4.735862e+01 4.976138e+01 1.096815e+01
    endloop
  endfacet
  facet normal 9.106836e-01 3.333333e-01 0.000000e+00
    outer loop
      vertex 4.735862e+01 4.671138e+01 1.096815e+01
      vertex 4.735862e+01 4.671138e+01 -1.031849e+00
      vertex 4.695000e+01 4.823638e+01 -1.031849e+00
    endloop
  endfacet
  facet normal 7.440169e-01 6.220085e-01 0.000000e+00
    outer loop
      vertex 4.847500e+01 4.559500e+01 1.096815e+01
      vertex 4.735862e+01 4.671138e+01 -1.031849e+00
      vertex 4.735862e+01 4.671138e+01 1.096815e+01
    endloop
  endfacet
  facet normal 6.220085e-01 7.440169e-01 0.000000e+00
    outer loop
      vertex 4.847500e+01 4.559500e+01 1.096815e+01
      vertex 4.847500e+01 4.559500e+01 -1.031849e+00
      vertex 4.735862e+01 4.671138e+01 -1.031849e+00
    endloop
  endfacet
  facet normal 3.333333e-01 9.106836e-01 0.000000e+00
    outer loop
      vertex 5.000000e+01 4.518638e+01 1.096815e+01
      vertex 4.847500e+01 4.559500e+01 -1.031849e+00
      vertex 4.847500e+01 4.559500e+01 1.096815e+01
    endloop
  endfacet
  facet normal 1.666667e-01 9.553418e-01 0.000000e+00
    outer loop
      vertex 5.000000e+01 4.518638e+01 1.096815e+01
      vertex 5.000000e+01 4.518638e+01 -1.031849e+00
      vertex 4.847500e+01 4.559500e+01 -1.031849e+00
    endloop
  endfacet
  facet normal -1.666667e-01 9.553418e-01 0.000000e+00
    outer loop
      vertex 5.152500e+01 4.559500e+01 1.096815e+01
      vertex 5.000000e+01 4.518638e+01 -1.031849e+00
      vertex 5.000000e+01 4.518638e+01 1.096815e+01
    endloop
  endfacet
  facet normal -3.333333e-01 9.106836e-01 0.000000e+00
    outer loop
      vertex 5.152500e+01 4.559500e+01 1.096815e+01
      vertex 5.152500e+01 4.559500e+01 -1.031849e+00
      vertex 5.000000e+01 4.518638e+01 -1.031849e+00
    endloop
  endfacet
  facet normal -6.220085e-01 7.440169e-01 0.000000e+00
    outer loop
      vertex 5.264138e+01 4.671138e+01 1.096815e+01
      vertex 5.152500e+01 4.559500e+01 -1.031849e+00
      vertex 5.152500e+01 4.559500e+01 1.096815e+01
    endloop
  endfacet
  facet normal -7.440169e-01 6.220085e-01 0.000000e+00
    outer loop
      vertex 5.264138e+01 4.671138e+01 1.096815e+01
      vertex 5.264138e+01 4.671138e+01 -1.031849e+00
      vertex 5.152500e+01 4.559500e+01 -1.031849e+00
    endloop
  endfacet
  facet normal -9.106836e-01 3.333333e-01 0.000000e+00
    outer loop
      vertex 5.305000e+01 4.823638e+01 1.096815e+01
      vertex 5.264138e+01 4.671138e+01 -1.031849e+00
      vertex 5.264138e+01 4.671138e+01 1.096815e+01
    endloop
  endfacet
  facet normal -9.553418e-01 1.666667e-01 0.000000e+00
    outer loop
      vertex 5.305000e+01 4.823638e+01 1.096815e+01
      vertex 5.305000e+01 4.823638e+01 -1.031849e+00
      vertex 5.264138e+01 4.671138e+01 -1.031849e+00
    endloop
  endfacet
  facet normal -9.553418e-01 -1.666667e-01 -0.000000e+00
    outer loop
      vertex 5.264138e+01 4.976138e+01 1.096815e+01
      vertex 5.305000e+01 4.823638e+01 -1.031849e+00
      vertex 5.305000e+01 4.823638e+01 1.096815e+01
    endloop
  endfacet
  facet normal -9.106836e-01 -3.333333e-01 -0.000000e+00
    outer loop
      vertex 5.264138e+01 4.976138e+01 1.096815e+01
      vertex 5.264138e+01 4.976138e+01 -1.031849e+00
      vertex 5.305000e+01 4.823638e+01 -1.031849e+00
    endloop
  endfacet
  facet normal -7.440169e-01 -6.220085e-01 -0.000000e+00
    outer loop
      vertex 5.152500e+01 5.087775e+01 1.096815e+01
      vertex 5.264138e+01 4.976138e+01 -1.031849e+00
      vertex 5.264138e+01 4.976138e+01 1.096815e+01
    endloop
  endfacet
  facet normal -6.220085e-01 -7.440169e-01 -0.000000e+00
    outer loop
      vertex 5.152500e+01 5.087775e+01 1.096815e+01
      vertex 5.152500e+01 5.087775e+01 -1.031849e+00
      vertex 5.264138e+01 4.976138e+01 -1.031849e+00
    endloop
  endfacet
  facet normal -3.333333e-01 -9.106836e-01 -0.000000e+00
    outer loop
      vertex 5.000000e+01 5.128638e+01 1.096815e+01
      vertex 5.152500e+01 5.087775e+01 -1.031849e+00
      vertex 5.152500e+01 5.087775e+01 1.096815e+01
    endloop
  endfacet
  facet normal -1.666667e-01 -9.553418e-01 -0.000000e+00
    outer loop
      vertex 5.000000e+01 5.128638e+01 1.096815e+01
      vertex 5.000000e+01 5.128638e+01 -1.031849e+00
      vertex 5.152500e+01 5.087775e+01 -1.031849e+00
    endloop
  endfacet
  facet normal 1.666667e-01 -9.553418e-01 0.000000e+00
    outer loop
      vertex 4.847500e+01 5.087775e+01 1.096815e+01
      vertex 5.000000e+01 5.128638e+01 -1.031849e+00
      vertex 5.000000e+01 5.128638e+01 1.096815e+01
    endloop
  endfacet
  facet normal 3.333333e-01 -9.106836e-01 0.000000e+00
    outer loop
      vertex 4.847500e+01 5.087775e+01 1.096815e+01
      vertex 4.847500e+01 5.087775e+01 -1.031849e+00
      vertex 5.000000e+01 5.128638e+01 -1.031849e+00
    endloop
  endfacet
  facet normal 6.220085e-01 -7.440169e-01 0.000000e+00
    outer loop
      vertex 4.735862e+01 4.976138e+01 1.096815e+01
      vertex 4.847500e+01 5.087775e+01 -1.031849e+00
      vertex 4.847500e+01 5.087775e+01 1.096815e+01
    endloop
  endfacet
  facet normal 7.440169e-01 -6.220085e-01 0.000000e+00
    outer loop
      vertex 4.735862e+01 4.976138e+01 1.096815e+01
      vertex 4.735862e+01 4.976138e+01 -1.031849e+00
      vertex 4.847500e+01 5.087775e+01 -1.031849e+00
    endloop
  endfacet
  facet normal 9.106836e-01 -3.333333e-01 0.000000e+00
    outer loop
      vertex 4.695000e+01 4.823638e+01 1.096815e+01
      vertex 4.735862e+01 4.976138e+01 -1.031849e+00
      vertex 4.735862e+01 4.976138e+01 1.096815e+01
    endloop
  endfacet
  facet normal 9.553418e-01 -1.666667e-01 0.000000e+00
    outer loop
      vertex 4.695000e+01 4.823638e+01 1.096815e+01
      vertex 4.695000e+01 4.823638e+01 -1.031849e+00
      vertex 4.735862e+01 4.976138e+01 -1.031849e+00
    endloop
  endfacet
  facet normal 9.553418e-01 1.666667e-01 0.000000e+00
    outer loop
      vertex 4.735862e+01 4.671138e+01 1.096815e+01
      vertex 4.695000e+01 4.823638e+01 -1.031849e+00
      vertex 4.695000e+01 4.823638e+01 1.096815e+01
    endloop
  endfacet
  facet normal -9.783387e-01 1.182016e-01 0.000000e+00
    outer loop
      vertex 4.075000e+01 4.823638e+01 -1.031849e+00
      vertex 4.075000e+01 4.823638e+01 1.826558e+00
      vertex 4.135110e+01 5.151647e+01 -1.031849e+00
    endloop
  endfacet
  facet normal -9.943244e-01 6.124984e-02 0.000000e+00
    outer loop
      vertex 4.075000e+01 4.823638e+01 8.968151e+00
      vertex 4.075000e+01 4.823638e+01 1.096815e+01
      vertex 4.090750e+01 4.993606e+01 1.096815e+01
    endloop
  endfacet
  facet normal -9.943244e-01 -6.124984e-02 0.000000e+00
    outer loop
      vertex 4.075000e+01 4.823638e+01 8.968151e+00
      vertex 4.090750e+01 4.653669e+01 1.096815e+01
      vertex 4.075000e+01 4.823638e+01 1.096815e+01
    endloop
  endfacet
  facet normal -9.780099e-01 -1.642555e-01 0.000000e+00
    outer loop
      vertex 4.120273e+01 4.537797e+01 8.968151e+00
      vertex 4.090750e+01 4.653669e+01 1.096815e+01
      vertex 4.075000e+01 4.823638e+01 8.968151e+00
    endloop
  endfacet
  facet normal -9.280823e-01 -3.397329e-01 0.000000e+00
    outer loop
      vertex 4.120273e+01 4.537797e+01 8.968151e+00
      vertex 4.213549e+01 4.336688e+01 1.096815e+01
      vertex 4.090750e+01 4.653669e+01 1.096815e+01
    endloop
  endfacet
  facet normal -8.700969e-01 -4.744115e-01 0.000000e+00
    outer loop
      vertex 4.251659e+01 4.279937e+01 8.968151e+00
      vertex 4.213549e+01 4.336688e+01 1.096815e+01
      vertex 4.120273e+01 4.537797e+01 8.968151e+00
    endloop
  endfacet
  facet normal -7.539563e-01 -6.374115e-01 0.000000e+00
    outer loop
      vertex 4.251659e+01 4.279937e+01 8.968151e+00
      vertex 4.442563e+01 4.085472e+01 1.096815e+01
      vertex 4.213549e+01 4.336688e+01 1.096815e+01
    endloop
  endfacet
  facet normal -6.664789e-01 -7.316065e-01 0.000000e+00
    outer loop
      vertex 4.456299e+01 4.075297e+01 8.968151e+00
      vertex 4.442563e+01 4.085472e+01 1.096815e+01
      vertex 4.251659e+01 4.279937e+01 8.968151e+00
    endloop
  endfacet
  facet normal -4.998123e-01 -8.526969e-01 0.000000e+00
    outer loop
      vertex 4.714159e+01 3.943911e+01 8.968151e+00
      vertex 4.442563e+01 4.085472e+01 1.096815e+01
      vertex 4.456299e+01 4.075297e+01 8.968151e+00
    endloop
  endfacet
  facet normal -3.951049e-01 -9.036331e-01 0.000000e+00
    outer loop
      vertex 4.746862e+01 3.933949e+01 1.096815e+01
      vertex 4.442563e+01 4.085472e+01 1.096815e+01
      vertex 4.714159e+01 3.943911e+01 8.968151e+00
    endloop
  endfacet
  facet normal -1.942267e-01 -9.709607e-01 0.000000e+00
    outer loop
      vertex 5.000000e+01 3.898638e+01 8.968151e+00
      vertex 4.746862e+01 3.933949e+01 1.096815e+01
      vertex 4.714159e+01 3.943911e+01 8.968151e+00
    endloop
  endfacet
  facet normal -6.046487e-02 -9.858533e-01 0.000000e+00
    outer loop
      vertex 5.085348e+01 3.902584e+01 1.096815e+01
      vertex 4.746862e+01 3.933949e+01 1.096815e+01
      vertex 5.000000e+01 3.898638e+01 8.968151e+00
    endloop
  endfacet
  facet normal -9.943244e-01 6.124984e-02 0.000000e+00
    outer loop
      vertex 4.090750e+01 4.993606e+01 1.096815e+01
      vertex 4.075000e+01 4.823638e+01 1.826558e+00
      vertex 4.075000e+01 4.823638e+01 8.968151e+00
    endloop
  endfacet
  facet normal -9.726631e-01 1.794515e-01 0.000000e+00
    outer loop
      vertex 4.090750e+01 4.993606e+01 1.096815e+01
      vertex 4.135110e+01 5.151647e+01 -1.031849e+00
      vertex 4.075000e+01 4.823638e+01 1.826558e+00
    endloop
  endfacet
  facet normal -9.227355e-01 3.549289e-01 0.000000e+00
    outer loop
      vertex 4.213549e+01 5.310588e+01 1.096815e+01
      vertex 4.135110e+01 5.151647e+01 -1.031849e+00
      vertex 4.090750e+01 4.993606e+01 1.096815e+01
    endloop
  endfacet
  facet normal -8.445814e-01 5.147199e-01 0.000000e+00
    outer loop
      vertex 4.213549e+01 5.310588e+01 1.096815e+01
      vertex 4.307627e+01 5.437026e+01 -1.031849e+00
      vertex 4.135110e+01 5.151647e+01 -1.031849e+00
    endloop
  endfacet
  facet normal -7.337875e-01 6.625240e-01 0.000000e+00
    outer loop
      vertex 4.442563e+01 5.561804e+01 1.096815e+01
      vertex 4.307627e+01 5.437026e+01 -1.031849e+00
      vertex 4.213549e+01 5.310588e+01 1.096815e+01
    endloop
  endfacet
  facet normal -6.052895e-01 7.821986e-01 0.000000e+00
    outer loop
      vertex 4.442563e+01 5.561804e+01 1.096815e+01
      vertex 4.570131e+01 5.642685e+01 -1.031849e+00
      vertex 4.307627e+01 5.437026e+01 -1.031849e+00
    endloop
  endfacet
  facet normal -4.470069e-01 8.817663e-01 0.000000e+00
    outer loop
      vertex 4.746862e+01 5.713327e+01 1.096815e+01
      vertex 4.570131e+01 5.642685e+01 -1.031849e+00
      vertex 4.442563e+01 5.561804e+01 1.096815e+01
    endloop
  endfacet
  facet normal -2.863076e-01 9.466636e-01 0.000000e+00
    outer loop
      vertex 4.746862e+01 5.713327e+01 1.096815e+01
      vertex 4.888504e+01 5.741893e+01 -1.031849e+00
      vertex 4.570131e+01 5.642685e+01 -1.031849e+00
    endloop
  endfacet
  facet normal -1.006438e-01 9.834229e-01 0.000000e+00
    outer loop
      vertex 5.085348e+01 5.744692e+01 1.096815e+01
      vertex 4.888504e+01 5.741893e+01 -1.031849e+00
      vertex 4.746862e+01 5.713327e+01 1.096815e+01
    endloop
  endfacet
  facet normal 7.034912e-02 9.864616e-01 0.000000e+00
    outer loop
      vertex 5.085348e+01 5.744692e+01 1.096815e+01
      vertex 5.221367e+01 5.721759e+01 -1.031849e+00
      vertex 4.888504e+01 5.741893e+01 -1.031849e+00
    endloop
  endfacet
  facet normal 2.591074e-01 9.539464e-01 0.000000e+00
    outer loop
      vertex 5.412308e+01 5.651664e+01 1.096815e+01
      vertex 5.221367e+01 5.721759e+01 -1.031849e+00
      vertex 5.085348e+01 5.744692e+01 1.096815e+01
    endloop
  endfacet
  facet normal 4.177063e-01 8.963630e-01 0.000000e+00
    outer loop
      vertex 5.412308e+01 5.651664e+01 1.096815e+01
      vertex 5.525460e+01 5.584898e+01 -1.031849e+00
      vertex 5.221367e+01 5.721759e+01 -1.031849e+00
    endloop
  endfacet
  facet normal 5.842707e-01 7.972810e-01 0.000000e+00
    outer loop
      vertex 5.683583e+01 5.446806e+01 1.096815e+01
      vertex 5.525460e+01 5.584898e+01 -1.031849e+00
      vertex 5.412308e+01 5.651664e+01 1.096815e+01
    endloop
  endfacet
  facet normal 7.100192e-01 6.882481e-01 0.000000e+00
    outer loop
      vertex 5.683583e+01 5.446806e+01 1.096815e+01
      vertex 5.761260e+01 5.349098e+01 -1.031849e+00
      vertex 5.525460e+01 5.584898e+01 -1.031849e+00
    endloop
  endfacet
  facet normal 8.314883e-01 5.343340e-01 0.000000e+00
    outer loop
      vertex 5.862537e+01 5.157786e+01 1.096815e+01
      vertex 5.761260e+01 5.349098e+01 -1.031849e+00
      vertex 5.683583e+01 5.446806e+01 1.096815e+01
    endloop
  endfacet
  facet normal 9.087994e-01 3.895407e-01 0.000000e+00
    outer loop
      vertex 5.862537e+01 5.157786e+01 1.096815e+01
      vertex 5.898121e+01 5.045005e+01 -1.031849e+00
      vertex 5.761260e+01 5.349098e+01 -1.031849e+00
    endloop
  endfacet
  facet normal 9.678047e-01 2.001858e-01 0.000000e+00
    outer loop
      vertex 5.925000e+01 4.823638e+01 1.096815e+01
      vertex 5.898121e+01 5.045005e+01 -1.031849e+00
      vertex 5.862537e+01 5.157786e+01 1.096815e+01
    endloop
  endfacet
  facet normal 9.878836e-01 3.959299e-02 0.000000e+00
    outer loop
      vertex 5.925000e+01 4.823638e+01 1.096815e+01
      vertex 5.918256e+01 4.712141e+01 -1.031849e+00
      vertex 5.898121e+01 5.045005e+01 -1.031849e+00
    endloop
  endfacet
  facet normal 9.750604e-01 -1.605928e-01 0.000000e+00
    outer loop
      vertex 5.862537e+01 4.489489e+01 1.096815e+01
      vertex 5.918256e+01 4.712141e+01 -1.031849e+00
      vertex 5.925000e+01 4.823638e+01 1.096815e+01
    endloop
  endfacet
  facet normal 9.368791e-01 -3.155005e-01 0.000000e+00
    outer loop
      vertex 5.862537e+01 4.489489e+01 1.096815e+01
      vertex 5.819047e+01 4.393769e+01 -1.031849e+00
      vertex 5.918256e+01 4.712141e+01 -1.031849e+00
    endloop
  endfacet
  facet normal 8.523124e-01 -4.998868e-01 0.000000e+00
    outer loop
      vertex 5.683583e+01 4.200469e+01 1.096815e+01
      vertex 5.819047e+01 4.393769e+01 -1.031849e+00
      vertex 5.862537e+01 4.489489e+01 1.096815e+01
    endloop
  endfacet
  facet normal 7.625292e-01 -6.289765e-01 0.000000e+00
    outer loop
      vertex 5.683583e+01 4.200469e+01 1.096815e+01
      vertex 5.613388e+01 4.131265e+01 -1.031849e+00
      vertex 5.819047e+01 4.393769e+01 -1.031849e+00
    endloop
  endfacet
  facet normal 6.159566e-01 -7.724566e-01 0.000000e+00
    outer loop
      vertex 5.412308e+01 3.995612e+01 1.096815e+01
      vertex 5.613388e+01 4.131265e+01 -1.031849e+00
      vertex 5.683583e+01 4.200469e+01 1.096815e+01
    endloop
  endfacet
  facet normal 4.878220e-01 -8.595634e-01 0.000000e+00
    outer loop
      vertex 5.412308e+01 3.995612e+01 1.096815e+01
      vertex 5.328009e+01 3.958748e+01 -1.031849e+00
      vertex 5.613388e+01 4.131265e+01 -1.031849e+00
    endloop
  endfacet
  facet normal 2.975372e-01 -9.419712e-01 0.000000e+00
    outer loop
      vertex 5.085348e+01 3.902584e+01 1.096815e+01
      vertex 5.328009e+01 3.958748e+01 -1.031849e+00
      vertex 5.412308e+01 3.995612e+01 1.096815e+01
    endloop
  endfacet
  facet normal 1.489577e-01 -9.769168e-01 0.000000e+00
    outer loop
      vertex 5.085348e+01 3.902584e+01 1.096815e+01
      vertex 5.000000e+01 3.898638e+01 -1.031849e+00
      vertex 5.328009e+01 3.958748e+01 -1.031849e+00
    endloop
  endfacet
  facet normal 3.075612e-02 -9.985781e-01 0.000000e+00
    outer loop
      vertex 5.000000e+01 3.898638e+01 8.968151e+00
      vertex 5.000000e+01 3.898638e+01 -1.031849e+00
      vertex 5.085348e+01 3.902584e+01 1.096815e+01
    endloop
  endfacet
  facet normal 7.983906e-01 6.015658e-01 0.000000e+00
    outer loop
      vertex 3.360317e+01 2.258955e+01 8.968151e+00
      vertex 3.219328e+01 2.442497e+01 1.951718e+01
      vertex 3.360317e+01 2.258955e+01 1.951718e+01
    endloop
  endfacet
  facet normal 7.762888e-01 6.289034e-01 0.000000e+00
    outer loop
      vertex 3.085151e+01 2.599308e+01 8.968151e+00
      vertex 3.219328e+01 2.442497e+01 1.951718e+01
      vertex 3.360317e+01 2.258955e+01 8.968151e+00
    endloop
  endfacet
  facet normal 7.339143e-01 6.768957e-01 0.000000e+00
    outer loop
      vertex 3.085151e+01 2.599308e+01 8.968151e+00
      vertex 2.832753e+01 2.856459e+01 1.951718e+01
      vertex 3.219328e+01 2.442497e+01 1.951718e+01
    endloop
  endfacet
  facet normal 6.982791e-01 7.143488e-01 0.000000e+00
    outer loop
      vertex 2.775670e+01 2.908789e+01 8.968151e+00
      vertex 2.832753e+01 2.856459e+01 1.951718e+01
      vertex 3.085151e+01 2.599308e+01 8.968151e+00
    endloop
  endfacet
  facet normal 6.460836e-01 7.613084e-01 0.000000e+00
    outer loop
      vertex 2.775670e+01 2.908789e+01 8.968151e+00
      vertex 2.435317e+01 3.183955e+01 1.951718e+01
      vertex 2.832753e+01 2.856459e+01 1.951718e+01
    endloop
  endfacet
  facet normal 6.141610e-01 7.876132e-01 0.000000e+00
    outer loop
      vertex 2.435317e+01 3.183955e+01 8.968151e+00
      vertex 2.435317e+01 3.183955e+01 1.951718e+01
      vertex 2.775670e+01 2.908789e+01 8.968151e+00
    endloop
  endfacet
  facet normal 0.000000e+00 0.000000e+00 1.000000e+00
    outer loop
      vertex 2.435317e+01 3.183955e+01 8.968151e+00
      vertex 4.120273e+01 4.537797e+01 8.968151e+00
      vertex 4.075000e+01 4.823638e+01 8.968151e+00
    endloop
  endfacet
  facet normal 0.000000e+00 0.000000e+00 1.000000e+00
    outer loop
      vertex 4.251659e+01 4.279937e+01 8.968151e+00
      vertex 4.120273e+01 4.537797e+01 8.968151e+00
      vertex 2.435317e+01 3.183955e+01 8.968151e+00
    endloop
  endfacet
  facet normal 0.000000e+00 0.000000e+00 1.000000e+00
    outer loop
      vertex 2.775670e+01 2.908789e+01 8.968151e+00
      vertex 4.251659e+01 4.279937e+01 8.968151e+00
      vertex 2.435317e+01 3.183955e+01 8.968151e+00
    endloop
  endfacet
  facet normal 0.000000e+00 0.000000e+00 1.000000e+00
    outer loop
      vertex 4.456299e+01 4.075297e+01 8.968151e+00
      vertex 4.251659e+01 4.279937e+01 8.968151e+00
      vertex 2.775670e+01 2.908789e+01 8.968151e+00
    endloop
  endfacet
  facet normal 0.000000e+00 0.000000e+00 1.000000e+00
    outer loop
      vertex 3.085151e+01 2.599308e+01 8.968151e+00
      vertex 4.456299e+01 4.075297e+01 8.968151e+00
      vertex 2.775670e+01 2.908789e+01 8.968151e+00
    endloop
  endfacet
  facet normal 0.000000e+00 0.000000e+00 1.000000e+00
    outer loop
      vertex 3.360317e+01 2.258955e+01 8.968151e+00
      vertex 4.456299e+01 4.075297e+01 8.968151e+00
      vertex 3.085151e+01 2.599308e+01 8.968151e+00
    endloop
  endfacet
  facet normal 0.000000e+00 0.000000e+00 1.000000e+00
    outer loop
      vertex 3.360317e+01 2.258955e+01 8.968151e+00
      vertex 4.714159e+01 3.943911e+01 8.968151e+00
      vertex 4.456299e+01 4.075297e+01 8.968151e+00
    endloop
  endfacet
  facet normal 0.000000e+00 0.000000e+00 1.000000e+00
    outer loop
      vertex 5.000000e+01 3.898638e+01 8.968151e+00
      vertex 4.714159e+01 3.943911e+01 8.968151e+00
      vertex 3.360317e+01 2.258955e+01 8.968151e+00
    endloop
  endfacet
  facet normal 0.000000e+00 0.000000e+00 1.000000e+00
    outer loop
      vertex -2.775670e+01 -3.261513e+01 2.039784e+01
      vertex -2.399509e+01 -3.500871e+01 2.039784e+01
      vertex -2.342088e+01 -3.443450e+01 2.039784e+01
    endloop
  endfacet
  facet normal 0.000000e+00 0.000000e+00 1.000000e+00
    outer loop
      vertex -2.435317e+01 -3.536679e+01 2.039784e+01
      vertex -2.399509e+01 -3.500871e+01 2.039784e+01
      vertex -2.775670e+01 -3.261513e+01 2.039784e+01
    endloop
  endfacet
  facet normal 0.000000e+00 0.000000e+00 1.000000e+00
    outer loop
      vertex -2.842467e+01 -3.018829e+01 2.039784e+01
      vertex -2.775670e+01 -3.261513e+01 2.039784e+01
      vertex -2.342088e+01 -3.443450e+01 2.039784e+01
    endloop
  endfacet
  facet normal 0.000000e+00 0.000000e+00 1.000000e+00
    outer loop
      vertex -3.085151e+01 -2.952032e+01 2.039784e+01
      vertex -2.775670e+01 -3.261513e+01 2.039784e+01
      vertex -2.842467e+01 -3.018829e+01 2.039784e+01
    endloop
  endfacet
  facet normal 0.000000e+00 0.000000e+00 1.000000e+00
    outer loop
      vertex -3.085151e+01 -2.952032e+01 2.039784e+01
      vertex -3.324509e+01 -2.575871e+01 2.039784e+01
      vertex -3.360317e+01 -2.611679e+01 2.039784e+01
    endloop
  endfacet
  facet normal 0.000000e+00 0.000000e+00 1.000000e+00
    outer loop
      vertex -3.085151e+01 -2.952032e+01 2.039784e+01
      vertex -3.267088e+01 -2.518450e+01 2.039784e+01
      vertex -3.324509e+01 -2.575871e+01 2.039784e+01
    endloop
  endfacet
  facet normal 0.000000e+00 0.000000e+00 1.000000e+00
    outer loop
      vertex -2.842467e+01 -3.018829e+01 2.039784e+01
      vertex -3.267088e+01 -2.518450e+01 2.039784e+01
      vertex -3.085151e+01 -2.952032e+01 2.039784e+01
    endloop
  endfacet
  facet normal -6.317433e-01 -4.579957e-01 -6.253920e-01
    outer loop
      vertex 3.267088e+01 2.165725e+01 2.039784e+01
      vertex 3.258601e+01 2.230467e+01 2.000815e+01
      vertex 3.289468e+01 2.188105e+01 2.000815e+01
    endloop
  endfacet
  facet normal -6.075247e-01 -4.869852e-01 -6.253874e-01
    outer loop
      vertex 3.267088e+01 2.165725e+01 2.039784e+01
      vertex 2.911557e+01 2.640397e+01 2.000815e+01
      vertex 3.258601e+01 2.230467e+01 2.000815e+01
    endloop
  endfacet
  facet normal -5.822843e-01 -5.163083e-01 -6.253831e-01
    outer loop
      vertex 2.842467e+01 2.666105e+01 2.039784e+01
      vertex 2.911557e+01 2.640397e+01 2.000815e+01
      vertex 3.267088e+01 2.165725e+01 2.039784e+01
    endloop
  endfacet
  facet normal -5.548634e-01 -5.486271e-01 -6.253784e-01
    outer loop
      vertex 2.842467e+01 2.666105e+01 2.039784e+01
      vertex 2.864550e+01 2.688188e+01 2.000815e+01
      vertex 2.911557e+01 2.640397e+01 2.000815e+01
    endloop
  endfacet
  facet normal -5.292901e-01 -5.717742e-01 -6.253807e-01
    outer loop
      vertex 2.513846e+01 3.000410e+01 2.000815e+01
      vertex 2.864550e+01 2.688188e+01 2.000815e+01
      vertex 2.842467e+01 2.666105e+01 2.039784e+01
    endloop
  endfacet
  facet normal -4.968398e-01 -5.993077e-01 -6.253827e-01
    outer loop
      vertex 2.342088e+01 3.090725e+01 2.039784e+01
      vertex 2.513846e+01 3.000410e+01 2.000815e+01
      vertex 2.842467e+01 2.666105e+01 2.039784e+01
    endloop
  endfacet
  facet normal -4.646581e-01 -6.266484e-01 -6.253848e-01
    outer loop
      vertex 2.364467e+01 3.113105e+01 2.000815e+01
      vertex 2.513846e+01 3.000410e+01 2.000815e+01
      vertex 2.342088e+01 3.090725e+01 2.039784e+01
    endloop
  endfacet
  facet normal 0.000000e+00 0.000000e+00 1.000000e+00
    outer loop
      vertex -2.435317e+01 -3.536679e+01 8.968151e+00
      vertex -4.120273e+01 -4.890522e+01 8.968151e+00
      vertex -4.075000e+01 -5.176362e+01 8.968151e+00
    endloop
  endfacet
  facet normal 0.000000e+00 0.000000e+00 1.000000e+00
    outer loop
      vertex -4.251659e+01 -4.632661e+01 8.968151e+00
      vertex -4.120273e+01 -4.890522e+01 8.968151e+00
      vertex -2.435317e+01 -3.536679e+01 8.968151e+00
    endloop
  endfacet
  facet normal 0.000000e+00 0.000000e+00 1.000000e+00
    outer loop
      vertex -2.775670e+01 -3.261513e+01 8.968151e+00
      vertex -4.251659e+01 -4.632661e+01 8.968151e+00
      vertex -2.435317e+01 -3.536679e+01 8.968151e+00
    endloop
  endfacet
  facet normal 0.000000e+00 0.000000e+00 1.000000e+00
    outer loop
      vertex -4.456299e+01 -4.428022e+01 8.968151e+00
      vertex -4.251659e+01 -4.632661e+01 8.968151e+00
      vertex -2.775670e+01 -3.261513e+01 8.968151e+00
    endloop
  endfacet
  facet normal 0.000000e+00 0.000000e+00 1.000000e+00
    outer loop
      vertex -3.085151e+01 -2.952032e+01 8.968151e+00
      vertex -4.456299e+01 -4.428022e+01 8.968151e+00
      vertex -2.775670e+01 -3.261513e+01 8.968151e+00
    endloop
  endfacet
  facet normal 0.000000e+00 0.000000e+00 1.000000e+00
    outer loop
      vertex -3.360317e+01 -2.611679e+01 8.968151e+00
      vertex -4.456299e+01 -4.428022e+01 8.968151e+00
      vertex -3.085151e+01 -2.952032e+01 8.968151e+00
    endloop
  endfacet
  facet normal 0.000000e+00 0.000000e+00 1.000000e+00
    outer loop
      vertex -3.360317e+01 -2.611679e+01 8.968151e+00
      vertex -4.714159e+01 -4.296635e+01 8.968151e+00
      vertex -4.456299e+01 -4.428022e+01 8.968151e+00
    endloop
  endfacet
  facet normal 0.000000e+00 0.000000e+00 1.000000e+00
    outer loop
      vertex -5.000000e+01 -4.251362e+01 8.968151e+00
      vertex -4.714159e+01 -4.296635e+01 8.968151e+00
      vertex -3.360317e+01 -2.611679e+01 8.968151e+00
    endloop
  endfacet
  facet normal -7.071068e-01 7.071068e-01 0.000000e+00
    outer loop
      vertex 2.435317e+01 3.183955e+01 8.968151e+00
      vertex 4.075000e+01 4.823638e+01 8.968151e+00
      vertex 4.075000e+01 4.823638e+01 1.826558e+00
    endloop
  endfacet
  facet normal -7.071068e-01 7.071068e-01 0.000000e+00
    outer loop
      vertex 2.435317e+01 3.183955e+01 8.968151e+00
      vertex 2.217677e+01 2.966314e+01 1.718005e+01
      vertex 2.435317e+01 3.183955e+01 1.951718e+01
    endloop
  endfacet
  facet normal -7.071068e-01 7.071068e-01 0.000000e+00
    outer loop
      vertex 2.435317e+01 3.183955e+01 8.968151e+00
      vertex 2.119341e+01 2.867979e+01 1.618418e+01
      vertex 2.217677e+01 2.966314e+01 1.718005e+01
    endloop
  endfacet
  facet normal -7.071068e-01 7.071068e-01 0.000000e+00
    outer loop
      vertex 1.778502e+01 2.527139e+01 1.302240e+01
      vertex 2.119341e+01 2.867979e+01 1.618418e+01
      vertex 2.435317e+01 3.183955e+01 8.968151e+00
    endloop
  endfacet
  facet normal -7.071068e-01 7.071068e-01 0.000000e+00
    outer loop
      vertex 2.435317e+01 3.183955e+01 8.968151e+00
      vertex 1.420253e+01 2.168891e+01 1.018302e+01
      vertex 1.778502e+01 2.527139e+01 1.302240e+01
    endloop
  endfacet
  facet normal -7.071068e-01 7.071068e-01 0.000000e+00
    outer loop
      vertex 2.435317e+01 3.183955e+01 8.968151e+00
      vertex 1.139384e+01 1.888022e+01 8.302792e+00
      vertex 1.420253e+01 2.168891e+01 1.018302e+01
    endloop
  endfacet
  facet normal -7.071068e-01 7.071068e-01 0.000000e+00
    outer loop
      vertex 9.791814e+00 1.727819e+01 7.366456e+00
      vertex 1.139384e+01 1.888022e+01 8.302792e+00
      vertex 2.435317e+01 3.183955e+01 8.968151e+00
    endloop
  endfacet
  facet normal -7.071068e-01 7.071068e-01 0.000000e+00
    outer loop
      vertex 4.075000e+01 4.823638e+01 -1.031849e+00
      vertex 2.435317e+01 3.183955e+01 8.968151e+00
      vertex 4.075000e+01 4.823638e+01 1.826558e+00
    endloop
  endfacet
  facet normal -7.071068e-01 7.071068e-01 0.000000e+00
    outer loop
      vertex 2.750000e-01 7.761377e+00 -1.031849e+00
      vertex 2.435317e+01 3.183955e+01 8.968151e+00
      vertex 4.075000e+01 4.823638e+01 -1.031849e+00
    endloop
  endfacet
  facet normal -7.071068e-01 7.071068e-01 0.000000e+00
    outer loop
      vertex 2.750000e-01 7.761377e+00 -1.031849e+00
      vertex 9.791814e+00 1.727819e+01 7.366456e+00
      vertex 2.435317e+01 3.183955e+01 8.968151e+00
    endloop
  endfacet
  facet normal -7.071068e-01 7.071068e-01 0.000000e+00
    outer loop
      vertex 8.455210e+00 1.594159e+01 6.660849e+00
      vertex 9.791814e+00 1.727819e+01 7.366456e+00
      vertex 2.750000e-01 7.761377e+00 -1.031849e+00
    endloop
  endfacet
  facet normal -7.071068e-01 7.071068e-01 0.000000e+00
    outer loop
      vertex 2.750000e-01 7.761377e+00 -1.031849e+00
      vertex 5.101430e+00 1.258781e+01 5.192891e+00
      vertex 8.455210e+00 1.594159e+01 6.660849e+00
    endloop
  endfacet
  facet normal -7.071068e-01 7.071068e-01 0.000000e+00
    outer loop
      vertex 2.750000e-01 7.761377e+00 -1.031849e+00
      vertex 4.264192e+00 1.175057e+01 4.893905e+00
      vertex 5.101430e+00 1.258781e+01 5.192891e+00
    endloop
  endfacet
  facet normal -7.071068e-01 7.071068e-01 0.000000e+00
    outer loop
      vertex 2.406505e+00 9.892882e+00 4.326796e+00
      vertex 4.264192e+00 1.175057e+01 4.893905e+00
      vertex 2.750000e-01 7.761377e+00 -1.031849e+00
    endloop
  endfacet
  facet normal -7.071068e-01 7.071068e-01 0.000000e+00
    outer loop
      vertex 2.750000e-01 7.761377e+00 -1.031849e+00
      vertex 1.551131e+00 9.037509e+00 4.110230e+00
      vertex 2.406505e+00 9.892882e+00 4.326796e+00
    endloop
  endfacet
  facet normal -7.071068e-01 7.071068e-01 0.000000e+00
    outer loop
      vertex 2.750000e-01 7.761377e+00 -1.031849e+00
      vertex 6.783392e-01 8.164716e+00 3.918141e+00
      vertex 1.551131e+00 9.037509e+00 4.110230e+00
    endloop
  endfacet
  facet normal -7.071068e-01 7.071068e-01 0.000000e+00
    outer loop
      vertex 2.750000e-01 7.761377e+00 3.839211e+00
      vertex 6.783392e-01 8.164716e+00 3.918141e+00
      vertex 2.750000e-01 7.761377e+00 -1.031849e+00
    endloop
  endfacet
  facet normal 7.071068e-01 -7.071068e-01 0.000000e+00
    outer loop
      vertex 3.360317e+01 2.258955e+01 8.968151e+00
      vertex 5.000000e+01 3.898638e+01 -1.031849e+00
      vertex 5.000000e+01 3.898638e+01 8.968151e+00
    endloop
  endfacet
  facet normal 7.071068e-01 -7.071068e-01 0.000000e+00
    outer loop
      vertex 9.525000e+00 -1.488623e+00 -1.031849e+00
      vertex 5.000000e+01 3.898638e+01 -1.031849e+00
      vertex 3.360317e+01 2.258955e+01 8.968151e+00
    endloop
  endfacet
  facet normal 7.071068e-01 -7.071068e-01 0.000000e+00
    outer loop
      vertex 1.072326e+01 -2.903610e-01 4.091961e+00
      vertex 9.525000e+00 -1.488623e+00 3.839211e+00
      vertex 9.525000e+00 -1.488623e+00 -1.031849e+00
    endloop
  endfacet
  facet normal 7.071068e-01 -7.071068e-01 0.000000e+00
    outer loop
      vertex 9.525000e+00 -1.488623e+00 -1.031849e+00
      vertex 1.079657e+01 -2.170527e-01 4.109208e+00
      vertex 1.072326e+01 -2.903610e-01 4.091961e+00
    endloop
  endfacet
  facet normal 7.071068e-01 -7.071068e-01 0.000000e+00
    outer loop
      vertex 9.525000e+00 -1.488623e+00 -1.031849e+00
      vertex 1.284515e+01 1.831525e+00 4.674426e+00
      vertex 1.079657e+01 -2.170527e-01 4.109208e+00
    endloop
  endfacet
  facet normal 7.071068e-01 -7.071068e-01 0.000000e+00
    outer loop
      vertex 1.351303e+01 2.499411e+00 4.893536e+00
      vertex 1.284515e+01 1.831525e+00 4.674426e+00
      vertex 9.525000e+00 -1.488623e+00 -1.031849e+00
    endloop
  endfacet
  facet normal 7.071068e-01 -7.071068e-01 0.000000e+00
    outer loop
      vertex 9.525000e+00 -1.488623e+00 -1.031849e+00
      vertex 1.632173e+01 5.308105e+00 6.002932e+00
      vertex 1.351303e+01 2.499411e+00 4.893536e+00
    endloop
  endfacet
  facet normal 7.071068e-01 -7.071068e-01 0.000000e+00
    outer loop
      vertex 9.525000e+00 -1.488623e+00 -1.031849e+00
      vertex 1.770639e+01 6.692764e+00 6.661521e+00
      vertex 1.632173e+01 5.308105e+00 6.002932e+00
    endloop
  endfacet
  facet normal 7.071068e-01 -7.071068e-01 0.000000e+00
    outer loop
      vertex 3.360317e+01 2.258955e+01 8.968151e+00
      vertex 1.770639e+01 6.692764e+00 6.661521e+00
      vertex 9.525000e+00 -1.488623e+00 -1.031849e+00
    endloop
  endfacet
  facet normal 7.071068e-01 -7.071068e-01 0.000000e+00
    outer loop
      vertex 3.360317e+01 2.258955e+01 8.968151e+00
      vertex 2.065821e+01 9.644585e+00 8.311745e+00
      vertex 1.770639e+01 6.692764e+00 6.661521e+00
    endloop
  endfacet
  facet normal 7.071068e-01 -7.071068e-01 0.000000e+00
    outer loop
      vertex 3.360317e+01 2.258955e+01 8.968151e+00
      vertex 2.243726e+01 1.142364e+01 9.468360e+00
      vertex 2.065821e+01 9.644585e+00 8.311745e+00
    endloop
  endfacet
  facet normal 7.071068e-01 -7.071068e-01 0.000000e+00
    outer loop
      vertex 2.347532e+01 1.246169e+01 1.019957e+01
      vertex 2.243726e+01 1.142364e+01 9.468360e+00
      vertex 3.360317e+01 2.258955e+01 8.968151e+00
    endloop
  endfacet
  facet normal 7.071068e-01 -7.071068e-01 0.000000e+00
    outer loop
      vertex 3.360317e+01 2.258955e+01 8.968151e+00
      vertex 2.705086e+01 1.603724e+01 1.303638e+01
      vertex 2.347532e+01 1.246169e+01 1.019957e+01
    endloop
  endfacet
  facet normal 7.071068e-01 -7.071068e-01 0.000000e+00
    outer loop
      vertex 3.360317e+01 2.258955e+01 8.968151e+00
      vertex 3.044854e+01 1.943492e+01 1.618966e+01
      vertex 2.705086e+01 1.603724e+01 1.303638e+01
    endloop
  endfacet
  facet normal 7.071068e-01 -7.071068e-01 0.000000e+00
    outer loop
      vertex 3.360317e+01 2.258955e+01 1.951718e+01
      vertex 3.044854e+01 1.943492e+01 1.618966e+01
      vertex 3.360317e+01 2.258955e+01 8.968151e+00
    endloop
  endfacet
  facet normal -1.000000e+00 0.000000e+00 0.000000e+00
    outer loop
      vertex 3.555000e+00 1.637733e-02 -1.031849e+00
      vertex 3.555000e+00 -3.543623e+00 -1.031849e+00
      vertex 3.555000e+00 -3.543623e+00 8.928551e-08
    endloop
  endfacet
  facet normal -1.000000e+00 0.000000e+00 0.000000e+00
    outer loop
      vertex 3.555000e+00 -3.543623e+00 8.928551e-08
      vertex 3.555000e+00 1.637733e-02 3.968151e+00
      vertex 3.555000e+00 1.637733e-02 -1.031849e+00
    endloop
  endfacet
  facet normal -1.000000e+00 0.000000e+00 0.000000e+00
    outer loop
      vertex 3.555000e+00 -3.543623e+00 8.928551e-08
      vertex 3.555000e+00 -3.560000e+00 3.968151e+00
      vertex 3.555000e+00 1.637733e-02 3.968151e+00
    endloop
  endfacet
  facet normal -1.000000e+00 0.000000e+00 0.000000e+00
    outer loop
      vertex 3.555000e+00 -3.560000e+00 8.928551e-08
      vertex 3.555000e+00 -3.560000e+00 3.968151e+00
      vertex 3.555000e+00 -3.543623e+00 8.928551e-08
    endloop
  endfacet
  facet normal 0.000000e+00 -1.000000e+00 0.000000e+00
    outer loop
      vertex -3.555000e+00 1.637733e-02 -1.031849e+00
      vertex 3.555000e+00 1.637733e-02 3.968151e+00
      vertex -3.555000e+00 1.637733e-02 3.968151e+00
    endloop
  endfacet
  facet normal 0.000000e+00 -1.000000e+00 0.000000e+00
    outer loop
      vertex 3.555000e+00 1.637733e-02 -1.031849e+00
      vertex 3.555000e+00 1.637733e-02 3.968151e+00
      vertex -3.555000e+00 1.637733e-02 -1.031849e+00
    endloop
  endfacet
  facet normal 1.000000e+00 0.000000e+00 0.000000e+00
    outer loop
      vertex 9.525000e+00 -5.440626e+00 3.968151e+00
      vertex 9.525000e+00 -9.603623e+00 3.968151e+00
      vertex 9.525000e+00 -9.603623e+00 -1.031849e+00
    endloop
  endfacet
  facet normal 1.000000e+00 0.000000e+00 0.000000e+00
    outer loop
      vertex 9.525000e+00 -1.488623e+00 -1.031849e+00
      vertex 9.525000e+00 -5.440626e+00 3.968151e+00
      vertex 9.525000e+00 -9.603623e+00 -1.031849e+00
    endloop
  endfacet
  facet normal 1.000000e+00 0.000000e+00 0.000000e+00
    outer loop
      vertex 9.525000e+00 -4.432436e+00 3.906798e+00
      vertex 9.525000e+00 -5.440626e+00 3.968151e+00
      vertex 9.525000e+00 -1.488623e+00 -1.031849e+00
    endloop
  endfacet
  facet normal 1.000000e+00 0.000000e+00 0.000000e+00
    outer loop
      vertex 9.525000e+00 -1.488623e+00 -1.031849e+00
      vertex 9.525000e+00 -3.072924e+00 3.854928e+00
      vertex 9.525000e+00 -4.432436e+00 3.906798e+00
    endloop
  endfacet
  facet normal 1.000000e+00 0.000000e+00 0.000000e+00
    outer loop
      vertex 9.525000e+00 -1.488623e+00 -1.031849e+00
      vertex 9.525000e+00 -1.763623e+00 3.838486e+00
      vertex 9.525000e+00 -3.072924e+00 3.854928e+00
    endloop
  endfacet
  facet normal 1.000000e+00 0.000000e+00 0.000000e+00
    outer loop
      vertex 9.525000e+00 -1.488623e+00 3.839211e+00
      vertex 9.525000e+00 -1.763623e+00 3.838486e+00
      vertex 9.525000e+00 -1.488623e+00 -1.031849e+00
    endloop
  endfacet
  facet normal 7.071068e-01 -7.071068e-01 0.000000e+00
    outer loop
      vertex 9.525000e+00 -9.603623e+00 -1.031849e+00
      vertex 7.840000e+00 -1.128862e+01 3.968151e+00
      vertex 7.840000e+00 -1.128862e+01 -1.031849e+00
    endloop
  endfacet
  facet normal 7.071068e-01 -7.071068e-01 0.000000e+00
    outer loop
      vertex 9.525000e+00 -9.603623e+00 3.968151e+00
      vertex 7.840000e+00 -1.128862e+01 3.968151e+00
      vertex 9.525000e+00 -9.603623e+00 -1.031849e+00
    endloop
  endfacet
  facet normal -0.000000e+00 -0.000000e+00 -1.000000e+00
    outer loop
      vertex 9.525000e+00 7.761377e+00 3.968151e+00
      vertex 9.525000e+00 6.076378e+00 3.968151e+00
      vertex 7.840000e+00 7.761377e+00 3.968151e+00
    endloop
  endfacet
  facet normal -0.000000e+00 -1.000000e+00 -0.000000e+00
    outer loop
      vertex 9.525000e+00 7.761377e+00 -1.031849e+00
      vertex 7.840000e+00 7.761377e+00 3.968151e+00
      vertex 7.840000e+00 7.761377e+00 -1.031849e+00
    endloop
  endfacet
  facet normal -0.000000e+00 -1.000000e+00 -0.000000e+00
    outer loop
      vertex 9.525000e+00 7.761377e+00 3.968151e+00
      vertex 7.840000e+00 7.761377e+00 3.968151e+00
      vertex 9.525000e+00 7.761377e+00 -1.031849e+00
    endloop
  endfacet
  facet normal 7.071068e-01 7.071068e-01 0.000000e+00
    outer loop
      vertex 7.840000e+00 7.761377e+00 -1.031849e+00
      vertex 9.525000e+00 6.076378e+00 3.968151e+00
      vertex 9.525000e+00 6.076378e+00 -1.031849e+00
    endloop
  endfacet
  facet normal 7.071068e-01 7.071068e-01 0.000000e+00
    outer loop
      vertex 7.840000e+00 7.761377e+00 3.968151e+00
      vertex 9.525000e+00 6.076378e+00 3.968151e+00
      vertex 7.840000e+00 7.761377e+00 -1.031849e+00
    endloop
  endfacet
  facet normal -1.000000e+00 -0.000000e+00 -0.000000e+00
    outer loop
      vertex 9.525000e+00 6.076378e+00 -1.031849e+00
      vertex 9.525000e+00 7.761377e+00 3.968151e+00
      vertex 9.525000e+00 7.761377e+00 -1.031849e+00
    endloop
  endfacet
  facet normal -1.000000e+00 -0.000000e+00 -0.000000e+00
    outer loop
      vertex 9.525000e+00 6.076378e+00 3.968151e+00
      vertex 9.525000e+00 7.761377e+00 3.968151e+00
      vertex 9.525000e+00 6.076378e+00 -1.031849e+00
    endloop
  endfacet
  facet normal -0.000000e+00 -0.000000e+00 -1.000000e+00
    outer loop
      vertex -9.525000e+00 -1.128862e+01 3.968151e+00
      vertex -9.525000e+00 -9.603623e+00 3.968151e+00
      vertex -7.840000e+00 -1.128862e+01 3.968151e+00
    endloop
  endfacet
  facet normal 0.000000e+00 1.000000e+00 0.000000e+00
    outer loop
      vertex -9.525000e+00 -1.128862e+01 -1.031849e+00
      vertex -7.840000e+00 -1.128862e+01 3.968151e+00
      vertex -7.840000e+00 -1.128862e+01 -1.031849e+00
    endloop
  endfacet
  facet normal 0.000000e+00 1.000000e+00 0.000000e+00
    outer loop
      vertex -9.525000e+00 -1.128862e+01 3.968151e+00
      vertex -7.840000e+00 -1.128862e+01 3.968151e+00
      vertex -9.525000e+00 -1.128862e+01 -1.031849e+00
    endloop
  endfacet
  facet normal -7.071068e-01 -7.071068e-01 -0.000000e+00
    outer loop
      vertex -7.840000e+00 -1.128862e+01 -1.031849e+00
      vertex -9.525000e+00 -9.603623e+00 3.968151e+00
      vertex -9.525000e+00 -9.603623e+00 -1.031849e+00
    endloop
  endfacet
  facet normal -7.071068e-01 -7.071068e-01 -0.000000e+00
    outer loop
      vertex -7.840000e+00 -1.128862e+01 3.968151e+00
      vertex -9.525000e+00 -9.603623e+00 3.968151e+00
      vertex -7.840000e+00 -1.128862e+01 -1.031849e+00
    endloop
  endfacet
  facet normal 1.000000e+00 0.000000e+00 0.000000e+00
    outer loop
      vertex -9.525000e+00 -9.603623e+00 -1.031849e+00
      vertex -9.525000e+00 -1.128862e+01 3.968151e+00
      vertex -9.525000e+00 -1.128862e+01 -1.031849e+00
    endloop
  endfacet
  facet normal 1.000000e+00 0.000000e+00 0.000000e+00
    outer loop
      vertex -9.525000e+00 -9.603623e+00 3.968151e+00
      vertex -9.525000e+00 -1.128862e+01 3.968151e+00
      vertex -9.525000e+00 -9.603623e+00 -1.031849e+00
    endloop
  endfacet
  facet normal -7.071068e-01 7.071068e-01 0.000000e+00
    outer loop
      vertex -9.525000e+00 6.076378e+00 -1.031849e+00
      vertex -7.840000e+00 7.761377e+00 3.968151e+00
      vertex -7.840000e+00 7.761377e+00 -1.031849e+00
    endloop
  endfacet
  facet normal -7.071068e-01 7.071068e-01 0.000000e+00
    outer loop
      vertex -9.525000e+00 6.076378e+00 3.968151e+00
      vertex -7.840000e+00 7.761377e+00 3.968151e+00
      vertex -9.525000e+00 6.076378e+00 -1.031849e+00
    endloop
  endfacet
  facet normal 0.000000e+00 0.000000e+00 1.000000e+00
    outer loop
      vertex 9.525000e+00 -9.603623e+00 3.968151e+00
      vertex 8.723892e+00 -7.068298e+00 3.968151e+00
      vertex 7.964318e+00 -8.152333e+00 3.968151e+00
    endloop
  endfacet
  facet normal 0.000000e+00 0.000000e+00 1.000000e+00
    outer loop
      vertex 9.525000e+00 -9.603623e+00 3.968151e+00
      vertex 9.364927e+00 -5.831067e+00 3.968151e+00
      vertex 8.723892e+00 -7.068298e+00 3.968151e+00
    endloop
  endfacet
  facet normal 0.000000e+00 0.000000e+00 1.000000e+00
    outer loop
      vertex 9.525000e+00 -5.440626e+00 3.968151e+00
      vertex 9.364927e+00 -5.831067e+00 3.968151e+00
      vertex 9.525000e+00 -9.603623e+00 3.968151e+00
    endloop
  endfacet
  facet normal 0.000000e+00 0.000000e+00 1.000000e+00
    outer loop
      vertex 7.840000e+00 -1.128862e+01 3.968151e+00
      vertex 4.697874e+00 -1.082872e+01 3.968151e+00
      vertex 3.677003e+00 -1.128862e+01 3.968151e+00
    endloop
  endfacet
  facet normal 0.000000e+00 0.000000e+00 1.000000e+00
    outer loop
      vertex 5.888453e+00 -1.010461e+01 3.968151e+00
      vertex 4.697874e+00 -1.082872e+01 3.968151e+00
      vertex 7.840000e+00 -1.128862e+01 3.968151e+00
    endloop
  endfacet
  facet normal 0.000000e+00 0.000000e+00 1.000000e+00
    outer loop
      vertex 7.924812e+00 -8.986033e+00 3.968151e+00
      vertex 9.525000e+00 -9.603623e+00 3.968151e+00
      vertex 7.964318e+00 -8.152333e+00 3.968151e+00
    endloop
  endfacet
  facet normal 0.000000e+00 0.000000e+00 1.000000e+00
    outer loop
      vertex 7.482353e+00 -9.693738e+00 3.968151e+00
      vertex 9.525000e+00 -9.603623e+00 3.968151e+00
      vertex 7.924812e+00 -8.986033e+00 3.968151e+00
    endloop
  endfacet
  facet normal 0.000000e+00 0.000000e+00 1.000000e+00
    outer loop
      vertex 7.482353e+00 -9.693738e+00 3.968151e+00
      vertex 7.840000e+00 -1.128862e+01 3.968151e+00
      vertex 9.525000e+00 -9.603623e+00 3.968151e+00
    endloop
  endfacet
  facet normal 0.000000e+00 0.000000e+00 1.000000e+00
    outer loop
      vertex 6.750154e+00 -1.009437e+01 3.968151e+00
      vertex 7.840000e+00 -1.128862e+01 3.968151e+00
      vertex 7.482353e+00 -9.693738e+00 3.968151e+00
    endloop
  endfacet
  facet normal 0.000000e+00 0.000000e+00 1.000000e+00
    outer loop
      vertex 6.750154e+00 -1.009437e+01 3.968151e+00
      vertex 5.888453e+00 -1.010461e+01 3.968151e+00
      vertex 7.840000e+00 -1.128862e+01 3.968151e+00
    endloop
  endfacet
  facet normal 0.000000e+00 0.000000e+00 1.000000e+00
    outer loop
      vertex 5.915567e+00 -1.008540e+01 3.968151e+00
      vertex 5.888453e+00 -1.010461e+01 3.968151e+00
      vertex 6.750154e+00 -1.009437e+01 3.968151e+00
    endloop
  endfacet
  facet normal -0.000000e+00 -0.000000e+00 -1.000000e+00
    outer loop
      vertex -5.525000e+00 3.537436e+00 -1.031849e+00
      vertex -4.921058e+00 4.141378e+00 -1.031849e+00
      vertex -3.555000e+00 1.637733e-02 -1.031849e+00
    endloop
  endfacet
  facet normal -0.000000e+00 -0.000000e+00 -1.000000e+00
    outer loop
      vertex -4.921058e+00 5.791377e+00 -1.031849e+00
      vertex -5.525000e+00 6.395320e+00 -1.031849e+00
      vertex 2.750000e-01 7.761377e+00 -1.031849e+00
    endloop
  endfacet
  facet normal -0.000000e+00 -0.000000e+00 -1.000000e+00
    outer loop
      vertex 4.921058e+00 4.141378e+00 -1.031849e+00
      vertex 5.525000e+00 3.537436e+00 -1.031849e+00
      vertex 3.555000e+00 1.637733e-02 -1.031849e+00
    endloop
  endfacet
  facet normal -0.000000e+00 -0.000000e+00 -1.000000e+00
    outer loop
      vertex -6.350000e+00 -1.014362e+01 -1.031849e+00
      vertex -5.525000e+00 -9.922565e+00 -1.031849e+00
      vertex -7.840000e+00 -1.128862e+01 -1.031849e+00
    endloop
  endfacet
  facet normal -0.000000e+00 -0.000000e+00 -1.000000e+00
    outer loop
      vertex 7.840000e+00 -1.128862e+01 -1.031849e+00
      vertex 6.350000e+00 -1.014362e+01 -1.031849e+00
      vertex 7.175000e+00 -9.922565e+00 -1.031849e+00
    endloop
  endfacet
  facet normal -0.000000e+00 -0.000000e+00 -1.000000e+00
    outer loop
      vertex 7.840000e+00 -1.128862e+01 -1.031849e+00
      vertex 5.525000e+00 -9.922565e+00 -1.031849e+00
      vertex 6.350000e+00 -1.014362e+01 -1.031849e+00
    endloop
  endfacet
  facet normal -0.000000e+00 -0.000000e+00 -1.000000e+00
    outer loop
      vertex -2.750000e-01 -1.128862e+01 -1.031849e+00
      vertex 5.525000e+00 -9.922565e+00 -1.031849e+00
      vertex 7.840000e+00 -1.128862e+01 -1.031849e+00
    endloop
  endfacet
  facet normal -0.000000e+00 -0.000000e+00 -1.000000e+00
    outer loop
      vertex 7.778942e+00 -9.318622e+00 -1.031849e+00
      vertex 7.840000e+00 -1.128862e+01 -1.031849e+00
      vertex 7.175000e+00 -9.922565e+00 -1.031849e+00
    endloop
  endfacet
  facet normal -0.000000e+00 -0.000000e+00 -1.000000e+00
    outer loop
      vertex 9.525000e+00 -9.603623e+00 -1.031849e+00
      vertex 7.840000e+00 -1.128862e+01 -1.031849e+00
      vertex 7.778942e+00 -9.318622e+00 -1.031849e+00
    endloop
  endfacet
  facet normal -0.000000e+00 -0.000000e+00 -1.000000e+00
    outer loop
      vertex -7.840000e+00 7.761377e+00 -1.031849e+00
      vertex -6.350000e+00 6.616377e+00 -1.031849e+00
      vertex -7.175000e+00 6.395320e+00 -1.031849e+00
    endloop
  endfacet
  facet normal -0.000000e+00 -0.000000e+00 -1.000000e+00
    outer loop
      vertex -7.840000e+00 7.761377e+00 -1.031849e+00
      vertex -5.525000e+00 6.395320e+00 -1.031849e+00
      vertex -6.350000e+00 6.616377e+00 -1.031849e+00
    endloop
  endfacet
  facet normal -0.000000e+00 -0.000000e+00 -1.000000e+00
    outer loop
      vertex 2.750000e-01 7.761377e+00 -1.031849e+00
      vertex -5.525000e+00 6.395320e+00 -1.031849e+00
      vertex -7.840000e+00 7.761377e+00 -1.031849e+00
    endloop
  endfacet
  facet normal -0.000000e+00 -0.000000e+00 -1.000000e+00
    outer loop
      vertex -7.778942e+00 5.791377e+00 -1.031849e+00
      vertex -7.840000e+00 7.761377e+00 -1.031849e+00
      vertex -7.175000e+00 6.395320e+00 -1.031849e+00
    endloop
  endfacet
  facet normal -0.000000e+00 -0.000000e+00 -1.000000e+00
    outer loop
      vertex -9.525000e+00 6.076378e+00 -1.031849e+00
      vertex -7.840000e+00 7.761377e+00 -1.031849e+00
      vertex -7.778942e+00 5.791377e+00 -1.031849e+00
    endloop
  endfacet
  facet normal -0.000000e+00 -0.000000e+00 -1.000000e+00
    outer loop
      vertex 5.613388e+01 4.131265e+01 -1.031849e+00
      vertex 5.152500e+01 4.559500e+01 -1.031849e+00
      vertex 5.264138e+01 4.671138e+01 -1.031849e+00
    endloop
  endfacet
  facet normal -0.000000e+00 -0.000000e+00 -1.000000e+00
    outer loop
      vertex 5.328009e+01 3.958748e+01 -1.031849e+00
      vertex 5.152500e+01 4.559500e+01 -1.031849e+00
      vertex 5.613388e+01 4.131265e+01 -1.031849e+00
    endloop
  endfacet
  facet normal -0.000000e+00 -0.000000e+00 -1.000000e+00
    outer loop
      vertex 5.328009e+01 3.958748e+01 -1.031849e+00
      vertex 5.000000e+01 4.518638e+01 -1.031849e+00
      vertex 5.152500e+01 4.559500e+01 -1.031849e+00
    endloop
  endfacet
  facet normal -0.000000e+00 -0.000000e+00 -1.000000e+00
    outer loop
      vertex 5.000000e+01 3.898638e+01 -1.031849e+00
      vertex 5.000000e+01 4.518638e+01 -1.031849e+00
      vertex 5.328009e+01 3.958748e+01 -1.031849e+00
    endloop
  endfacet
  facet normal -0.000000e+00 -0.000000e+00 -1.000000e+00
    outer loop
      vertex 5.000000e+01 3.898638e+01 -1.031849e+00
      vertex 4.847500e+01 4.559500e+01 -1.031849e+00
      vertex 5.000000e+01 4.518638e+01 -1.031849e+00
    endloop
  endfacet
  facet normal -0.000000e+00 -0.000000e+00 -1.000000e+00
    outer loop
      vertex 5.000000e+01 3.898638e+01 -1.031849e+00
      vertex 4.735862e+01 4.671138e+01 -1.031849e+00
      vertex 4.847500e+01 4.559500e+01 -1.031849e+00
    endloop
  endfacet
  facet normal -0.000000e+00 -0.000000e+00 -1.000000e+00
    outer loop
      vertex 4.075000e+01 4.823638e+01 -1.031849e+00
      vertex 4.735862e+01 4.671138e+01 -1.031849e+00
      vertex 5.000000e+01 3.898638e+01 -1.031849e+00
    endloop
  endfacet
  facet normal -0.000000e+00 -0.000000e+00 -1.000000e+00
    outer loop
      vertex 4.075000e+01 4.823638e+01 -1.031849e+00
      vertex 4.695000e+01 4.823638e+01 -1.031849e+00
      vertex 4.735862e+01 4.671138e+01 -1.031849e+00
    endloop
  endfacet
  facet normal -0.000000e+00 -0.000000e+00 -1.000000e+00
    outer loop
      vertex 4.135110e+01 5.151647e+01 -1.031849e+00
      vertex 4.695000e+01 4.823638e+01 -1.031849e+00
      vertex 4.075000e+01 4.823638e+01 -1.031849e+00
    endloop
  endfacet
  facet normal -0.000000e+00 -0.000000e+00 -1.000000e+00
    outer loop
      vertex 4.135110e+01 5.151647e+01 -1.031849e+00
      vertex 4.735862e+01 4.976138e+01 -1.031849e+00
      vertex 4.695000e+01 4.823638e+01 -1.031849e+00
    endloop
  endfacet
  facet normal -0.000000e+00 -0.000000e+00 -1.000000e+00
    outer loop
      vertex 4.307627e+01 5.437026e+01 -1.031849e+00
      vertex 4.735862e+01 4.976138e+01 -1.031849e+00
      vertex 4.135110e+01 5.151647e+01 -1.031849e+00
    endloop
  endfacet
  facet normal -0.000000e+00 -0.000000e+00 -1.000000e+00
    outer loop
      vertex 4.307627e+01 5.437026e+01 -1.031849e+00
      vertex 4.847500e+01 5.087775e+01 -1.031849e+00
      vertex 4.735862e+01 4.976138e+01 -1.031849e+00
    endloop
  endfacet
  facet normal -0.000000e+00 -0.000000e+00 -1.000000e+00
    outer loop
      vertex 4.570131e+01 5.642685e+01 -1.031849e+00
      vertex 4.847500e+01 5.087775e+01 -1.031849e+00
      vertex 4.307627e+01 5.437026e+01 -1.031849e+00
    endloop
  endfacet
  facet normal -0.000000e+00 -0.000000e+00 -1.000000e+00
    outer loop
      vertex 4.888504e+01 5.741893e+01 -1.031849e+00
      vertex 4.847500e+01 5.087775e+01 -1.031849e+00
      vertex 4.570131e+01 5.642685e+01 -1.031849e+00
    endloop
  endfacet
  facet normal -0.000000e+00 -0.000000e+00 -1.000000e+00
    outer loop
      vertex 5.000000e+01 5.128638e+01 -1.031849e+00
      vertex 4.847500e+01 5.087775e+01 -1.031849e+00
      vertex 4.888504e+01 5.741893e+01 -1.031849e+00
    endloop
  endfacet
  facet normal -0.000000e+00 -0.000000e+00 -1.000000e+00
    outer loop
      vertex 5.221367e+01 5.721759e+01 -1.031849e+00
      vertex 5.000000e+01 5.128638e+01 -1.031849e+00
      vertex 4.888504e+01 5.741893e+01 -1.031849e+00
    endloop
  endfacet
  facet normal -0.000000e+00 -0.000000e+00 -1.000000e+00
    outer loop
      vertex 5.152500e+01 5.087775e+01 -1.031849e+00
      vertex 5.000000e+01 5.128638e+01 -1.031849e+00
      vertex 5.221367e+01 5.721759e+01 -1.031849e+00
    endloop
  endfacet
  facet normal -0.000000e+00 -0.000000e+00 -1.000000e+00
    outer loop
      vertex 5.264138e+01 4.671138e+01 -1.031849e+00
      vertex 5.819047e+01 4.393769e+01 -1.031849e+00
      vertex 5.613388e+01 4.131265e+01 -1.031849e+00
    endloop
  endfacet
  facet normal -0.000000e+00 -0.000000e+00 -1.000000e+00
    outer loop
      vertex 5.264138e+01 4.671138e+01 -1.031849e+00
      vertex 5.918256e+01 4.712141e+01 -1.031849e+00
      vertex 5.819047e+01 4.393769e+01 -1.031849e+00
    endloop
  endfacet
  facet normal -0.000000e+00 -0.000000e+00 -1.000000e+00
    outer loop
      vertex 5.305000e+01 4.823638e+01 -1.031849e+00
      vertex 5.918256e+01 4.712141e+01 -1.031849e+00
      vertex 5.264138e+01 4.671138e+01 -1.031849e+00
    endloop
  endfacet
  facet normal -0.000000e+00 -0.000000e+00 -1.000000e+00
    outer loop
      vertex 5.305000e+01 4.823638e+01 -1.031849e+00
      vertex 5.898121e+01 5.045005e+01 -1.031849e+00
      vertex 5.918256e+01 4.712141e+01 -1.031849e+00
    endloop
  endfacet
  facet normal -0.000000e+00 -0.000000e+00 -1.000000e+00
    outer loop
      vertex 5.264138e+01 4.976138e+01 -1.031849e+00
      vertex 5.898121e+01 5.045005e+01 -1.031849e+00
      vertex 5.305000e+01 4.823638e+01 -1.031849e+00
    endloop
  endfacet
  facet normal -0.000000e+00 -0.000000e+00 -1.000000e+00
    outer loop
      vertex 5.264138e+01 4.976138e+01 -1.031849e+00
      vertex 5.761260e+01 5.349098e+01 -1.031849e+00
      vertex 5.898121e+01 5.045005e+01 -1.031849e+00
    endloop
  endfacet
  facet normal -0.000000e+00 -0.000000e+00 -1.000000e+00
    outer loop
      vertex 5.152500e+01 5.087775e+01 -1.031849e+00
      vertex 5.761260e+01 5.349098e+01 -1.031849e+00
      vertex 5.264138e+01 4.976138e+01 -1.031849e+00
    endloop
  endfacet
  facet normal -0.000000e+00 -0.000000e+00 -1.000000e+00
    outer loop
      vertex 5.152500e+01 5.087775e+01 -1.031849e+00
      vertex 5.525460e+01 5.584898e+01 -1.031849e+00
      vertex 5.761260e+01 5.349098e+01 -1.031849e+00
    endloop
  endfacet
  facet normal -0.000000e+00 -0.000000e+00 -1.000000e+00
    outer loop
      vertex 5.221367e+01 5.721759e+01 -1.031849e+00
      vertex 5.525460e+01 5.584898e+01 -1.031849e+00
      vertex 5.152500e+01 5.087775e+01 -1.031849e+00
    endloop
  endfacet
  facet normal -0.000000e+00 -0.000000e+00 -1.000000e+00
    outer loop
      vertex -4.888504e+01 -6.094618e+01 -1.031849e+00
      vertex -5.000000e+01 -5.481362e+01 -1.031849e+00
      vertex -4.847500e+01 -5.440500e+01 -1.031849e+00
    endloop
  endfacet
  facet normal -0.000000e+00 -0.000000e+00 -1.000000e+00
    outer loop
      vertex -5.221367e+01 -6.074484e+01 -1.031849e+00
      vertex -5.000000e+01 -5.481362e+01 -1.031849e+00
      vertex -4.888504e+01 -6.094618e+01 -1.031849e+00
    endloop
  endfacet
  facet normal -0.000000e+00 -0.000000e+00 -1.000000e+00
    outer loop
      vertex -5.221367e+01 -6.074484e+01 -1.031849e+00
      vertex -5.152500e+01 -5.440500e+01 -1.031849e+00
      vertex -5.000000e+01 -5.481362e+01 -1.031849e+00
    endloop
  endfacet
  facet normal -0.000000e+00 -0.000000e+00 -1.000000e+00
    outer loop
      vertex -5.525460e+01 -5.937622e+01 -1.031849e+00
      vertex -5.152500e+01 -5.440500e+01 -1.031849e+00
      vertex -5.221367e+01 -6.074484e+01 -1.031849e+00
    endloop
  endfacet
  facet normal -0.000000e+00 -0.000000e+00 -1.000000e+00
    outer loop
      vertex -5.761260e+01 -5.701822e+01 -1.031849e+00
      vertex -5.152500e+01 -5.440500e+01 -1.031849e+00
      vertex -5.525460e+01 -5.937622e+01 -1.031849e+00
    endloop
  endfacet
  facet normal -0.000000e+00 -0.000000e+00 -1.000000e+00
    outer loop
      vertex -5.264138e+01 -5.328862e+01 -1.031849e+00
      vertex -5.152500e+01 -5.440500e+01 -1.031849e+00
      vertex -5.761260e+01 -5.701822e+01 -1.031849e+00
    endloop
  endfacet
  facet normal -0.000000e+00 -0.000000e+00 -1.000000e+00
    outer loop
      vertex -5.898121e+01 -5.397729e+01 -1.031849e+00
      vertex -5.264138e+01 -5.328862e+01 -1.031849e+00
      vertex -5.761260e+01 -5.701822e+01 -1.031849e+00
    endloop
  endfacet
  facet normal -0.000000e+00 -0.000000e+00 -1.000000e+00
    outer loop
      vertex -5.305000e+01 -5.176362e+01 -1.031849e+00
      vertex -5.264138e+01 -5.328862e+01 -1.031849e+00
      vertex -5.898121e+01 -5.397729e+01 -1.031849e+00
    endloop
  endfacet
  facet normal -0.000000e+00 -0.000000e+00 -1.000000e+00
    outer loop
      vertex -5.925000e+01 -5.176362e+01 -1.031849e+00
      vertex -5.305000e+01 -5.176362e+01 -1.031849e+00
      vertex -5.898121e+01 -5.397729e+01 -1.031849e+00
    endloop
  endfacet
  facet normal -0.000000e+00 -0.000000e+00 -1.000000e+00
    outer loop
      vertex -5.918256e+01 -5.064866e+01 -1.031849e+00
      vertex -5.305000e+01 -5.176362e+01 -1.031849e+00
      vertex -5.925000e+01 -5.176362e+01 -1.031849e+00
    endloop
  endfacet
  facet normal -0.000000e+00 -0.000000e+00 -1.000000e+00
    outer loop
      vertex -5.918256e+01 -5.064866e+01 -1.031849e+00
      vertex -5.264138e+01 -5.023862e+01 -1.031849e+00
      vertex -5.305000e+01 -5.176362e+01 -1.031849e+00
    endloop
  endfacet
  facet normal -0.000000e+00 -0.000000e+00 -1.000000e+00
    outer loop
      vertex -5.819047e+01 -4.746493e+01 -1.031849e+00
      vertex -5.264138e+01 -5.023862e+01 -1.031849e+00
      vertex -5.918256e+01 -5.064866e+01 -1.031849e+00
    endloop
  endfacet
  facet normal -0.000000e+00 -0.000000e+00 -1.000000e+00
    outer loop
      vertex -5.613388e+01 -4.483990e+01 -1.031849e+00
      vertex -5.264138e+01 -5.023862e+01 -1.031849e+00
      vertex -5.819047e+01 -4.746493e+01 -1.031849e+00
    endloop
  endfacet
  facet normal -0.000000e+00 -0.000000e+00 -1.000000e+00
    outer loop
      vertex -5.152500e+01 -4.912225e+01 -1.031849e+00
      vertex -5.264138e+01 -5.023862e+01 -1.031849e+00
      vertex -5.613388e+01 -4.483990e+01 -1.031849e+00
    endloop
  endfacet
  facet normal -0.000000e+00 -0.000000e+00 -1.000000e+00
    outer loop
      vertex -5.328009e+01 -4.311472e+01 -1.031849e+00
      vertex -5.152500e+01 -4.912225e+01 -1.031849e+00
      vertex -5.613388e+01 -4.483990e+01 -1.031849e+00
    endloop
  endfacet
  facet normal -0.000000e+00 -0.000000e+00 -1.000000e+00
    outer loop
      vertex -5.000000e+01 -4.871362e+01 -1.031849e+00
      vertex -5.152500e+01 -4.912225e+01 -1.031849e+00
      vertex -5.328009e+01 -4.311472e+01 -1.031849e+00
    endloop
  endfacet
  facet normal -0.000000e+00 -0.000000e+00 -1.000000e+00
    outer loop
      vertex -5.000000e+01 -4.251362e+01 -1.031849e+00
      vertex -5.000000e+01 -4.871362e+01 -1.031849e+00
      vertex -5.328009e+01 -4.311472e+01 -1.031849e+00
    endloop
  endfacet
  facet normal -0.000000e+00 -0.000000e+00 -1.000000e+00
    outer loop
      vertex -4.847500e+01 -4.912225e+01 -1.031849e+00
      vertex -5.000000e+01 -4.871362e+01 -1.031849e+00
      vertex -5.000000e+01 -4.251362e+01 -1.031849e+00
    endloop
  endfacet
  facet normal -0.000000e+00 -0.000000e+00 -1.000000e+00
    outer loop
      vertex -4.075000e+01 -5.176362e+01 -1.031849e+00
      vertex -4.847500e+01 -4.912225e+01 -1.031849e+00
      vertex -5.000000e+01 -4.251362e+01 -1.031849e+00
    endloop
  endfacet
  facet normal -0.000000e+00 -0.000000e+00 -1.000000e+00
    outer loop
      vertex -4.735862e+01 -5.023862e+01 -1.031849e+00
      vertex -4.847500e+01 -4.912225e+01 -1.031849e+00
      vertex -4.075000e+01 -5.176362e+01 -1.031849e+00
    endloop
  endfacet
  facet normal -0.000000e+00 -0.000000e+00 -1.000000e+00
    outer loop
      vertex -4.847500e+01 -5.440500e+01 -1.031849e+00
      vertex -4.570131e+01 -5.995409e+01 -1.031849e+00
      vertex -4.888504e+01 -6.094618e+01 -1.031849e+00
    endloop
  endfacet
  facet normal -0.000000e+00 -0.000000e+00 -1.000000e+00
    outer loop
      vertex -4.847500e+01 -5.440500e+01 -1.031849e+00
      vertex -4.307627e+01 -5.789751e+01 -1.031849e+00
      vertex -4.570131e+01 -5.995409e+01 -1.031849e+00
    endloop
  endfacet
  facet normal -0.000000e+00 -0.000000e+00 -1.000000e+00
    outer loop
      vertex -4.735862e+01 -5.328862e+01 -1.031849e+00
      vertex -4.307627e+01 -5.789751e+01 -1.031849e+00
      vertex -4.847500e+01 -5.440500e+01 -1.031849e+00
    endloop
  endfacet
  facet normal -0.000000e+00 -0.000000e+00 -1.000000e+00
    outer loop
      vertex -4.735862e+01 -5.328862e+01 -1.031849e+00
      vertex -4.135110e+01 -5.504372e+01 -1.031849e+00
      vertex -4.307627e+01 -5.789751e+01 -1.031849e+00
    endloop
  endfacet
  facet normal -0.000000e+00 -0.000000e+00 -1.000000e+00
    outer loop
      vertex -4.695000e+01 -5.176362e+01 -1.031849e+00
      vertex -4.135110e+01 -5.504372e+01 -1.031849e+00
      vertex -4.735862e+01 -5.328862e+01 -1.031849e+00
    endloop
  endfacet
  facet normal -0.000000e+00 -0.000000e+00 -1.000000e+00
    outer loop
      vertex -4.695000e+01 -5.176362e+01 -1.031849e+00
      vertex -4.075000e+01 -5.176362e+01 -1.031849e+00
      vertex -4.135110e+01 -5.504372e+01 -1.031849e+00
    endloop
  endfacet
  facet normal -0.000000e+00 -0.000000e+00 -1.000000e+00
    outer loop
      vertex -4.735862e+01 -5.023862e+01 -1.031849e+00
      vertex -4.075000e+01 -5.176362e+01 -1.031849e+00
      vertex -4.695000e+01 -5.176362e+01 -1.031849e+00
    endloop
  endfacet
  facet normal -0.000000e+00 -0.000000e+00 -1.000000e+00
    outer loop
      vertex 3.555000e+00 1.637733e-02 -1.031849e+00
      vertex -3.555000e+00 1.637733e-02 -1.031849e+00
      vertex 1.500000e-01 3.506377e+00 -1.031849e+00
    endloop
  endfacet
  facet normal -0.000000e+00 -0.000000e+00 -1.000000e+00
    outer loop
      vertex 7.778942e+00 5.791377e+00 -1.031849e+00
      vertex 7.840000e+00 7.761377e+00 -1.031849e+00
      vertex 9.525000e+00 6.076378e+00 -1.031849e+00
    endloop
  endfacet
  facet normal -0.000000e+00 -0.000000e+00 -1.000000e+00
    outer loop
      vertex 7.175000e+00 6.395320e+00 -1.031849e+00
      vertex 7.840000e+00 7.761377e+00 -1.031849e+00
      vertex 7.778942e+00 5.791377e+00 -1.031849e+00
    endloop
  endfacet
  facet normal -0.000000e+00 -0.000000e+00 -1.000000e+00
    outer loop
      vertex 4.075000e+01 4.823638e+01 -1.031849e+00
      vertex 7.840000e+00 7.761377e+00 -1.031849e+00
      vertex 2.750000e-01 7.761377e+00 -1.031849e+00
    endloop
  endfacet
  facet normal -0.000000e+00 -0.000000e+00 -1.000000e+00
    outer loop
      vertex 4.075000e+01 4.823638e+01 -1.031849e+00
      vertex 9.525000e+00 7.761377e+00 -1.031849e+00
      vertex 7.840000e+00 7.761377e+00 -1.031849e+00
    endloop
  endfacet
  facet normal -0.000000e+00 -0.000000e+00 -1.000000e+00
    outer loop
      vertex 5.000000e+01 3.898638e+01 -1.031849e+00
      vertex 9.525000e+00 7.761377e+00 -1.031849e+00
      vertex 4.075000e+01 4.823638e+01 -1.031849e+00
    endloop
  endfacet
  facet normal -0.000000e+00 -0.000000e+00 -1.000000e+00
    outer loop
      vertex 5.000000e+01 3.898638e+01 -1.031849e+00
      vertex 9.525000e+00 6.076378e+00 -1.031849e+00
      vertex 9.525000e+00 7.761377e+00 -1.031849e+00
    endloop
  endfacet
  facet normal -0.000000e+00 -0.000000e+00 -1.000000e+00
    outer loop
      vertex 9.525000e+00 -1.488623e+00 -1.031849e+00
      vertex 9.525000e+00 6.076378e+00 -1.031849e+00
      vertex 5.000000e+01 3.898638e+01 -1.031849e+00
    endloop
  endfacet
  facet normal -0.000000e+00 -0.000000e+00 -1.000000e+00
    outer loop
      vertex -7.840000e+00 -1.128862e+01 -1.031849e+00
      vertex -7.175000e+00 -9.922565e+00 -1.031849e+00
      vertex -6.350000e+00 -1.014362e+01 -1.031849e+00
    endloop
  endfacet
  facet normal -0.000000e+00 -0.000000e+00 -1.000000e+00
    outer loop
      vertex -7.840000e+00 -1.128862e+01 -1.031849e+00
      vertex -7.778942e+00 -9.318622e+00 -1.031849e+00
      vertex -7.175000e+00 -9.922565e+00 -1.031849e+00
    endloop
  endfacet
  facet normal -0.000000e+00 -0.000000e+00 -1.000000e+00
    outer loop
      vertex -9.525000e+00 -9.603623e+00 -1.031849e+00
      vertex -7.778942e+00 -9.318622e+00 -1.031849e+00
      vertex -7.840000e+00 -1.128862e+01 -1.031849e+00
    endloop
  endfacet
  facet normal -0.000000e+00 -0.000000e+00 -1.000000e+00
    outer loop
      vertex -2.750000e-01 -1.128862e+01 -1.031849e+00
      vertex -5.525000e+00 -9.922565e+00 -1.031849e+00
      vertex -4.921058e+00 -9.318622e+00 -1.031849e+00
    endloop
  endfacet
  facet normal -0.000000e+00 -0.000000e+00 -1.000000e+00
    outer loop
      vertex -2.750000e-01 -1.128862e+01 -1.031849e+00
      vertex -7.840000e+00 -1.128862e+01 -1.031849e+00
      vertex -5.525000e+00 -9.922565e+00 -1.031849e+00
    endloop
  endfacet
  facet normal -0.000000e+00 -0.000000e+00 -1.000000e+00
    outer loop
      vertex -4.075000e+01 -5.176362e+01 -1.031849e+00
      vertex -7.840000e+00 -1.128862e+01 -1.031849e+00
      vertex -2.750000e-01 -1.128862e+01 -1.031849e+00
    endloop
  endfacet
  facet normal -0.000000e+00 -0.000000e+00 -1.000000e+00
    outer loop
      vertex -4.075000e+01 -5.176362e+01 -1.031849e+00
      vertex -9.525000e+00 -1.128862e+01 -1.031849e+00
      vertex -7.840000e+00 -1.128862e+01 -1.031849e+00
    endloop
  endfacet
  facet normal -0.000000e+00 -0.000000e+00 -1.000000e+00
    outer loop
      vertex -5.000000e+01 -4.251362e+01 -1.031849e+00
      vertex -9.525000e+00 -1.128862e+01 -1.031849e+00
      vertex -4.075000e+01 -5.176362e+01 -1.031849e+00
    endloop
  endfacet
  facet normal -0.000000e+00 -0.000000e+00 -1.000000e+00
    outer loop
      vertex -5.000000e+01 -4.251362e+01 -1.031849e+00
      vertex -9.525000e+00 -9.603623e+00 -1.031849e+00
      vertex -9.525000e+00 -1.128862e+01 -1.031849e+00
    endloop
  endfacet
  facet normal -0.000000e+00 -0.000000e+00 -1.000000e+00
    outer loop
      vertex -9.525000e+00 -2.038623e+00 -1.031849e+00
      vertex -9.525000e+00 -9.603623e+00 -1.031849e+00
      vertex -5.000000e+01 -4.251362e+01 -1.031849e+00
    endloop
  endfacet
  facet normal -0.000000e+00 -0.000000e+00 -1.000000e+00
    outer loop
      vertex 4.921058e+00 -9.318622e+00 -1.031849e+00
      vertex 1.016025e+00 -8.993623e+00 -1.031849e+00
      vertex 4.700000e+00 -8.493623e+00 -1.031849e+00
    endloop
  endfacet
  facet normal -0.000000e+00 -0.000000e+00 -1.000000e+00
    outer loop
      vertex 6.500000e-01 -9.359648e+00 -1.031849e+00
      vertex 1.016025e+00 -8.993623e+00 -1.031849e+00
      vertex 4.921058e+00 -9.318622e+00 -1.031849e+00
    endloop
  endfacet
  facet normal -0.000000e+00 -0.000000e+00 -1.000000e+00
    outer loop
      vertex -2.750000e-01 -1.128862e+01 -1.031849e+00
      vertex 4.921058e+00 -9.318622e+00 -1.031849e+00
      vertex 5.525000e+00 -9.922565e+00 -1.031849e+00
    endloop
  endfacet
  facet normal -0.000000e+00 -0.000000e+00 -1.000000e+00
    outer loop
      vertex -2.750000e-01 -1.128862e+01 -1.031849e+00
      vertex 6.500000e-01 -9.359648e+00 -1.031849e+00
      vertex 4.921058e+00 -9.318622e+00 -1.031849e+00
    endloop
  endfacet
  facet normal -0.000000e+00 -0.000000e+00 -1.000000e+00
    outer loop
      vertex 1.500000e-01 -9.493623e+00 -1.031849e+00
      vertex 6.500000e-01 -9.359648e+00 -1.031849e+00
      vertex -2.750000e-01 -1.128862e+01 -1.031849e+00
    endloop
  endfacet
  facet normal -0.000000e+00 -0.000000e+00 -1.000000e+00
    outer loop
      vertex -2.750000e-01 -1.128862e+01 -1.031849e+00
      vertex -3.500000e-01 -9.359648e+00 -1.031849e+00
      vertex 1.500000e-01 -9.493623e+00 -1.031849e+00
    endloop
  endfacet
  facet normal -0.000000e+00 -0.000000e+00 -1.000000e+00
    outer loop
      vertex -2.750000e-01 -1.128862e+01 -1.031849e+00
      vertex -7.160254e-01 -8.993623e+00 -1.031849e+00
      vertex -3.500000e-01 -9.359648e+00 -1.031849e+00
    endloop
  endfacet
  facet normal -0.000000e+00 -0.000000e+00 -1.000000e+00
    outer loop
      vertex -4.921058e+00 -9.318622e+00 -1.031849e+00
      vertex -7.160254e-01 -8.993623e+00 -1.031849e+00
      vertex -2.750000e-01 -1.128862e+01 -1.031849e+00
    endloop
  endfacet
  facet normal -0.000000e+00 -0.000000e+00 -1.000000e+00
    outer loop
      vertex -4.700000e+00 -8.493623e+00 -1.031849e+00
      vertex -7.160254e-01 -8.993623e+00 -1.031849e+00
      vertex -4.921058e+00 -9.318622e+00 -1.031849e+00
    endloop
  endfacet
  facet normal -0.000000e+00 -0.000000e+00 -1.000000e+00
    outer loop
      vertex -8.500000e-01 -8.493623e+00 -1.031849e+00
      vertex -7.160254e-01 -8.993623e+00 -1.031849e+00
      vertex -4.700000e+00 -8.493623e+00 -1.031849e+00
    endloop
  endfacet
  facet normal -0.000000e+00 -0.000000e+00 -1.000000e+00
    outer loop
      vertex -3.555000e+00 -3.543623e+00 -1.031849e+00
      vertex -5.525000e+00 -7.064681e+00 -1.031849e+00
      vertex -6.350000e+00 -6.843623e+00 -1.031849e+00
    endloop
  endfacet
  facet normal -0.000000e+00 -0.000000e+00 -1.000000e+00
    outer loop
      vertex -3.555000e+00 -3.543623e+00 -1.031849e+00
      vertex -4.921058e+00 -7.668623e+00 -1.031849e+00
      vertex -5.525000e+00 -7.064681e+00 -1.031849e+00
    endloop
  endfacet
  facet normal -0.000000e+00 -0.000000e+00 -1.000000e+00
    outer loop
      vertex -7.160254e-01 -7.993623e+00 -1.031849e+00
      vertex -4.921058e+00 -7.668623e+00 -1.031849e+00
      vertex -3.555000e+00 -3.543623e+00 -1.031849e+00
    endloop
  endfacet
  facet normal -0.000000e+00 -0.000000e+00 -1.000000e+00
    outer loop
      vertex -7.160254e-01 -7.993623e+00 -1.031849e+00
      vertex -4.700000e+00 -8.493623e+00 -1.031849e+00
      vertex -4.921058e+00 -7.668623e+00 -1.031849e+00
    endloop
  endfacet
  facet normal -0.000000e+00 -0.000000e+00 -1.000000e+00
    outer loop
      vertex -8.500000e-01 -8.493623e+00 -1.031849e+00
      vertex -4.700000e+00 -8.493623e+00 -1.031849e+00
      vertex -7.160254e-01 -7.993623e+00 -1.031849e+00
    endloop
  endfacet
  facet normal -0.000000e+00 -0.000000e+00 -1.000000e+00
    outer loop
      vertex -3.555000e+00 -3.543623e+00 -1.031849e+00
      vertex -3.500000e-01 -7.627597e+00 -1.031849e+00
      vertex -7.160254e-01 -7.993623e+00 -1.031849e+00
    endloop
  endfacet
  facet normal -0.000000e+00 -0.000000e+00 -1.000000e+00
    outer loop
      vertex -3.555000e+00 -3.543623e+00 -1.031849e+00
      vertex 1.500000e-01 -7.493623e+00 -1.031849e+00
      vertex -3.500000e-01 -7.627597e+00 -1.031849e+00
    endloop
  endfacet
  facet normal -0.000000e+00 -0.000000e+00 -1.000000e+00
    outer loop
      vertex 3.555000e+00 -3.543623e+00 -1.031849e+00
      vertex 1.500000e-01 -7.493623e+00 -1.031849e+00
      vertex -3.555000e+00 -3.543623e+00 -1.031849e+00
    endloop
  endfacet
  facet normal -0.000000e+00 -0.000000e+00 -1.000000e+00
    outer loop
      vertex 3.555000e+00 -3.543623e+00 -1.031849e+00
      vertex 6.500000e-01 -7.627597e+00 -1.031849e+00
      vertex 1.500000e-01 -7.493623e+00 -1.031849e+00
    endloop
  endfacet
  facet normal -0.000000e+00 -0.000000e+00 -1.000000e+00
    outer loop
      vertex 1.016025e+00 -7.993623e+00 -1.031849e+00
      vertex 6.500000e-01 -7.627597e+00 -1.031849e+00
      vertex 3.555000e+00 -3.543623e+00 -1.031849e+00
    endloop
  endfacet
  facet normal -0.000000e+00 -0.000000e+00 -1.000000e+00
    outer loop
      vertex 5.525000e+00 -7.064681e+00 -1.031849e+00
      vertex 3.555000e+00 -3.543623e+00 -1.031849e+00
      vertex 6.350000e+00 -6.843623e+00 -1.031849e+00
    endloop
  endfacet
  facet normal -0.000000e+00 -0.000000e+00 -1.000000e+00
    outer loop
      vertex 4.921058e+00 -7.668623e+00 -1.031849e+00
      vertex 3.555000e+00 -3.543623e+00 -1.031849e+00
      vertex 5.525000e+00 -7.064681e+00 -1.031849e+00
    endloop
  endfacet
  facet normal -0.000000e+00 -0.000000e+00 -1.000000e+00
    outer loop
      vertex 4.921058e+00 -7.668623e+00 -1.031849e+00
      vertex 1.016025e+00 -7.993623e+00 -1.031849e+00
      vertex 3.555000e+00 -3.543623e+00 -1.031849e+00
    endloop
  endfacet
  facet normal -0.000000e+00 -0.000000e+00 -1.000000e+00
    outer loop
      vertex 4.700000e+00 -8.493623e+00 -1.031849e+00
      vertex 1.016025e+00 -7.993623e+00 -1.031849e+00
      vertex 4.921058e+00 -7.668623e+00 -1.031849e+00
    endloop
  endfacet
  facet normal -0.000000e+00 -0.000000e+00 -1.000000e+00
    outer loop
      vertex 4.700000e+00 -8.493623e+00 -1.031849e+00
      vertex 1.150000e+00 -8.493623e+00 -1.031849e+00
      vertex 1.016025e+00 -7.993623e+00 -1.031849e+00
    endloop
  endfacet
  facet normal -0.000000e+00 -0.000000e+00 -1.000000e+00
    outer loop
      vertex 1.016025e+00 -8.993623e+00 -1.031849e+00
      vertex 1.150000e+00 -8.493623e+00 -1.031849e+00
      vertex 4.700000e+00 -8.493623e+00 -1.031849e+00
    endloop
  endfacet
  facet normal -0.000000e+00 -0.000000e+00 -1.000000e+00
    outer loop
      vertex -3.555000e+00 1.637733e-02 -1.031849e+00
      vertex -3.500000e-01 3.640352e+00 -1.031849e+00
      vertex 1.500000e-01 3.506377e+00 -1.031849e+00
    endloop
  endfacet
  facet normal -0.000000e+00 -0.000000e+00 -1.000000e+00
    outer loop
      vertex -3.555000e+00 1.637733e-02 -1.031849e+00
      vertex -7.160254e-01 4.006377e+00 -1.031849e+00
      vertex -3.500000e-01 3.640352e+00 -1.031849e+00
    endloop
  endfacet
  facet normal -0.000000e+00 -0.000000e+00 -1.000000e+00
    outer loop
      vertex -4.921058e+00 4.141378e+00 -1.031849e+00
      vertex -7.160254e-01 4.006377e+00 -1.031849e+00
      vertex -3.555000e+00 1.637733e-02 -1.031849e+00
    endloop
  endfacet
  facet normal -0.000000e+00 -0.000000e+00 -1.000000e+00
    outer loop
      vertex -4.921058e+00 4.141378e+00 -1.031849e+00
      vertex -8.500000e-01 4.506377e+00 -1.031849e+00
      vertex -7.160254e-01 4.006377e+00 -1.031849e+00
    endloop
  endfacet
  facet normal -0.000000e+00 -0.000000e+00 -1.000000e+00
    outer loop
      vertex -4.700000e+00 4.966377e+00 -1.031849e+00
      vertex -8.500000e-01 4.506377e+00 -1.031849e+00
      vertex -4.921058e+00 4.141378e+00 -1.031849e+00
    endloop
  endfacet
  facet normal -0.000000e+00 -0.000000e+00 -1.000000e+00
    outer loop
      vertex -4.700000e+00 4.966377e+00 -1.031849e+00
      vertex -7.160254e-01 5.006377e+00 -1.031849e+00
      vertex -8.500000e-01 4.506377e+00 -1.031849e+00
    endloop
  endfacet
  facet normal -0.000000e+00 -0.000000e+00 -1.000000e+00
    outer loop
      vertex -4.921058e+00 5.791377e+00 -1.031849e+00
      vertex -7.160254e-01 5.006377e+00 -1.031849e+00
      vertex -4.700000e+00 4.966377e+00 -1.031849e+00
    endloop
  endfacet
  facet normal -0.000000e+00 -0.000000e+00 -1.000000e+00
    outer loop
      vertex -4.921058e+00 5.791377e+00 -1.031849e+00
      vertex -3.500000e-01 5.372403e+00 -1.031849e+00
      vertex -7.160254e-01 5.006377e+00 -1.031849e+00
    endloop
  endfacet
  facet normal -0.000000e+00 -0.000000e+00 -1.000000e+00
    outer loop
      vertex 2.750000e-01 7.761377e+00 -1.031849e+00
      vertex -3.500000e-01 5.372403e+00 -1.031849e+00
      vertex -4.921058e+00 5.791377e+00 -1.031849e+00
    endloop
  endfacet
  facet normal -0.000000e+00 -0.000000e+00 -1.000000e+00
    outer loop
      vertex 2.750000e-01 7.761377e+00 -1.031849e+00
      vertex 1.500000e-01 5.506377e+00 -1.031849e+00
      vertex -3.500000e-01 5.372403e+00 -1.031849e+00
    endloop
  endfacet
  facet normal -0.000000e+00 -0.000000e+00 -1.000000e+00
    outer loop
      vertex 2.750000e-01 7.761377e+00 -1.031849e+00
      vertex 6.500000e-01 5.372403e+00 -1.031849e+00
      vertex 1.500000e-01 5.506377e+00 -1.031849e+00
    endloop
  endfacet
  facet normal -0.000000e+00 -0.000000e+00 -1.000000e+00
    outer loop
      vertex 1.016025e+00 5.006377e+00 -1.031849e+00
      vertex 6.500000e-01 5.372403e+00 -1.031849e+00
      vertex 2.750000e-01 7.761377e+00 -1.031849e+00
    endloop
  endfacet
  facet normal -0.000000e+00 -0.000000e+00 -1.000000e+00
    outer loop
      vertex 6.500000e-01 3.640352e+00 -1.031849e+00
      vertex 3.555000e+00 1.637733e-02 -1.031849e+00
      vertex 1.500000e-01 3.506377e+00 -1.031849e+00
    endloop
  endfacet
  facet normal -0.000000e+00 -0.000000e+00 -1.000000e+00
    outer loop
      vertex 1.016025e+00 4.006377e+00 -1.031849e+00
      vertex 3.555000e+00 1.637733e-02 -1.031849e+00
      vertex 6.500000e-01 3.640352e+00 -1.031849e+00
    endloop
  endfacet
  facet normal -0.000000e+00 -0.000000e+00 -1.000000e+00
    outer loop
      vertex 1.016025e+00 4.006377e+00 -1.031849e+00
      vertex 4.921058e+00 4.141378e+00 -1.031849e+00
      vertex 3.555000e+00 1.637733e-02 -1.031849e+00
    endloop
  endfacet
  facet normal -0.000000e+00 -0.000000e+00 -1.000000e+00
    outer loop
      vertex 1.150000e+00 4.506377e+00 -1.031849e+00
      vertex 4.921058e+00 4.141378e+00 -1.031849e+00
      vertex 1.016025e+00 4.006377e+00 -1.031849e+00
    endloop
  endfacet
  facet normal -0.000000e+00 -0.000000e+00 -1.000000e+00
    outer loop
      vertex 1.150000e+00 4.506377e+00 -1.031849e+00
      vertex 4.700000e+00 4.966377e+00 -1.031849e+00
      vertex 4.921058e+00 4.141378e+00 -1.031849e+00
    endloop
  endfacet
  facet normal -0.000000e+00 -0.000000e+00 -1.000000e+00
    outer loop
      vertex 1.016025e+00 5.006377e+00 -1.031849e+00
      vertex 4.700000e+00 4.966377e+00 -1.031849e+00
      vertex 1.150000e+00 4.506377e+00 -1.031849e+00
    endloop
  endfacet
  facet normal -0.000000e+00 -0.000000e+00 -1.000000e+00
    outer loop
      vertex 1.016025e+00 5.006377e+00 -1.031849e+00
      vertex 4.921058e+00 5.791377e+00 -1.031849e+00
      vertex 4.700000e+00 4.966377e+00 -1.031849e+00
    endloop
  endfacet
  facet normal -0.000000e+00 -0.000000e+00 -1.000000e+00
    outer loop
      vertex 2.750000e-01 7.761377e+00 -1.031849e+00
      vertex 4.921058e+00 5.791377e+00 -1.031849e+00
      vertex 1.016025e+00 5.006377e+00 -1.031849e+00
    endloop
  endfacet
  facet normal -0.000000e+00 -0.000000e+00 -1.000000e+00
    outer loop
      vertex 2.750000e-01 7.761377e+00 -1.031849e+00
      vertex 5.525000e+00 6.395320e+00 -1.031849e+00
      vertex 4.921058e+00 5.791377e+00 -1.031849e+00
    endloop
  endfacet
  facet normal -0.000000e+00 -0.000000e+00 -1.000000e+00
    outer loop
      vertex 7.840000e+00 7.761377e+00 -1.031849e+00
      vertex 5.525000e+00 6.395320e+00 -1.031849e+00
      vertex 2.750000e-01 7.761377e+00 -1.031849e+00
    endloop
  endfacet
  facet normal -0.000000e+00 -0.000000e+00 -1.000000e+00
    outer loop
      vertex 7.840000e+00 7.761377e+00 -1.031849e+00
      vertex 6.350000e+00 6.616377e+00 -1.031849e+00
      vertex 5.525000e+00 6.395320e+00 -1.031849e+00
    endloop
  endfacet
  facet normal -0.000000e+00 -0.000000e+00 -1.000000e+00
    outer loop
      vertex 7.175000e+00 6.395320e+00 -1.031849e+00
      vertex 6.350000e+00 6.616377e+00 -1.031849e+00
      vertex 7.840000e+00 7.761377e+00 -1.031849e+00
    endloop
  endfacet
  facet normal -0.000000e+00 -0.000000e+00 -1.000000e+00
    outer loop
      vertex 6.650000e+00 -2.359648e+00 -1.031849e+00
      vertex 7.016026e+00 -1.993623e+00 -1.031849e+00
      vertex 9.525000e+00 -1.488623e+00 -1.031849e+00
    endloop
  endfacet
  facet normal -0.000000e+00 -0.000000e+00 -1.000000e+00
    outer loop
      vertex 8.000000e+00 -8.493623e+00 -1.031849e+00
      vertex 9.525000e+00 -9.603623e+00 -1.031849e+00
      vertex 7.778942e+00 -9.318622e+00 -1.031849e+00
    endloop
  endfacet
  facet normal -0.000000e+00 -0.000000e+00 -1.000000e+00
    outer loop
      vertex 7.778942e+00 -7.668623e+00 -1.031849e+00
      vertex 9.525000e+00 -9.603623e+00 -1.031849e+00
      vertex 8.000000e+00 -8.493623e+00 -1.031849e+00
    endloop
  endfacet
  facet normal -0.000000e+00 -0.000000e+00 -1.000000e+00
    outer loop
      vertex 7.778942e+00 -7.668623e+00 -1.031849e+00
      vertex 9.525000e+00 -1.488623e+00 -1.031849e+00
      vertex 9.525000e+00 -9.603623e+00 -1.031849e+00
    endloop
  endfacet
  facet normal -0.000000e+00 -0.000000e+00 -1.000000e+00
    outer loop
      vertex 7.175000e+00 -7.064681e+00 -1.031849e+00
      vertex 9.525000e+00 -1.488623e+00 -1.031849e+00
      vertex 7.778942e+00 -7.668623e+00 -1.031849e+00
    endloop
  endfacet
  facet normal -0.000000e+00 -0.000000e+00 -1.000000e+00
    outer loop
      vertex 7.175000e+00 -7.064681e+00 -1.031849e+00
      vertex 6.650000e+00 -2.359648e+00 -1.031849e+00
      vertex 9.525000e+00 -1.488623e+00 -1.031849e+00
    endloop
  endfacet
  facet normal -0.000000e+00 -0.000000e+00 -1.000000e+00
    outer loop
      vertex 6.350000e+00 -6.843623e+00 -1.031849e+00
      vertex 6.650000e+00 -2.359648e+00 -1.031849e+00
      vertex 7.175000e+00 -7.064681e+00 -1.031849e+00
    endloop
  endfacet
  facet normal -0.000000e+00 -0.000000e+00 -1.000000e+00
    outer loop
      vertex 6.350000e+00 -6.843623e+00 -1.031849e+00
      vertex 6.150000e+00 -2.493623e+00 -1.031849e+00
      vertex 6.650000e+00 -2.359648e+00 -1.031849e+00
    endloop
  endfacet
  facet normal -0.000000e+00 -0.000000e+00 -1.000000e+00
    outer loop
      vertex 3.555000e+00 -3.543623e+00 -1.031849e+00
      vertex 6.150000e+00 -2.493623e+00 -1.031849e+00
      vertex 6.350000e+00 -6.843623e+00 -1.031849e+00
    endloop
  endfacet
  facet normal -0.000000e+00 -0.000000e+00 -1.000000e+00
    outer loop
      vertex 3.555000e+00 -3.543623e+00 -1.031849e+00
      vertex 5.650000e+00 -2.359648e+00 -1.031849e+00
      vertex 6.150000e+00 -2.493623e+00 -1.031849e+00
    endloop
  endfacet
  facet normal -0.000000e+00 -0.000000e+00 -1.000000e+00
    outer loop
      vertex 3.555000e+00 -3.543623e+00 -1.031849e+00
      vertex 5.283975e+00 -1.993623e+00 -1.031849e+00
      vertex 5.650000e+00 -2.359648e+00 -1.031849e+00
    endloop
  endfacet
  facet normal -0.000000e+00 -0.000000e+00 -1.000000e+00
    outer loop
      vertex 5.150000e+00 -1.493623e+00 -1.031849e+00
      vertex 5.283975e+00 -1.993623e+00 -1.031849e+00
      vertex 3.555000e+00 -3.543623e+00 -1.031849e+00
    endloop
  endfacet
  facet normal -0.000000e+00 -0.000000e+00 -1.000000e+00
    outer loop
      vertex 3.555000e+00 1.637733e-02 -1.031849e+00
      vertex 5.150000e+00 -1.493623e+00 -1.031849e+00
      vertex 3.555000e+00 -3.543623e+00 -1.031849e+00
    endloop
  endfacet
  facet normal -0.000000e+00 -0.000000e+00 -1.000000e+00
    outer loop
      vertex 5.283975e+00 -9.936227e-01 -1.031849e+00
      vertex 5.150000e+00 -1.493623e+00 -1.031849e+00
      vertex 3.555000e+00 1.637733e-02 -1.031849e+00
    endloop
  endfacet
  facet normal -0.000000e+00 -0.000000e+00 -1.000000e+00
    outer loop
      vertex 9.525000e+00 6.076378e+00 -1.031849e+00
      vertex 8.000000e+00 4.966377e+00 -1.031849e+00
      vertex 7.778942e+00 5.791377e+00 -1.031849e+00
    endloop
  endfacet
  facet normal -0.000000e+00 -0.000000e+00 -1.000000e+00
    outer loop
      vertex 9.525000e+00 6.076378e+00 -1.031849e+00
      vertex 7.778942e+00 4.141378e+00 -1.031849e+00
      vertex 8.000000e+00 4.966377e+00 -1.031849e+00
    endloop
  endfacet
  facet normal -0.000000e+00 -0.000000e+00 -1.000000e+00
    outer loop
      vertex 9.525000e+00 -1.488623e+00 -1.031849e+00
      vertex 7.778942e+00 4.141378e+00 -1.031849e+00
      vertex 9.525000e+00 6.076378e+00 -1.031849e+00
    endloop
  endfacet
  facet normal -0.000000e+00 -0.000000e+00 -1.000000e+00
    outer loop
      vertex 9.525000e+00 -1.488623e+00 -1.031849e+00
      vertex 7.175000e+00 3.537436e+00 -1.031849e+00
      vertex 7.778942e+00 4.141378e+00 -1.031849e+00
    endloop
  endfacet
  facet normal -0.000000e+00 -0.000000e+00 -1.000000e+00
    outer loop
      vertex 6.650000e+00 -6.275972e-01 -1.031849e+00
      vertex 7.175000e+00 3.537436e+00 -1.031849e+00
      vertex 9.525000e+00 -1.488623e+00 -1.031849e+00
    endloop
  endfacet
  facet normal -0.000000e+00 -0.000000e+00 -1.000000e+00
    outer loop
      vertex 6.650000e+00 -6.275972e-01 -1.031849e+00
      vertex 6.350000e+00 3.316377e+00 -1.031849e+00
      vertex 7.175000e+00 3.537436e+00 -1.031849e+00
    endloop
  endfacet
  facet normal -0.000000e+00 -0.000000e+00 -1.000000e+00
    outer loop
      vertex 6.150000e+00 -4.936227e-01 -1.031849e+00
      vertex 6.350000e+00 3.316377e+00 -1.031849e+00
      vertex 6.650000e+00 -6.275972e-01 -1.031849e+00
    endloop
  endfacet
  facet normal -0.000000e+00 -0.000000e+00 -1.000000e+00
    outer loop
      vertex 6.150000e+00 -4.936227e-01 -1.031849e+00
      vertex 5.525000e+00 3.537436e+00 -1.031849e+00
      vertex 6.350000e+00 3.316377e+00 -1.031849e+00
    endloop
  endfacet
  facet normal -0.000000e+00 -0.000000e+00 -1.000000e+00
    outer loop
      vertex 5.650000e+00 -6.275972e-01 -1.031849e+00
      vertex 5.525000e+00 3.537436e+00 -1.031849e+00
      vertex 6.150000e+00 -4.936227e-01 -1.031849e+00
    endloop
  endfacet
  facet normal -0.000000e+00 -0.000000e+00 -1.000000e+00
    outer loop
      vertex 5.650000e+00 -6.275972e-01 -1.031849e+00
      vertex 3.555000e+00 1.637733e-02 -1.031849e+00
      vertex 5.525000e+00 3.537436e+00 -1.031849e+00
    endloop
  endfacet
  facet normal -0.000000e+00 -0.000000e+00 -1.000000e+00
    outer loop
      vertex 5.283975e+00 -9.936227e-01 -1.031849e+00
      vertex 3.555000e+00 1.637733e-02 -1.031849e+00
      vertex 5.650000e+00 -6.275972e-01 -1.031849e+00
    endloop
  endfacet
  facet normal -0.000000e+00 -0.000000e+00 -1.000000e+00
    outer loop
      vertex 9.525000e+00 -1.488623e+00 -1.031849e+00
      vertex 7.016026e+00 -9.936227e-01 -1.031849e+00
      vertex 6.650000e+00 -6.275972e-01 -1.031849e+00
    endloop
  endfacet
  facet normal -0.000000e+00 -0.000000e+00 -1.000000e+00
    outer loop
      vertex 9.525000e+00 -1.488623e+00 -1.031849e+00
      vertex 7.150000e+00 -1.493623e+00 -1.031849e+00
      vertex 7.016026e+00 -9.936227e-01 -1.031849e+00
    endloop
  endfacet
  facet normal -0.000000e+00 -0.000000e+00 -1.000000e+00
    outer loop
      vertex 7.016026e+00 -1.993623e+00 -1.031849e+00
      vertex 7.150000e+00 -1.493623e+00 -1.031849e+00
      vertex 9.525000e+00 -1.488623e+00 -1.031849e+00
    endloop
  endfacet
  facet normal -0.000000e+00 -0.000000e+00 -1.000000e+00
    outer loop
      vertex -9.525000e+00 -9.603623e+00 -1.031849e+00
      vertex -8.000000e+00 -8.493623e+00 -1.031849e+00
      vertex -7.778942e+00 -9.318622e+00 -1.031849e+00
    endloop
  endfacet
  facet normal -0.000000e+00 -0.000000e+00 -1.000000e+00
    outer loop
      vertex -9.525000e+00 -9.603623e+00 -1.031849e+00
      vertex -7.778942e+00 -7.668623e+00 -1.031849e+00
      vertex -8.000000e+00 -8.493623e+00 -1.031849e+00
    endloop
  endfacet
  facet normal -0.000000e+00 -0.000000e+00 -1.000000e+00
    outer loop
      vertex -9.525000e+00 -2.038623e+00 -1.031849e+00
      vertex -7.778942e+00 -7.668623e+00 -1.031849e+00
      vertex -9.525000e+00 -9.603623e+00 -1.031849e+00
    endloop
  endfacet
  facet normal -0.000000e+00 -0.000000e+00 -1.000000e+00
    outer loop
      vertex -9.525000e+00 -2.038623e+00 -1.031849e+00
      vertex -7.175000e+00 -7.064681e+00 -1.031849e+00
      vertex -7.778942e+00 -7.668623e+00 -1.031849e+00
    endloop
  endfacet
  facet normal -0.000000e+00 -0.000000e+00 -1.000000e+00
    outer loop
      vertex -6.350000e+00 -2.359648e+00 -1.031849e+00
      vertex -7.175000e+00 -7.064681e+00 -1.031849e+00
      vertex -9.525000e+00 -2.038623e+00 -1.031849e+00
    endloop
  endfacet
  facet normal -0.000000e+00 -0.000000e+00 -1.000000e+00
    outer loop
      vertex -6.350000e+00 -2.359648e+00 -1.031849e+00
      vertex -6.350000e+00 -6.843623e+00 -1.031849e+00
      vertex -7.175000e+00 -7.064681e+00 -1.031849e+00
    endloop
  endfacet
  facet normal -0.000000e+00 -0.000000e+00 -1.000000e+00
    outer loop
      vertex -5.850000e+00 -2.493623e+00 -1.031849e+00
      vertex -6.350000e+00 -6.843623e+00 -1.031849e+00
      vertex -6.350000e+00 -2.359648e+00 -1.031849e+00
    endloop
  endfacet
  facet normal -0.000000e+00 -0.000000e+00 -1.000000e+00
    outer loop
      vertex -5.850000e+00 -2.493623e+00 -1.031849e+00
      vertex -3.555000e+00 -3.543623e+00 -1.031849e+00
      vertex -6.350000e+00 -6.843623e+00 -1.031849e+00
    endloop
  endfacet
  facet normal -0.000000e+00 -0.000000e+00 -1.000000e+00
    outer loop
      vertex -5.350000e+00 -2.359648e+00 -1.031849e+00
      vertex -3.555000e+00 -3.543623e+00 -1.031849e+00
      vertex -5.850000e+00 -2.493623e+00 -1.031849e+00
    endloop
  endfacet
  facet normal -0.000000e+00 -0.000000e+00 -1.000000e+00
    outer loop
      vertex -9.525000e+00 -2.038623e+00 -1.031849e+00
      vertex -6.716025e+00 -1.993623e+00 -1.031849e+00
      vertex -6.350000e+00 -2.359648e+00 -1.031849e+00
    endloop
  endfacet
  facet normal -0.000000e+00 -0.000000e+00 -1.000000e+00
    outer loop
      vertex -9.525000e+00 -2.038623e+00 -1.031849e+00
      vertex -6.850000e+00 -1.493623e+00 -1.031849e+00
      vertex -6.716025e+00 -1.993623e+00 -1.031849e+00
    endloop
  endfacet
  facet normal -0.000000e+00 -0.000000e+00 -1.000000e+00
    outer loop
      vertex -6.716025e+00 -9.936227e-01 -1.031849e+00
      vertex -6.850000e+00 -1.493623e+00 -1.031849e+00
      vertex -9.525000e+00 -2.038623e+00 -1.031849e+00
    endloop
  endfacet
  facet normal -0.000000e+00 -0.000000e+00 -1.000000e+00
    outer loop
      vertex -8.000000e+00 4.966377e+00 -1.031849e+00
      vertex -9.525000e+00 6.076378e+00 -1.031849e+00
      vertex -7.778942e+00 5.791377e+00 -1.031849e+00
    endloop
  endfacet
  facet normal -0.000000e+00 -0.000000e+00 -1.000000e+00
    outer loop
      vertex -7.778942e+00 4.141378e+00 -1.031849e+00
      vertex -9.525000e+00 6.076378e+00 -1.031849e+00
      vertex -8.000000e+00 4.966377e+00 -1.031849e+00
    endloop
  endfacet
  facet normal -0.000000e+00 -0.000000e+00 -1.000000e+00
    outer loop
      vertex -7.778942e+00 4.141378e+00 -1.031849e+00
      vertex -9.525000e+00 -2.038623e+00 -1.031849e+00
      vertex -9.525000e+00 6.076378e+00 -1.031849e+00
    endloop
  endfacet
  facet normal -0.000000e+00 -0.000000e+00 -1.000000e+00
    outer loop
      vertex -7.175000e+00 3.537436e+00 -1.031849e+00
      vertex -9.525000e+00 -2.038623e+00 -1.031849e+00
      vertex -7.778942e+00 4.141378e+00 -1.031849e+00
    endloop
  endfacet
  facet normal -0.000000e+00 -0.000000e+00 -1.000000e+00
    outer loop
      vertex -7.175000e+00 3.537436e+00 -1.031849e+00
      vertex -6.716025e+00 -9.936227e-01 -1.031849e+00
      vertex -9.525000e+00 -2.038623e+00 -1.031849e+00
    endloop
  endfacet
  facet normal -0.000000e+00 -0.000000e+00 -1.000000e+00
    outer loop
      vertex -6.350000e+00 -6.275972e-01 -1.031849e+00
      vertex -6.716025e+00 -9.936227e-01 -1.031849e+00
      vertex -7.175000e+00 3.537436e+00 -1.031849e+00
    endloop
  endfacet
  facet normal -0.000000e+00 -0.000000e+00 -1.000000e+00
    outer loop
      vertex -6.350000e+00 3.316377e+00 -1.031849e+00
      vertex -6.350000e+00 -6.275972e-01 -1.031849e+00
      vertex -7.175000e+00 3.537436e+00 -1.031849e+00
    endloop
  endfacet
  facet normal -0.000000e+00 -0.000000e+00 -1.000000e+00
    outer loop
      vertex -5.850000e+00 -4.936227e-01 -1.031849e+00
      vertex -6.350000e+00 -6.275972e-01 -1.031849e+00
      vertex -6.350000e+00 3.316377e+00 -1.031849e+00
    endloop
  endfacet
  facet normal -0.000000e+00 -0.000000e+00 -1.000000e+00
    outer loop
      vertex -5.525000e+00 3.537436e+00 -1.031849e+00
      vertex -5.850000e+00 -4.936227e-01 -1.031849e+00
      vertex -6.350000e+00 3.316377e+00 -1.031849e+00
    endloop
  endfacet
  facet normal -0.000000e+00 -0.000000e+00 -1.000000e+00
    outer loop
      vertex -3.555000e+00 1.637733e-02 -1.031849e+00
      vertex -5.850000e+00 -4.936227e-01 -1.031849e+00
      vertex -5.525000e+00 3.537436e+00 -1.031849e+00
    endloop
  endfacet
  facet normal -0.000000e+00 -0.000000e+00 -1.000000e+00
    outer loop
      vertex -3.555000e+00 1.637733e-02 -1.031849e+00
      vertex -5.350000e+00 -6.275972e-01 -1.031849e+00
      vertex -5.850000e+00 -4.936227e-01 -1.031849e+00
    endloop
  endfacet
  facet normal -0.000000e+00 -0.000000e+00 -1.000000e+00
    outer loop
      vertex -4.983974e+00 -9.936227e-01 -1.031849e+00
      vertex -5.350000e+00 -6.275972e-01 -1.031849e+00
      vertex -3.555000e+00 1.637733e-02 -1.031849e+00
    endloop
  endfacet
  facet normal -0.000000e+00 -0.000000e+00 -1.000000e+00
    outer loop
      vertex -4.983974e+00 -1.993623e+00 -1.031849e+00
      vertex -3.555000e+00 -3.543623e+00 -1.031849e+00
      vertex -5.350000e+00 -2.359648e+00 -1.031849e+00
    endloop
  endfacet
  facet normal -0.000000e+00 -0.000000e+00 -1.000000e+00
    outer loop
      vertex -4.850000e+00 -1.493623e+00 -1.031849e+00
      vertex -3.555000e+00 -3.543623e+00 -1.031849e+00
      vertex -4.983974e+00 -1.993623e+00 -1.031849e+00
    endloop
  endfacet
  facet normal -0.000000e+00 -0.000000e+00 -1.000000e+00
    outer loop
      vertex -4.850000e+00 -1.493623e+00 -1.031849e+00
      vertex -3.555000e+00 1.637733e-02 -1.031849e+00
      vertex -3.555000e+00 -3.543623e+00 -1.031849e+00
    endloop
  endfacet
  facet normal -0.000000e+00 -0.000000e+00 -1.000000e+00
    outer loop
      vertex -4.983974e+00 -9.936227e-01 -1.031849e+00
      vertex -3.555000e+00 1.637733e-02 -1.031849e+00
      vertex -4.850000e+00 -1.493623e+00 -1.031849e+00
    endloop
  endfacet
  facet normal 6.509851e-01 7.252212e-01 0.000000e+00
    outer loop
      vertex 5.525000e+00 -9.922565e+00 -1.031849e+00
      vertex 4.921058e+00 -9.318622e+00 -1.031849e+00
      vertex 5.381566e+00 -9.829525e+00 3.870084e+00
    endloop
  endfacet
  facet normal 7.564771e-01 6.290058e-01 0.000000e+00
    outer loop
      vertex 4.921058e+00 -9.318622e+00 -1.031849e+00
      vertex 5.002815e+00 -9.446299e+00 3.774466e+00
      vertex 5.381566e+00 -9.829525e+00 3.870084e+00
    endloop
  endfacet
  facet normal 8.805168e-01 4.535395e-01 0.000000e+00
    outer loop
      vertex 4.921058e+00 -9.318622e+00 -1.031849e+00
      vertex 4.767568e+00 -8.960967e+00 3.683128e+00
      vertex 5.002815e+00 -9.446299e+00 3.774466e+00
    endloop
  endfacet
  facet normal 9.416916e-01 2.610797e-01 0.000000e+00
    outer loop
      vertex 4.700000e+00 -8.493623e+00 -1.031849e+00
      vertex 4.767568e+00 -8.960967e+00 3.683128e+00
      vertex 4.921058e+00 -9.318622e+00 -1.031849e+00
    endloop
  endfacet
  facet normal 9.860480e-01 8.023299e-02 0.000000e+00
    outer loop
      vertex 4.700000e+00 -8.493623e+00 -1.031849e+00
      vertex 4.701493e+00 -8.423431e+00 3.605645e+00
      vertex 4.767568e+00 -8.960967e+00 3.683128e+00
    endloop
  endfacet
  facet normal 9.712624e-01 -1.488969e-01 0.000000e+00
    outer loop
      vertex 4.700000e+00 -8.493623e+00 -1.031849e+00
      vertex 4.840757e+00 -7.826774e+00 3.545542e+00
      vertex 4.701493e+00 -8.423431e+00 3.605645e+00
    endloop
  endfacet
  facet normal 9.269059e-01 -3.013835e-01 0.000000e+00
    outer loop
      vertex 4.921058e+00 -7.668623e+00 -1.031849e+00
      vertex 4.840757e+00 -7.826774e+00 3.545542e+00
      vertex 4.700000e+00 -8.493623e+00 -1.031849e+00
    endloop
  endfacet
  facet normal 8.279126e-01 -5.384402e-01 0.000000e+00
    outer loop
      vertex 4.921058e+00 -7.668623e+00 -1.031849e+00
      vertex 5.190017e+00 -7.320192e+00 3.522670e+00
      vertex 4.840757e+00 -7.826774e+00 3.545542e+00
    endloop
  endfacet
  facet normal 6.896818e-01 -6.923985e-01 0.000000e+00
    outer loop
      vertex 5.525000e+00 -7.064681e+00 -1.031849e+00
      vertex 5.190017e+00 -7.320192e+00 3.522670e+00
      vertex 4.921058e+00 -7.668623e+00 -1.031849e+00
    endloop
  endfacet
  facet normal 5.368930e-01 -8.301099e-01 0.000000e+00
    outer loop
      vertex 5.525000e+00 -7.064681e+00 -1.031849e+00
      vertex 5.677363e+00 -6.986951e+00 3.539024e+00
      vertex 5.190017e+00 -7.320192e+00 3.522670e+00
    endloop
  endfacet
  facet normal 3.025530e-01 -9.263866e-01 0.000000e+00
    outer loop
      vertex 6.350000e+00 -6.843623e+00 -1.031849e+00
      vertex 5.677363e+00 -6.986951e+00 3.539024e+00
      vertex 5.525000e+00 -7.064681e+00 -1.031849e+00
    endloop
  endfacet
  facet normal 1.563559e-01 -9.704157e-01 0.000000e+00
    outer loop
      vertex 6.350000e+00 -6.843623e+00 -1.031849e+00
      vertex 6.248675e+00 -6.846736e+00 3.590548e+00
      vertex 5.677363e+00 -6.986951e+00 3.539024e+00
    endloop
  endfacet
  facet normal -7.672282e-02 -9.848866e-01 -0.000000e+00
    outer loop
      vertex 6.831103e+00 -6.915319e+00 3.670390e+00
      vertex 6.248675e+00 -6.846736e+00 3.590548e+00
      vertex 6.350000e+00 -6.843623e+00 -1.031849e+00
    endloop
  endfacet
  facet normal -2.638591e-01 -9.408576e-01 -0.000000e+00
    outer loop
      vertex 7.175000e+00 -7.064681e+00 -1.031849e+00
      vertex 6.831103e+00 -6.915319e+00 3.670390e+00
      vertex 6.350000e+00 -6.843623e+00 -1.031849e+00
    endloop
  endfacet
  facet normal -4.659824e-01 -8.725851e-01 -0.000000e+00
    outer loop
      vertex 7.350511e+00 -7.181571e+00 3.768063e+00
      vertex 6.831103e+00 -6.915319e+00 3.670390e+00
      vertex 7.175000e+00 -7.064681e+00 -1.031849e+00
    endloop
  endfacet
  facet normal -6.574652e-01 -7.204027e-01 -0.000000e+00
    outer loop
      vertex 7.778942e+00 -7.668623e+00 -1.031849e+00
      vertex 7.350511e+00 -7.181571e+00 3.768063e+00
      vertex 7.175000e+00 -7.064681e+00 -1.031849e+00
    endloop
  endfacet
  facet normal -7.724730e-01 -6.099705e-01 -0.000000e+00
    outer loop
      vertex 7.744289e+00 -7.611320e+00 3.871518e+00
      vertex 7.350511e+00 -7.181571e+00 3.768063e+00
      vertex 7.778942e+00 -7.668623e+00 -1.031849e+00
    endloop
  endfacet
  facet normal 4.604073e-01 8.771262e-01 0.000000e+00
    outer loop
      vertex 5.864418e+00 -1.007055e+01 3.960005e+00
      vertex 5.525000e+00 -9.922565e+00 -1.031849e+00
      vertex 5.381566e+00 -9.829525e+00 3.870084e+00
    endloop
  endfacet
  facet normal 3.525284e-01 9.288189e-01 0.000000e+00
    outer loop
      vertex 5.915567e+00 -1.008540e+01 3.968151e+00
      vertex 5.525000e+00 -9.922565e+00 -1.031849e+00
      vertex 5.864418e+00 -1.007055e+01 3.960005e+00
    endloop
  endfacet
  facet normal 2.544309e-01 9.435804e-01 0.000000e+00
    outer loop
      vertex 5.915567e+00 -1.008540e+01 3.968151e+00
      vertex 6.350000e+00 -1.014362e+01 -1.031849e+00
      vertex 5.525000e+00 -9.922565e+00 -1.031849e+00
    endloop
  endfacet
  facet normal 6.925041e-03 9.782876e-01 0.000000e+00
    outer loop
      vertex 6.750154e+00 -1.009437e+01 3.968151e+00
      vertex 6.350000e+00 -1.014362e+01 -1.031849e+00
      vertex 5.915567e+00 -1.008540e+01 3.968151e+00
    endloop
  endfacet
  facet normal -2.475059e-01 9.453908e-01 0.000000e+00
    outer loop
      vertex 6.750154e+00 -1.009437e+01 3.968151e+00
      vertex 7.175000e+00 -9.922565e+00 -1.031849e+00
      vertex 6.350000e+00 -1.014362e+01 -1.031849e+00
    endloop
  endfacet
  facet normal -4.762640e-01 8.545051e-01 0.000000e+00
    outer loop
      vertex 7.482353e+00 -9.693738e+00 3.968151e+00
      vertex 7.175000e+00 -9.922565e+00 -1.031849e+00
      vertex 6.750154e+00 -1.009437e+01 3.968151e+00
    endloop
  endfacet
  facet normal -6.840999e-01 6.977894e-01 0.000000e+00
    outer loop
      vertex 7.482353e+00 -9.693738e+00 3.968151e+00
      vertex 7.778942e+00 -9.318622e+00 -1.031849e+00
      vertex 7.175000e+00 -9.922565e+00 -1.031849e+00
    endloop
  endfacet
  facet normal -8.355770e-01 5.085911e-01 0.000000e+00
    outer loop
      vertex 7.924812e+00 -8.986033e+00 3.968151e+00
      vertex 7.778942e+00 -9.318622e+00 -1.031849e+00
      vertex 7.482353e+00 -9.693738e+00 3.968151e+00
    endloop
  endfacet
  facet normal -9.401522e-01 2.661435e-01 0.000000e+00
    outer loop
      vertex 7.924812e+00 -8.986033e+00 3.968151e+00
      vertex 8.000000e+00 -8.493623e+00 -1.031849e+00
      vertex 7.778942e+00 -9.318622e+00 -1.031849e+00
    endloop
  endfacet
  facet normal -9.776018e-01 3.052945e-02 0.000000e+00
    outer loop
      vertex 7.964318e+00 -8.152333e+00 3.968151e+00
      vertex 8.000000e+00 -8.493623e+00 -1.031849e+00
      vertex 7.924812e+00 -8.986033e+00 3.968151e+00
    endloop
  endfacet
  facet normal -9.481332e-01 -2.356141e-01 0.000000e+00
    outer loop
      vertex 7.964318e+00 -8.152333e+00 3.968151e+00
      vertex 7.778942e+00 -7.668623e+00 -1.031849e+00
      vertex 8.000000e+00 -8.493623e+00 -1.031849e+00
    endloop
  endfacet
  facet normal -8.964744e-01 -4.138570e-01 0.000000e+00
    outer loop
      vertex 7.744289e+00 -7.611320e+00 3.871518e+00
      vertex 7.778942e+00 -7.668623e+00 -1.031849e+00
      vertex 7.964318e+00 -8.152333e+00 3.968151e+00
    endloop
  endfacet
  facet normal -0.000000e+00 -0.000000e+00 -1.000000e+00
    outer loop
      vertex -5.915567e+00 -1.008540e+01 3.968151e+00
      vertex -7.482353e+00 -9.693738e+00 3.968151e+00
      vertex -7.924812e+00 -8.986033e+00 3.968151e+00
    endloop
  endfacet
  facet normal -0.000000e+00 -0.000000e+00 -1.000000e+00
    outer loop
      vertex -6.750154e+00 -1.009437e+01 3.968151e+00
      vertex -7.482353e+00 -9.693738e+00 3.968151e+00
      vertex -5.915567e+00 -1.008540e+01 3.968151e+00
    endloop
  endfacet
  facet normal -0.000000e+00 -0.000000e+00 -1.000000e+00
    outer loop
      vertex -8.000000e+00 -8.493623e+00 3.968151e+00
      vertex -5.915567e+00 -1.008540e+01 3.968151e+00
      vertex -7.924812e+00 -8.986033e+00 3.968151e+00
    endloop
  endfacet
  facet normal -0.000000e+00 -0.000000e+00 -1.000000e+00
    outer loop
      vertex -7.964318e+00 -8.152333e+00 3.968151e+00
      vertex -5.915567e+00 -1.008540e+01 3.968151e+00
      vertex -8.000000e+00 -8.493623e+00 3.968151e+00
    endloop
  endfacet
  facet normal -0.000000e+00 -0.000000e+00 -1.000000e+00
    outer loop
      vertex 7.482353e+00 6.166493e+00 3.968151e+00
      vertex 5.915567e+00 6.558159e+00 3.968151e+00
      vertex 6.750154e+00 6.567120e+00 3.968151e+00
    endloop
  endfacet
  facet normal -0.000000e+00 -0.000000e+00 -1.000000e+00
    outer loop
      vertex 7.482353e+00 6.166493e+00 3.968151e+00
      vertex 7.964318e+00 4.625088e+00 3.968151e+00
      vertex 5.915567e+00 6.558159e+00 3.968151e+00
    endloop
  endfacet
  facet normal -0.000000e+00 -0.000000e+00 -1.000000e+00
    outer loop
      vertex 7.924812e+00 5.458788e+00 3.968151e+00
      vertex 7.964318e+00 4.625088e+00 3.968151e+00
      vertex 7.482353e+00 6.166493e+00 3.968151e+00
    endloop
  endfacet
  facet normal 0.000000e+00 1.000000e+00 0.000000e+00
    outer loop
      vertex -3.555000e+00 -3.543623e+00 8.928551e-08
      vertex 3.555000e+00 -3.543623e+00 -1.031849e+00
      vertex -3.555000e+00 -3.543623e+00 -1.031849e+00
    endloop
  endfacet
  facet normal 0.000000e+00 1.000000e+00 0.000000e+00
    outer loop
      vertex 3.555000e+00 -3.543623e+00 8.928551e-08
      vertex 3.555000e+00 -3.543623e+00 -1.031849e+00
      vertex -3.555000e+00 -3.543623e+00 8.928551e-08
    endloop
  endfacet
  facet normal 1.000000e+00 0.000000e+00 0.000000e+00
    outer loop
      vertex -3.555000e+00 -3.543623e+00 8.928551e-08
      vertex -3.555000e+00 -3.543623e+00 -1.031849e+00
      vertex -3.555000e+00 1.637733e-02 -1.031849e+00
    endloop
  endfacet
  facet normal 1.000000e+00 0.000000e+00 0.000000e+00
    outer loop
      vertex -3.555000e+00 -3.543623e+00 8.928551e-08
      vertex -3.555000e+00 -3.560000e+00 3.968151e+00
      vertex -3.555000e+00 -3.560000e+00 8.928551e-08
    endloop
  endfacet
  facet normal 1.000000e+00 0.000000e+00 0.000000e+00
    outer loop
      vertex -3.555000e+00 -3.543623e+00 8.928551e-08
      vertex -3.555000e+00 1.637733e-02 3.968151e+00
      vertex -3.555000e+00 -3.560000e+00 3.968151e+00
    endloop
  endfacet
  facet normal 1.000000e+00 0.000000e+00 0.000000e+00
    outer loop
      vertex -3.555000e+00 1.637733e-02 -1.031849e+00
      vertex -3.555000e+00 1.637733e-02 3.968151e+00
      vertex -3.555000e+00 -3.543623e+00 8.928551e-08
    endloop
  endfacet
  facet normal 0.000000e+00 1.000000e+00 0.000000e+00
    outer loop
      vertex -3.555000e+00 -3.560000e+00 3.968151e+00
      vertex 3.555000e+00 -3.560000e+00 8.928551e-08
      vertex -3.555000e+00 -3.560000e+00 8.928551e-08
    endloop
  endfacet
  facet normal 0.000000e+00 1.000000e+00 0.000000e+00
    outer loop
      vertex 3.555000e+00 -3.560000e+00 3.968151e+00
      vertex 3.555000e+00 -3.560000e+00 8.928551e-08
      vertex -3.555000e+00 -3.560000e+00 3.968151e+00
    endloop
  endfacet
  facet normal 0.000000e+00 0.000000e+00 1.000000e+00
    outer loop
      vertex 3.555000e+00 -3.560000e+00 8.928551e-08
      vertex -3.555000e+00 -3.543623e+00 8.928551e-08
      vertex -3.555000e+00 -3.560000e+00 8.928551e-08
    endloop
  endfacet
  facet normal 0.000000e+00 0.000000e+00 1.000000e+00
    outer loop
      vertex 3.555000e+00 -3.543623e+00 8.928551e-08
      vertex -3.555000e+00 -3.543623e+00 8.928551e-08
      vertex 3.555000e+00 -3.560000e+00 8.928551e-08
    endloop
  endfacet
  facet normal -9.532138e-01 -2.042718e-01 0.000000e+00
    outer loop
      vertex 1.150000e+00 -8.493623e+00 -1.031849e+00
      vertex 1.143616e+00 -8.380807e+00 4.409039e+00
      vertex 1.016025e+00 -7.993623e+00 -1.031849e+00
    endloop
  endfacet
  facet normal -9.788486e-01 7.339218e-02 0.000000e+00
    outer loop
      vertex 1.150000e+00 -8.493623e+00 -1.031849e+00
      vertex 1.092929e+00 -8.826615e+00 4.467607e+00
      vertex 1.143616e+00 -8.380807e+00 4.409039e+00
    endloop
  endfacet
  facet normal -9.363184e-01 2.776640e-01 0.000000e+00
    outer loop
      vertex 1.016025e+00 -8.993623e+00 -1.031849e+00
      vertex 1.092929e+00 -8.826615e+00 4.467607e+00
      vertex 1.150000e+00 -8.493623e+00 -1.031849e+00
    endloop
  endfacet
  facet normal -8.368874e-01 5.151525e-01 0.000000e+00
    outer loop
      vertex 1.016025e+00 -8.993623e+00 -1.031849e+00
      vertex 8.517072e-01 -9.206088e+00 4.516875e+00
      vertex 1.092929e+00 -8.826615e+00 4.467607e+00
    endloop
  endfacet
  facet normal -6.892442e-01 6.928303e-01 0.000000e+00
    outer loop
      vertex 6.500000e-01 -9.359648e+00 -1.031849e+00
      vertex 8.517072e-01 -9.206088e+00 4.516875e+00
      vertex 1.016025e+00 -8.993623e+00 -1.031849e+00
    endloop
  endfacet
  facet normal -5.511498e-01 8.235465e-01 0.000000e+00
    outer loop
      vertex 6.500000e-01 -9.359648e+00 -1.031849e+00
      vertex 6.017421e-01 -9.385771e+00 4.539805e+00
      vertex 8.517072e-01 -9.206088e+00 4.516875e+00
    endloop
  endfacet
  facet normal -3.700626e-01 9.151805e-01 0.000000e+00
    outer loop
      vertex 6.500000e-01 -9.359648e+00 -1.031849e+00
      vertex 3.084456e-01 -9.480990e+00 4.551483e+00
      vertex 6.017421e-01 -9.385771e+00 4.539805e+00
    endloop
  endfacet
  facet normal -2.194819e-01 9.511310e-01 0.000000e+00
    outer loop
      vertex 1.500000e-01 -9.493623e+00 -1.031849e+00
      vertex 3.084456e-01 -9.480990e+00 4.551483e+00
      vertex 6.500000e-01 -9.359648e+00 -1.031849e+00
    endloop
  endfacet
  facet normal -2.845675e-03 9.920225e-01 0.000000e+00
    outer loop
      vertex 1.500000e-01 -9.493623e+00 -1.031849e+00
      vertex 9.136629e-05 -9.482323e+00 4.550753e+00
      vertex 3.084456e-01 -9.480990e+00 4.551483e+00
    endloop
  endfacet
  facet normal 2.166362e-01 9.515751e-01 0.000000e+00
    outer loop
      vertex -3.500000e-01 -9.359648e+00 -1.031849e+00
      vertex 9.136629e-05 -9.482323e+00 4.550753e+00
      vertex 1.500000e-01 -9.493623e+00 -1.031849e+00
    endloop
  endfacet
  facet normal 3.645436e-01 9.169633e-01 0.000000e+00
    outer loop
      vertex -3.500000e-01 -9.359648e+00 -1.031849e+00
      vertex -2.937220e-01 -9.389787e+00 4.537705e+00
      vertex 9.136629e-05 -9.482323e+00 4.550753e+00
    endloop
  endfacet
  facet normal 5.412639e-01 8.317791e-01 0.000000e+00
    outer loop
      vertex -3.500000e-01 -9.359648e+00 -1.031849e+00
      vertex -5.300696e-01 -9.226770e+00 4.515543e+00
      vertex -2.937220e-01 -9.389787e+00 4.537705e+00
    endloop
  endfacet
  facet normal 6.820316e-01 6.997243e-01 0.000000e+00
    outer loop
      vertex -7.160254e-01 -8.993623e+00 -1.031849e+00
      vertex -5.300696e-01 -9.226770e+00 4.515543e+00
      vertex -3.500000e-01 -9.359648e+00 -1.031849e+00
    endloop
  endfacet
  facet normal 8.020472e-01 5.811211e-01 0.000000e+00
    outer loop
      vertex -7.160254e-01 -8.993623e+00 -1.031849e+00
      vertex -7.100465e-01 -9.003838e+00 4.485655e+00
      vertex -5.300696e-01 -9.226770e+00 4.515543e+00
    endloop
  endfacet
  facet normal 8.984300e-01 4.188063e-01 0.000000e+00
    outer loop
      vertex -7.160254e-01 -8.993623e+00 -1.031849e+00
      vertex -8.192182e-01 -8.739826e+00 4.450563e+00
      vertex -7.100465e-01 -9.003838e+00 4.485655e+00
    endloop
  endfacet
  facet normal 9.450812e-01 2.487344e-01 0.000000e+00
    outer loop
      vertex -8.500000e-01 -8.493623e+00 -1.031849e+00
      vertex -8.192182e-01 -8.739826e+00 4.450563e+00
      vertex -7.160254e-01 -8.993623e+00 -1.031849e+00
    endloop
  endfacet
  facet normal 9.895023e-01 6.949695e-02 0.000000e+00
    outer loop
      vertex -8.500000e-01 -8.493623e+00 -1.031849e+00
      vertex -8.492883e-01 -8.455910e+00 4.413080e+00
      vertex -8.192182e-01 -8.739826e+00 4.450563e+00
    endloop
  endfacet
  facet normal 9.823594e-01 -1.188695e-01 0.000000e+00
    outer loop
      vertex -8.500000e-01 -8.493623e+00 -1.031849e+00
      vertex -7.977896e-01 -8.174727e+00 4.376197e+00
      vertex -8.492883e-01 -8.455910e+00 4.413080e+00
    endloop
  endfacet
  facet normal 9.379384e-01 -2.729653e-01 0.000000e+00
    outer loop
      vertex -7.160254e-01 -7.993623e+00 -1.031849e+00
      vertex -7.977896e-01 -8.174727e+00 4.376197e+00
      vertex -8.500000e-01 -8.493623e+00 -1.031849e+00
    endloop
  endfacet
  facet normal 8.774686e-01 -4.644244e-01 0.000000e+00
    outer loop
      vertex -7.160254e-01 -7.993623e+00 -1.031849e+00
      vertex -6.685907e-01 -7.919246e+00 4.342929e+00
      vertex -7.977896e-01 -8.174727e+00 4.376197e+00
    endloop
  endfacet
  facet normal 7.688097e-01 -6.191810e-01 0.000000e+00
    outer loop
      vertex -4.718129e-01 -7.710457e+00 4.316012e+00
      vertex -6.685907e-01 -7.919246e+00 4.342929e+00
      vertex -7.160254e-01 -7.993623e+00 -1.031849e+00
    endloop
  endfacet
  facet normal 6.626127e-01 -7.163970e-01 0.000000e+00
    outer loop
      vertex -3.500000e-01 -7.627597e+00 -1.031849e+00
      vertex -4.718129e-01 -7.710457e+00 4.316012e+00
      vertex -7.160254e-01 -7.993623e+00 -1.031849e+00
    endloop
  endfacet
  facet normal 4.984340e-01 -8.589420e-01 0.000000e+00
    outer loop
      vertex -2.234892e-01 -7.565988e+00 4.297718e+00
      vertex -4.718129e-01 -7.710457e+00 4.316012e+00
      vertex -3.500000e-01 -7.627597e+00 -1.031849e+00
    endloop
  endfacet
  facet normal -9.012000e-01 -3.830746e-01 -0.000000e+00
    outer loop
      vertex 9.939585e-01 -7.957214e+00 4.352810e+00
      vertex 1.016025e+00 -7.993623e+00 -1.031849e+00
      vertex 1.143616e+00 -8.380807e+00 4.409039e+00
    endloop
  endfacet
  facet normal -7.442202e-01 -6.296465e-01 -0.000000e+00
    outer loop
      vertex 6.726765e-01 -7.641092e+00 4.310237e+00
      vertex 1.016025e+00 -7.993623e+00 -1.031849e+00
      vertex 9.939585e-01 -7.957214e+00 4.352810e+00
    endloop
  endfacet
  facet normal -6.295673e-01 -7.395188e-01 -0.000000e+00
    outer loop
      vertex 6.726765e-01 -7.641092e+00 4.310237e+00
      vertex 6.500000e-01 -7.627597e+00 -1.031849e+00
      vertex 1.016025e+00 -7.993623e+00 -1.031849e+00
    endloop
  endfacet
  facet normal -3.735987e-01 -9.045771e-01 -0.000000e+00
    outer loop
      vertex 2.481195e-01 -7.498448e+00 4.290209e+00
      vertex 6.500000e-01 -7.627597e+00 -1.031849e+00
      vertex 6.726765e-01 -7.641092e+00 4.310237e+00
    endloop
  endfacet
  facet normal -1.993732e-01 -9.537334e-01 -0.000000e+00
    outer loop
      vertex 2.481195e-01 -7.498448e+00 4.290209e+00
      vertex 1.500000e-01 -7.493623e+00 -1.031849e+00
      vertex 6.500000e-01 -7.627597e+00 -1.031849e+00
    endloop
  endfacet
  facet normal 8.292338e-02 -9.776936e-01 0.000000e+00
    outer loop
      vertex -1.968896e-01 -7.555717e+00 4.296443e+00
      vertex 1.500000e-01 -7.493623e+00 -1.031849e+00
      vertex 2.481195e-01 -7.498448e+00 4.290209e+00
    endloop
  endfacet
  facet normal 2.822965e-01 -9.346437e-01 0.000000e+00
    outer loop
      vertex -1.968896e-01 -7.555717e+00 4.296443e+00
      vertex -3.500000e-01 -7.627597e+00 -1.031849e+00
      vertex 1.500000e-01 -7.493623e+00 -1.031849e+00
    endloop
  endfacet
  facet normal 4.067929e-01 -9.105220e-01 0.000000e+00
    outer loop
      vertex -2.234892e-01 -7.565988e+00 4.297718e+00
      vertex -3.500000e-01 -7.627597e+00 -1.031849e+00
      vertex -1.968896e-01 -7.555717e+00 4.296443e+00
    endloop
  endfacet
  facet normal 6.708612e-01 -7.096300e-01 0.000000e+00
    outer loop
      vertex -7.160254e-01 5.006377e+00 -1.031849e+00
      vertex -3.500000e-01 5.372403e+00 -1.031849e+00
      vertex -4.965582e-01 5.269242e+00 4.454176e+00
    endloop
  endfacet
  facet normal 5.242907e-01 -8.444884e-01 0.000000e+00
    outer loop
      vertex -3.500000e-01 5.372403e+00 -1.031849e+00
      vertex -2.763139e-01 5.410953e+00 4.472211e+00
      vertex -4.965582e-01 5.269242e+00 4.454176e+00
    endloop
  endfacet
  facet normal 3.592159e-01 -9.196944e-01 0.000000e+00
    outer loop
      vertex -3.500000e-01 5.372403e+00 -1.031849e+00
      vertex -1.333701e-03 5.494860e+00 4.483313e+00
      vertex -2.763139e-01 5.410953e+00 4.472211e+00
    endloop
  endfacet
  facet normal 2.171112e-01 -9.515027e-01 0.000000e+00
    outer loop
      vertex 1.500000e-01 5.506377e+00 -1.031849e+00
      vertex -1.333701e-03 5.494860e+00 4.483313e+00
      vertex -3.500000e-01 5.372403e+00 -1.031849e+00
    endloop
  endfacet
  facet normal 5.089810e-03 -9.930609e-01 0.000000e+00
    outer loop
      vertex 1.500000e-01 5.506377e+00 -1.031849e+00
      vertex 2.860643e-01 5.497078e+00 4.484429e+00
      vertex -1.333701e-03 5.494860e+00 4.483313e+00
    endloop
  endfacet
  facet normal -2.120214e-01 -9.522418e-01 0.000000e+00
    outer loop
      vertex 6.500000e-01 5.372403e+00 -1.031849e+00
      vertex 2.860643e-01 5.497078e+00 4.484429e+00
      vertex 1.500000e-01 5.506377e+00 -1.031849e+00
    endloop
  endfacet
  facet normal -3.494062e-01 -9.226131e-01 -0.000000e+00
    outer loop
      vertex 6.500000e-01 5.372403e+00 -1.031849e+00
      vertex 5.621541e-01 5.417491e+00 4.475474e+00
      vertex 2.860643e-01 5.497078e+00 4.484429e+00
    endloop
  endfacet
  facet normal -5.220804e-01 -8.445196e-01 -0.000000e+00
    outer loop
      vertex 6.500000e-01 5.372403e+00 -1.031849e+00
      vertex 8.040871e-01 5.262797e+00 4.457203e+00
      vertex 5.621541e-01 5.417491e+00 4.475474e+00
    endloop
  endfacet
  facet normal -6.733708e-01 -7.074816e-01 -0.000000e+00
    outer loop
      vertex 1.016025e+00 5.006377e+00 -1.031849e+00
      vertex 8.040871e-01 5.262797e+00 4.457203e+00
      vertex 6.500000e-01 5.372403e+00 -1.031849e+00
    endloop
  endfacet
  facet normal -8.077736e-01 -5.618737e-01 -0.000000e+00
    outer loop
      vertex 1.016025e+00 5.006377e+00 -1.031849e+00
      vertex 1.053208e+00 4.935579e+00 4.417782e+00
      vertex 8.040871e-01 5.262797e+00 4.457203e+00
    endloop
  endfacet
  facet normal -9.230780e-01 -3.097340e-01 -0.000000e+00
    outer loop
      vertex 1.150000e+00 4.506377e+00 -1.031849e+00
      vertex 1.053208e+00 4.935579e+00 4.417782e+00
      vertex 1.016025e+00 5.006377e+00 -1.031849e+00
    endloop
  endfacet
  facet normal -9.675835e-01 -1.531566e-01 -0.000000e+00
    outer loop
      vertex 1.150000e+00 4.506377e+00 -1.031849e+00
      vertex 1.149541e+00 4.536645e+00 4.369114e+00
      vertex 1.053208e+00 4.935579e+00 4.417782e+00
    endloop
  endfacet
  facet normal -9.756842e-01 1.145096e-01 0.000000e+00
    outer loop
      vertex 1.150000e+00 4.506377e+00 -1.031849e+00
      vertex 1.077511e+00 4.132580e+00 4.319326e+00
      vertex 1.149541e+00 4.536645e+00 4.369114e+00
    endloop
  endfacet
  facet normal -9.311786e-01 2.912656e-01 0.000000e+00
    outer loop
      vertex 1.016025e+00 4.006377e+00 -1.031849e+00
      vertex 1.077511e+00 4.132580e+00 4.319326e+00
      vertex 1.150000e+00 4.506377e+00 -1.031849e+00
    endloop
  endfacet
  facet normal -8.306813e-01 5.297996e-01 0.000000e+00
    outer loop
      vertex 1.016025e+00 4.006377e+00 -1.031849e+00
      vertex 8.485081e-01 3.790775e+00 4.276726e+00
      vertex 1.077511e+00 4.132580e+00 4.319326e+00
    endloop
  endfacet
  facet normal -6.881778e-01 6.938758e-01 0.000000e+00
    outer loop
      vertex 6.500000e-01 3.640352e+00 -1.031849e+00
      vertex 8.485081e-01 3.790775e+00 4.276726e+00
      vertex 1.016025e+00 4.006377e+00 -1.031849e+00
    endloop
  endfacet
  facet normal -5.549567e-01 8.220738e-01 0.000000e+00
    outer loop
      vertex 6.500000e-01 3.640352e+00 -1.031849e+00
      vertex 6.163623e-01 3.621783e+00 4.255321e+00
      vertex 8.485081e-01 3.790775e+00 4.276726e+00
    endloop
  endfacet
  facet normal -3.221208e-01 9.168730e-01 0.000000e+00
    outer loop
      vertex 1.500000e-01 3.506377e+00 -1.031849e+00
      vertex 6.163623e-01 3.621783e+00 4.255321e+00
      vertex 6.500000e-01 3.640352e+00 -1.031849e+00
    endloop
  endfacet
  facet normal -1.757638e-01 9.609119e-01 0.000000e+00
    outer loop
      vertex 1.500000e-01 3.506377e+00 -1.031849e+00
      vertex 2.109292e-01 3.508235e+00 4.240208e+00
      vertex 6.163623e-01 3.621783e+00 4.255321e+00
    endloop
  endfacet
  facet normal 9.819175e-02 9.776055e-01 0.000000e+00
    outer loop
      vertex 1.500000e-01 3.506377e+00 -1.031849e+00
      vertex -2.055045e-01 3.571703e+00 4.246769e+00
      vertex 2.109292e-01 3.508235e+00 4.240208e+00
    endloop
  endfacet
  facet normal 2.851681e-01 9.335666e-01 0.000000e+00
    outer loop
      vertex -3.500000e-01 3.640352e+00 -1.031849e+00
      vertex -2.055045e-01 3.571703e+00 4.246769e+00
      vertex 1.500000e-01 3.506377e+00 -1.031849e+00
    endloop
  endfacet
  facet normal 5.291449e-01 8.273599e-01 0.000000e+00
    outer loop
      vertex -3.500000e-01 3.640352e+00 -1.031849e+00
      vertex -5.819302e-01 3.824998e+00 4.276726e+00
      vertex -2.055045e-01 3.571703e+00 4.246769e+00
    endloop
  endfacet
  facet normal 6.993186e-01 6.824684e-01 0.000000e+00
    outer loop
      vertex -7.160254e-01 4.006377e+00 -1.031849e+00
      vertex -5.819302e-01 3.824998e+00 4.276726e+00
      vertex -3.500000e-01 3.640352e+00 -1.031849e+00
    endloop
  endfacet
  facet normal 8.383256e-01 5.267394e-01 0.000000e+00
    outer loop
      vertex -7.160254e-01 4.006377e+00 -1.031849e+00
      vertex -7.670211e-01 4.107539e+00 4.310840e+00
      vertex -5.819302e-01 3.824998e+00 4.276726e+00
    endloop
  endfacet
  facet normal 9.276822e-01 2.996129e-01 0.000000e+00
    outer loop
      vertex -8.500000e-01 4.506377e+00 -1.031849e+00
      vertex -7.670211e-01 4.107539e+00 4.310840e+00
      vertex -7.160254e-01 4.006377e+00 -1.031849e+00
    endloop
  endfacet
  facet normal 9.714883e-01 1.567641e-01 0.000000e+00
    outer loop
      vertex -8.500000e-01 4.506377e+00 -1.031849e+00
      vertex -8.474439e-01 4.434924e+00 4.350771e+00
      vertex -7.670211e-01 4.107539e+00 4.310840e+00
    endloop
  endfacet
  facet normal 9.873373e-01 -6.412717e-02 0.000000e+00
    outer loop
      vertex -8.500000e-01 4.506377e+00 -1.031849e+00
      vertex -8.145678e-01 4.770212e+00 4.392008e+00
      vertex -8.474439e-01 4.434924e+00 4.350771e+00
    endloop
  endfacet
  facet normal 9.435310e-01 -2.546117e-01 0.000000e+00
    outer loop
      vertex -7.160254e-01 5.006377e+00 -1.031849e+00
      vertex -8.145678e-01 4.770212e+00 4.392008e+00
      vertex -8.500000e-01 4.506377e+00 -1.031849e+00
    endloop
  endfacet
  facet normal 8.842512e-01 -4.443636e-01 0.000000e+00
    outer loop
      vertex -7.160254e-01 5.006377e+00 -1.031849e+00
      vertex -6.721604e-01 5.075633e+00 4.429903e+00
      vertex -8.145678e-01 4.770212e+00 4.392008e+00
    endloop
  endfacet
  facet normal 7.782480e-01 -6.107069e-01 0.000000e+00
    outer loop
      vertex -4.965582e-01 5.269242e+00 4.454176e+00
      vertex -6.721604e-01 5.075633e+00 4.429903e+00
      vertex -7.160254e-01 5.006377e+00 -1.031849e+00
    endloop
  endfacet
  facet normal -6.604285e-01 7.181166e-01 0.000000e+00
    outer loop
      vertex 6.650000e+00 -2.359648e+00 -1.031849e+00
      vertex 6.765260e+00 -2.281947e+00 4.418260e+00
      vertex 7.016026e+00 -1.993623e+00 -1.031849e+00
    endloop
  endfacet
  facet normal -4.856370e-01 8.647255e-01 0.000000e+00
    outer loop
      vertex 6.650000e+00 -2.359648e+00 -1.031849e+00
      vertex 6.491651e+00 -2.433450e+00 4.384529e+00
      vertex 6.765260e+00 -2.281947e+00 4.418260e+00
    endloop
  endfacet
  facet normal -2.805503e-01 9.352841e-01 0.000000e+00
    outer loop
      vertex 6.150000e+00 -2.493623e+00 -1.031849e+00
      vertex 6.491651e+00 -2.433450e+00 4.384529e+00
      vertex 6.650000e+00 -2.359648e+00 -1.031849e+00
    endloop
  endfacet
  facet normal -1.255895e-01 9.797367e-01 0.000000e+00
    outer loop
      vertex 6.150000e+00 -2.493623e+00 -1.031849e+00
      vertex 6.185117e+00 -2.493006e+00 4.347322e+00
      vertex 6.491651e+00 -2.433450e+00 4.384529e+00
    endloop
  endfacet
  facet normal 8.003334e-02 9.869217e-01 0.000000e+00
    outer loop
      vertex 6.150000e+00 -2.493623e+00 -1.031849e+00
      vertex 5.874783e+00 -2.455005e+00 4.310177e+00
      vertex 6.185117e+00 -2.493006e+00 4.347322e+00
    endloop
  endfacet
  facet normal 2.584058e-01 9.424691e-01 0.000000e+00
    outer loop
      vertex 5.650000e+00 -2.359648e+00 -1.031849e+00
      vertex 5.874783e+00 -2.455005e+00 4.310177e+00
      vertex 6.150000e+00 -2.493623e+00 -1.031849e+00
    endloop
  endfacet
  facet normal 4.447545e-01 8.855147e-01 0.000000e+00
    outer loop
      vertex 5.650000e+00 -2.359648e+00 -1.031849e+00
      vertex 5.590954e+00 -2.322759e+00 4.276727e+00
      vertex 5.874783e+00 -2.455005e+00 4.310177e+00
    endloop
  endfacet
  facet normal 5.957212e-01 7.935381e-01 0.000000e+00
    outer loop
      vertex 5.650000e+00 -2.359648e+00 -1.031849e+00
      vertex 5.421883e+00 -2.179075e+00 4.257148e+00
      vertex 5.590954e+00 -2.322759e+00 4.276727e+00
    endloop
  endfacet
  facet normal 6.980476e-01 6.838259e-01 0.000000e+00
    outer loop
      vertex 5.283975e+00 -1.993623e+00 -1.031849e+00
      vertex 5.421883e+00 -2.179075e+00 4.257148e+00
      vertex 5.650000e+00 -2.359648e+00 -1.031849e+00
    endloop
  endfacet
  facet normal 8.523344e-01 4.851508e-01 0.000000e+00
    outer loop
      vertex 5.283975e+00 -1.993623e+00 -1.031849e+00
      vertex 5.187140e+00 -1.763623e+00 4.231110e+00
      vertex 5.421883e+00 -2.179075e+00 4.257148e+00
    endloop
  endfacet
  facet normal 9.429619e-01 2.566667e-01 0.000000e+00
    outer loop
      vertex 5.150000e+00 -1.493623e+00 -1.031849e+00
      vertex 5.187140e+00 -1.763623e+00 4.231110e+00
      vertex 5.283975e+00 -1.993623e+00 -1.031849e+00
    endloop
  endfacet
  facet normal 9.849970e-01 4.826398e-02 0.000000e+00
    outer loop
      vertex 5.150000e+00 -1.493623e+00 -1.031849e+00
      vertex 5.157870e+00 -1.368415e+00 4.229677e+00
      vertex 5.187140e+00 -1.763623e+00 4.231110e+00
    endloop
  endfacet
  facet normal 9.527187e-01 -2.084027e-01 0.000000e+00
    outer loop
      vertex 5.283975e+00 -9.936227e-01 -1.031849e+00
      vertex 5.157870e+00 -1.368415e+00 4.229677e+00
      vertex 5.150000e+00 -1.493623e+00 -1.031849e+00
    endloop
  endfacet
  facet normal 9.106288e-01 -3.705395e-01 0.000000e+00
    outer loop
      vertex 5.283975e+00 -9.936227e-01 -1.031849e+00
      vertex 5.276270e+00 -1.007212e+00 4.245823e+00
      vertex 5.157870e+00 -1.368415e+00 4.229677e+00
    endloop
  endfacet
  facet normal 7.897728e-01 -5.877867e-01 0.000000e+00
    outer loop
      vertex 5.520437e+00 -7.166730e-01 4.276726e+00
      vertex 5.276270e+00 -1.007212e+00 4.245823e+00
      vertex 5.283975e+00 -9.936227e-01 -1.031849e+00
    endloop
  endfacet
  facet normal 6.651960e-01 -7.143250e-01 0.000000e+00
    outer loop
      vertex 5.650000e+00 -6.275972e-01 -1.031849e+00
      vertex 5.520437e+00 -7.166730e-01 4.276726e+00
      vertex 5.283975e+00 -9.936227e-01 -1.031849e+00
    endloop
  endfacet
  facet normal 4.387573e-01 -8.751301e-01 0.000000e+00
    outer loop
      vertex 5.963291e+00 -5.112076e-01 4.331097e+00
      vertex 5.520437e+00 -7.166730e-01 4.276726e+00
      vertex 5.650000e+00 -6.275972e-01 -1.031849e+00
    endloop
  endfacet
  facet normal 2.289031e-01 -9.494802e-01 0.000000e+00
    outer loop
      vertex 6.150000e+00 -4.936227e-01 -1.031849e+00
      vertex 5.963291e+00 -5.112076e-01 4.331097e+00
      vertex 5.650000e+00 -6.275972e-01 -1.031849e+00
    endloop
  endfacet
  facet normal -3.766182e-02 -9.788168e-01 0.000000e+00
    outer loop
      vertex 6.449695e+00 -5.395876e-01 4.389486e+00
      vertex 5.963291e+00 -5.112076e-01 4.331097e+00
      vertex 6.150000e+00 -4.936227e-01 -1.031849e+00
    endloop
  endfacet
  facet normal -2.665649e-01 -9.400201e-01 0.000000e+00
    outer loop
      vertex 6.650000e+00 -6.275972e-01 -1.031849e+00
      vertex 6.449695e+00 -5.395876e-01 4.389486e+00
      vertex 6.150000e+00 -4.936227e-01 -1.031849e+00
    endloop
  endfacet
  facet normal -5.050996e-01 -8.395223e-01 -0.000000e+00
    outer loop
      vertex 6.865604e+00 -7.951164e-01 4.438194e+00
      vertex 6.449695e+00 -5.395876e-01 4.389486e+00
      vertex 6.650000e+00 -6.275972e-01 -1.031849e+00
    endloop
  endfacet
  facet normal -6.938764e-01 -6.881772e-01 0.000000e+00
    outer loop
      vertex 7.016026e+00 -9.936227e-01 -1.031849e+00
      vertex 6.865604e+00 -7.951164e-01 4.438194e+00
      vertex 6.650000e+00 -6.275972e-01 -1.031849e+00
    endloop
  endfacet
  facet normal -8.477042e-01 -4.911234e-01 0.000000e+00
    outer loop
      vertex 7.111483e+00 -1.218759e+00 4.465549e+00
      vertex 6.865604e+00 -7.951164e-01 4.438194e+00
      vertex 7.016026e+00 -9.936227e-01 -1.031849e+00
    endloop
  endfacet
  facet normal -9.425028e-01 -2.582880e-01 0.000000e+00
    outer loop
      vertex 7.150000e+00 -1.493623e+00 -1.031849e+00
      vertex 7.111483e+00 -1.218759e+00 4.465549e+00
      vertex 7.016026e+00 -9.936227e-01 -1.031849e+00
    endloop
  endfacet
  facet normal -9.871599e-01 -9.249976e-02 0.000000e+00
    outer loop
      vertex 7.149996e+00 -1.490987e+00 4.468746e+00
      vertex 7.111483e+00 -1.218759e+00 4.465549e+00
      vertex 7.150000e+00 -1.493623e+00 -1.031849e+00
    endloop
  endfacet
  facet normal -7.705409e-01 6.151952e-01 0.000000e+00
    outer loop
      vertex 6.980337e+00 -2.050884e+00 4.445368e+00
      vertex 7.016026e+00 -1.993623e+00 -1.031849e+00
      vertex 6.765260e+00 -2.281947e+00 4.418260e+00
    endloop
  endfacet
  facet normal -8.864077e-01 4.424204e-01 0.000000e+00
    outer loop
      vertex 7.112860e+00 -1.763623e+00 4.462836e+00
      vertex 7.016026e+00 -1.993623e+00 -1.031849e+00
      vertex 6.980337e+00 -2.050884e+00 4.445368e+00
    endloop
  endfacet
  facet normal -9.429619e-01 2.566667e-01 0.000000e+00
    outer loop
      vertex 7.112860e+00 -1.763623e+00 4.462836e+00
      vertex 7.150000e+00 -1.493623e+00 -1.031849e+00
      vertex 7.016026e+00 -1.993623e+00 -1.031849e+00
    endloop
  endfacet
  facet normal -9.876189e-01 8.912161e-02 0.000000e+00
    outer loop
      vertex 7.149996e+00 -1.490987e+00 4.468746e+00
      vertex 7.150000e+00 -1.493623e+00 -1.031849e+00
      vertex 7.112860e+00 -1.763623e+00 4.462836e+00
    endloop
  endfacet
  facet normal 7.170120e-01 6.618359e-01 0.000000e+00
    outer loop
      vertex -6.716025e+00 -1.993623e+00 -1.031849e+00
      vertex -6.635011e+00 -2.113105e+00 4.399748e+00
      vertex -6.350000e+00 -2.359648e+00 -1.031849e+00
    endloop
  endfacet
  facet normal 8.712993e-01 4.631590e-01 0.000000e+00
    outer loop
      vertex -6.716025e+00 -1.993623e+00 -1.031849e+00
      vertex -6.812862e+00 -1.763617e+00 4.421956e+00
      vertex -6.635011e+00 -2.113105e+00 4.399748e+00
    endloop
  endfacet
  facet normal 9.429624e-01 2.566649e-01 0.000000e+00
    outer loop
      vertex -6.850000e+00 -1.493623e+00 -1.031849e+00
      vertex -6.812862e+00 -1.763617e+00 4.421956e+00
      vertex -6.716025e+00 -1.993623e+00 -1.031849e+00
    endloop
  endfacet
  facet normal 9.876196e-01 9.078971e-02 0.000000e+00
    outer loop
      vertex -6.850000e+00 -1.493623e+00 -1.031849e+00
      vertex -6.849997e+00 -1.495997e+00 4.427622e+00
      vertex -6.812862e+00 -1.763617e+00 4.421956e+00
    endloop
  endfacet
  facet normal 9.880223e-01 -8.775842e-02 0.000000e+00
    outer loop
      vertex -6.850000e+00 -1.493623e+00 -1.031849e+00
      vertex -6.814069e+00 -1.227973e+00 4.424925e+00
      vertex -6.849997e+00 -1.495997e+00 4.427622e+00
    endloop
  endfacet
  facet normal 9.433650e-01 -2.552166e-01 0.000000e+00
    outer loop
      vertex -6.716025e+00 -9.936227e-01 -1.031849e+00
      vertex -6.814069e+00 -1.227973e+00 4.424925e+00
      vertex -6.850000e+00 -1.493623e+00 -1.031849e+00
    endloop
  endfacet
  facet normal 8.959175e-01 -4.266237e-01 0.000000e+00
    outer loop
      vertex -6.716025e+00 -9.936227e-01 -1.031849e+00
      vertex -6.707657e+00 -9.794013e-01 4.414055e+00
      vertex -6.814069e+00 -1.227973e+00 4.424925e+00
    endloop
  endfacet
  facet normal 8.042362e-01 -5.796527e-01 0.000000e+00
    outer loop
      vertex -6.716025e+00 -9.936227e-01 -1.031849e+00
      vertex -6.539026e+00 -7.688860e-01 4.395862e+00
      vertex -6.707657e+00 -9.794013e-01 4.414055e+00
    endloop
  endfacet
  facet normal 6.850171e-01 -6.969207e-01 0.000000e+00
    outer loop
      vertex -6.350000e+00 -6.275972e-01 -1.031849e+00
      vertex -6.539026e+00 -7.688860e-01 4.395862e+00
      vertex -6.716025e+00 -9.936227e-01 -1.031849e+00
    endloop
  endfacet
  facet normal 5.495075e-01 -8.263139e-01 0.000000e+00
    outer loop
      vertex -6.350000e+00 -6.275972e-01 -1.031849e+00
      vertex -6.309496e+00 -6.054431e-01 4.370447e+00
      vertex -6.539026e+00 -7.688860e-01 4.395862e+00
    endloop
  endfacet
  facet normal 3.843828e-01 -9.117584e-01 0.000000e+00
    outer loop
      vertex -6.350000e+00 -6.275972e-01 -1.031849e+00
      vertex -6.043652e+00 -5.125526e-01 4.340505e+00
      vertex -6.309496e+00 -6.054431e-01 4.370447e+00
    endloop
  endfacet
  facet normal 2.312173e-01 -9.490319e-01 0.000000e+00
    outer loop
      vertex -5.850000e+00 -4.936227e-01 -1.031849e+00
      vertex -6.043652e+00 -5.125526e-01 4.340505e+00
      vertex -6.350000e+00 -6.275972e-01 -1.031849e+00
    endloop
  endfacet
  facet normal 3.547214e-02 -9.924193e-01 0.000000e+00
    outer loop
      vertex -5.850000e+00 -4.936227e-01 -1.031849e+00
      vertex -5.762764e+00 -4.974350e-01 4.308432e+00
      vertex -6.043652e+00 -5.125526e-01 4.340505e+00
    endloop
  endfacet
  facet normal -1.495238e-01 -9.762078e-01 0.000000e+00
    outer loop
      vertex -5.850000e+00 -4.936227e-01 -1.031849e+00
      vertex -5.488664e+00 -5.611869e-01 4.276726e+00
      vertex -5.762764e+00 -4.974350e-01 4.308432e+00
    endloop
  endfacet
  facet normal -2.871119e-01 -9.328204e-01 -0.000000e+00
    outer loop
      vertex -5.350000e+00 -6.275972e-01 -1.031849e+00
      vertex -5.488664e+00 -5.611869e-01 4.276726e+00
      vertex -5.850000e+00 -4.936227e-01 -1.031849e+00
    endloop
  endfacet
  facet normal -5.058033e-01 -8.510526e-01 -0.000000e+00
    outer loop
      vertex -5.350000e+00 -6.275972e-01 -1.031849e+00
      vertex -5.193926e+00 -7.389261e-01 4.242065e+00
      vertex -5.488664e+00 -5.611869e-01 4.276726e+00
    endloop
  endfacet
  facet normal -6.740332e-01 -7.069073e-01 0.000000e+00
    outer loop
      vertex -4.983974e+00 -9.936227e-01 -1.031849e+00
      vertex -5.193926e+00 -7.389261e-01 4.242065e+00
      vertex -5.350000e+00 -6.275972e-01 -1.031849e+00
    endloop
  endfacet
  facet normal -7.984861e-01 -5.805913e-01 0.000000e+00
    outer loop
      vertex -4.983974e+00 -9.936227e-01 -1.031849e+00
      vertex -4.976641e+00 -1.006545e+00 4.215797e+00
      vertex -5.193926e+00 -7.389261e-01 4.242065e+00
    endloop
  endfacet
  facet normal -9.108202e-01 -3.681823e-01 0.000000e+00
    outer loop
      vertex -4.856924e+00 -1.376153e+00 4.200154e+00
      vertex -4.976641e+00 -1.006545e+00 4.215797e+00
      vertex -4.983974e+00 -9.936227e-01 -1.031849e+00
    endloop
  endfacet
  facet normal -9.530340e-01 -2.058232e-01 0.000000e+00
    outer loop
      vertex -4.850000e+00 -1.493623e+00 -1.031849e+00
      vertex -4.856924e+00 -1.376153e+00 4.200154e+00
      vertex -4.983974e+00 -9.936227e-01 -1.031849e+00
    endloop
  endfacet
  facet normal -9.853094e-01 5.085358e-02 0.000000e+00
    outer loop
      vertex -4.887148e+00 -1.763653e+00 4.201565e+00
      vertex -4.856924e+00 -1.376153e+00 4.200154e+00
      vertex -4.850000e+00 -1.493623e+00 -1.031849e+00
    endloop
  endfacet
  facet normal -9.429591e-01 2.566768e-01 0.000000e+00
    outer loop
      vertex -4.983974e+00 -1.993623e+00 -1.031849e+00
      vertex -4.887148e+00 -1.763653e+00 4.201565e+00
      vertex -4.850000e+00 -1.493623e+00 -1.031849e+00
    endloop
  endfacet
  facet normal -8.841188e-01 4.457922e-01 0.000000e+00
    outer loop
      vertex -5.026521e+00 -2.060969e+00 4.215936e+00
      vertex -4.887148e+00 -1.763653e+00 4.201565e+00
      vertex -4.983974e+00 -1.993623e+00 -1.031849e+00
    endloop
  endfacet
  facet normal 5.907446e-01 7.862617e-01 0.000000e+00
    outer loop
      vertex -6.337223e+00 -2.366900e+00 4.364314e+00
      vertex -6.350000e+00 -2.359648e+00 -1.031849e+00
      vertex -6.635011e+00 -2.113105e+00 4.399748e+00
    endloop
  endfacet
  facet normal 3.675988e-01 9.108673e-01 0.000000e+00
    outer loop
      vertex -5.965573e+00 -2.486921e+00 4.321136e+00
      vertex -6.350000e+00 -2.359648e+00 -1.031849e+00
      vertex -6.337223e+00 -2.366900e+00 4.364314e+00
    endloop
  endfacet
  facet normal 2.051911e-01 9.531081e-01 0.000000e+00
    outer loop
      vertex -5.965573e+00 -2.486921e+00 4.321136e+00
      vertex -5.850000e+00 -2.493623e+00 -1.031849e+00
      vertex -6.350000e+00 -2.359648e+00 -1.031849e+00
    endloop
  endfacet
  facet normal -5.277923e-02 9.850180e-01 0.000000e+00
    outer loop
      vertex -5.576089e+00 -2.455378e+00 4.276726e+00
      vertex -5.850000e+00 -2.493623e+00 -1.031849e+00
      vertex -5.965573e+00 -2.486921e+00 4.321136e+00
    endloop
  endfacet
  facet normal -2.579703e-01 9.425935e-01 0.000000e+00
    outer loop
      vertex -5.576089e+00 -2.455378e+00 4.276726e+00
      vertex -5.350000e+00 -2.359648e+00 -1.031849e+00
      vertex -5.850000e+00 -2.493623e+00 -1.031849e+00
    endloop
  endfacet
  facet normal -4.564539e-01 8.770574e-01 0.000000e+00
    outer loop
      vertex -5.254549e+00 -2.297014e+00 4.240774e+00
      vertex -5.350000e+00 -2.359648e+00 -1.031849e+00
      vertex -5.576089e+00 -2.455378e+00 4.276726e+00
    endloop
  endfacet
  facet normal -6.538255e-01 7.231390e-01 0.000000e+00
    outer loop
      vertex -5.254549e+00 -2.297014e+00 4.240774e+00
      vertex -4.983974e+00 -1.993623e+00 -1.031849e+00
      vertex -5.350000e+00 -2.359648e+00 -1.031849e+00
    endloop
  endfacet
  facet normal -7.616518e-01 6.235793e-01 0.000000e+00
    outer loop
      vertex -5.026521e+00 -2.060969e+00 4.215936e+00
      vertex -4.983974e+00 -1.993623e+00 -1.031849e+00
      vertex -5.254549e+00 -2.297014e+00 4.240774e+00
    endloop
  endfacet
  facet normal 0.000000e+00 0.000000e+00 1.000000e+00
    outer loop
      vertex -7.840000e+00 7.761377e+00 3.968151e+00
      vertex -4.696721e+00 7.302070e+00 3.968151e+00
      vertex -3.677003e+00 7.761377e+00 3.968151e+00
    endloop
  endfacet
  facet normal 0.000000e+00 0.000000e+00 1.000000e+00
    outer loop
      vertex -5.887471e+00 6.578060e+00 3.968151e+00
      vertex -4.696721e+00 7.302070e+00 3.968151e+00
      vertex -7.840000e+00 7.761377e+00 3.968151e+00
    endloop
  endfacet
  facet normal 0.000000e+00 0.000000e+00 1.000000e+00
    outer loop
      vertex -5.887471e+00 6.578060e+00 3.968151e+00
      vertex -6.750154e+00 6.567120e+00 3.968151e+00
      vertex -5.915567e+00 6.558159e+00 3.968151e+00
    endloop
  endfacet
  facet normal 0.000000e+00 0.000000e+00 1.000000e+00
    outer loop
      vertex -7.840000e+00 7.761377e+00 3.968151e+00
      vertex -6.750154e+00 6.567120e+00 3.968151e+00
      vertex -5.887471e+00 6.578060e+00 3.968151e+00
    endloop
  endfacet
  facet normal 0.000000e+00 0.000000e+00 1.000000e+00
    outer loop
      vertex -7.840000e+00 7.761377e+00 3.968151e+00
      vertex -7.482353e+00 6.166493e+00 3.968151e+00
      vertex -6.750154e+00 6.567120e+00 3.968151e+00
    endloop
  endfacet
  facet normal 0.000000e+00 0.000000e+00 1.000000e+00
    outer loop
      vertex -9.525000e+00 6.076378e+00 3.968151e+00
      vertex -7.482353e+00 6.166493e+00 3.968151e+00
      vertex -7.840000e+00 7.761377e+00 3.968151e+00
    endloop
  endfacet
  facet normal 0.000000e+00 0.000000e+00 1.000000e+00
    outer loop
      vertex -9.525000e+00 6.076378e+00 3.968151e+00
      vertex -7.924812e+00 5.458788e+00 3.968151e+00
      vertex -7.482353e+00 6.166493e+00 3.968151e+00
    endloop
  endfacet
  facet normal 0.000000e+00 0.000000e+00 1.000000e+00
    outer loop
      vertex -8.000000e+00 4.966377e+00 3.968151e+00
      vertex -7.924812e+00 5.458788e+00 3.968151e+00
      vertex -9.525000e+00 6.076378e+00 3.968151e+00
    endloop
  endfacet
  facet normal 0.000000e+00 0.000000e+00 1.000000e+00
    outer loop
      vertex -8.000000e+00 4.966377e+00 3.968151e+00
      vertex -8.723497e+00 3.541703e+00 3.968151e+00
      vertex -7.964318e+00 4.625088e+00 3.968151e+00
    endloop
  endfacet
  facet normal 0.000000e+00 0.000000e+00 1.000000e+00
    outer loop
      vertex -9.525000e+00 6.076378e+00 3.968151e+00
      vertex -8.723497e+00 3.541703e+00 3.968151e+00
      vertex -8.000000e+00 4.966377e+00 3.968151e+00
    endloop
  endfacet
  facet normal 0.000000e+00 0.000000e+00 1.000000e+00
    outer loop
      vertex -9.525000e+00 6.076378e+00 3.968151e+00
      vertex -9.364723e+00 2.304291e+00 3.968151e+00
      vertex -8.723497e+00 3.541703e+00 3.968151e+00
    endloop
  endfacet
  facet normal 0.000000e+00 0.000000e+00 1.000000e+00
    outer loop
      vertex -9.525000e+00 1.913380e+00 3.968151e+00
      vertex -9.364723e+00 2.304291e+00 3.968151e+00
      vertex -9.525000e+00 6.076378e+00 3.968151e+00
    endloop
  endfacet
  facet normal 0.000000e+00 0.000000e+00 1.000000e+00
    outer loop
      vertex -3.555000e+00 -3.560000e+00 3.968151e+00
      vertex -4.756825e-05 -3.906217e+00 3.968151e+00
      vertex 3.555000e+00 -3.560000e+00 3.968151e+00
    endloop
  endfacet
  facet normal 0.000000e+00 0.000000e+00 1.000000e+00
    outer loop
      vertex -3.555000e+00 -3.560000e+00 3.968151e+00
      vertex -4.364727e+00 -3.913939e+00 3.968151e+00
      vertex -4.756825e-05 -3.906217e+00 3.968151e+00
    endloop
  endfacet
  facet normal 0.000000e+00 0.000000e+00 1.000000e+00
    outer loop
      vertex -3.555000e+00 1.637733e-02 3.968151e+00
      vertex -4.364727e+00 -3.913939e+00 3.968151e+00
      vertex -3.555000e+00 -3.560000e+00 3.968151e+00
    endloop
  endfacet
  facet normal 0.000000e+00 0.000000e+00 1.000000e+00
    outer loop
      vertex -3.555000e+00 1.637733e-02 3.968151e+00
      vertex -4.364727e+00 3.866938e-01 3.968151e+00
      vertex -4.364727e+00 -3.913939e+00 3.968151e+00
    endloop
  endfacet
  facet normal 0.000000e+00 0.000000e+00 1.000000e+00
    outer loop
      vertex 4.756825e-05 3.789712e-01 3.968151e+00
      vertex -4.364727e+00 3.866938e-01 3.968151e+00
      vertex -3.555000e+00 1.637733e-02 3.968151e+00
    endloop
  endfacet
  facet normal 0.000000e+00 0.000000e+00 1.000000e+00
    outer loop
      vertex 3.555000e+00 1.637733e-02 3.968151e+00
      vertex 4.756825e-05 3.789712e-01 3.968151e+00
      vertex -3.555000e+00 1.637733e-02 3.968151e+00
    endloop
  endfacet
  facet normal 0.000000e+00 0.000000e+00 1.000000e+00
    outer loop
      vertex 4.364727e+00 3.866938e-01 3.968151e+00
      vertex 4.756825e-05 3.789712e-01 3.968151e+00
      vertex 3.555000e+00 1.637733e-02 3.968151e+00
    endloop
  endfacet
  facet normal 0.000000e+00 0.000000e+00 1.000000e+00
    outer loop
      vertex 4.364727e+00 -3.913939e+00 3.968151e+00
      vertex 3.555000e+00 -3.560000e+00 3.968151e+00
      vertex -4.756825e-05 -3.906217e+00 3.968151e+00
    endloop
  endfacet
  facet normal 0.000000e+00 0.000000e+00 1.000000e+00
    outer loop
      vertex 4.360919e+00 -1.763623e+00 3.968151e+00
      vertex 3.555000e+00 -3.560000e+00 3.968151e+00
      vertex 4.364727e+00 -3.913939e+00 3.968151e+00
    endloop
  endfacet
  facet normal 0.000000e+00 0.000000e+00 1.000000e+00
    outer loop
      vertex 4.360919e+00 -1.763623e+00 3.968151e+00
      vertex 3.555000e+00 1.637733e-02 3.968151e+00
      vertex 3.555000e+00 -3.560000e+00 3.968151e+00
    endloop
  endfacet
  facet normal 0.000000e+00 0.000000e+00 1.000000e+00
    outer loop
      vertex 4.364727e+00 3.866938e-01 3.968151e+00
      vertex 3.555000e+00 1.637733e-02 3.968151e+00
      vertex 4.360919e+00 -1.763623e+00 3.968151e+00
    endloop
  endfacet
  facet normal -7.071068e-01 7.071068e-01 0.000000e+00
    outer loop
      vertex -3.360317e+01 -2.611679e+01 8.968151e+00
      vertex -5.000000e+01 -4.251362e+01 -1.031849e+00
      vertex -5.000000e+01 -4.251362e+01 8.968151e+00
    endloop
  endfacet
  facet normal -7.071068e-01 7.071068e-01 0.000000e+00
    outer loop
      vertex -9.525000e+00 -2.038623e+00 -1.031849e+00
      vertex -5.000000e+01 -4.251362e+01 -1.031849e+00
      vertex -3.360317e+01 -2.611679e+01 8.968151e+00
    endloop
  endfacet
  facet normal -7.071068e-01 7.071068e-01 0.000000e+00
    outer loop
      vertex -1.072349e+01 -3.237118e+00 4.092016e+00
      vertex -9.525000e+00 -2.038623e+00 3.839211e+00
      vertex -9.525000e+00 -2.038623e+00 -1.031849e+00
    endloop
  endfacet
  facet normal -7.071068e-01 7.071068e-01 0.000000e+00
    outer loop
      vertex -9.525000e+00 -2.038623e+00 -1.031849e+00
      vertex -1.079657e+01 -3.310193e+00 4.109208e+00
      vertex -1.072349e+01 -3.237118e+00 4.092016e+00
    endloop
  endfacet
  facet normal -7.071068e-01 7.071068e-01 0.000000e+00
    outer loop
      vertex -9.525000e+00 -2.038623e+00 -1.031849e+00
      vertex -1.284589e+01 -5.359508e+00 4.674658e+00
      vertex -1.079657e+01 -3.310193e+00 4.109208e+00
    endloop
  endfacet
  facet normal -7.071068e-01 7.071068e-01 0.000000e+00
    outer loop
      vertex -1.351303e+01 -6.026657e+00 4.893536e+00
      vertex -1.284589e+01 -5.359508e+00 4.674658e+00
      vertex -9.525000e+00 -2.038623e+00 -1.031849e+00
    endloop
  endfacet
  facet normal -7.071068e-01 7.071068e-01 0.000000e+00
    outer loop
      vertex -9.525000e+00 -2.038623e+00 -1.031849e+00
      vertex -1.632361e+01 -8.837233e+00 6.003778e+00
      vertex -1.351303e+01 -6.026657e+00 4.893536e+00
    endloop
  endfacet
  facet normal -7.071068e-01 7.071068e-01 0.000000e+00
    outer loop
      vertex -9.525000e+00 -2.038623e+00 -1.031849e+00
      vertex -1.770639e+01 -1.022001e+01 6.661521e+00
      vertex -1.632361e+01 -8.837233e+00 6.003778e+00
    endloop
  endfacet
  facet normal -7.071068e-01 7.071068e-01 0.000000e+00
    outer loop
      vertex -3.360317e+01 -2.611679e+01 8.968151e+00
      vertex -1.770639e+01 -1.022001e+01 6.661521e+00
      vertex -9.525000e+00 -2.038623e+00 -1.031849e+00
    endloop
  endfacet
  facet normal -7.071068e-01 7.071068e-01 0.000000e+00
    outer loop
      vertex -3.360317e+01 -2.611679e+01 8.968151e+00
      vertex -2.065821e+01 -1.317183e+01 8.311745e+00
      vertex -1.770639e+01 -1.022001e+01 6.661521e+00
    endloop
  endfacet
  facet normal -7.071068e-01 7.071068e-01 0.000000e+00
    outer loop
      vertex -3.360317e+01 -2.611679e+01 8.968151e+00
      vertex -2.244223e+01 -1.495585e+01 9.471760e+00
      vertex -2.065821e+01 -1.317183e+01 8.311745e+00
    endloop
  endfacet
  facet normal -7.071068e-01 7.071068e-01 0.000000e+00
    outer loop
      vertex -2.347532e+01 -1.598894e+01 1.019957e+01
      vertex -2.244223e+01 -1.495585e+01 9.471760e+00
      vertex -3.360317e+01 -2.611679e+01 8.968151e+00
    endloop
  endfacet
  facet normal -7.071068e-01 7.071068e-01 0.000000e+00
    outer loop
      vertex -3.360317e+01 -2.611679e+01 8.968151e+00
      vertex -2.705086e+01 -1.956449e+01 1.303638e+01
      vertex -2.347532e+01 -1.598894e+01 1.019957e+01
    endloop
  endfacet
  facet normal -7.071068e-01 7.071068e-01 0.000000e+00
    outer loop
      vertex -3.360317e+01 -2.611679e+01 8.968151e+00
      vertex -3.044854e+01 -2.296216e+01 1.618966e+01
      vertex -2.705086e+01 -1.956449e+01 1.303638e+01
    endloop
  endfacet
  facet normal -7.071068e-01 7.071068e-01 0.000000e+00
    outer loop
      vertex -3.360317e+01 -2.611679e+01 1.951718e+01
      vertex -3.044854e+01 -2.296216e+01 1.618966e+01
      vertex -3.360317e+01 -2.611679e+01 8.968151e+00
    endloop
  endfacet
  facet normal -7.071068e-01 7.071068e-01 0.000000e+00
    outer loop
      vertex -3.324509e+01 -2.575871e+01 2.039784e+01
      vertex -3.360317e+01 -2.611679e+01 1.977396e+01
      vertex -3.360317e+01 -2.611679e+01 2.039784e+01
    endloop
  endfacet
  facet normal -7.071068e-01 7.071068e-01 0.000000e+00
    outer loop
      vertex -3.289468e+01 -2.540830e+01 2.000815e+01
      vertex -3.324509e+01 -2.575871e+01 2.039784e+01
      vertex -3.267088e+01 -2.518450e+01 2.039784e+01
    endloop
  endfacet
  facet normal 6.211694e-01 4.713576e-01 -6.253809e-01
    outer loop
      vertex -3.267088e+01 -2.518450e+01 2.039784e+01
      vertex -3.091616e+01 -2.794226e+01 2.000815e+01
      vertex -3.289468e+01 -2.540830e+01 2.000815e+01
    endloop
  endfacet
  facet normal 5.938204e-01 5.035425e-01 -6.253822e-01
    outer loop
      vertex -2.842467e+01 -3.018829e+01 2.039784e+01
      vertex -3.091616e+01 -2.794226e+01 2.000815e+01
      vertex -3.267088e+01 -2.518450e+01 2.039784e+01
    endloop
  endfacet
  facet normal 5.662790e-01 5.359955e-01 -6.253836e-01
    outer loop
      vertex -2.842467e+01 -3.018829e+01 2.039784e+01
      vertex -2.864550e+01 -3.040913e+01 2.000815e+01
      vertex -3.091616e+01 -2.794226e+01 2.000815e+01
    endloop
  endfacet
  facet normal 5.423245e-01 5.607567e-01 -6.253832e-01
    outer loop
      vertex -2.718848e+01 -3.179555e+01 2.000815e+01
      vertex -2.864550e+01 -3.040913e+01 2.000815e+01
      vertex -2.842467e+01 -3.018829e+01 2.039784e+01
    endloop
  endfacet
  facet normal 5.100269e-01 5.881627e-01 -6.253850e-01
    outer loop
      vertex -2.342088e+01 -3.443450e+01 2.039784e+01
      vertex -2.718848e+01 -3.179555e+01 2.000815e+01
      vertex -2.842467e+01 -3.018829e+01 2.039784e+01
    endloop
  endfacet
  facet normal 4.779980e-01 6.153758e-01 -6.253867e-01
    outer loop
      vertex -2.364467e+01 -3.465830e+01 2.000815e+01
      vertex -2.718848e+01 -3.179555e+01 2.000815e+01
      vertex -2.342088e+01 -3.443450e+01 2.039784e+01
    endloop
  endfacet
  facet normal 7.071068e-01 -7.071068e-01 0.000000e+00
    outer loop
      vertex -2.435317e+01 -3.536679e+01 8.968151e+00
      vertex -2.215778e+01 -3.317140e+01 1.716047e+01
      vertex -2.435317e+01 -3.536679e+01 1.951718e+01
    endloop
  endfacet
  facet normal 7.071068e-01 -7.071068e-01 0.000000e+00
    outer loop
      vertex -2.435317e+01 -3.536679e+01 8.968151e+00
      vertex -2.119341e+01 -3.220704e+01 1.618418e+01
      vertex -2.215778e+01 -3.317140e+01 1.716047e+01
    endloop
  endfacet
  facet normal 7.071068e-01 -7.071068e-01 0.000000e+00
    outer loop
      vertex -1.778502e+01 -2.879864e+01 1.302240e+01
      vertex -2.119341e+01 -3.220704e+01 1.618418e+01
      vertex -2.435317e+01 -3.536679e+01 8.968151e+00
    endloop
  endfacet
  facet normal 7.071068e-01 -7.071068e-01 0.000000e+00
    outer loop
      vertex -2.435317e+01 -3.536679e+01 8.968151e+00
      vertex -1.420253e+01 -2.521616e+01 1.018302e+01
      vertex -1.778502e+01 -2.879864e+01 1.302240e+01
    endloop
  endfacet
  facet normal 7.071068e-01 -7.071068e-01 0.000000e+00
    outer loop
      vertex -2.435317e+01 -3.536679e+01 8.968151e+00
      vertex -1.139384e+01 -2.240746e+01 8.302792e+00
      vertex -1.420253e+01 -2.521616e+01 1.018302e+01
    endloop
  endfacet
  facet normal 7.071068e-01 -7.071068e-01 0.000000e+00
    outer loop
      vertex -9.785378e+00 -2.079900e+01 7.362893e+00
      vertex -1.139384e+01 -2.240746e+01 8.302792e+00
      vertex -2.435317e+01 -3.536679e+01 8.968151e+00
    endloop
  endfacet
  facet normal 7.071068e-01 -7.071068e-01 0.000000e+00
    outer loop
      vertex -4.075000e+01 -5.176362e+01 -1.031849e+00
      vertex -2.435317e+01 -3.536679e+01 8.968151e+00
      vertex -4.075000e+01 -5.176362e+01 8.968151e+00
    endloop
  endfacet
  facet normal 7.071068e-01 -7.071068e-01 0.000000e+00
    outer loop
      vertex -2.750000e-01 -1.128862e+01 -1.031849e+00
      vertex -2.435317e+01 -3.536679e+01 8.968151e+00
      vertex -4.075000e+01 -5.176362e+01 -1.031849e+00
    endloop
  endfacet
  facet normal 7.071068e-01 -7.071068e-01 0.000000e+00
    outer loop
      vertex -2.750000e-01 -1.128862e+01 -1.031849e+00
      vertex -9.785378e+00 -2.079900e+01 7.362893e+00
      vertex -2.435317e+01 -3.536679e+01 8.968151e+00
    endloop
  endfacet
  facet normal 7.071068e-01 -7.071068e-01 0.000000e+00
    outer loop
      vertex -8.455210e+00 -1.946883e+01 6.660849e+00
      vertex -9.785378e+00 -2.079900e+01 7.362893e+00
      vertex -2.750000e-01 -1.128862e+01 -1.031849e+00
    endloop
  endfacet
  facet normal 7.071068e-01 -7.071068e-01 0.000000e+00
    outer loop
      vertex -2.750000e-01 -1.128862e+01 -1.031849e+00
      vertex -5.098048e+00 -1.611167e+01 5.191629e+00
      vertex -8.455210e+00 -1.946883e+01 6.660849e+00
    endloop
  endfacet
  facet normal 7.071068e-01 -7.071068e-01 0.000000e+00
    outer loop
      vertex -2.750000e-01 -1.128862e+01 -1.031849e+00
      vertex -4.264192e+00 -1.527781e+01 4.893905e+00
      vertex -5.098048e+00 -1.611167e+01 5.191629e+00
    endloop
  endfacet
  facet normal 7.071068e-01 -7.071068e-01 0.000000e+00
    outer loop
      vertex -2.404294e+00 -1.341792e+01 4.326200e+00
      vertex -4.264192e+00 -1.527781e+01 4.893905e+00
      vertex -2.750000e-01 -1.128862e+01 -1.031849e+00
    endloop
  endfacet
  facet normal 7.071068e-01 -7.071068e-01 0.000000e+00
    outer loop
      vertex -2.750000e-01 -1.128862e+01 -1.031849e+00
      vertex -1.551131e+00 -1.256475e+01 4.110230e+00
      vertex -2.404294e+00 -1.341792e+01 4.326200e+00
    endloop
  endfacet
  facet normal 7.071068e-01 -7.071068e-01 0.000000e+00
    outer loop
      vertex -2.750000e-01 -1.128862e+01 -1.031849e+00
      vertex -6.767631e-01 -1.169039e+01 3.917821e+00
      vertex -1.551131e+00 -1.256475e+01 4.110230e+00
    endloop
  endfacet
  facet normal 7.071068e-01 -7.071068e-01 0.000000e+00
    outer loop
      vertex -2.750000e-01 -1.128862e+01 3.839211e+00
      vertex -6.767631e-01 -1.169039e+01 3.917821e+00
      vertex -2.750000e-01 -1.128862e+01 -1.031849e+00
    endloop
  endfacet
  facet normal 7.071068e-01 -7.071068e-01 0.000000e+00
    outer loop
      vertex -2.399509e+01 -3.500871e+01 2.039784e+01
      vertex -2.364467e+01 -3.465830e+01 2.000815e+01
      vertex -2.342088e+01 -3.443450e+01 2.039784e+01
    endloop
  endfacet
  facet normal 7.071068e-01 -7.071068e-01 0.000000e+00
    outer loop
      vertex -2.435317e+01 -3.536679e+01 1.977396e+01
      vertex -2.399509e+01 -3.500871e+01 2.039784e+01
      vertex -2.435317e+01 -3.536679e+01 2.039784e+01
    endloop
  endfacet
  facet normal -7.983711e-01 -6.015897e-01 0.000000e+00
    outer loop
      vertex -3.360317e+01 -2.611679e+01 8.968151e+00
      vertex -3.219086e+01 -2.795519e+01 1.951718e+01
      vertex -3.360317e+01 -2.611679e+01 1.951718e+01
    endloop
  endfacet
  facet normal -7.762694e-01 -6.289273e-01 0.000000e+00
    outer loop
      vertex -3.085151e+01 -2.952032e+01 8.968151e+00
      vertex -3.219086e+01 -2.795519e+01 1.951718e+01
      vertex -3.360317e+01 -2.611679e+01 8.968151e+00
    endloop
  endfacet
  facet normal -7.338690e-01 -6.769438e-01 0.000000e+00
    outer loop
      vertex -3.085151e+01 -2.952032e+01 8.968151e+00
      vertex -2.832432e+01 -3.209484e+01 1.951718e+01
      vertex -3.219086e+01 -2.795519e+01 1.951718e+01
    endloop
  endfacet
  facet normal -6.982532e-01 -7.143729e-01 0.000000e+00
    outer loop
      vertex -2.775670e+01 -3.261513e+01 8.968151e+00
      vertex -2.832432e+01 -3.209484e+01 1.951718e+01
      vertex -3.085151e+01 -2.952032e+01 8.968151e+00
    endloop
  endfacet
  facet normal -6.460578e-01 -7.613325e-01 0.000000e+00
    outer loop
      vertex -2.775670e+01 -3.261513e+01 8.968151e+00
      vertex -2.435317e+01 -3.536679e+01 1.951718e+01
      vertex -2.832432e+01 -3.209484e+01 1.951718e+01
    endloop
  endfacet
  facet normal -6.141610e-01 -7.876132e-01 0.000000e+00
    outer loop
      vertex -2.435317e+01 -3.536679e+01 8.968151e+00
      vertex -2.435317e+01 -3.536679e+01 1.951718e+01
      vertex -2.775670e+01 -3.261513e+01 8.968151e+00
    endloop
  endfacet
  facet normal -6.026800e-01 -7.974802e-01 0.000000e+00
    outer loop
      vertex -2.632731e+01 -3.384356e+01 1.977396e+01
      vertex -2.435317e+01 -3.536679e+01 1.977396e+01
      vertex -2.435317e+01 -3.536679e+01 2.039784e+01
    endloop
  endfacet
  facet normal -6.300175e-01 -7.753785e-01 0.000000e+00
    outer loop
      vertex -2.775670e+01 -3.261513e+01 2.039784e+01
      vertex -2.632731e+01 -3.384356e+01 1.977396e+01
      vertex -2.435317e+01 -3.536679e+01 2.039784e+01
    endloop
  endfacet
  facet normal -6.701120e-01 -7.411757e-01 0.000000e+00
    outer loop
      vertex -2.934493e+01 -3.110855e+01 1.977396e+01
      vertex -2.632731e+01 -3.384356e+01 1.977396e+01
      vertex -2.775670e+01 -3.261513e+01 2.039784e+01
    endloop
  endfacet
  facet normal -7.064509e-01 -7.064509e-01 0.000000e+00
    outer loop
      vertex -3.085151e+01 -2.952032e+01 2.039784e+01
      vertex -2.934493e+01 -3.110855e+01 1.977396e+01
      vertex -2.775670e+01 -3.261513e+01 2.039784e+01
    endloop
  endfacet
  facet normal -7.411757e-01 -6.701120e-01 0.000000e+00
    outer loop
      vertex -3.207994e+01 -2.809093e+01 1.977396e+01
      vertex -2.934493e+01 -3.110855e+01 1.977396e+01
      vertex -3.085151e+01 -2.952032e+01 2.039784e+01
    endloop
  endfacet
  facet normal -7.753785e-01 -6.300175e-01 0.000000e+00
    outer loop
      vertex -3.360317e+01 -2.611679e+01 2.039784e+01
      vertex -3.207994e+01 -2.809093e+01 1.977396e+01
      vertex -3.085151e+01 -2.952032e+01 2.039784e+01
    endloop
  endfacet
  facet normal -7.974802e-01 -6.026800e-01 0.000000e+00
    outer loop
      vertex -3.360317e+01 -2.611679e+01 1.977396e+01
      vertex -3.207994e+01 -2.809093e+01 1.977396e+01
      vertex -3.360317e+01 -2.611679e+01 2.039784e+01
    endloop
  endfacet
  facet normal -7.071068e-01 7.071068e-01 0.000000e+00
    outer loop
      vertex 2.399509e+01 3.148146e+01 2.039784e+01
      vertex 2.364467e+01 3.113105e+01 2.000815e+01
      vertex 2.342088e+01 3.090725e+01 2.039784e+01
    endloop
  endfacet
  facet normal -7.071068e-01 7.071068e-01 0.000000e+00
    outer loop
      vertex 2.435317e+01 3.183955e+01 1.977396e+01
      vertex 2.399509e+01 3.148146e+01 2.039784e+01
      vertex 2.435317e+01 3.183955e+01 2.039784e+01
    endloop
  endfacet
  facet normal 0.000000e+00 0.000000e+00 1.000000e+00
    outer loop
      vertex 2.775670e+01 2.908789e+01 2.039784e+01
      vertex 2.399509e+01 3.148146e+01 2.039784e+01
      vertex 2.342088e+01 3.090725e+01 2.039784e+01
    endloop
  endfacet
  facet normal 0.000000e+00 0.000000e+00 1.000000e+00
    outer loop
      vertex 2.435317e+01 3.183955e+01 2.039784e+01
      vertex 2.399509e+01 3.148146e+01 2.039784e+01
      vertex 2.775670e+01 2.908789e+01 2.039784e+01
    endloop
  endfacet
  facet normal 0.000000e+00 0.000000e+00 1.000000e+00
    outer loop
      vertex 2.842467e+01 2.666105e+01 2.039784e+01
      vertex 2.775670e+01 2.908789e+01 2.039784e+01
      vertex 2.342088e+01 3.090725e+01 2.039784e+01
    endloop
  endfacet
  facet normal 0.000000e+00 0.000000e+00 1.000000e+00
    outer loop
      vertex 3.085151e+01 2.599308e+01 2.039784e+01
      vertex 2.775670e+01 2.908789e+01 2.039784e+01
      vertex 2.842467e+01 2.666105e+01 2.039784e+01
    endloop
  endfacet
  facet normal 0.000000e+00 0.000000e+00 1.000000e+00
    outer loop
      vertex 3.085151e+01 2.599308e+01 2.039784e+01
      vertex 3.324509e+01 2.223146e+01 2.039784e+01
      vertex 3.360317e+01 2.258955e+01 2.039784e+01
    endloop
  endfacet
  facet normal 0.000000e+00 0.000000e+00 1.000000e+00
    outer loop
      vertex 3.085151e+01 2.599308e+01 2.039784e+01
      vertex 3.267088e+01 2.165725e+01 2.039784e+01
      vertex 3.324509e+01 2.223146e+01 2.039784e+01
    endloop
  endfacet
  facet normal 0.000000e+00 0.000000e+00 1.000000e+00
    outer loop
      vertex 2.842467e+01 2.666105e+01 2.039784e+01
      vertex 3.267088e+01 2.165725e+01 2.039784e+01
      vertex 3.085151e+01 2.599308e+01 2.039784e+01
    endloop
  endfacet
  facet normal 7.071068e-01 -7.071068e-01 0.000000e+00
    outer loop
      vertex 3.324509e+01 2.223146e+01 2.039784e+01
      vertex 3.360317e+01 2.258955e+01 1.977396e+01
      vertex 3.360317e+01 2.258955e+01 2.039784e+01
    endloop
  endfacet
  facet normal 7.071068e-01 -7.071068e-01 0.000000e+00
    outer loop
      vertex 3.289468e+01 2.188105e+01 2.000815e+01
      vertex 3.324509e+01 2.223146e+01 2.039784e+01
      vertex 3.267088e+01 2.165725e+01 2.039784e+01
    endloop
  endfacet
  facet normal 6.026800e-01 7.974802e-01 0.000000e+00
    outer loop
      vertex 2.632731e+01 3.031632e+01 1.977396e+01
      vertex 2.435317e+01 3.183955e+01 1.977396e+01
      vertex 2.435317e+01 3.183955e+01 2.039784e+01
    endloop
  endfacet
  facet normal 6.300175e-01 7.753785e-01 0.000000e+00
    outer loop
      vertex 2.775670e+01 2.908789e+01 2.039784e+01
      vertex 2.632731e+01 3.031632e+01 1.977396e+01
      vertex 2.435317e+01 3.183955e+01 2.039784e+01
    endloop
  endfacet
  facet normal 6.701120e-01 7.411757e-01 0.000000e+00
    outer loop
      vertex 2.934493e+01 2.758131e+01 1.977396e+01
      vertex 2.632731e+01 3.031632e+01 1.977396e+01
      vertex 2.775670e+01 2.908789e+01 2.039784e+01
    endloop
  endfacet
  facet normal 7.064509e-01 7.064509e-01 0.000000e+00
    outer loop
      vertex 3.085151e+01 2.599308e+01 2.039784e+01
      vertex 2.934493e+01 2.758131e+01 1.977396e+01
      vertex 2.775670e+01 2.908789e+01 2.039784e+01
    endloop
  endfacet
  facet normal 7.411757e-01 6.701120e-01 0.000000e+00
    outer loop
      vertex 3.207994e+01 2.456369e+01 1.977396e+01
      vertex 2.934493e+01 2.758131e+01 1.977396e+01
      vertex 3.085151e+01 2.599308e+01 2.039784e+01
    endloop
  endfacet
  facet normal 7.753785e-01 6.300175e-01 0.000000e+00
    outer loop
      vertex 3.360317e+01 2.258955e+01 2.039784e+01
      vertex 3.207994e+01 2.456369e+01 1.977396e+01
      vertex 3.085151e+01 2.599308e+01 2.039784e+01
    endloop
  endfacet
  facet normal 7.974802e-01 6.026800e-01 0.000000e+00
    outer loop
      vertex 3.360317e+01 2.258955e+01 1.977396e+01
      vertex 3.207994e+01 2.456369e+01 1.977396e+01
      vertex 3.360317e+01 2.258955e+01 2.039784e+01
    endloop
  endfacet
  facet normal 0.000000e+00 1.000000e+00 0.000000e+00
    outer loop
      vertex -6.508991e-01 7.761377e+00 3.842549e+00
      vertex 2.750000e-01 7.761377e+00 3.839211e+00
      vertex 2.750000e-01 7.761377e+00 -1.031849e+00
    endloop
  endfacet
  facet normal 0.000000e+00 1.000000e+00 0.000000e+00
    outer loop
      vertex 2.750000e-01 7.761377e+00 -1.031849e+00
      vertex -1.978987e+00 7.761377e+00 3.876049e+00
      vertex -6.508991e-01 7.761377e+00 3.842549e+00
    endloop
  endfacet
  facet normal 0.000000e+00 1.000000e+00 0.000000e+00
    outer loop
      vertex 2.750000e-01 7.761377e+00 -1.031849e+00
      vertex -3.385308e+00 7.761377e+00 3.948397e+00
      vertex -1.978987e+00 7.761377e+00 3.876049e+00
    endloop
  endfacet
  facet normal 0.000000e+00 1.000000e+00 0.000000e+00
    outer loop
      vertex -7.840000e+00 7.761377e+00 -1.031849e+00
      vertex -3.385308e+00 7.761377e+00 3.948397e+00
      vertex 2.750000e-01 7.761377e+00 -1.031849e+00
    endloop
  endfacet
  facet normal 0.000000e+00 1.000000e+00 0.000000e+00
    outer loop
      vertex -7.840000e+00 7.761377e+00 -1.031849e+00
      vertex -3.677003e+00 7.761377e+00 3.968151e+00
      vertex -3.385308e+00 7.761377e+00 3.948397e+00
    endloop
  endfacet
  facet normal 0.000000e+00 1.000000e+00 0.000000e+00
    outer loop
      vertex -7.840000e+00 7.761377e+00 3.968151e+00
      vertex -3.677003e+00 7.761377e+00 3.968151e+00
      vertex -7.840000e+00 7.761377e+00 -1.031849e+00
    endloop
  endfacet
  facet normal 9.401522e-01 -2.661435e-01 0.000000e+00
    outer loop
      vertex -7.778942e+00 5.791377e+00 -1.031849e+00
      vertex -7.924812e+00 5.458788e+00 3.968151e+00
      vertex -8.000000e+00 4.966377e+00 -1.031849e+00
    endloop
  endfacet
  facet normal 8.355770e-01 -5.085911e-01 0.000000e+00
    outer loop
      vertex -7.778942e+00 5.791377e+00 -1.031849e+00
      vertex -7.482353e+00 6.166493e+00 3.968151e+00
      vertex -7.924812e+00 5.458788e+00 3.968151e+00
    endloop
  endfacet
  facet normal 6.840999e-01 -6.977894e-01 0.000000e+00
    outer loop
      vertex -7.175000e+00 6.395320e+00 -1.031849e+00
      vertex -7.482353e+00 6.166493e+00 3.968151e+00
      vertex -7.778942e+00 5.791377e+00 -1.031849e+00
    endloop
  endfacet
  facet normal 4.762640e-01 -8.545051e-01 0.000000e+00
    outer loop
      vertex -7.175000e+00 6.395320e+00 -1.031849e+00
      vertex -6.750154e+00 6.567120e+00 3.968151e+00
      vertex -7.482353e+00 6.166493e+00 3.968151e+00
    endloop
  endfacet
  facet normal 2.475059e-01 -9.453908e-01 0.000000e+00
    outer loop
      vertex -6.350000e+00 6.616377e+00 -1.031849e+00
      vertex -6.750154e+00 6.567120e+00 3.968151e+00
      vertex -7.175000e+00 6.395320e+00 -1.031849e+00
    endloop
  endfacet
  facet normal -6.925041e-03 -9.782876e-01 -0.000000e+00
    outer loop
      vertex -6.350000e+00 6.616377e+00 -1.031849e+00
      vertex -5.915567e+00 6.558159e+00 3.968151e+00
      vertex -6.750154e+00 6.567120e+00 3.968151e+00
    endloop
  endfacet
  facet normal -2.544309e-01 -9.435804e-01 -0.000000e+00
    outer loop
      vertex -5.525000e+00 6.395320e+00 -1.031849e+00
      vertex -5.915567e+00 6.558159e+00 3.968151e+00
      vertex -6.350000e+00 6.616377e+00 -1.031849e+00
    endloop
  endfacet
  facet normal -3.529067e-01 -9.287022e-01 -0.000000e+00
    outer loop
      vertex -5.525000e+00 6.395320e+00 -1.031849e+00
      vertex -5.862545e+00 6.542730e+00 3.959702e+00
      vertex -5.915567e+00 6.558159e+00 3.968151e+00
    endloop
  endfacet
  facet normal -4.609614e-01 -8.768820e-01 -0.000000e+00
    outer loop
      vertex -5.525000e+00 6.395320e+00 -1.031849e+00
      vertex -5.380696e+00 6.301649e+00 3.869896e+00
      vertex -5.862545e+00 6.542730e+00 3.959702e+00
    endloop
  endfacet
  facet normal -6.511608e-01 -7.250936e-01 -0.000000e+00
    outer loop
      vertex -4.921058e+00 5.791377e+00 -1.031849e+00
      vertex -5.380696e+00 6.301649e+00 3.869896e+00
      vertex -5.525000e+00 6.395320e+00 -1.031849e+00
    endloop
  endfacet
  facet normal -7.566754e-01 -6.288463e-01 -0.000000e+00
    outer loop
      vertex -4.921058e+00 5.791377e+00 -1.031849e+00
      vertex -5.002703e+00 5.918895e+00 3.774432e+00
      vertex -5.380696e+00 6.301649e+00 3.869896e+00
    endloop
  endfacet
  facet normal -8.805003e-01 -4.536404e-01 -0.000000e+00
    outer loop
      vertex -4.921058e+00 5.791377e+00 -1.031849e+00
      vertex -4.767763e+00 5.434379e+00 3.683237e+00
      vertex -5.002703e+00 5.918895e+00 3.774432e+00
    endloop
  endfacet
  facet normal -9.416523e-01 -2.612125e-01 -0.000000e+00
    outer loop
      vertex -4.700000e+00 4.966377e+00 -1.031849e+00
      vertex -4.767763e+00 5.434379e+00 3.683237e+00
      vertex -4.921058e+00 5.791377e+00 -1.031849e+00
    endloop
  endfacet
  facet normal -9.860222e-01 -8.068321e-02 0.000000e+00
    outer loop
      vertex -4.700000e+00 4.966377e+00 -1.031849e+00
      vertex -4.701427e+00 4.897757e+00 3.605840e+00
      vertex -4.767763e+00 5.434379e+00 3.683237e+00
    endloop
  endfacet
  facet normal -9.713729e-01 1.483594e-01 0.000000e+00
    outer loop
      vertex -4.700000e+00 4.966377e+00 -1.031849e+00
      vertex -4.840276e+00 4.300618e+00 3.545624e+00
      vertex -4.701427e+00 4.897757e+00 3.605840e+00
    endloop
  endfacet
  facet normal -9.270031e-01 3.011635e-01 0.000000e+00
    outer loop
      vertex -4.921058e+00 4.141378e+00 -1.031849e+00
      vertex -4.840276e+00 4.300618e+00 3.545624e+00
      vertex -4.700000e+00 4.966377e+00 -1.031849e+00
    endloop
  endfacet
  facet normal -8.281250e-01 5.381061e-01 0.000000e+00
    outer loop
      vertex -4.921058e+00 4.141378e+00 -1.031849e+00
      vertex -5.189446e+00 3.793511e+00 3.522673e+00
      vertex -4.840276e+00 4.300618e+00 3.545624e+00
    endloop
  endfacet
  facet normal -6.897971e-01 6.922844e-01 0.000000e+00
    outer loop
      vertex -5.525000e+00 3.537436e+00 -1.031849e+00
      vertex -5.189446e+00 3.793511e+00 3.522673e+00
      vertex -4.921058e+00 4.141378e+00 -1.031849e+00
    endloop
  endfacet
  facet normal -5.371842e-01 8.299173e-01 0.000000e+00
    outer loop
      vertex -5.525000e+00 3.537436e+00 -1.031849e+00
      vertex -5.676492e+00 3.460095e+00 3.538968e+00
      vertex -5.189446e+00 3.793511e+00 3.522673e+00
    endloop
  endfacet
  facet normal -3.027289e-01 9.263079e-01 0.000000e+00
    outer loop
      vertex -6.350000e+00 3.316377e+00 -1.031849e+00
      vertex -5.676492e+00 3.460095e+00 3.538968e+00
      vertex -5.525000e+00 3.537436e+00 -1.031849e+00
    endloop
  endfacet
  facet normal -1.567539e-01 9.703233e-01 0.000000e+00
    outer loop
      vertex -6.350000e+00 3.316377e+00 -1.031849e+00
      vertex -6.247576e+00 3.319559e+00 3.590423e+00
      vertex -5.676492e+00 3.460095e+00 3.538968e+00
    endloop
  endfacet
  facet normal 7.634213e-02 9.849213e-01 0.000000e+00
    outer loop
      vertex -6.830317e+00 3.387835e+00 3.670263e+00
      vertex -6.247576e+00 3.319559e+00 3.590423e+00
      vertex -6.350000e+00 3.316377e+00 -1.031849e+00
    endloop
  endfacet
  facet normal 2.637004e-01 9.409059e-01 0.000000e+00
    outer loop
      vertex -7.175000e+00 3.537436e+00 -1.031849e+00
      vertex -6.830317e+00 3.387835e+00 3.670263e+00
      vertex -6.350000e+00 3.316377e+00 -1.031849e+00
    endloop
  endfacet
  facet normal 4.657359e-01 8.727004e-01 0.000000e+00
    outer loop
      vertex -7.350076e+00 3.653995e+00 3.767967e+00
      vertex -6.830317e+00 3.387835e+00 3.670263e+00
      vertex -7.175000e+00 3.537436e+00 -1.031849e+00
    endloop
  endfacet
  facet normal 6.573773e-01 7.204697e-01 0.000000e+00
    outer loop
      vertex -7.778942e+00 4.141378e+00 -1.031849e+00
      vertex -7.350076e+00 3.653995e+00 3.767967e+00
      vertex -7.175000e+00 3.537436e+00 -1.031849e+00
    endloop
  endfacet
  facet normal 7.723556e-01 6.100841e-01 0.000000e+00
    outer loop
      vertex -7.744143e+00 4.083843e+00 3.871470e+00
      vertex -7.350076e+00 3.653995e+00 3.767967e+00
      vertex -7.778942e+00 4.141378e+00 -1.031849e+00
    endloop
  endfacet
  facet normal 9.848104e-01 -9.947685e-02 0.000000e+00
    outer loop
      vertex -8.000000e+00 4.966377e+00 3.968151e+00
      vertex -8.000000e+00 4.966377e+00 -1.031849e+00
      vertex -7.924812e+00 5.458788e+00 3.968151e+00
    endloop
  endfacet
  facet normal 9.927914e-01 6.894740e-02 0.000000e+00
    outer loop
      vertex -7.964318e+00 4.625088e+00 3.968151e+00
      vertex -8.000000e+00 4.966377e+00 -1.031849e+00
      vertex -8.000000e+00 4.966377e+00 3.968151e+00
    endloop
  endfacet
  facet normal 9.481332e-01 2.356141e-01 0.000000e+00
    outer loop
      vertex -7.964318e+00 4.625088e+00 3.968151e+00
      vertex -7.778942e+00 4.141378e+00 -1.031849e+00
      vertex -8.000000e+00 4.966377e+00 -1.031849e+00
    endloop
  endfacet
  facet normal 8.964449e-01 4.139037e-01 0.000000e+00
    outer loop
      vertex -7.744143e+00 4.083843e+00 3.871470e+00
      vertex -7.778942e+00 4.141378e+00 -1.031849e+00
      vertex -7.964318e+00 4.625088e+00 3.968151e+00
    endloop
  endfacet
  facet normal -1.000000e+00 -0.000000e+00 -0.000000e+00
    outer loop
      vertex -9.525000e+00 1.913380e+00 3.968151e+00
      vertex -9.525000e+00 6.076378e+00 3.968151e+00
      vertex -9.525000e+00 6.076378e+00 -1.031849e+00
    endloop
  endfacet
  facet normal -1.000000e+00 -0.000000e+00 -0.000000e+00
    outer loop
      vertex -9.525000e+00 -2.038623e+00 -1.031849e+00
      vertex -9.525000e+00 1.913380e+00 3.968151e+00
      vertex -9.525000e+00 6.076378e+00 -1.031849e+00
    endloop
  endfacet
  facet normal -1.000000e+00 -0.000000e+00 -0.000000e+00
    outer loop
      vertex -9.525000e+00 9.057351e-01 3.906826e+00
      vertex -9.525000e+00 1.913380e+00 3.968151e+00
      vertex -9.525000e+00 -2.038623e+00 -1.031849e+00
    endloop
  endfacet
  facet normal -1.000000e+00 -0.000000e+00 -0.000000e+00
    outer loop
      vertex -9.525000e+00 -2.038623e+00 -1.031849e+00
      vertex -9.525000e+00 -4.541582e-01 3.854932e+00
      vertex -9.525000e+00 9.057351e-01 3.906826e+00
    endloop
  endfacet
  facet normal -1.000000e+00 -0.000000e+00 -0.000000e+00
    outer loop
      vertex -9.525000e+00 -2.038623e+00 -1.031849e+00
      vertex -9.525000e+00 -1.763545e+00 3.838486e+00
      vertex -9.525000e+00 -4.541582e-01 3.854932e+00
    endloop
  endfacet
  facet normal -1.000000e+00 -0.000000e+00 -0.000000e+00
    outer loop
      vertex -9.525000e+00 -2.038623e+00 3.839211e+00
      vertex -9.525000e+00 -1.763545e+00 3.838486e+00
      vertex -9.525000e+00 -2.038623e+00 -1.031849e+00
    endloop
  endfacet
  facet normal 9.481332e-01 -2.356141e-01 0.000000e+00
    outer loop
      vertex -7.778942e+00 -7.668623e+00 -1.031849e+00
      vertex -7.964318e+00 -8.152333e+00 3.968151e+00
      vertex -8.000000e+00 -8.493623e+00 -1.031849e+00
    endloop
  endfacet
  facet normal 8.619092e-01 -4.593284e-01 0.000000e+00
    outer loop
      vertex -7.778942e+00 -7.668623e+00 -1.031849e+00
      vertex -7.573191e+00 -7.386237e+00 3.821617e+00
      vertex -7.964318e+00 -8.152333e+00 3.968151e+00
    endloop
  endfacet
  facet normal 7.024511e-01 -6.790562e-01 0.000000e+00
    outer loop
      vertex -7.175000e+00 -7.064681e+00 -1.031849e+00
      vertex -7.573191e+00 -7.386237e+00 3.821617e+00
      vertex -7.778942e+00 -7.668623e+00 -1.031849e+00
    endloop
  endfacet
  facet normal 5.148737e-01 -8.300219e-01 0.000000e+00
    outer loop
      vertex -7.175000e+00 -7.064681e+00 -1.031849e+00
      vertex -6.850434e+00 -6.921342e+00 3.673523e+00
      vertex -7.573191e+00 -7.386237e+00 3.821617e+00
    endloop
  endfacet
  facet normal 2.677644e-01 -9.396409e-01 0.000000e+00
    outer loop
      vertex -6.350000e+00 -6.843623e+00 -1.031849e+00
      vertex -6.850434e+00 -6.921342e+00 3.673523e+00
      vertex -7.175000e+00 -7.064681e+00 -1.031849e+00
    endloop
  endfacet
  facet normal 1.155570e-01 -9.839854e-01 0.000000e+00
    outer loop
      vertex -6.350000e+00 -6.843623e+00 -1.031849e+00
      vertex -6.421574e+00 -6.845175e+00 3.611420e+00
      vertex -6.850434e+00 -6.921342e+00 3.673523e+00
    endloop
  endfacet
  facet normal -5.906289e-02 -9.914768e-01 -0.000000e+00
    outer loop
      vertex -6.350000e+00 -6.843623e+00 -1.031849e+00
      vertex -5.986065e+00 -6.884259e+00 3.563386e+00
      vertex -6.421574e+00 -6.845175e+00 3.611420e+00
    endloop
  endfacet
  facet normal -2.401889e-01 -9.471324e-01 -0.000000e+00
    outer loop
      vertex -5.525000e+00 -7.064681e+00 -1.031849e+00
      vertex -5.986065e+00 -6.884259e+00 3.563386e+00
      vertex -6.350000e+00 -6.843623e+00 -1.031849e+00
    endloop
  endfacet
  facet normal -3.968101e-01 -9.080455e-01 -0.000000e+00
    outer loop
      vertex -5.525000e+00 -7.064681e+00 -1.031849e+00
      vertex -5.574725e+00 -7.037104e+00 3.532992e+00
      vertex -5.986065e+00 -6.884259e+00 3.563386e+00
    endloop
  endfacet
  facet normal -5.520601e-01 -8.253558e-01 -0.000000e+00
    outer loop
      vertex -5.525000e+00 -7.064681e+00 -1.031849e+00
      vertex -5.217577e+00 -7.293573e+00 3.522590e+00
      vertex -5.574725e+00 -7.037104e+00 3.532992e+00
    endloop
  endfacet
  facet normal -6.841140e-01 -6.977761e-01 0.000000e+00
    outer loop
      vertex -4.921058e+00 -7.668623e+00 -1.031849e+00
      vertex -5.217577e+00 -7.293573e+00 3.522590e+00
      vertex -5.525000e+00 -7.064681e+00 -1.031849e+00
    endloop
  endfacet
  facet normal -8.021226e-01 -5.825112e-01 0.000000e+00
    outer loop
      vertex -4.921058e+00 -7.668623e+00 -1.031849e+00
      vertex -4.940857e+00 -7.635242e+00 3.533000e+00
      vertex -5.217577e+00 -7.293573e+00 3.522590e+00
    endloop
  endfacet
  facet normal -8.936660e-01 -4.323215e-01 0.000000e+00
    outer loop
      vertex -4.764438e+00 -8.037012e+00 3.563400e+00
      vertex -4.940857e+00 -7.635242e+00 3.533000e+00
      vertex -4.921058e+00 -7.668623e+00 -1.031849e+00
    endloop
  endfacet
  facet normal -9.423240e-01 -2.589113e-01 0.000000e+00
    outer loop
      vertex -4.700000e+00 -8.493623e+00 -1.031849e+00
      vertex -4.764438e+00 -8.037012e+00 3.563400e+00
      vertex -4.921058e+00 -7.668623e+00 -1.031849e+00
    endloop
  endfacet
  facet normal -9.869466e-01 -9.711912e-02 -0.000000e+00
    outer loop
      vertex -4.700176e+00 -8.469494e+00 3.611435e+00
      vertex -4.764438e+00 -8.037012e+00 3.563400e+00
      vertex -4.700000e+00 -8.493623e+00 -1.031849e+00
    endloop
  endfacet
  facet normal 9.927914e-01 -6.894740e-02 0.000000e+00
    outer loop
      vertex -8.000000e+00 -8.493623e+00 3.968151e+00
      vertex -8.000000e+00 -8.493623e+00 -1.031849e+00
      vertex -7.964318e+00 -8.152333e+00 3.968151e+00
    endloop
  endfacet
  facet normal 9.848104e-01 9.947685e-02 0.000000e+00
    outer loop
      vertex -7.924812e+00 -8.986033e+00 3.968151e+00
      vertex -8.000000e+00 -8.493623e+00 -1.031849e+00
      vertex -8.000000e+00 -8.493623e+00 3.968151e+00
    endloop
  endfacet
  facet normal 9.401522e-01 2.661435e-01 0.000000e+00
    outer loop
      vertex -7.924812e+00 -8.986033e+00 3.968151e+00
      vertex -7.778942e+00 -9.318622e+00 -1.031849e+00
      vertex -8.000000e+00 -8.493623e+00 -1.031849e+00
    endloop
  endfacet
  facet normal 8.355770e-01 5.085911e-01 0.000000e+00
    outer loop
      vertex -7.482353e+00 -9.693738e+00 3.968151e+00
      vertex -7.778942e+00 -9.318622e+00 -1.031849e+00
      vertex -7.924812e+00 -8.986033e+00 3.968151e+00
    endloop
  endfacet
  facet normal 6.840999e-01 6.977894e-01 0.000000e+00
    outer loop
      vertex -7.482353e+00 -9.693738e+00 3.968151e+00
      vertex -7.175000e+00 -9.922565e+00 -1.031849e+00
      vertex -7.778942e+00 -9.318622e+00 -1.031849e+00
    endloop
  endfacet
  facet normal 4.762640e-01 8.545051e-01 0.000000e+00
    outer loop
      vertex -6.750154e+00 -1.009437e+01 3.968151e+00
      vertex -7.175000e+00 -9.922565e+00 -1.031849e+00
      vertex -7.482353e+00 -9.693738e+00 3.968151e+00
    endloop
  endfacet
  facet normal 2.475059e-01 9.453908e-01 0.000000e+00
    outer loop
      vertex -6.750154e+00 -1.009437e+01 3.968151e+00
      vertex -6.350000e+00 -1.014362e+01 -1.031849e+00
      vertex -7.175000e+00 -9.922565e+00 -1.031849e+00
    endloop
  endfacet
  facet normal -6.925041e-03 9.782876e-01 0.000000e+00
    outer loop
      vertex -5.915567e+00 -1.008540e+01 3.968151e+00
      vertex -6.350000e+00 -1.014362e+01 -1.031849e+00
      vertex -6.750154e+00 -1.009437e+01 3.968151e+00
    endloop
  endfacet
  facet normal -2.544309e-01 9.435804e-01 0.000000e+00
    outer loop
      vertex -5.915567e+00 -1.008540e+01 3.968151e+00
      vertex -5.525000e+00 -9.922565e+00 -1.031849e+00
      vertex -6.350000e+00 -1.014362e+01 -1.031849e+00
    endloop
  endfacet
  facet normal -4.921055e-01 8.439605e-01 0.000000e+00
    outer loop
      vertex -5.173512e+00 -9.650503e+00 3.821628e+00
      vertex -5.525000e+00 -9.922565e+00 -1.031849e+00
      vertex -5.915567e+00 -1.008540e+01 3.968151e+00
    endloop
  endfacet
  facet normal -6.930164e-01 6.890551e-01 0.000000e+00
    outer loop
      vertex -5.173512e+00 -9.650503e+00 3.821628e+00
      vertex -4.921058e+00 -9.318622e+00 -1.031849e+00
      vertex -5.525000e+00 -9.922565e+00 -1.031849e+00
    endloop
  endfacet
  facet normal -8.493088e-01 4.828937e-01 0.000000e+00
    outer loop
      vertex -4.751352e+00 -8.902066e+00 3.673544e+00
      vertex -4.921058e+00 -9.318622e+00 -1.031849e+00
      vertex -5.173512e+00 -9.650503e+00 3.821628e+00
    endloop
  endfacet
  facet normal -9.449676e-01 2.491804e-01 0.000000e+00
    outer loop
      vertex -4.751352e+00 -8.902066e+00 3.673544e+00
      vertex -4.700000e+00 -8.493623e+00 -1.031849e+00
      vertex -4.921058e+00 -9.318622e+00 -1.031849e+00
    endloop
  endfacet
  facet normal -9.895902e-01 7.763919e-02 0.000000e+00
    outer loop
      vertex -4.700176e+00 -8.469494e+00 3.611435e+00
      vertex -4.700000e+00 -8.493623e+00 -1.031849e+00
      vertex -4.751352e+00 -8.902066e+00 3.673544e+00
    endloop
  endfacet
  facet normal 2.401889e-01 9.471324e-01 0.000000e+00
    outer loop
      vertex 6.350000e+00 3.316377e+00 -1.031849e+00
      vertex 5.525000e+00 3.537436e+00 -1.031849e+00
      vertex 5.986065e+00 3.357014e+00 3.563386e+00
    endloop
  endfacet
  facet normal 3.968101e-01 9.080455e-01 0.000000e+00
    outer loop
      vertex 5.525000e+00 3.537436e+00 -1.031849e+00
      vertex 5.574725e+00 3.509858e+00 3.532992e+00
      vertex 5.986065e+00 3.357014e+00 3.563386e+00
    endloop
  endfacet
  facet normal 5.520601e-01 8.253558e-01 0.000000e+00
    outer loop
      vertex 5.525000e+00 3.537436e+00 -1.031849e+00
      vertex 5.217577e+00 3.766328e+00 3.522590e+00
      vertex 5.574725e+00 3.509858e+00 3.532992e+00
    endloop
  endfacet
  facet normal 6.841140e-01 6.977761e-01 0.000000e+00
    outer loop
      vertex 4.921058e+00 4.141378e+00 -1.031849e+00
      vertex 5.217577e+00 3.766328e+00 3.522590e+00
      vertex 5.525000e+00 3.537436e+00 -1.031849e+00
    endloop
  endfacet
  facet normal 8.021226e-01 5.825112e-01 0.000000e+00
    outer loop
      vertex 4.921058e+00 4.141378e+00 -1.031849e+00
      vertex 4.940857e+00 4.107997e+00 3.533000e+00
      vertex 5.217577e+00 3.766328e+00 3.522590e+00
    endloop
  endfacet
  facet normal 8.936660e-01 4.323215e-01 0.000000e+00
    outer loop
      vertex 4.764438e+00 4.509767e+00 3.563400e+00
      vertex 4.940857e+00 4.107997e+00 3.533000e+00
      vertex 4.921058e+00 4.141378e+00 -1.031849e+00
    endloop
  endfacet
  facet normal 9.423240e-01 2.589113e-01 0.000000e+00
    outer loop
      vertex 4.700000e+00 4.966377e+00 -1.031849e+00
      vertex 4.764438e+00 4.509767e+00 3.563400e+00
      vertex 4.921058e+00 4.141378e+00 -1.031849e+00
    endloop
  endfacet
  facet normal 9.869466e-01 9.711912e-02 0.000000e+00
    outer loop
      vertex 4.700176e+00 4.942248e+00 3.611435e+00
      vertex 4.764438e+00 4.509767e+00 3.563400e+00
      vertex 4.700000e+00 4.966377e+00 -1.031849e+00
    endloop
  endfacet
  facet normal 5.906289e-02 9.914768e-01 0.000000e+00
    outer loop
      vertex 6.421574e+00 3.317930e+00 3.611420e+00
      vertex 6.350000e+00 3.316377e+00 -1.031849e+00
      vertex 5.986065e+00 3.357014e+00 3.563386e+00
    endloop
  endfacet
  facet normal -1.155570e-01 9.839854e-01 0.000000e+00
    outer loop
      vertex 6.850434e+00 3.394096e+00 3.673523e+00
      vertex 6.350000e+00 3.316377e+00 -1.031849e+00
      vertex 6.421574e+00 3.317930e+00 3.611420e+00
    endloop
  endfacet
  facet normal -2.677644e-01 9.396408e-01 0.000000e+00
    outer loop
      vertex 6.850434e+00 3.394096e+00 3.673523e+00
      vertex 7.175000e+00 3.537436e+00 -1.031849e+00
      vertex 6.350000e+00 3.316377e+00 -1.031849e+00
    endloop
  endfacet
  facet normal -5.148737e-01 8.300219e-01 0.000000e+00
    outer loop
      vertex 7.573191e+00 3.858992e+00 3.821617e+00
      vertex 7.175000e+00 3.537436e+00 -1.031849e+00
      vertex 6.850434e+00 3.394096e+00 3.673523e+00
    endloop
  endfacet
  facet normal -7.024511e-01 6.790562e-01 0.000000e+00
    outer loop
      vertex 7.573191e+00 3.858992e+00 3.821617e+00
      vertex 7.778942e+00 4.141378e+00 -1.031849e+00
      vertex 7.175000e+00 3.537436e+00 -1.031849e+00
    endloop
  endfacet
  facet normal -8.619092e-01 4.593284e-01 0.000000e+00
    outer loop
      vertex 7.964318e+00 4.625088e+00 3.968151e+00
      vertex 7.778942e+00 4.141378e+00 -1.031849e+00
      vertex 7.573191e+00 3.858992e+00 3.821617e+00
    endloop
  endfacet
  facet normal -9.481332e-01 2.356141e-01 0.000000e+00
    outer loop
      vertex 7.964318e+00 4.625088e+00 3.968151e+00
      vertex 8.000000e+00 4.966377e+00 -1.031849e+00
      vertex 7.778942e+00 4.141378e+00 -1.031849e+00
    endloop
  endfacet
  facet normal -9.776018e-01 -3.052945e-02 -0.000000e+00
    outer loop
      vertex 7.924812e+00 5.458788e+00 3.968151e+00
      vertex 8.000000e+00 4.966377e+00 -1.031849e+00
      vertex 7.964318e+00 4.625088e+00 3.968151e+00
    endloop
  endfacet
  facet normal -9.401522e-01 -2.661435e-01 0.000000e+00
    outer loop
      vertex 7.924812e+00 5.458788e+00 3.968151e+00
      vertex 7.778942e+00 5.791377e+00 -1.031849e+00
      vertex 8.000000e+00 4.966377e+00 -1.031849e+00
    endloop
  endfacet
  facet normal -8.355770e-01 -5.085911e-01 0.000000e+00
    outer loop
      vertex 7.482353e+00 6.166493e+00 3.968151e+00
      vertex 7.778942e+00 5.791377e+00 -1.031849e+00
      vertex 7.924812e+00 5.458788e+00 3.968151e+00
    endloop
  endfacet
  facet normal -6.840999e-01 -6.977894e-01 0.000000e+00
    outer loop
      vertex 7.482353e+00 6.166493e+00 3.968151e+00
      vertex 7.175000e+00 6.395320e+00 -1.031849e+00
      vertex 7.778942e+00 5.791377e+00 -1.031849e+00
    endloop
  endfacet
  facet normal -4.762640e-01 -8.545051e-01 -0.000000e+00
    outer loop
      vertex 6.750154e+00 6.567120e+00 3.968151e+00
      vertex 7.175000e+00 6.395320e+00 -1.031849e+00
      vertex 7.482353e+00 6.166493e+00 3.968151e+00
    endloop
  endfacet
  facet normal -2.475059e-01 -9.453908e-01 -0.000000e+00
    outer loop
      vertex 6.750154e+00 6.567120e+00 3.968151e+00
      vertex 6.350000e+00 6.616377e+00 -1.031849e+00
      vertex 7.175000e+00 6.395320e+00 -1.031849e+00
    endloop
  endfacet
  facet normal 6.925041e-03 -9.782876e-01 0.000000e+00
    outer loop
      vertex 5.915567e+00 6.558159e+00 3.968151e+00
      vertex 6.350000e+00 6.616377e+00 -1.031849e+00
      vertex 6.750154e+00 6.567120e+00 3.968151e+00
    endloop
  endfacet
  facet normal 2.544309e-01 -9.435804e-01 0.000000e+00
    outer loop
      vertex 5.915567e+00 6.558159e+00 3.968151e+00
      vertex 5.525000e+00 6.395320e+00 -1.031849e+00
      vertex 6.350000e+00 6.616377e+00 -1.031849e+00
    endloop
  endfacet
  facet normal 4.921055e-01 -8.439605e-01 0.000000e+00
    outer loop
      vertex 5.173512e+00 6.123258e+00 3.821628e+00
      vertex 5.525000e+00 6.395320e+00 -1.031849e+00
      vertex 5.915567e+00 6.558159e+00 3.968151e+00
    endloop
  endfacet
  facet normal 6.930164e-01 -6.890551e-01 0.000000e+00
    outer loop
      vertex 5.173512e+00 6.123258e+00 3.821628e+00
      vertex 4.921058e+00 5.791377e+00 -1.031849e+00
      vertex 5.525000e+00 6.395320e+00 -1.031849e+00
    endloop
  endfacet
  facet normal 8.493088e-01 -4.828937e-01 0.000000e+00
    outer loop
      vertex 4.751352e+00 5.374820e+00 3.673544e+00
      vertex 4.921058e+00 5.791377e+00 -1.031849e+00
      vertex 5.173512e+00 6.123258e+00 3.821628e+00
    endloop
  endfacet
  facet normal 9.449676e-01 -2.491804e-01 0.000000e+00
    outer loop
      vertex 4.751352e+00 5.374820e+00 3.673544e+00
      vertex 4.700000e+00 4.966377e+00 -1.031849e+00
      vertex 4.921058e+00 5.791377e+00 -1.031849e+00
    endloop
  endfacet
  facet normal 9.895902e-01 -7.763919e-02 0.000000e+00
    outer loop
      vertex 4.700176e+00 4.942248e+00 3.611435e+00
      vertex 4.700000e+00 4.966377e+00 -1.031849e+00
      vertex 4.751352e+00 5.374820e+00 3.673544e+00
    endloop
  endfacet
  facet normal 7.795572e-01 -1.987045e-02 6.253838e-01
    outer loop
      vertex 4.088019e+01 -4.895771e+00 2.039784e+01
      vertex 4.162539e+01 -1.763623e+00 1.961752e+01
      vertex 4.100000e+01 -1.763623e+00 2.039784e+01
    endloop
  endfacet
  facet normal 7.783018e-01 -4.539688e-02 6.253836e-01
    outer loop
      vertex 4.142489e+01 -5.843612e+00 1.961752e+01
      vertex 4.162539e+01 -1.763623e+00 1.961752e+01
      vertex 4.088019e+01 -4.895771e+00 2.039784e+01
    endloop
  endfacet
  facet normal 7.770463e-01 -7.092332e-02 6.253834e-01
    outer loop
      vertex 4.080257e+01 -5.782326e+00 2.039784e+01
      vertex 4.142489e+01 -5.843612e+00 1.961752e+01
      vertex 4.088019e+01 -4.895771e+00 2.039784e+01
    endloop
  endfacet
  facet normal 7.753777e-01 -8.652119e-02 6.253824e-01
    outer loop
      vertex 4.123739e+01 -7.431205e+00 1.961752e+01
      vertex 4.142489e+01 -5.843612e+00 1.961752e+01
      vertex 4.080257e+01 -5.782326e+00 2.039784e+01
    endloop
  endfacet
  facet normal 7.716322e-01 -1.117638e-01 6.253802e-01
    outer loop
      vertex 4.021220e+01 -9.762326e+00 2.039784e+01
      vertex 4.123739e+01 -7.431205e+00 1.961752e+01
      vertex 4.080257e+01 -5.782326e+00 2.039784e+01
    endloop
  endfacet
  facet normal 7.678867e-01 -1.370065e-01 6.253781e-01
    outer loop
      vertex 4.082482e+01 -9.884167e+00 1.961752e+01
      vertex 4.123739e+01 -7.431205e+00 1.961752e+01
      vertex 4.021220e+01 -9.762326e+00 2.039784e+01
    endloop
  endfacet
  facet normal 7.638339e-01 -1.592512e-01 6.253766e-01
    outer loop
      vertex 3.997803e+01 -1.086070e+01 2.039784e+01
      vertex 4.082482e+01 -9.884167e+00 1.961752e+01
      vertex 4.021220e+01 -9.762326e+00 2.039784e+01
    endloop
  endfacet
  facet normal 7.592034e-01 -1.786134e-01 6.253770e-01
    outer loop
      vertex 4.008142e+01 -1.299300e+01 1.961752e+01
      vertex 4.082482e+01 -9.884167e+00 1.961752e+01
      vertex 3.997803e+01 -1.086070e+01 2.039784e+01
    endloop
  endfacet
  facet normal 7.530203e-01 -2.033006e-01 6.253778e-01
    outer loop
      vertex 3.923455e+01 -1.366529e+01 2.039784e+01
      vertex 4.008142e+01 -1.299300e+01 1.961752e+01
      vertex 3.997803e+01 -1.086070e+01 2.039784e+01
    endloop
  endfacet
  facet normal 7.483177e-01 -2.210439e-01 6.253788e-01
    outer loop
      vertex 3.983254e+01 -1.384672e+01 1.961752e+01
      vertex 4.008142e+01 -1.299300e+01 1.961752e+01
      vertex 3.923455e+01 -1.366529e+01 2.039784e+01
    endloop
  endfacet
  facet normal 7.408147e-01 -2.437562e-01 6.253808e-01
    outer loop
      vertex 3.829851e+01 -1.640003e+01 2.039784e+01
      vertex 3.983254e+01 -1.384672e+01 1.961752e+01
      vertex 3.923455e+01 -1.366529e+01 2.039784e+01
    endloop
  endfacet
  facet normal 7.321874e-01 -2.678673e-01 6.253821e-01
    outer loop
      vertex 3.845679e+01 -1.769294e+01 1.961752e+01
      vertex 3.983254e+01 -1.384672e+01 1.961752e+01
      vertex 3.829851e+01 -1.640003e+01 2.039784e+01
    endloop
  endfacet
  facet normal 7.235603e-01 -2.919784e-01 6.253834e-01
    outer loop
      vertex 3.787906e+01 -1.745364e+01 2.039784e+01
      vertex 3.845679e+01 -1.769294e+01 1.961752e+01
      vertex 3.829851e+01 -1.640003e+01 2.039784e+01
    endloop
  endfacet
  facet normal 7.191458e-01 -3.027970e-01 6.253830e-01
    outer loop
      vertex 3.817959e+01 -1.834608e+01 1.961752e+01
      vertex 3.845679e+01 -1.769294e+01 1.961752e+01
      vertex 3.787906e+01 -1.745364e+01 2.039784e+01
    endloop
  endfacet
  facet normal 7.082338e-01 -3.258658e-01 6.253808e-01
    outer loop
      vertex 3.615877e+01 -2.109089e+01 2.039784e+01
      vertex 3.817959e+01 -1.834608e+01 1.961752e+01
      vertex 3.787906e+01 -1.745364e+01 2.039784e+01
    endloop
  endfacet
  facet normal 6.973220e-01 -3.489345e-01 6.253787e-01
    outer loop
      vertex 3.670965e+01 -2.138532e+01 1.961752e+01
      vertex 3.817959e+01 -1.834608e+01 1.961752e+01
      vertex 3.615877e+01 -2.109089e+01 2.039784e+01
    endloop
  endfacet
  facet normal 6.867712e-01 -3.704492e-01 6.253768e-01
    outer loop
      vertex 3.594108e+01 -2.149276e+01 2.039784e+01
      vertex 3.670965e+01 -2.138532e+01 1.961752e+01
      vertex 3.615877e+01 -2.109089e+01 2.039784e+01
    endloop
  endfacet
  facet normal 6.796476e-01 -3.829313e-01 6.253767e-01
    outer loop
      vertex 3.556567e+01 -2.338981e+01 1.961752e+01
      vertex 3.670965e+01 -2.138532e+01 1.961752e+01
      vertex 3.594108e+01 -2.149276e+01 2.039784e+01
    endloop
  endfacet
  facet normal 6.665643e-01 -4.047606e-01 6.253776e-01
    outer loop
      vertex 3.409026e+01 -2.454200e+01 2.039784e+01
      vertex 3.556567e+01 -2.338981e+01 1.961752e+01
      vertex 3.594108e+01 -2.149276e+01 2.039784e+01
    endloop
  endfacet
  facet normal 6.548576e-01 -4.240489e-01 6.253785e-01
    outer loop
      vertex 3.460982e+01 -2.488920e+01 1.961752e+01
      vertex 3.556567e+01 -2.338981e+01 1.961752e+01
      vertex 3.409026e+01 -2.454200e+01 2.039784e+01
    endloop
  endfacet
  facet normal 6.418457e-01 -4.434326e-01 6.253805e-01
    outer loop
      vertex 3.297945e+01 -2.612252e+01 2.039784e+01
      vertex 3.460982e+01 -2.488920e+01 1.961752e+01
      vertex 3.409026e+01 -2.454200e+01 2.039784e+01
    endloop
  endfacet
  facet normal 6.273046e-01 -4.631278e-01 6.253818e-01
    outer loop
      vertex 3.229050e+01 -2.803134e+01 1.961752e+01
      vertex 3.460982e+01 -2.488920e+01 1.961752e+01
      vertex 3.297945e+01 -2.612252e+01 2.039784e+01
    endloop
  endfacet
  facet normal 6.120498e-01 -4.836962e-01 6.253832e-01
    outer loop
      vertex 3.169343e+01 -2.777375e+01 2.039784e+01
      vertex 3.229050e+01 -2.803134e+01 1.961752e+01
      vertex 3.297945e+01 -2.612252e+01 2.039784e+01
    endloop
  endfacet
  facet normal 6.038474e-01 -4.942282e-01 6.253833e-01
    outer loop
      vertex 3.217682e+01 -2.817044e+01 1.961752e+01
      vertex 3.229050e+01 -2.803134e+01 1.961752e+01
      vertex 3.169343e+01 -2.777375e+01 2.039784e+01
    endloop
  endfacet
  facet normal 5.890046e-01 -5.109503e-01 6.253814e-01
    outer loop
      vertex 2.946711e+01 -3.027133e+01 2.039784e+01
      vertex 3.217682e+01 -2.817044e+01 1.961752e+01
      vertex 3.169343e+01 -2.777375e+01 2.039784e+01
    endloop
  endfacet
  facet normal 5.718659e-01 -5.298583e-01 6.253793e-01
    outer loop
      vertex 2.943307e+01 -3.119667e+01 1.961752e+01
      vertex 3.217682e+01 -2.817044e+01 1.961752e+01
      vertex 2.946711e+01 -3.027133e+01 2.039784e+01
    endloop
  endfacet
  facet normal 5.547271e-01 -5.487663e-01 6.253771e-01
    outer loop
      vertex 2.899138e+01 -3.075500e+01 2.039784e+01
      vertex 2.943307e+01 -3.119667e+01 1.961752e+01
      vertex 2.946711e+01 -3.027133e+01 2.039784e+01
    endloop
  endfacet
  facet normal 5.453632e-01 -5.579666e-01 6.253766e-01
    outer loop
      vertex 2.841257e+01 -3.218287e+01 1.961752e+01
      vertex 2.943307e+01 -3.119667e+01 1.961752e+01
      vertex 2.899138e+01 -3.075500e+01 2.039784e+01
    endloop
  endfacet
  facet normal 5.265068e-01 -5.750579e-01 6.253775e-01
    outer loop
      vertex 2.601012e+01 -3.345705e+01 2.039784e+01
      vertex 2.841257e+01 -3.218287e+01 1.961752e+01
      vertex 2.899138e+01 -3.075500e+01 2.039784e+01
    endloop
  endfacet
  facet normal 5.076504e-01 -5.921492e-01 6.253783e-01
    outer loop
      vertex 2.640653e+01 -3.394012e+01 1.961752e+01
      vertex 2.841257e+01 -3.218287e+01 1.961752e+01
      vertex 2.601012e+01 -3.345705e+01 2.039784e+01
    endloop
  endfacet
  facet normal 4.915462e-01 -6.060030e-01 6.253798e-01
    outer loop
      vertex 2.544199e+01 -3.391491e+01 2.039784e+01
      vertex 2.640653e+01 -3.394012e+01 1.961752e+01
      vertex 2.601012e+01 -3.345705e+01 2.039784e+01
    endloop
  endfacet
  facet normal 4.765142e-01 -6.174547e-01 6.253812e-01
    outer loop
      vertex 2.400655e+01 -3.576888e+01 1.961752e+01
      vertex 2.640653e+01 -3.394012e+01 1.961752e+01
      vertex 2.544199e+01 -3.391491e+01 2.039784e+01
    endloop
  endfacet
  facet normal 4.559460e-01 -6.327090e-01 6.253826e-01
    outer loop
      vertex 2.277838e+01 -3.585388e+01 2.039784e+01
      vertex 2.400655e+01 -3.576888e+01 1.961752e+01
      vertex 2.544199e+01 -3.391491e+01 2.039784e+01
    endloop
  endfacet
  facet normal 4.389800e-01 -6.450596e-01 6.253834e-01
    outer loop
      vertex 2.312580e+01 -3.637381e+01 1.961752e+01
      vertex 2.400655e+01 -3.576888e+01 1.961752e+01
      vertex 2.277838e+01 -3.585388e+01 2.039784e+01
    endloop
  endfacet
  facet normal 4.217033e-01 -6.562610e-01 6.253820e-01
    outer loop
      vertex 2.093061e+01 -3.701854e+01 2.039784e+01
      vertex 2.312580e+01 -3.637381e+01 1.961752e+01
      vertex 2.277838e+01 -3.585388e+01 2.039784e+01
    endloop
  endfacet
  facet normal 3.998135e-01 -6.693799e-01 6.253799e-01
    outer loop
      vertex 1.962173e+01 -3.847326e+01 1.961752e+01
      vertex 2.312580e+01 -3.637381e+01 1.961752e+01
      vertex 2.093061e+01 -3.701854e+01 2.039784e+01
    endloop
  endfacet
  facet normal 3.779236e-01 -6.824990e-01 6.253778e-01
    outer loop
      vertex 1.932727e+01 -3.792239e+01 2.039784e+01
      vertex 1.962173e+01 -3.847326e+01 1.961752e+01
      vertex 2.093061e+01 -3.701854e+01 2.039784e+01
    endloop
  endfacet
  facet normal 3.648508e-01 -6.897578e-01 6.253768e-01
    outer loop
      vertex 1.915234e+01 -3.872028e+01 1.961752e+01
      vertex 1.962173e+01 -3.847326e+01 1.961752e+01
      vertex 1.932727e+01 -3.792239e+01 2.039784e+01
    endloop
  endfacet
  facet normal 3.435054e-01 -6.999448e-01 6.253774e-01
    outer loop
      vertex 1.595212e+01 -3.953305e+01 2.039784e+01
      vertex 1.915234e+01 -3.872028e+01 1.961752e+01
      vertex 1.932727e+01 -3.792239e+01 2.039784e+01
    endloop
  endfacet
  facet normal 3.204996e-01 -7.108264e-01 6.253782e-01
    outer loop
      vertex 1.592913e+01 -4.022002e+01 1.961752e+01
      vertex 1.915234e+01 -3.872028e+01 1.961752e+01
      vertex 1.595212e+01 -3.953305e+01 2.039784e+01
    endloop
  endfacet
  facet normal 3.004169e-01 -7.201695e-01 6.253791e-01
    outer loop
      vertex 1.569002e+01 -3.964269e+01 2.039784e+01
      vertex 1.592913e+01 -4.022002e+01 1.961752e+01
      vertex 1.595212e+01 -3.953305e+01 2.039784e+01
    endloop
  endfacet
  facet normal 2.863268e-01 -7.256455e-01 6.253806e-01
    outer loop
      vertex 1.394217e+01 -4.098455e+01 1.961752e+01
      vertex 1.592913e+01 -4.022002e+01 1.961752e+01
      vertex 1.569002e+01 -3.964269e+01 2.039784e+01
    endloop
  endfacet
  facet normal 2.622163e-01 -7.342723e-01 6.253819e-01
    outer loop
      vertex 1.190167e+01 -4.099818e+01 2.039784e+01
      vertex 1.394217e+01 -4.098455e+01 1.961752e+01
      vertex 1.569002e+01 -3.964269e+01 2.039784e+01
    endloop
  endfacet
  facet normal 2.381058e-01 -7.428991e-01 6.253832e-01
    outer loop
      vertex 1.208320e+01 -4.159658e+01 1.961752e+01
      vertex 1.394217e+01 -4.098455e+01 1.961752e+01
      vertex 1.190167e+01 -4.099818e+01 2.039784e+01
    endloop
  endfacet
  facet normal 2.176564e-01 -7.492371e-01 6.253825e-01
    outer loop
      vertex 1.052278e+01 -4.139027e+01 2.039784e+01
      vertex 1.208320e+01 -4.159658e+01 1.961752e+01
      vertex 1.190167e+01 -4.099818e+01 2.039784e+01
    endloop
  endfacet
  facet normal 1.950879e-01 -7.549922e-01 6.253805e-01
    outer loop
      vertex 8.471684e+00 -4.251707e+01 1.961752e+01
      vertex 1.208320e+01 -4.159658e+01 1.961752e+01
      vertex 1.052278e+01 -4.139027e+01 2.039784e+01
    endloop
  endfacet
  facet normal 1.703321e-01 -7.611921e-01 6.253784e-01
    outer loop
      vertex 7.998703e+00 -4.197582e+01 2.039784e+01
      vertex 8.471684e+00 -4.251707e+01 1.961752e+01
      vertex 1.052278e+01 -4.139027e+01 2.039784e+01
    endloop
  endfacet
  facet normal 1.543452e-01 -7.648995e-01 6.253770e-01
    outer loop
      vertex 8.120579e+00 -4.258844e+01 1.961752e+01
      vertex 8.471684e+00 -4.251707e+01 1.961752e+01
      vertex 7.998703e+00 -4.197582e+01 2.039784e+01
    endloop
  endfacet
  facet normal 1.310566e-01 -7.686450e-01 6.253774e-01
    outer loop
      vertex 4.661734e+00 -4.249774e+01 2.039784e+01
      vertex 8.120579e+00 -4.258844e+01 1.961752e+01
      vertex 7.998703e+00 -4.197582e+01 2.039784e+01
    endloop
  endfacet
  facet normal 1.058828e-01 -7.723797e-01 6.253781e-01
    outer loop
      vertex 4.079926e+00 -4.318808e+01 1.961752e+01
      vertex 8.120579e+00 -4.258844e+01 1.961752e+01
      vertex 4.661734e+00 -4.249774e+01 2.039784e+01
    endloop
  endfacet
  facet normal 8.070894e-02 -7.761145e-01 6.253789e-01
    outer loop
      vertex 4.018703e+00 -4.256620e+01 2.039784e+01
      vertex 4.079926e+00 -4.318808e+01 1.961752e+01
      vertex 4.661734e+00 -4.249774e+01 2.039784e+01
    endloop
  endfacet
  facet normal 6.890876e-02 -7.771943e-01 6.253801e-01
    outer loop
      vertex 2.843304e+00 -4.329154e+01 1.961752e+01
      vertex 4.079926e+00 -4.318808e+01 1.961752e+01
      vertex 4.018703e+00 -4.256620e+01 2.039784e+01
    endloop
  endfacet
  facet normal 4.333243e-02 -7.784508e-01 6.253814e-01
    outer loop
      vertex -7.531578e-15 -4.276362e+01 2.039784e+01
      vertex 2.843304e+00 -4.329154e+01 1.961752e+01
      vertex 4.018703e+00 -4.256620e+01 2.039784e+01
    endloop
  endfacet
  facet normal 1.775611e-02 -7.797072e-01 6.253827e-01
    outer loop
      vertex 5.604633e-06 -4.338895e+01 1.961752e+01
      vertex 2.843304e+00 -4.329154e+01 1.961752e+01
      vertex -7.531578e-15 -4.276362e+01 2.039784e+01
    endloop
  endfacet
  facet normal -1.012564e-02 -7.801237e-01 6.253824e-01
    outer loop
      vertex -1.577990e+00 -4.273325e+01 2.039784e+01
      vertex 5.604633e-06 -4.338895e+01 1.961752e+01
      vertex -7.531578e-15 -4.276362e+01 2.039784e+01
    endloop
  endfacet
  facet normal -2.787152e-02 -7.795168e-01 6.253808e-01
    outer loop
      vertex -2.837381e+00 -4.329161e+01 1.961752e+01
      vertex 5.604633e-06 -4.338895e+01 1.961752e+01
      vertex -1.577990e+00 -4.273325e+01 2.039784e+01
    endloop
  endfacet
  facet normal -5.336141e-02 -7.782635e-01 6.253787e-01
    outer loop
      vertex -4.018703e+00 -4.256620e+01 2.039784e+01
      vertex -2.837381e+00 -4.329161e+01 1.961752e+01
      vertex -1.577990e+00 -4.273325e+01 2.039784e+01
    endloop
  endfacet
  facet normal -6.881825e-02 -7.772042e-01 6.253774e-01
    outer loop
      vertex -4.079910e+00 -4.318782e+01 1.961752e+01
      vertex -2.837381e+00 -4.329161e+01 1.961752e+01
      vertex -4.018703e+00 -4.256620e+01 2.039784e+01
    endloop
  endfacet
  facet normal -9.949365e-02 -7.732598e-01 6.253775e-01
    outer loop
      vertex -7.644717e+00 -4.204461e+01 2.039784e+01
      vertex -4.079910e+00 -4.318782e+01 1.961752e+01
      vertex -4.018703e+00 -4.256620e+01 2.039784e+01
    endloop
  endfacet
  facet normal -1.246675e-01 -7.695261e-01 6.253783e-01
    outer loop
      vertex -8.120640e+00 -4.258870e+01 1.961752e+01
      vertex -4.079910e+00 -4.318782e+01 1.961752e+01
      vertex -7.644717e+00 -4.204461e+01 2.039784e+01
    endloop
  endfacet
  facet normal -1.498413e-01 -7.657925e-01 6.253790e-01
    outer loop
      vertex -7.998703e+00 -4.197582e+01 2.039784e+01
      vertex -8.120640e+00 -4.258870e+01 1.961752e+01
      vertex -7.644717e+00 -4.204461e+01 2.039784e+01
    endloop
  endfacet
  facet normal -1.542392e-01 -7.649190e-01 6.253795e-01
    outer loop
      vertex -8.465888e+00 -4.251857e+01 1.961752e+01
      vertex -8.120640e+00 -4.258870e+01 1.961752e+01
      vertex -7.998703e+00 -4.197582e+01 2.039784e+01
    endloop
  endfacet
  facet normal -1.790786e-01 -7.586970e-01 6.253808e-01
    outer loop
      vertex -1.190167e+01 -4.099818e+01 2.039784e+01
      vertex -8.465888e+00 -4.251857e+01 1.961752e+01
      vertex -7.998703e+00 -4.197582e+01 2.039784e+01
    endloop
  endfacet
  facet normal -2.039181e-01 -7.524750e-01 6.253822e-01
    outer loop
      vertex -1.208319e+01 -4.159658e+01 1.961752e+01
      vertex -8.465888e+00 -4.251857e+01 1.961752e+01
      vertex -1.190167e+01 -4.099818e+01 2.039784e+01
    endloop
  endfacet
  facet normal -2.354480e-01 -7.438334e-01 6.253825e-01
    outer loop
      vertex -1.329276e+01 -4.054896e+01 2.039784e+01
      vertex -1.208319e+01 -4.159658e+01 1.961752e+01
      vertex -1.190167e+01 -4.099818e+01 2.039784e+01
    endloop
  endfacet
  facet normal -2.470519e-01 -7.400129e-01 6.253815e-01
    outer loop
      vertex -1.393668e+01 -4.098616e+01 1.961752e+01
      vertex -1.208319e+01 -4.159658e+01 1.961752e+01
      vertex -1.329276e+01 -4.054896e+01 2.039784e+01
    endloop
  endfacet
  facet normal -2.710810e-01 -7.314141e-01 6.253793e-01
    outer loop
      vertex -1.569002e+01 -3.964269e+01 2.039784e+01
      vertex -1.393668e+01 -4.098616e+01 1.961752e+01
      vertex -1.329276e+01 -4.054896e+01 2.039784e+01
    endloop
  endfacet
  facet normal -2.862640e-01 -7.256727e-01 6.253780e-01
    outer loop
      vertex -1.592904e+01 -4.021977e+01 1.961752e+01
      vertex -1.393668e+01 -4.098616e+01 1.961752e+01
      vertex -1.569002e+01 -3.964269e+01 2.039784e+01
    endloop
  endfacet
  facet normal -3.164485e-01 -7.127412e-01 6.253772e-01
    outer loop
      vertex -1.849873e+01 -3.835320e+01 2.039784e+01
      vertex -1.592904e+01 -4.021977e+01 1.961752e+01
      vertex -1.569002e+01 -3.964269e+01 2.039784e+01
    endloop
  endfacet
  facet normal -3.364967e-01 -7.034170e-01 6.253777e-01
    outer loop
      vertex -1.914775e+01 -3.872288e+01 1.961752e+01
      vertex -1.592904e+01 -4.021977e+01 1.961752e+01
      vertex -1.849873e+01 -3.835320e+01 2.039784e+01
    endloop
  endfacet
  facet normal -3.595025e-01 -6.925367e-01 6.253784e-01
    outer loop
      vertex -1.932727e+01 -3.792239e+01 2.039784e+01
      vertex -1.914775e+01 -3.872288e+01 1.961752e+01
      vertex -1.849873e+01 -3.835320e+01 2.039784e+01
    endloop
  endfacet
  facet normal -3.647490e-01 -6.898095e-01 6.253789e-01
    outer loop
      vertex -1.962186e+01 -3.847348e+01 1.961752e+01
      vertex -1.914775e+01 -3.872288e+01 1.961752e+01
      vertex -1.932727e+01 -3.792239e+01 2.039784e+01
    endloop
  endfacet
  facet normal -3.896719e-01 -6.750876e-01 6.253806e-01
    outer loop
      vertex -2.277838e+01 -3.585388e+01 2.039784e+01
      vertex -1.962186e+01 -3.847348e+01 1.961752e+01
      vertex -1.932727e+01 -3.792239e+01 2.039784e+01
    endloop
  endfacet
  facet normal -4.116372e-01 -6.619219e-01 6.253819e-01
    outer loop
      vertex -2.312579e+01 -3.637382e+01 1.961752e+01
      vertex -1.962186e+01 -3.847348e+01 1.961752e+01
      vertex -2.277838e+01 -3.585388e+01 2.039784e+01
    endloop
  endfacet
  facet normal -4.365794e-01 -6.467369e-01 6.253830e-01
    outer loop
      vertex -2.324577e+01 -3.553690e+01 2.039784e+01
      vertex -2.312579e+01 -3.637382e+01 1.961752e+01
      vertex -2.277838e+01 -3.585388e+01 2.039784e+01
    endloop
  endfacet
  facet normal -4.420758e-01 -6.429610e-01 6.253824e-01
    outer loop
      vertex -2.400241e+01 -3.577152e+01 1.961752e+01
      vertex -2.312579e+01 -3.637382e+01 1.961752e+01
      vertex -2.324577e+01 -3.553690e+01 2.039784e+01
    endloop
  endfacet
  facet normal -4.498154e-01 -6.375837e-01 6.253815e-01
    outer loop
      vertex -2.399509e+01 -3.500871e+01 2.039784e+01
      vertex -2.400241e+01 -3.577152e+01 1.961752e+01
      vertex -2.324577e+01 -3.553690e+01 2.039784e+01
    endloop
  endfacet
  facet normal -4.549886e-01 -6.339287e-01 6.253809e-01
    outer loop
      vertex -2.435317e+01 -3.536679e+01 1.977396e+01
      vertex -2.400241e+01 -3.577152e+01 1.961752e+01
      vertex -2.399509e+01 -3.500871e+01 2.039784e+01
    endloop
  endfacet
  facet normal -4.677513e-01 -6.240988e-01 6.253794e-01
    outer loop
      vertex -2.435317e+01 -3.536679e+01 1.977396e+01
      vertex -2.640631e+01 -3.393984e+01 1.961752e+01
      vertex -2.400241e+01 -3.577152e+01 1.961752e+01
    endloop
  endfacet
  facet normal -4.827571e-01 -6.126676e-01 6.253775e-01
    outer loop
      vertex -2.632731e+01 -3.384356e+01 1.977396e+01
      vertex -2.640631e+01 -3.393984e+01 1.961752e+01
      vertex -2.435317e+01 -3.536679e+01 1.977396e+01
    endloop
  endfacet
  facet normal -5.075793e-01 -5.922151e-01 6.253759e-01
    outer loop
      vertex -2.632731e+01 -3.384356e+01 1.977396e+01
      vertex -2.840932e+01 -3.218582e+01 1.961752e+01
      vertex -2.640631e+01 -3.393984e+01 1.961752e+01
    endloop
  endfacet
  facet normal -5.264291e-01 -5.751312e-01 6.253765e-01
    outer loop
      vertex -2.934493e+01 -3.110855e+01 1.977396e+01
      vertex -2.840932e+01 -3.218582e+01 1.961752e+01
      vertex -2.632731e+01 -3.384356e+01 1.977396e+01
    endloop
  endfacet
  facet normal -5.452790e-01 -5.580474e-01 6.253771e-01
    outer loop
      vertex -2.934493e+01 -3.110855e+01 1.977396e+01
      vertex -2.943316e+01 -3.119673e+01 1.961752e+01
      vertex -2.840932e+01 -3.218582e+01 1.961752e+01
    endloop
  endfacet
  facet normal -5.688464e-01 -5.329201e-01 6.253798e-01
    outer loop
      vertex -3.207994e+01 -2.809093e+01 1.977396e+01
      vertex -2.943316e+01 -3.119673e+01 1.961752e+01
      vertex -2.934493e+01 -3.110855e+01 1.977396e+01
    endloop
  endfacet
  facet normal -5.860341e-01 -5.139568e-01 6.253817e-01
    outer loop
      vertex -3.207994e+01 -2.809093e+01 1.977396e+01
      vertex -3.217685e+01 -2.817048e+01 1.961752e+01
      vertex -2.943316e+01 -3.119673e+01 1.961752e+01
    endloop
  endfacet
  facet normal -6.039209e-01 -4.941380e-01 6.253836e-01
    outer loop
      vertex -3.228809e+01 -2.803433e+01 1.961752e+01
      vertex -3.217685e+01 -2.817048e+01 1.961752e+01
      vertex -3.207994e+01 -2.809093e+01 1.977396e+01
    endloop
  endfacet
  facet normal -6.134903e-01 -4.817342e-01 6.253824e-01
    outer loop
      vertex -3.360317e+01 -2.611679e+01 1.977396e+01
      vertex -3.228809e+01 -2.803433e+01 1.961752e+01
      vertex -3.207994e+01 -2.809093e+01 1.977396e+01
    endloop
  endfacet
  facet normal -6.287072e-01 -4.612152e-01 6.253803e-01
    outer loop
      vertex -3.460965e+01 -2.488908e+01 1.961752e+01
      vertex -3.228809e+01 -2.803433e+01 1.961752e+01
      vertex -3.360317e+01 -2.611679e+01 1.977396e+01
    endloop
  endfacet
  facet normal -6.378740e-01 -4.492569e-01 6.253791e-01
    outer loop
      vertex -3.409026e+01 -2.454200e+01 2.039784e+01
      vertex -3.360317e+01 -2.611679e+01 1.977396e+01
      vertex -3.324509e+01 -2.575871e+01 2.039784e+01
    endloop
  endfacet
  facet normal -6.432252e-01 -4.415517e-01 6.253783e-01
    outer loop
      vertex -3.409026e+01 -2.454200e+01 2.039784e+01
      vertex -3.460965e+01 -2.488908e+01 1.961752e+01
      vertex -3.360317e+01 -2.611679e+01 1.977396e+01
    endloop
  endfacet
  facet normal -6.516665e-01 -4.291644e-01 6.253772e-01
    outer loop
      vertex -3.453203e+01 -2.386653e+01 2.039784e+01
      vertex -3.460965e+01 -2.488908e+01 1.961752e+01
      vertex -3.409026e+01 -2.454200e+01 2.039784e+01
    endloop
  endfacet
  facet normal -6.576105e-01 -4.198436e-01 6.253768e-01
    outer loop
      vertex -3.453203e+01 -2.386653e+01 2.039784e+01
      vertex -3.556402e+01 -2.339242e+01 1.961752e+01
      vertex -3.460965e+01 -2.488908e+01 1.961752e+01
    endloop
  endfacet
  facet normal -6.706920e-01 -3.980189e-01 6.253772e-01
    outer loop
      vertex -3.615877e+01 -2.109089e+01 2.039784e+01
      vertex -3.556402e+01 -2.339242e+01 1.961752e+01
      vertex -3.453203e+01 -2.386653e+01 2.039784e+01
    endloop
  endfacet
  facet normal -6.809799e-01 -3.804662e-01 6.253777e-01
    outer loop
      vertex -3.615877e+01 -2.109089e+01 2.039784e+01
      vertex -3.670981e+01 -2.138539e+01 1.961752e+01
      vertex -3.556402e+01 -2.339242e+01 1.961752e+01
    endloop
  endfacet
  facet normal -6.947220e-01 -3.547157e-01 6.253798e-01
    outer loop
      vertex -3.719939e+01 -1.900327e+01 2.039784e+01
      vertex -3.670981e+01 -2.138539e+01 1.961752e+01
      vertex -3.615877e+01 -2.109089e+01 2.039784e+01
    endloop
  endfacet
  facet normal -7.039127e-01 -3.357084e-01 6.253815e-01
    outer loop
      vertex -3.719939e+01 -1.900327e+01 2.039784e+01
      vertex -3.817878e+01 -1.834834e+01 1.961752e+01
      vertex -3.670981e+01 -2.138539e+01 1.961752e+01
    endloop
  endfacet
  facet normal -7.148523e-01 -3.125788e-01 6.253833e-01
    outer loop
      vertex -3.787906e+01 -1.745364e+01 2.039784e+01
      vertex -3.817878e+01 -1.834834e+01 1.961752e+01
      vertex -3.719939e+01 -1.900327e+01 2.039784e+01
    endloop
  endfacet
  facet normal -7.191873e-01 -3.026959e-01 6.253837e-01
    outer loop
      vertex -3.787906e+01 -1.745364e+01 2.039784e+01
      vertex -3.845683e+01 -1.769296e+01 1.961752e+01
      vertex -3.817878e+01 -1.834834e+01 1.961752e+01
    endloop
  endfacet
  facet normal -7.295036e-01 -2.746458e-01 6.253815e-01
    outer loop
      vertex -3.922855e+01 -1.368507e+01 2.039784e+01
      vertex -3.845683e+01 -1.769296e+01 1.961752e+01
      vertex -3.787906e+01 -1.745364e+01 2.039784e+01
    endloop
  endfacet
  facet normal -7.381091e-01 -2.505928e-01 6.253795e-01
    outer loop
      vertex -3.922855e+01 -1.368507e+01 2.039784e+01
      vertex -3.983234e+01 -1.384665e+01 1.961752e+01
      vertex -3.845683e+01 -1.769296e+01 1.961752e+01
    endloop
  endfacet
  facet normal -7.467147e-01 -2.265398e-01 6.253774e-01
    outer loop
      vertex -3.923455e+01 -1.366529e+01 2.039784e+01
      vertex -3.983234e+01 -1.384665e+01 1.961752e+01
      vertex -3.922855e+01 -1.368507e+01 2.039784e+01
    endloop
  endfacet
  facet normal -7.483010e-01 -2.211062e-01 6.253771e-01
    outer loop
      vertex -3.923455e+01 -1.366529e+01 2.039784e+01
      vertex -4.008086e+01 -1.299446e+01 1.961752e+01
      vertex -3.983234e+01 -1.384665e+01 1.961752e+01
    endloop
  endfacet
  facet normal -7.544838e-01 -1.964240e-01 6.253775e-01
    outer loop
      vertex -4.021220e+01 -9.762326e+00 2.039784e+01
      vertex -4.008086e+01 -1.299446e+01 1.961752e+01
      vertex -3.923455e+01 -1.366529e+01 2.039784e+01
    endloop
  endfacet
  facet normal -7.606666e-01 -1.717418e-01 6.253778e-01
    outer loop
      vertex -4.021220e+01 -9.762326e+00 2.039784e+01
      vertex -4.082500e+01 -9.884192e+00 1.961752e+01
      vertex -4.008086e+01 -1.299446e+01 1.961752e+01
    endloop
  endfacet
  facet normal -7.673413e-01 -1.407455e-01 6.253796e-01
    outer loop
      vertex -4.053368e+01 -7.929730e+00 2.039784e+01
      vertex -4.082500e+01 -9.884192e+00 1.961752e+01
      vertex -4.021220e+01 -9.762326e+00 2.039784e+01
    endloop
  endfacet
  facet normal -7.699184e-01 -1.254167e-01 6.253810e-01
    outer loop
      vertex -4.053368e+01 -7.929730e+00 2.039784e+01
      vertex -4.123751e+01 -7.432065e+00 1.961752e+01
      vertex -4.082500e+01 -9.884192e+00 1.961752e+01
    endloop
  endfacet
  facet normal -7.736728e-01 -1.001078e-01 6.253828e-01
    outer loop
      vertex -4.080257e+01 -5.782326e+00 2.039784e+01
      vertex -4.123751e+01 -7.432065e+00 1.961752e+01
      vertex -4.053368e+01 -7.929730e+00 2.039784e+01
    endloop
  endfacet
  facet normal -7.753870e-01 -8.642135e-02 6.253834e-01
    outer loop
      vertex -4.080257e+01 -5.782326e+00 2.039784e+01
      vertex -4.142493e+01 -5.843624e+00 1.961752e+01
      vertex -4.123751e+01 -7.432065e+00 1.961752e+01
    endloop
  endfacet
  facet normal -7.778170e-01 -5.092553e-02 6.253815e-01
    outer loop
      vertex -4.162469e+01 -1.763645e+00 1.961752e+01
      vertex -4.142493e+01 -5.843624e+00 1.961752e+01
      vertex -4.080257e+01 -5.782326e+00 2.039784e+01
    endloop
  endfacet
  facet normal -7.790697e-01 -2.540977e-02 6.253795e-01
    outer loop
      vertex -4.100000e+01 -1.763623e+00 2.039784e+01
      vertex -4.162469e+01 -1.763645e+00 1.961752e+01
      vertex -4.080257e+01 -5.782326e+00 2.039784e+01
    endloop
  endfacet
  facet normal -7.790742e-01 2.552012e-02 6.253777e-01
    outer loop
      vertex -4.080257e+01 2.255080e+00 2.039784e+01
      vertex -4.162469e+01 -1.763645e+00 1.961752e+01
      vertex -4.100000e+01 -1.763623e+00 2.039784e+01
    endloop
  endfacet
  facet normal -7.778258e-01 5.093426e-02 6.253781e-01
    outer loop
      vertex -4.080257e+01 2.255080e+00 2.039784e+01
      vertex -4.142436e+01 2.316348e+00 1.961752e+01
      vertex -4.162469e+01 -1.763645e+00 1.961752e+01
    endloop
  endfacet
  facet normal -7.754087e-01 8.626958e-02 6.253794e-01
    outer loop
      vertex -4.123732e+01 3.905015e+00 1.961752e+01
      vertex -4.142436e+01 2.316348e+00 1.961752e+01
      vertex -4.080257e+01 2.255080e+00 2.039784e+01
    endloop
  endfacet
  facet normal -7.737041e-01 9.989329e-02 6.253807e-01
    outer loop
      vertex -4.053368e+01 4.402485e+00 2.039784e+01
      vertex -4.123732e+01 3.905015e+00 1.961752e+01
      vertex -4.080257e+01 2.255080e+00 2.039784e+01
    endloop
  endfacet
  facet normal -7.699501e-01 1.252018e-01 6.253824e-01
    outer loop
      vertex -4.082555e+01 6.357084e+00 1.961752e+01
      vertex -4.123732e+01 3.905015e+00 1.961752e+01
      vertex -4.053368e+01 4.402485e+00 2.039784e+01
    endloop
  endfacet
  facet normal -7.673650e-01 1.405892e-01 6.253832e-01
    outer loop
      vertex -4.021220e+01 6.235080e+00 2.039784e+01
      vertex -4.082555e+01 6.357084e+00 1.961752e+01
      vertex -4.053368e+01 4.402485e+00 2.039784e+01
    endloop
  endfacet
  facet normal -7.606576e-01 1.717432e-01 6.253820e-01
    outer loop
      vertex -4.008106e+01 9.467387e+00 1.961752e+01
      vertex -4.082555e+01 6.357084e+00 1.961752e+01
      vertex -4.021220e+01 6.235080e+00 2.039784e+01
    endloop
  endfacet
  facet normal -7.544495e-01 1.965244e-01 6.253800e-01
    outer loop
      vertex -3.923455e+01 1.013805e+01 2.039784e+01
      vertex -4.008106e+01 9.467387e+00 1.961752e+01
      vertex -4.021220e+01 6.235080e+00 2.039784e+01
    endloop
  endfacet
  facet normal -7.482414e-01 2.213057e-01 6.253778e-01
    outer loop
      vertex -3.983235e+01 1.031937e+01 1.961752e+01
      vertex -4.008106e+01 9.467387e+00 1.961752e+01
      vertex -3.923455e+01 1.013805e+01 2.039784e+01
    endloop
  endfacet
  facet normal -7.466530e-01 2.267427e-01 6.253774e-01
    outer loop
      vertex -3.922855e+01 1.015783e+01 2.039784e+01
      vertex -3.983235e+01 1.031937e+01 1.961752e+01
      vertex -3.923455e+01 1.013805e+01 2.039784e+01
    endloop
  endfacet
  facet normal -7.380812e-01 2.507001e-01 6.253777e-01
    outer loop
      vertex -3.845628e+01 1.416552e+01 1.961752e+01
      vertex -3.983235e+01 1.031937e+01 1.961752e+01
      vertex -3.922855e+01 1.015783e+01 2.039784e+01
    endloop
  endfacet
  facet normal -7.295094e-01 2.746575e-01 6.253781e-01
    outer loop
      vertex -3.787906e+01 1.392640e+01 2.039784e+01
      vertex -3.845628e+01 1.416552e+01 1.961752e+01
      vertex -3.922855e+01 1.015783e+01 2.039784e+01
    endloop
  endfacet
  facet normal -7.192418e-01 3.025776e-01 6.253788e-01
    outer loop
      vertex -3.817848e+01 1.482067e+01 1.961752e+01
      vertex -3.845628e+01 1.416552e+01 1.961752e+01
      vertex -3.787906e+01 1.392640e+01 2.039784e+01
    endloop
  endfacet
  facet normal -7.149332e-01 3.124040e-01 6.253798e-01
    outer loop
      vertex -3.719939e+01 1.547602e+01 2.039784e+01
      vertex -3.817848e+01 1.482067e+01 1.961752e+01
      vertex -3.787906e+01 1.392640e+01 2.039784e+01
    endloop
  endfacet
  facet normal -7.039943e-01 3.355325e-01 6.253816e-01
    outer loop
      vertex -3.671030e+01 1.785844e+01 1.961752e+01
      vertex -3.817848e+01 1.482067e+01 1.961752e+01
      vertex -3.719939e+01 1.547602e+01 2.039784e+01
    endloop
  endfacet
  facet normal -6.947894e-01 3.545732e-01 6.253830e-01
    outer loop
      vertex -3.615877e+01 1.756364e+01 2.039784e+01
      vertex -3.671030e+01 1.785844e+01 1.961752e+01
      vertex -3.719939e+01 1.547602e+01 2.039784e+01
    endloop
  endfacet
  facet normal -6.809802e-01 3.804514e-01 6.253826e-01
    outer loop
      vertex -3.556441e+01 1.986538e+01 1.961752e+01
      vertex -3.671030e+01 1.785844e+01 1.961752e+01
      vertex -3.615877e+01 1.756364e+01 2.039784e+01
    endloop
  endfacet
  facet normal -6.706421e-01 3.980888e-01 6.253809e-01
    outer loop
      vertex -3.453203e+01 2.033929e+01 2.039784e+01
      vertex -3.556441e+01 1.986538e+01 1.961752e+01
      vertex -3.615877e+01 1.756364e+01 2.039784e+01
    endloop
  endfacet
  facet normal -6.575074e-01 4.200014e-01 6.253788e-01
    outer loop
      vertex -3.460968e+01 2.136180e+01 1.961752e+01
      vertex -3.556441e+01 1.986538e+01 1.961752e+01
      vertex -3.453203e+01 2.033929e+01 2.039784e+01
    endloop
  endfacet
  facet normal -6.515515e-01 4.293379e-01 6.253778e-01
    outer loop
      vertex -3.409026e+01 2.101476e+01 2.039784e+01
      vertex -3.460968e+01 2.136180e+01 1.961752e+01
      vertex -3.453203e+01 2.033929e+01 2.039784e+01
    endloop
  endfacet
  facet normal -6.342912e-01 4.532016e-01 6.253777e-01
    outer loop
      vertex -3.228759e+01 2.450674e+01 1.961752e+01
      vertex -3.460968e+01 2.136180e+01 1.961752e+01
      vertex -3.409026e+01 2.101476e+01 2.039784e+01
    endloop
  endfacet
  facet normal -6.191340e-01 4.736390e-01 6.253780e-01
    outer loop
      vertex -3.169343e+01 2.424650e+01 2.039784e+01
      vertex -3.228759e+01 2.450674e+01 1.961752e+01
      vertex -3.409026e+01 2.101476e+01 2.039784e+01
    endloop
  endfacet
  facet normal -6.039769e-01 4.940765e-01 6.253783e-01
    outer loop
      vertex -3.217638e+01 2.464289e+01 1.961752e+01
      vertex -3.228759e+01 2.450674e+01 1.961752e+01
      vertex -3.169343e+01 2.424650e+01 2.039784e+01
    endloop
  endfacet
  facet normal -6.007246e-01 4.979954e-01 6.253787e-01
    outer loop
      vertex -3.128944e+01 2.473111e+01 2.039784e+01
      vertex -3.217638e+01 2.464289e+01 1.961752e+01
      vertex -3.169343e+01 2.424650e+01 2.039784e+01
    endloop
  endfacet
  facet normal -5.835434e-01 5.169522e-01 6.253805e-01
    outer loop
      vertex -2.943359e+01 2.766996e+01 1.961752e+01
      vertex -3.217638e+01 2.464289e+01 1.961752e+01
      vertex -3.128944e+01 2.473111e+01 2.039784e+01
    endloop
  endfacet
  facet normal -5.663622e-01 5.359089e-01 6.253823e-01
    outer loop
      vertex -2.899138e+01 2.722776e+01 2.039784e+01
      vertex -2.943359e+01 2.766996e+01 1.961752e+01
      vertex -3.128944e+01 2.473111e+01 2.039784e+01
    endloop
  endfacet
  facet normal -5.453175e-01 5.580011e-01 6.253832e-01
    outer loop
      vertex -2.840980e+01 2.865906e+01 1.961752e+01
      vertex -2.943359e+01 2.766996e+01 1.961752e+01
      vertex -2.899138e+01 2.722776e+01 2.039784e+01
    endloop
  endfacet
  facet normal -5.359331e-01 5.669296e-01 6.253822e-01
    outer loop
      vertex -2.751677e+01 2.863090e+01 2.039784e+01
      vertex -2.840980e+01 2.865906e+01 1.961752e+01
      vertex -2.899138e+01 2.722776e+01 2.039784e+01
    endloop
  endfacet
  facet normal -5.170024e-01 5.840863e-01 6.253801e-01
    outer loop
      vertex -2.640644e+01 3.041269e+01 1.961752e+01
      vertex -2.840980e+01 2.865906e+01 1.961752e+01
      vertex -2.751677e+01 2.863090e+01 2.039784e+01
    endloop
  endfacet
  facet normal -5.044940e-01 5.950376e-01 6.253785e-01
    outer loop
      vertex -2.601012e+01 2.992981e+01 2.039784e+01
      vertex -2.640644e+01 3.041269e+01 1.961752e+01
      vertex -2.751677e+01 2.863090e+01 2.039784e+01
    endloop
  endfacet
  facet normal -4.799744e-01 6.146701e-01 6.253772e-01
    outer loop
      vertex -2.400210e+01 3.224387e+01 1.961752e+01
      vertex -2.640644e+01 3.041269e+01 1.961752e+01
      vertex -2.601012e+01 2.992981e+01 2.039784e+01
    endloop
  endfacet
  facet normal -4.624952e-01 6.278211e-01 6.253772e-01
    outer loop
      vertex -2.324577e+01 3.200966e+01 2.039784e+01
      vertex -2.400210e+01 3.224387e+01 1.961752e+01
      vertex -2.601012e+01 2.992981e+01 2.039784e+01
    endloop
  endfacet
  facet normal -4.420582e-01 6.429786e-01 6.253776e-01
    outer loop
      vertex -2.312547e+01 3.284614e+01 1.961752e+01
      vertex -2.400210e+01 3.224387e+01 1.961752e+01
      vertex -2.324577e+01 3.200966e+01 2.039784e+01
    endloop
  endfacet
  facet normal -4.365944e-01 6.467319e-01 6.253781e-01
    outer loop
      vertex -2.277838e+01 3.232663e+01 2.039784e+01
      vertex -2.312547e+01 3.284614e+01 1.961752e+01
      vertex -2.324577e+01 3.200966e+01 2.039784e+01
    endloop
  endfacet
  facet normal -4.116930e-01 6.618909e-01 6.253801e-01
    outer loop
      vertex -1.932727e+01 3.439515e+01 2.039784e+01
      vertex -2.312547e+01 3.284614e+01 1.961752e+01
      vertex -2.277838e+01 3.232663e+01 2.039784e+01
    endloop
  endfacet
  facet normal -3.897494e-01 6.750436e-01 6.253819e-01
    outer loop
      vertex -1.932727e+01 3.439515e+01 2.039784e+01
      vertex -1.962207e+01 3.494668e+01 1.961752e+01
      vertex -2.312547e+01 3.284614e+01 1.961752e+01
    endloop
  endfacet
  facet normal -3.648277e-01 6.897633e-01 6.253836e-01
    outer loop
      vertex -1.914798e+01 3.519613e+01 1.961752e+01
      vertex -1.962207e+01 3.494668e+01 1.961752e+01
      vertex -1.932727e+01 3.439515e+01 2.039784e+01
    endloop
  endfacet
  facet normal -3.595467e-01 6.925089e-01 6.253833e-01
    outer loop
      vertex -1.849873e+01 3.482595e+01 2.039784e+01
      vertex -1.914798e+01 3.519613e+01 1.961752e+01
      vertex -1.932727e+01 3.439515e+01 2.039784e+01
    endloop
  endfacet
  facet normal -3.364500e-01 7.034319e-01 6.253812e-01
    outer loop
      vertex -1.592910e+01 3.669257e+01 1.961752e+01
      vertex -1.914798e+01 3.519613e+01 1.961752e+01
      vertex -1.849873e+01 3.482595e+01 2.039784e+01
    endloop
  endfacet
  facet normal -3.163314e-01 7.127879e-01 6.253793e-01
    outer loop
      vertex -1.569002e+01 3.611544e+01 2.039784e+01
      vertex -1.592910e+01 3.669257e+01 1.961752e+01
      vertex -1.849873e+01 3.482595e+01 2.039784e+01
    endloop
  endfacet
  facet normal -2.861068e-01 7.257361e-01 6.253771e-01
    outer loop
      vertex -1.393657e+01 3.745853e+01 1.961752e+01
      vertex -1.592910e+01 3.669257e+01 1.961752e+01
      vertex -1.569002e+01 3.611544e+01 2.039784e+01
    endloop
  endfacet
  facet normal -2.709499e-01 7.314658e-01 6.253768e-01
    outer loop
      vertex -1.329276e+01 3.702172e+01 2.039784e+01
      vertex -1.393657e+01 3.745853e+01 1.961752e+01
      vertex -1.569002e+01 3.611544e+01 2.039784e+01
    endloop
  endfacet
  facet normal -2.469930e-01 7.400379e-01 6.253771e-01
    outer loop
      vertex -1.208301e+01 3.806882e+01 1.961752e+01
      vertex -1.393657e+01 3.745853e+01 1.961752e+01
      vertex -1.329276e+01 3.702172e+01 2.039784e+01
    endloop
  endfacet
  facet normal -2.354449e-01 7.438396e-01 6.253777e-01
    outer loop
      vertex -1.190167e+01 3.747093e+01 2.039784e+01
      vertex -1.208301e+01 3.806882e+01 1.961752e+01
      vertex -1.329276e+01 3.702172e+01 2.039784e+01
    endloop
  endfacet
  facet normal -2.040017e-01 7.524565e-01 6.253801e-01
    outer loop
      vertex -8.466043e+00 3.899173e+01 1.961752e+01
      vertex -1.208301e+01 3.806882e+01 1.961752e+01
      vertex -1.190167e+01 3.747093e+01 2.039784e+01
    endloop
  endfacet
  facet normal -1.791856e-01 7.586729e-01 6.253819e-01
    outer loop
      vertex -7.998703e+00 3.844857e+01 2.039784e+01
      vertex -8.466043e+00 3.899173e+01 1.961752e+01
      vertex -1.190167e+01 3.747093e+01 2.039784e+01
    endloop
  endfacet
  facet normal -1.543694e-01 7.648892e-01 6.253837e-01
    outer loop
      vertex -8.120709e+00 3.906194e+01 1.961752e+01
      vertex -8.466043e+00 3.899173e+01 1.961752e+01
      vertex -7.998703e+00 3.844857e+01 2.039784e+01
    endloop
  endfacet
  facet normal -1.499375e-01 7.657699e-01 6.253837e-01
    outer loop
      vertex -7.644717e+00 3.851737e+01 2.039784e+01
      vertex -8.120709e+00 3.906194e+01 1.961752e+01
      vertex -7.998703e+00 3.844857e+01 2.039784e+01
    endloop
  endfacet
  facet normal -1.246602e-01 7.695186e-01 6.253814e-01
    outer loop
      vertex -4.079956e+00 3.966059e+01 1.961752e+01
      vertex -8.120709e+00 3.906194e+01 1.961752e+01
      vertex -7.644717e+00 3.851737e+01 2.039784e+01
    endloop
  endfacet
  facet normal -9.938302e-02 7.732673e-01 6.253793e-01
    outer loop
      vertex -4.018703e+00 3.903895e+01 2.039784e+01
      vertex -4.079956e+00 3.966059e+01 1.961752e+01
      vertex -7.644717e+00 3.851737e+01 2.039784e+01
    endloop
  endfacet
  facet normal -6.862667e-02 7.772219e-01 6.253767e-01
    outer loop
      vertex -2.837586e+00 3.976406e+01 1.961752e+01
      vertex -4.079956e+00 3.966059e+01 1.961752e+01
      vertex -4.018703e+00 3.903895e+01 2.039784e+01
    endloop
  endfacet
  facet normal -5.319651e-02 7.782775e-01 6.253763e-01
    outer loop
      vertex -1.577990e+00 3.920600e+01 2.039784e+01
      vertex -2.837586e+00 3.976406e+01 1.961752e+01
      vertex -4.018703e+00 3.903895e+01 2.039784e+01
    endloop
  endfacet
  facet normal -2.778679e-02 7.795259e-01 6.253764e-01
    outer loop
      vertex 2.867664e-05 3.986108e+01 1.961752e+01
      vertex -2.837586e+00 3.976406e+01 1.961752e+01
      vertex -1.577990e+00 3.920600e+01 2.039784e+01
    endloop
  endfacet
  facet normal -1.011511e-02 7.801295e-01 6.253770e-01
    outer loop
      vertex 1.161435e-14 3.923638e+01 2.039784e+01
      vertex 2.867664e-05 3.986108e+01 1.961752e+01
      vertex -1.577990e+00 3.920600e+01 2.039784e+01
    endloop
  endfacet
  facet normal 1.763736e-02 7.797161e-01 6.253793e-01
    outer loop
      vertex 2.843606e+00 3.976441e+01 1.961752e+01
      vertex 2.867664e-05 3.986108e+01 1.961752e+01
      vertex 1.161435e-14 3.923638e+01 2.039784e+01
    endloop
  endfacet
  facet normal 4.317856e-02 7.784619e-01 6.253814e-01
    outer loop
      vertex 4.018703e+00 3.903895e+01 2.039784e+01
      vertex 2.843606e+00 3.976441e+01 1.961752e+01
      vertex 1.161435e-14 3.923638e+01 2.039784e+01
    endloop
  endfacet
  facet normal 6.871977e-02 7.772076e-01 6.253834e-01
    outer loop
      vertex 4.080001e+00 3.966132e+01 1.961752e+01
      vertex 2.843606e+00 3.976441e+01 1.961752e+01
      vertex 4.018703e+00 3.903895e+01 2.039784e+01
    endloop
  endfacet
  facet normal 8.059186e-02 7.761225e-01 6.253837e-01
    outer loop
      vertex 4.661734e+00 3.897049e+01 2.039784e+01
      vertex 4.080001e+00 3.966132e+01 1.961752e+01
      vertex 4.018703e+00 3.903895e+01 2.039784e+01
    endloop
  endfacet
  facet normal 1.058800e-01 7.723709e-01 6.253817e-01
    outer loop
      vertex 8.120559e+00 3.906131e+01 1.961752e+01
      vertex 4.080001e+00 3.966132e+01 1.961752e+01
      vertex 4.661734e+00 3.897049e+01 2.039784e+01
    endloop
  endfacet
  facet normal 1.311682e-01 7.686193e-01 6.253797e-01
    outer loop
      vertex 7.998703e+00 3.844857e+01 2.039784e+01
      vertex 8.120559e+00 3.906131e+01 1.961752e+01
      vertex 4.661734e+00 3.897049e+01 2.039784e+01
    endloop
  endfacet
  facet normal 1.545410e-01 7.648594e-01 6.253777e-01
    outer loop
      vertex 8.471691e+00 3.898984e+01 1.961752e+01
      vertex 8.120559e+00 3.906131e+01 1.961752e+01
      vertex 7.998703e+00 3.844857e+01 2.039784e+01
    endloop
  endfacet
  facet normal 1.705011e-01 7.611564e-01 6.253772e-01
    outer loop
      vertex 1.052278e+01 3.786302e+01 2.039784e+01
      vertex 8.471691e+00 3.898984e+01 1.961752e+01
      vertex 7.998703e+00 3.844857e+01 2.039784e+01
    endloop
  endfacet
  facet normal 1.951825e-01 7.549739e-01 6.253772e-01
    outer loop
      vertex 1.208305e+01 3.806877e+01 1.961752e+01
      vertex 8.471691e+00 3.898984e+01 1.961752e+01
      vertex 1.052278e+01 3.786302e+01 2.039784e+01
    endloop
  endfacet
  facet normal 2.176756e-01 7.492369e-01 6.253775e-01
    outer loop
      vertex 1.190167e+01 3.747093e+01 2.039784e+01
      vertex 1.208305e+01 3.806877e+01 1.961752e+01
      vertex 1.052278e+01 3.786302e+01 2.039784e+01
    endloop
  endfacet
  facet normal 2.380034e-01 7.429379e-01 6.253791e-01
    outer loop
      vertex 1.394204e+01 3.745716e+01 1.961752e+01
      vertex 1.208305e+01 3.806877e+01 1.961752e+01
      vertex 1.190167e+01 3.747093e+01 2.039784e+01
    endloop
  endfacet
  facet normal 2.620769e-01 7.343247e-01 6.253810e-01
    outer loop
      vertex 1.569002e+01 3.611544e+01 2.039784e+01
      vertex 1.394204e+01 3.745716e+01 1.961752e+01
      vertex 1.190167e+01 3.747093e+01 2.039784e+01
    endloop
  endfacet
  facet normal 2.861505e-01 7.257115e-01 6.253830e-01
    outer loop
      vertex 1.592935e+01 3.669322e+01 1.961752e+01
      vertex 1.394204e+01 3.745716e+01 1.961752e+01
      vertex 1.569002e+01 3.611544e+01 2.039784e+01
    endloop
  endfacet
  facet normal 3.002912e-01 7.202179e-01 6.253838e-01
    outer loop
      vertex 1.595212e+01 3.600581e+01 2.039784e+01
      vertex 1.592935e+01 3.669322e+01 1.961752e+01
      vertex 1.569002e+01 3.611544e+01 2.039784e+01
    endloop
  endfacet
  facet normal 3.204755e-01 7.108275e-01 6.253821e-01
    outer loop
      vertex 1.915252e+01 3.519321e+01 1.961752e+01
      vertex 1.592935e+01 3.669322e+01 1.961752e+01
      vertex 1.595212e+01 3.600581e+01 2.039784e+01
    endloop
  endfacet
  facet normal 3.435859e-01 6.998966e-01 6.253801e-01
    outer loop
      vertex 1.932727e+01 3.439515e+01 2.039784e+01
      vertex 1.915252e+01 3.519321e+01 1.961752e+01
      vertex 1.595212e+01 3.600581e+01 2.039784e+01
    endloop
  endfacet
  facet normal 3.650227e-01 6.896657e-01 6.253781e-01
    outer loop
      vertex 1.962174e+01 3.494613e+01 1.961752e+01
      vertex 1.915252e+01 3.519321e+01 1.961752e+01
      vertex 1.932727e+01 3.439515e+01 2.039784e+01
    endloop
  endfacet
  facet normal 3.780878e-01 6.824088e-01 6.253774e-01
    outer loop
      vertex 2.093061e+01 3.349130e+01 2.039784e+01
      vertex 1.962174e+01 3.494613e+01 1.961752e+01
      vertex 1.932727e+01 3.439515e+01 2.039784e+01
    endloop
  endfacet
  facet normal 3.999119e-01 6.693280e-01 6.253774e-01
    outer loop
      vertex 2.312549e+01 3.284607e+01 1.961752e+01
      vertex 1.962174e+01 3.494613e+01 1.961752e+01
      vertex 2.093061e+01 3.349130e+01 2.039784e+01
    endloop
  endfacet
  facet normal 4.217359e-01 6.562472e-01 6.253774e-01
    outer loop
      vertex 2.277838e+01 3.232663e+01 2.039784e+01
      vertex 2.312549e+01 3.284607e+01 1.961752e+01
      vertex 2.093061e+01 3.349130e+01 2.039784e+01
    endloop
  endfacet
  facet normal 4.389155e-01 6.451094e-01 6.253785e-01
    outer loop
      vertex 2.400629e+01 3.224128e+01 1.961752e+01
      vertex 2.312549e+01 3.284607e+01 1.961752e+01
      vertex 2.277838e+01 3.232663e+01 2.039784e+01
    endloop
  endfacet
  facet normal 4.466252e-01 6.397551e-01 6.253794e-01
    outer loop
      vertex 2.399509e+01 3.148146e+01 2.039784e+01
      vertex 2.400629e+01 3.224128e+01 1.961752e+01
      vertex 2.277838e+01 3.232663e+01 2.039784e+01
    endloop
  endfacet
  facet normal 4.547453e-01 6.341042e-01 6.253803e-01
    outer loop
      vertex 2.435317e+01 3.183955e+01 1.977396e+01
      vertex 2.400629e+01 3.224128e+01 1.961752e+01
      vertex 2.399509e+01 3.148146e+01 2.039784e+01
    endloop
  endfacet
  facet normal 4.675721e-01 6.242280e-01 6.253814e-01
    outer loop
      vertex 2.435317e+01 3.183955e+01 1.977396e+01
      vertex 2.640686e+01 3.041323e+01 1.961752e+01
      vertex 2.400629e+01 3.224128e+01 1.961752e+01
    endloop
  endfacet
  facet normal 4.826137e-01 6.127712e-01 6.253827e-01
    outer loop
      vertex 2.632731e+01 3.031632e+01 1.977396e+01
      vertex 2.640686e+01 3.041323e+01 1.961752e+01
      vertex 2.435317e+01 3.183955e+01 1.977396e+01
    endloop
  endfacet
  facet normal 5.076054e-01 5.921777e-01 6.253827e-01
    outer loop
      vertex 2.632731e+01 3.031632e+01 1.977396e+01
      vertex 2.841285e+01 2.865596e+01 1.961752e+01
      vertex 2.640686e+01 3.041323e+01 1.961752e+01
    endloop
  endfacet
  facet normal 5.265478e-01 5.750086e-01 6.253807e-01
    outer loop
      vertex 2.934493e+01 2.758131e+01 1.977396e+01
      vertex 2.841285e+01 2.865596e+01 1.961752e+01
      vertex 2.632731e+01 3.031632e+01 1.977396e+01
    endloop
  endfacet
  facet normal 5.454903e-01 5.578396e-01 6.253787e-01
    outer loop
      vertex 2.934493e+01 2.758131e+01 1.977396e+01
      vertex 2.943312e+01 2.766953e+01 1.961752e+01
      vertex 2.841285e+01 2.865596e+01 1.961752e+01
    endloop
  endfacet
  facet normal 5.689445e-01 5.328320e-01 6.253779e-01
    outer loop
      vertex 2.934493e+01 2.758131e+01 1.977396e+01
      vertex 3.217638e+01 2.464281e+01 1.961752e+01
      vertex 2.943312e+01 2.766953e+01 1.961752e+01
    endloop
  endfacet
  facet normal 5.860316e-01 5.139793e-01 6.253779e-01
    outer loop
      vertex 3.207994e+01 2.456369e+01 1.977396e+01
      vertex 3.217638e+01 2.464281e+01 1.961752e+01
      vertex 2.934493e+01 2.758131e+01 1.977396e+01
    endloop
  endfacet
  facet normal 6.038275e-01 4.942592e-01 6.253780e-01
    outer loop
      vertex 3.207994e+01 2.456369e+01 1.977396e+01
      vertex 3.229008e+01 2.450370e+01 1.961752e+01
      vertex 3.217638e+01 2.464281e+01 1.961752e+01
    endloop
  endfacet
  facet normal 6.133730e-01 4.818905e-01 6.253795e-01
    outer loop
      vertex 3.360317e+01 2.258955e+01 1.977396e+01
      vertex 3.229008e+01 2.450370e+01 1.961752e+01
      vertex 3.207994e+01 2.456369e+01 1.977396e+01
    endloop
  endfacet
  facet normal 7.795544e-01 1.992152e-02 6.253824e-01
    outer loop
      vertex 4.162539e+01 -1.763623e+00 1.961752e+01
      vertex 4.088019e+01 1.368525e+00 2.039784e+01
      vertex 4.100000e+01 -1.763623e+00 2.039784e+01
    endloop
  endfacet
  facet normal 7.782995e-01 4.545731e-02 6.253803e-01
    outer loop
      vertex 4.142431e+01 2.316290e+00 1.961752e+01
      vertex 4.088019e+01 1.368525e+00 2.039784e+01
      vertex 4.162539e+01 -1.763623e+00 1.961752e+01
    endloop
  endfacet
  facet normal 7.770446e-01 7.099310e-02 6.253784e-01
    outer loop
      vertex 4.142431e+01 2.316290e+00 1.961752e+01
      vertex 4.080257e+01 2.255080e+00 2.039784e+01
      vertex 4.088019e+01 1.368525e+00 2.039784e+01
    endloop
  endfacet
  facet normal 7.753856e-01 8.649781e-02 6.253774e-01
    outer loop
      vertex 4.123692e+01 3.903969e+00 1.961752e+01
      vertex 4.080257e+01 2.255080e+00 2.039784e+01
      vertex 4.142431e+01 2.316290e+00 1.961752e+01
    endloop
  endfacet
  facet normal 7.716522e-01 1.116663e-01 6.253774e-01
    outer loop
      vertex 4.123692e+01 3.903969e+00 1.961752e+01
      vertex 4.021220e+01 6.235080e+00 2.039784e+01
      vertex 4.080257e+01 2.255080e+00 2.039784e+01
    endloop
  endfacet
  facet normal 7.679188e-01 1.368348e-01 6.253774e-01
    outer loop
      vertex 4.082492e+01 6.356986e+00 1.961752e+01
      vertex 4.021220e+01 6.235080e+00 2.039784e+01
      vertex 4.123692e+01 3.903969e+00 1.961752e+01
    endloop
  endfacet
  facet normal 7.638699e-01 1.590701e-01 6.253785e-01
    outer loop
      vertex 4.082492e+01 6.356986e+00 1.961752e+01
      vertex 3.997803e+01 7.333459e+00 2.039784e+01
      vertex 4.021220e+01 6.235080e+00 2.039784e+01
    endloop
  endfacet
  facet normal 7.592232e-01 1.785051e-01 6.253803e-01
    outer loop
      vertex 4.008200e+01 9.465858e+00 1.961752e+01
      vertex 3.997803e+01 7.333459e+00 2.039784e+01
      vertex 4.082492e+01 6.356986e+00 1.961752e+01
    endloop
  endfacet
  facet normal 7.530115e-01 2.033052e-01 6.253822e-01
    outer loop
      vertex 4.008200e+01 9.465858e+00 1.961752e+01
      vertex 3.923455e+01 1.013805e+01 2.039784e+01
      vertex 3.997803e+01 7.333459e+00 2.039784e+01
    endloop
  endfacet
  facet normal 7.482823e-01 2.211482e-01 6.253836e-01
    outer loop
      vertex 3.983301e+01 1.031959e+01 1.961752e+01
      vertex 3.923455e+01 1.013805e+01 2.039784e+01
      vertex 4.008200e+01 9.465858e+00 1.961752e+01
    endloop
  endfacet
  facet normal 7.407613e-01 2.439122e-01 6.253825e-01
    outer loop
      vertex 3.983301e+01 1.031959e+01 1.961752e+01
      vertex 3.829851e+01 1.287278e+01 2.039784e+01
      vertex 3.923455e+01 1.013805e+01 2.039784e+01
    endloop
  endfacet
  facet normal 7.321475e-01 2.679845e-01 6.253805e-01
    outer loop
      vertex 3.845626e+01 1.416545e+01 1.961752e+01
      vertex 3.829851e+01 1.287278e+01 2.039784e+01
      vertex 3.983301e+01 1.031959e+01 1.961752e+01
    endloop
  endfacet
  facet normal 7.235339e-01 2.920569e-01 6.253785e-01
    outer loop
      vertex 3.845626e+01 1.416545e+01 1.961752e+01
      vertex 3.787906e+01 1.392640e+01 2.039784e+01
      vertex 3.829851e+01 1.287278e+01 2.039784e+01
    endloop
  endfacet
  facet normal 7.191493e-01 3.028003e-01 6.253776e-01
    outer loop
      vertex 3.817908e+01 1.481857e+01 1.961752e+01
      vertex 3.787906e+01 1.392640e+01 2.039784e+01
      vertex 3.845626e+01 1.416545e+01 1.961752e+01
    endloop
  endfacet
  facet normal 7.082706e-01 3.258013e-01 6.253776e-01
    outer loop
      vertex 3.817908e+01 1.481857e+01 1.961752e+01
      vertex 3.615877e+01 1.756364e+01 2.039784e+01
      vertex 3.787906e+01 1.392640e+01 2.039784e+01
    endloop
  endfacet
  facet normal 6.973920e-01 3.488023e-01 6.253776e-01
    outer loop
      vertex 3.670973e+01 1.785817e+01 1.961752e+01
      vertex 3.615877e+01 1.756364e+01 2.039784e+01
      vertex 3.817908e+01 1.481857e+01 1.961752e+01
    endloop
  endfacet
  facet normal 6.868625e-01 3.702776e-01 6.253781e-01
    outer loop
      vertex 3.670973e+01 1.785817e+01 1.961752e+01
      vertex 3.594108e+01 1.796551e+01 2.039784e+01
      vertex 3.615877e+01 1.756364e+01 2.039784e+01
    endloop
  endfacet
  facet normal 6.797190e-01 3.827973e-01 6.253795e-01
    outer loop
      vertex 3.556612e+01 1.986291e+01 1.961752e+01
      vertex 3.594108e+01 1.796551e+01 2.039784e+01
      vertex 3.670973e+01 1.785817e+01 1.961752e+01
    endloop
  endfacet
  facet normal 6.665758e-01 4.047261e-01 6.253815e-01
    outer loop
      vertex 3.556612e+01 1.986291e+01 1.961752e+01
      vertex 3.409026e+01 2.101476e+01 2.039784e+01
      vertex 3.594108e+01 1.796551e+01 2.039784e+01
    endloop
  endfacet
  facet normal 6.548107e-01 4.241106e-01 6.253832e-01
    outer loop
      vertex 3.461024e+01 2.136220e+01 1.961752e+01
      vertex 3.409026e+01 2.101476e+01 2.039784e+01
      vertex 3.556612e+01 1.986291e+01 1.961752e+01
    endloop
  endfacet
  facet normal 6.286038e-01 4.613548e-01 6.253814e-01
    outer loop
      vertex 3.360317e+01 2.258955e+01 1.977396e+01
      vertex 3.461024e+01 2.136220e+01 1.961752e+01
      vertex 3.229008e+01 2.450370e+01 1.961752e+01
    endloop
  endfacet
  facet normal 6.431258e-01 4.416865e-01 6.253833e-01
    outer loop
      vertex 3.360317e+01 2.258955e+01 1.977396e+01
      vertex 3.409026e+01 2.101476e+01 2.039784e+01
      vertex 3.461024e+01 2.136220e+01 1.961752e+01
    endloop
  endfacet
  facet normal 6.377378e-01 4.494422e-01 6.253828e-01
    outer loop
      vertex 3.324509e+01 2.223146e+01 2.039784e+01
      vertex 3.409026e+01 2.101476e+01 2.039784e+01
      vertex 3.360317e+01 2.258955e+01 1.977396e+01
    endloop
  endfacet
  facet normal -9.964128e-01 -1.836023e-04 -8.462454e-02
    outer loop
      vertex 4.360919e+00 -1.763623e+00 3.968151e+00
      vertex 4.345248e+00 -2.096546e+00 4.153750e+00
      vertex 4.345248e+00 -1.763623e+00 4.152667e+00
    endloop
  endfacet
  facet normal -9.964132e-01 -7.285799e-04 -8.461491e-02
    outer loop
      vertex 4.360919e+00 -1.763623e+00 3.968151e+00
      vertex 4.345248e+00 -2.752393e+00 4.162222e+00
      vertex 4.345248e+00 -2.096546e+00 4.153750e+00
    endloop
  endfacet
  facet normal -9.964148e-01 -1.719950e-03 -8.457264e-02
    outer loop
      vertex 4.364727e+00 -3.913939e+00 3.968151e+00
      vertex 4.345248e+00 -2.752393e+00 4.162222e+00
      vertex 4.360919e+00 -1.763623e+00 3.968151e+00
    endloop
  endfacet
  facet normal -9.964158e-01 -2.634698e-03 -8.454604e-02
    outer loop
      vertex 4.364727e+00 -3.913939e+00 3.968151e+00
      vertex 4.345248e+00 -3.424231e+00 4.179618e+00
      vertex 4.345248e+00 -2.752393e+00 4.162222e+00
    endloop
  endfacet
  facet normal -9.964170e-01 -3.268426e-03 -8.451214e-02
    outer loop
      vertex 4.345248e+00 -3.904343e+00 4.197456e+00
      vertex 4.345248e+00 -3.424231e+00 4.179618e+00
      vertex 4.364727e+00 -3.913939e+00 3.968151e+00
    endloop
  endfacet
  facet normal 3.402852e-03 9.991314e-01 -4.153147e-02
    outer loop
      vertex 3.897688e+00 -3.904343e+00 4.161399e+00
      vertex 4.345248e+00 -3.904343e+00 4.197456e+00
      vertex 4.364727e+00 -3.913939e+00 3.968151e+00
    endloop
  endfacet
  facet normal 3.014046e-03 9.991304e-01 -4.158303e-02
    outer loop
      vertex 4.364727e+00 -3.913939e+00 3.968151e+00
      vertex 2.898020e+00 -3.904343e+00 4.095011e+00
      vertex 3.897688e+00 -3.904343e+00 4.161399e+00
    endloop
  endfacet
  facet normal 2.560599e-03 9.991293e-01 -4.163697e-02
    outer loop
      vertex 4.364727e+00 -3.913939e+00 3.968151e+00
      vertex 2.214703e+00 -3.904343e+00 4.060870e+00
      vertex 2.898020e+00 -3.904343e+00 4.095011e+00
    endloop
  endfacet
  facet normal 2.271421e-03 9.991286e-01 -4.166560e-02
    outer loop
      vertex 1.828724e+00 -3.904343e+00 4.045617e+00
      vertex 2.214703e+00 -3.904343e+00 4.060870e+00
      vertex 4.364727e+00 -3.913939e+00 3.968151e+00
    endloop
  endfacet
  facet normal 2.226409e-04 9.991255e-01 -4.181218e-02
    outer loop
      vertex -4.756825e-05 -3.906217e+00 3.968151e+00
      vertex 2.472372e-01 -3.904343e+00 4.013529e+00
      vertex 5.706029e-01 -3.904343e+00 4.016114e+00
    endloop
  endfacet
  facet normal 6.732708e-05 9.991254e-01 -4.181413e-02
    outer loop
      vertex -3.671039e-05 -3.904343e+00 4.012932e+00
      vertex 2.472372e-01 -3.904343e+00 4.013529e+00
      vertex -4.756825e-05 -3.906217e+00 3.968151e+00
    endloop
  endfacet
  facet normal -2.221307e-05 9.991254e-01 -4.181445e-02
    outer loop
      vertex -4.756825e-05 -3.906217e+00 3.968151e+00
      vertex -8.173101e-02 -3.904343e+00 4.012997e+00
      vertex -3.671039e-05 -3.904343e+00 4.012932e+00
    endloop
  endfacet
  facet normal -1.328274e-04 9.991255e-01 -4.181346e-02
    outer loop
      vertex -4.756825e-05 -3.906217e+00 3.968151e+00
      vertex -4.064526e-01 -3.904343e+00 4.014547e+00
      vertex -8.173101e-02 -3.904343e+00 4.012997e+00
    endloop
  endfacet
  facet normal -3.115716e-04 9.991255e-01 -4.181025e-02
    outer loop
      vertex -7.384941e-01 -3.904343e+00 4.018262e+00
      vertex -4.064526e-01 -3.904343e+00 4.014547e+00
      vertex -4.756825e-05 -3.906217e+00 3.968151e+00
    endloop
  endfacet
  facet normal -2.386458e-03 9.991289e-01 -4.165465e-02
    outer loop
      vertex -4.364727e+00 -3.913939e+00 3.968151e+00
      vertex -2.527903e+00 -3.904343e+00 4.075386e+00
      vertex -1.940591e+00 -3.904343e+00 4.049738e+00
    endloop
  endfacet
  facet normal -2.765513e-03 9.991298e-01 -4.161388e-02
    outer loop
      vertex -4.364727e+00 -3.913939e+00 3.968151e+00
      vertex -3.344433e+00 -3.904343e+00 4.122243e+00
      vertex -2.527903e+00 -3.904343e+00 4.075386e+00
    endloop
  endfacet
  facet normal -3.254216e-03 9.991310e-01 -4.155129e-02
    outer loop
      vertex -4.345248e+00 -3.904343e+00 4.197456e+00
      vertex -3.344433e+00 -3.904343e+00 4.122243e+00
      vertex -4.364727e+00 -3.913939e+00 3.968151e+00
    endloop
  endfacet
  facet normal -4.982730e-04 9.991257e-01 -4.180412e-02
    outer loop
      vertex -4.756825e-05 -3.906217e+00 3.968151e+00
      vertex -1.092523e+00 -3.904343e+00 4.024598e+00
      vertex -7.384941e-01 -3.904343e+00 4.018262e+00
    endloop
  endfacet
  facet normal -7.010100e-04 9.991259e-01 -4.179423e-02
    outer loop
      vertex -4.756825e-05 -3.906217e+00 3.968151e+00
      vertex -1.483674e+00 -3.904343e+00 4.034447e+00
      vertex -1.092523e+00 -3.904343e+00 4.024598e+00
    endloop
  endfacet
  facet normal -1.575502e-03 9.991278e-01 -4.170153e-02
    outer loop
      vertex -4.364727e+00 -3.913939e+00 3.968151e+00
      vertex -1.483674e+00 -3.904343e+00 4.034447e+00
      vertex -4.756825e-05 -3.906217e+00 3.968151e+00
    endloop
  endfacet
  facet normal -2.072454e-03 9.991283e-01 -4.168162e-02
    outer loop
      vertex -4.364727e+00 -3.913939e+00 3.968151e+00
      vertex -1.826602e+00 -3.904343e+00 4.045542e+00
      vertex -1.483674e+00 -3.904343e+00 4.034447e+00
    endloop
  endfacet
  facet normal -2.196602e-03 9.991285e-01 -4.167229e-02
    outer loop
      vertex -1.940591e+00 -3.904343e+00 4.049738e+00
      vertex -1.826602e+00 -3.904343e+00 4.045542e+00
      vertex -4.364727e+00 -3.913939e+00 3.968151e+00
    endloop
  endfacet
  facet normal 2.131018e-03 9.991283e-01 -4.167752e-02
    outer loop
      vertex 4.364727e+00 -3.913939e+00 3.968151e+00
      vertex 1.696933e+00 -3.904343e+00 4.041076e+00
      vertex 1.828724e+00 -3.904343e+00 4.045617e+00
    endloop
  endfacet
  facet normal 1.979623e-03 9.991281e-01 -4.168783e-02
    outer loop
      vertex 4.364727e+00 -3.913939e+00 3.968151e+00
      vertex 1.271913e+00 -3.904343e+00 4.028743e+00
      vertex 1.696933e+00 -3.904343e+00 4.041076e+00
    endloop
  endfacet
  facet normal 1.517933e-03 9.991277e-01 -4.170501e-02
    outer loop
      vertex -4.756825e-05 -3.906217e+00 3.968151e+00
      vertex 1.271913e+00 -3.904343e+00 4.028743e+00
      vertex 4.364727e+00 -3.913939e+00 3.968151e+00
    endloop
  endfacet
  facet normal 5.922783e-04 9.991258e-01 -4.179995e-02
    outer loop
      vertex -4.756825e-05 -3.906217e+00 3.968151e+00
      vertex 9.043788e-01 -3.904343e+00 4.020926e+00
      vertex 1.271913e+00 -3.904343e+00 4.028743e+00
    endloop
  endfacet
  facet normal 4.014749e-04 9.991255e-01 -4.180766e-02
    outer loop
      vertex 5.706029e-01 -3.904343e+00 4.016114e+00
      vertex 9.043788e-01 -3.904343e+00 4.020926e+00
      vertex -4.756825e-05 -3.906217e+00 3.968151e+00
    endloop
  endfacet
  facet normal 5.479290e-01 1.260472e-01 -8.256378e-01
    outer loop
      vertex 3.115869e+01 6.965980e+00 1.302261e+01
      vertex 3.571632e+01 8.242872e+00 1.618408e+01
      vertex 3.674612e+01 3.286647e+00 1.618408e+01
    endloop
  endfacet
  facet normal 4.544568e-01 2.235931e-01 -8.609542e-01
    outer loop
      vertex 2.968157e+01 1.112789e+01 1.302261e+01
      vertex 2.514784e+01 9.158766e+00 1.018282e+01
      vertex 2.764852e+01 1.504839e+01 1.302261e+01
    endloop
  endfacet
  facet normal 4.773847e-01 2.623578e-01 -8.373550e-01
    outer loop
      vertex 3.169271e+01 1.750751e+01 1.618408e+01
      vertex 2.968157e+01 1.112789e+01 1.302261e+01
      vertex 2.764852e+01 1.504839e+01 1.302261e+01
    endloop
  endfacet
  facet normal 5.045653e-01 2.479700e-01 -8.256480e-01
    outer loop
      vertex 3.402314e+01 1.301355e+01 1.618408e+01
      vertex 2.968157e+01 1.112789e+01 1.302261e+01
      vertex 3.169271e+01 1.750751e+01 1.618408e+01
    endloop
  endfacet
  facet normal 2.350519e-01 5.107028e-01 -8.256486e-01
    outer loop
      vertex 1.706737e+01 3.116974e+01 1.618408e+01
      vertex 1.488946e+01 2.696723e+01 1.302261e+01
      vertex 1.242408e+01 3.318685e+01 1.618408e+01
    endloop
  endfacet
  facet normal 1.868349e-01 4.063702e-01 -8.934798e-01
    outer loop
      vertex 9.183125e+00 2.406965e+01 1.018282e+01
      vertex 1.261516e+01 2.257872e+01 1.018282e+01
      vertex 1.084587e+01 1.916467e+01 8.299492e+00
    endloop
  endfacet
  facet normal 1.824673e-01 4.502762e-01 -8.728386e-01
    outer loop
      vertex 9.183125e+00 2.406965e+01 1.018282e+01
      vertex 1.083869e+01 2.872695e+01 1.302261e+01
      vertex 1.261516e+01 2.257872e+01 1.018282e+01
    endloop
  endfacet
  facet normal 1.468010e-01 4.847558e-01 -8.609534e-01
    outer loop
      vertex 6.585938e+00 2.991842e+01 1.302261e+01
      vertex 1.083869e+01 2.872695e+01 1.302261e+01
      vertex 9.183125e+00 2.406965e+01 1.018282e+01
    endloop
  endfacet
  facet normal 1.613015e-01 3.979945e-01 -9.022366e-01
    outer loop
      vertex 7.895178e+00 2.044649e+01 8.299492e+00
      vertex 9.183125e+00 2.406965e+01 1.018282e+01
      vertex 1.084587e+01 1.916467e+01 8.299492e+00
    endloop
  endfacet
  facet normal 1.296555e-01 4.280768e-01 -8.934787e-01
    outer loop
      vertex 5.579965e+00 2.507912e+01 1.018282e+01
      vertex 9.183125e+00 2.406965e+01 1.018282e+01
      vertex 7.895178e+00 2.044649e+01 8.299492e+00
    endloop
  endfacet
  facet normal 1.195225e-01 4.709320e-01 -8.728366e-01
    outer loop
      vertex 5.579965e+00 2.507912e+01 1.018282e+01
      vertex 6.585938e+00 2.991842e+01 1.302261e+01
      vertex 9.183125e+00 2.406965e+01 1.018282e+01
    endloop
  endfacet
  facet normal 7.812558e-02 4.795270e-01 -8.728377e-01
    outer loop
      vertex 1.872995e+00 2.558969e+01 1.018282e+01
      vertex 6.585938e+00 2.991842e+01 1.302261e+01
      vertex 5.579965e+00 2.507912e+01 1.018282e+01
    endloop
  endfacet
  facet normal 1.056649e-01 4.162550e-01 -9.022350e-01
    outer loop
      vertex 4.797366e+00 2.131439e+01 8.299492e+00
      vertex 5.579965e+00 2.507912e+01 1.018282e+01
      vertex 7.895178e+00 2.044649e+01 8.299492e+00
    endloop
  endfacet
  facet normal 6.903696e-02 4.238597e-01 -9.022358e-01
    outer loop
      vertex 1.610305e+00 2.175334e+01 8.299492e+00
      vertex 5.579965e+00 2.507912e+01 1.018282e+01
      vertex 4.797366e+00 2.131439e+01 8.299492e+00
    endloop
  endfacet
  facet normal 5.163068e-02 4.442764e-01 -8.934805e-01
    outer loop
      vertex 1.610305e+00 2.175334e+01 8.299492e+00
      vertex 1.872995e+00 2.558969e+01 1.018282e+01
      vertex 5.579965e+00 2.507912e+01 1.018282e+01
    endloop
  endfacet
  facet normal 9.381383e-03 4.471724e-01 -8.934807e-01
    outer loop
      vertex -1.869012e+00 2.558928e+01 1.018282e+01
      vertex 1.872995e+00 2.558969e+01 1.018282e+01
      vertex 1.610305e+00 2.175334e+01 8.299492e+00
    endloop
  endfacet
  facet normal -5.960168e-03 2.233479e-01 -9.742201e-01
    outer loop
      vertex -9.658241e-01 1.237117e+01 4.893136e+00
      vertex 7.450591e-01 9.117254e+00 4.109115e+00
      vertex -7.434744e-01 9.117092e+00 4.109115e+00
    endloop
  endfacet
  facet normal 4.656370e-03 2.424754e-01 -9.696149e-01
    outer loop
      vertex -9.658241e-01 1.237117e+01 4.893136e+00
      vertex 9.678828e-01 1.237138e+01 4.893136e+00
      vertex 7.450591e-01 9.117254e+00 4.109115e+00
    endloop
  endfacet
  facet normal -8.008939e-03 2.915812e-01 -9.552951e-01
    outer loop
      vertex -1.336929e+00 1.780228e+01 6.657711e+00
      vertex 9.678828e-01 1.237138e+01 4.893136e+00
      vertex -9.658241e-01 1.237117e+01 4.893136e+00
    endloop
  endfacet
  facet normal 1.342547e-01 5.279335e-01 -8.373571e-01
    outer loop
      vertex 6.585938e+00 2.991842e+01 1.302261e+01
      vertex 7.549273e+00 3.455260e+01 1.618408e+01
      vertex 1.083869e+01 2.872695e+01 1.302261e+01
    endloop
  endfacet
  facet normal 8.733713e-02 5.376748e-01 -8.373584e-01
    outer loop
      vertex 6.585938e+00 2.991842e+01 1.302261e+01
      vertex 2.210665e+00 3.052102e+01 1.302261e+01
      vertex 7.549273e+00 3.455260e+01 1.618408e+01
    endloop
  endfacet
  facet normal 5.848651e-02 5.030919e-01 -8.609557e-01
    outer loop
      vertex 1.872995e+00 2.558969e+01 1.018282e+01
      vertex 2.210665e+00 3.052102e+01 1.302261e+01
      vertex 6.585938e+00 2.991842e+01 1.302261e+01
    endloop
  endfacet
  facet normal 1.060288e-02 5.063742e-01 -8.609560e-01
    outer loop
      vertex 1.872995e+00 2.558969e+01 1.018282e+01
      vertex -2.205963e+00 3.052054e+01 1.302261e+01
      vertex 2.210665e+00 3.052102e+01 1.302261e+01
    endloop
  endfacet
  facet normal -1.200735e-02 4.857052e-01 -8.728382e-01
    outer loop
      vertex -1.869012e+00 2.558928e+01 1.018282e+01
      vertex -2.205963e+00 3.052054e+01 1.302261e+01
      vertex 1.872995e+00 2.558969e+01 1.018282e+01
    endloop
  endfacet
  facet normal 6.467475e-02 5.584705e-01 -8.256497e-01
    outer loop
      vertex 2.210665e+00 3.052102e+01 1.302261e+01
      vertex 2.534022e+00 3.524335e+01 1.618408e+01
      vertex 7.549273e+00 3.455260e+01 1.618408e+01
    endloop
  endfacet
  facet normal 1.201680e-02 5.620801e-01 -8.256500e-01
    outer loop
      vertex 2.210665e+00 3.052102e+01 1.302261e+01
      vertex -2.528632e+00 3.524280e+01 1.618408e+01
      vertex 2.534022e+00 3.524335e+01 1.618408e+01
    endloop
  endfacet
  facet normal -1.320446e-02 5.445666e-01 -8.373590e-01
    outer loop
      vertex -2.205963e+00 3.052054e+01 1.302261e+01
      vertex -2.528632e+00 3.524280e+01 1.618408e+01
      vertex 2.210665e+00 3.052102e+01 1.302261e+01
    endloop
  endfacet
  facet normal -1.263391e-01 4.904684e-01 -8.609564e-01
    outer loop
      vertex -6.581633e+00 2.992017e+01 1.302261e+01
      vertex -5.576318e+00 2.508061e+01 1.018282e+01
      vertex -1.083454e+01 2.872841e+01 1.302261e+01
    endloop
  endfacet
  facet normal -1.596262e-01 5.208051e-01 -8.373603e-01
    outer loop
      vertex -1.241932e+01 3.318853e+01 1.618408e+01
      vertex -6.581633e+00 2.992017e+01 1.302261e+01
      vertex -1.083454e+01 2.872841e+01 1.302261e+01
    endloop
  endfacet
  facet normal -1.399986e-01 5.444915e-01 -8.256505e-01
    outer loop
      vertex -7.544339e+00 3.455461e+01 1.618408e+01
      vertex -6.581633e+00 2.992017e+01 1.302261e+01
      vertex -1.241932e+01 3.318853e+01 1.618408e+01
    endloop
  endfacet
  facet normal -2.817065e-01 4.865302e-01 -8.256504e-01
    outer loop
      vertex -1.706328e+01 3.117218e+01 1.618408e+01
      vertex -1.488589e+01 2.696936e+01 1.302261e+01
      vertex -2.138915e+01 2.854169e+01 1.618408e+01
    endloop
  endfacet
  facet normal -1.672949e-01 1.480889e-01 -9.742206e-01
    outer loop
      vertex -8.459799e+00 5.119574e+00 4.109115e+00
      vertex -1.098986e+01 7.178120e+00 4.893136e+00
      vertex -7.443711e+00 6.207489e+00 4.109115e+00
    endloop
  endfacet
  facet normal -2.007696e-01 1.360428e-01 -9.696152e-01
    outer loop
      vertex -1.098986e+01 7.178120e+00 4.893136e+00
      vertex -9.318373e+00 3.903484e+00 4.109115e+00
      vertex -1.210520e+01 5.598336e+00 4.893136e+00
    endloop
  endfacet
  facet normal -1.790266e-01 1.336739e-01 -9.742206e-01
    outer loop
      vertex -8.459799e+00 5.119574e+00 4.109115e+00
      vertex -9.318373e+00 3.903484e+00 4.109115e+00
      vertex -1.098986e+01 7.178120e+00 4.893136e+00
    endloop
  endfacet
  facet normal -2.011012e-01 9.735220e-02 -9.742188e-01
    outer loop
      vertex -1.299421e+01 3.881003e+00 4.893136e+00
      vertex -9.318373e+00 3.903484e+00 4.109115e+00
      vertex -1.000272e+01 2.581511e+00 4.109115e+00
    endloop
  endfacet
  facet normal -2.131666e-01 1.156445e-01 -9.696140e-01
    outer loop
      vertex -1.299421e+01 3.881003e+00 4.893136e+00
      vertex -1.210520e+01 5.598336e+00 4.893136e+00
      vertex -9.318373e+00 3.903484e+00 4.109115e+00
    endloop
  endfacet
  facet normal -2.626434e-01 1.268895e-01 -9.552930e-01
    outer loop
      vertex -1.798706e+01 6.049875e+00 6.657711e+00
      vertex -1.210520e+01 5.598336e+00 4.893136e+00
      vertex -1.299421e+01 3.881003e+00 4.893136e+00
    endloop
  endfacet
  facet normal -8.096807e-02 3.112448e-01 -9.455826e-01
    outer loop
      vertex -6.566299e+00 1.671615e+01 6.657711e+00
      vertex -3.988816e+00 1.743842e+01 6.657711e+00
      vertex -2.881599e+00 1.210831e+01 4.893136e+00
    endloop
  endfacet
  facet normal -1.092512e-01 3.551972e-01 -9.275772e-01
    outer loop
      vertex -6.566299e+00 1.671615e+01 6.657711e+00
      vertex -7.892155e+00 2.044756e+01 8.299492e+00
      vertex -3.988816e+00 1.743842e+01 6.657711e+00
    endloop
  endfacet
  facet normal -1.393907e-01 3.444945e-01 -9.275770e-01
    outer loop
      vertex -9.021634e+00 1.565007e+01 6.657711e+00
      vertex -7.892155e+00 2.044756e+01 8.299492e+00
      vertex -6.566299e+00 1.671615e+01 6.657711e+00
    endloop
  endfacet
  facet normal -1.632668e-01 3.559045e-01 -9.192860e-01
    outer loop
      vertex -9.021634e+00 1.565007e+01 6.657711e+00
      vertex -1.084327e+01 1.916622e+01 8.299492e+00
      vertex -7.892155e+00 2.044756e+01 8.299492e+00
    endloop
  endfacet
  facet normal -1.965083e-01 3.386765e-01 -9.192863e-01
    outer loop
      vertex -1.359225e+01 1.749461e+01 8.299492e+00
      vertex -1.084327e+01 1.916622e+01 8.299492e+00
      vertex -9.021634e+00 1.565007e+01 6.657711e+00
    endloop
  endfacet
  facet normal -2.321110e-01 3.613087e-01 -9.022376e-01
    outer loop
      vertex -1.359225e+01 1.749461e+01 8.299492e+00
      vertex -1.580956e+01 2.063623e+01 1.018282e+01
      vertex -1.084327e+01 1.916622e+01 8.299492e+00
    endloop
  endfacet
  facet normal -2.627069e-01 3.397226e-01 -9.022377e-01
    outer loop
      vertex -1.608818e+01 1.546443e+01 8.299492e+00
      vertex -1.580956e+01 2.063623e+01 1.018282e+01
      vertex -1.359225e+01 1.749461e+01 8.299492e+00
    endloop
  endfacet
  facet normal -2.894450e-01 3.409913e-01 -8.934811e-01
    outer loop
      vertex -1.608818e+01 1.546443e+01 8.299492e+00
      vertex -1.871266e+01 1.827486e+01 1.018282e+01
      vertex -1.580956e+01 2.063623e+01 1.018282e+01
    endloop
  endfacet
  facet normal -3.203645e-01 3.121102e-01 -8.934813e-01
    outer loop
      vertex -2.126699e+01 1.553997e+01 1.018282e+01
      vertex -1.871266e+01 1.827486e+01 1.018282e+01
      vertex -1.608818e+01 1.546443e+01 8.299492e+00
    endloop
  endfacet
  facet normal -3.631572e-01 3.227420e-01 -8.728402e-01
    outer loop
      vertex -2.126699e+01 1.553997e+01 1.018282e+01
      vertex -2.510107e+01 1.865951e+01 1.302261e+01
      vertex -1.871266e+01 1.827486e+01 1.018282e+01
    endloop
  endfacet
  facet normal -3.898720e-01 2.899171e-01 -8.728404e-01
    outer loop
      vertex -2.342535e+01 1.248285e+01 1.018282e+01
      vertex -2.510107e+01 1.865951e+01 1.302261e+01
      vertex -2.126699e+01 1.553997e+01 1.018282e+01
    endloop
  endfacet
  facet normal -4.197843e-01 2.833886e-01 -8.609570e-01
    outer loop
      vertex -2.342535e+01 1.248285e+01 1.018282e+01
      vertex -2.764854e+01 1.505125e+01 1.302261e+01
      vertex -2.510107e+01 1.865951e+01 1.302261e+01
    endloop
  endfacet
  facet normal -4.447584e-01 2.422922e-01 -8.609529e-01
    outer loop
      vertex -2.967905e+01 1.112882e+01 1.302261e+01
      vertex -2.764854e+01 1.505125e+01 1.302261e+01
      vertex -2.342535e+01 1.248285e+01 1.018282e+01
    endloop
  endfacet
  facet normal -4.897063e-01 2.385505e-01 -8.373529e-01
    outer loop
      vertex -2.967905e+01 1.112882e+01 1.302261e+01
      vertex -3.402025e+01 1.301462e+01 1.618408e+01
      vertex -2.764854e+01 1.505125e+01 1.302261e+01
    endloop
  endfacet
  facet normal -5.257465e-01 1.992909e-01 -8.256302e-01
    outer loop
      vertex -3.571325e+01 8.243512e+00 1.618408e+01
      vertex -3.402025e+01 1.301462e+01 1.618408e+01
      vertex -2.967905e+01 1.112882e+01 1.302261e+01
    endloop
  endfacet
  facet normal -2.269816e-01 8.547935e-02 -9.696104e-01
    outer loop
      vertex -1.364086e+01 2.058654e+00 4.893136e+00
      vertex -1.299421e+01 3.881003e+00 4.893136e+00
      vertex -1.000272e+01 2.581511e+00 4.109115e+00
    endloop
  endfacet
  facet normal -2.774785e-01 9.004156e-02 -9.552875e-01
    outer loop
      vertex -1.888218e+01 3.527313e+00 6.657711e+00
      vertex -1.299421e+01 3.881003e+00 4.893136e+00
      vertex -1.364086e+01 2.058654e+00 4.893136e+00
    endloop
  endfacet
  facet normal -3.010749e-01 1.131593e-01 -9.455748e-01
    outer loop
      vertex -1.888218e+01 3.527313e+00 6.657711e+00
      vertex -1.798706e+01 6.049875e+00 6.657711e+00
      vertex -1.299421e+01 3.881003e+00 4.893136e+00
    endloop
  endfacet
  facet normal -3.532602e-01 1.155002e-01 -9.275646e-01
    outer loop
      vertex -2.269484e+01 4.595650e+00 8.299492e+00
      vertex -1.798706e+01 6.049875e+00 6.657711e+00
      vertex -1.888218e+01 3.527313e+00 6.657711e+00
    endloop
  endfacet
  facet normal -2.838617e-01 6.725991e-02 -9.552875e-01
    outer loop
      vertex -1.403534e+01 1.656326e-01 4.893136e+00
      vertex -1.888218e+01 3.527313e+00 6.657711e+00
      vertex -1.364086e+01 2.058654e+00 4.893136e+00
    endloop
  endfacet
  facet normal -3.160355e-01 5.976529e-02 -9.455750e-01
    outer loop
      vertex -1.942824e+01 9.069237e-01 6.657711e+00
      vertex -1.888218e+01 3.527313e+00 6.657711e+00
      vertex -1.403534e+01 1.656326e-01 4.893136e+00
    endloop
  endfacet
  facet normal -3.618376e-01 8.488777e-02 -9.275648e-01
    outer loop
      vertex -1.942824e+01 9.069237e-01 6.657711e+00
      vertex -2.269484e+01 4.595650e+00 8.299492e+00
      vertex -1.888218e+01 3.527313e+00 6.657711e+00
    endloop
  endfacet
  facet normal -3.849145e-01 7.202909e-02 -9.192756e-01
    outer loop
      vertex -2.335116e+01 1.446156e+00 8.299492e+00
      vertex -2.269484e+01 4.595650e+00 8.299492e+00
      vertex -1.942824e+01 9.069237e-01 6.657711e+00
    endloop
  endfacet
  facet normal -2.903360e-01 2.803479e-02 -9.552932e-01
    outer loop
      vertex -1.416799e+01 -1.763623e+00 4.893136e+00
      vertex -1.942824e+01 9.069237e-01 6.657711e+00
      vertex -1.403534e+01 1.656326e-01 4.893136e+00
    endloop
  endfacet
  facet normal -3.212006e-01 1.601128e-02 -9.455808e-01
    outer loop
      vertex -1.961185e+01 -1.763624e+00 6.657711e+00
      vertex -1.942824e+01 9.069237e-01 6.657711e+00
      vertex -1.416799e+01 -1.763623e+00 4.893136e+00
    endloop
  endfacet
  facet normal -3.699770e-01 3.488310e-02 -9.275734e-01
    outer loop
      vertex -1.961185e+01 -1.763624e+00 6.657711e+00
      vertex -2.335116e+01 1.446156e+00 8.299492e+00
      vertex -1.942824e+01 9.069237e-01 6.657711e+00
    endloop
  endfacet
  facet normal -3.911034e-01 1.873490e-02 -9.192837e-01
    outer loop
      vertex -2.357184e+01 -1.763624e+00 8.299492e+00
      vertex -2.335116e+01 1.446156e+00 8.299492e+00
      vertex -1.961185e+01 -1.763624e+00 6.657711e+00
    endloop
  endfacet
  facet normal -6.090323e-02 2.347451e-01 -9.696150e-01
    outer loop
      vertex -4.743624e+00 1.158653e+01 4.893136e+00
      vertex -2.881599e+00 1.210831e+01 4.893136e+00
      vertex -2.218204e+00 8.914750e+00 4.109115e+00
    endloop
  endfacet
  facet normal -8.637611e-02 2.786042e-01 -9.552956e-01
    outer loop
      vertex -4.743624e+00 1.158653e+01 4.893136e+00
      vertex -6.566299e+00 1.671615e+01 6.657711e+00
      vertex -2.881599e+00 1.210831e+01 4.893136e+00
    endloop
  endfacet
  facet normal -1.088058e-01 2.706393e-01 -9.552956e-01
    outer loop
      vertex -6.517406e+00 1.081637e+01 4.893136e+00
      vertex -6.566299e+00 1.671615e+01 6.657711e+00
      vertex -4.743624e+00 1.158653e+01 4.893136e+00
    endloop
  endfacet
  facet normal -1.335374e-01 2.925773e-01 -9.455824e-01
    outer loop
      vertex -6.517406e+00 1.081637e+01 4.893136e+00
      vertex -9.021634e+00 1.565007e+01 6.657711e+00
      vertex -6.566299e+00 1.671615e+01 6.657711e+00
    endloop
  endfacet
  facet normal -1.619370e-01 2.778586e-01 -9.455827e-01
    outer loop
      vertex -1.130880e+01 1.425930e+01 6.657711e+00
      vertex -9.021634e+00 1.565007e+01 6.657711e+00
      vertex -6.517406e+00 1.081637e+01 4.893136e+00
    endloop
  endfacet
  facet normal -2.010319e-01 3.125478e-01 -9.275776e-01
    outer loop
      vertex -1.130880e+01 1.425930e+01 6.657711e+00
      vertex -1.359225e+01 1.749461e+01 8.299492e+00
      vertex -9.021634e+00 1.565007e+01 6.657711e+00
    endloop
  endfacet
  facet normal -2.271713e-01 2.941058e-01 -9.275777e-01
    outer loop
      vertex -1.338542e+01 1.257018e+01 6.657711e+00
      vertex -1.359225e+01 1.749461e+01 8.299492e+00
      vertex -1.130880e+01 1.425930e+01 6.657711e+00
    endloop
  endfacet
  facet normal -2.532436e-01 2.986484e-01 -9.192864e-01
    outer loop
      vertex -1.338542e+01 1.257018e+01 6.657711e+00
      vertex -1.608818e+01 1.546443e+01 8.299492e+00
      vertex -1.359225e+01 1.749461e+01 8.299492e+00
    endloop
  endfacet
  facet normal -2.806012e-01 2.730944e-01 -9.192865e-01
    outer loop
      vertex -1.828426e+01 1.311311e+01 8.299492e+00
      vertex -1.608818e+01 1.546443e+01 8.299492e+00
      vertex -1.338542e+01 1.257018e+01 6.657711e+00
    endloop
  endfacet
  facet normal -3.209840e-01 2.852875e-01 -9.022379e-01
    outer loop
      vertex -1.828426e+01 1.311311e+01 8.299492e+00
      vertex -2.126699e+01 1.553997e+01 1.018282e+01
      vertex -1.608818e+01 1.546443e+01 8.299492e+00
    endloop
  endfacet
  facet normal -3.446212e-01 2.562441e-01 -9.022381e-01
    outer loop
      vertex -2.013990e+01 1.048476e+01 8.299492e+00
      vertex -2.126699e+01 1.553997e+01 1.018282e+01
      vertex -1.828426e+01 1.311311e+01 8.299492e+00
    endloop
  endfacet
  facet normal -3.707164e-01 2.502419e-01 -8.934816e-01
    outer loop
      vertex -2.013990e+01 1.048476e+01 8.299492e+00
      vertex -2.342535e+01 1.248285e+01 1.018282e+01
      vertex -2.126699e+01 1.553997e+01 1.018282e+01
    endloop
  endfacet
  facet normal -3.927523e-01 2.139814e-01 -8.934782e-01
    outer loop
      vertex -2.514571e+01 9.159557e+00 1.018282e+01
      vertex -2.342535e+01 1.248285e+01 1.018282e+01
      vertex -2.013990e+01 1.048476e+01 8.299492e+00
    endloop
  endfacet
  facet normal -4.368820e-01 2.125603e-01 -8.728330e-01
    outer loop
      vertex -2.514571e+01 9.159557e+00 1.018282e+01
      vertex -2.967905e+01 1.112882e+01 1.302261e+01
      vertex -2.342535e+01 1.248285e+01 1.018282e+01
    endloop
  endfacet
  facet normal -4.737178e-01 1.793317e-01 -8.609391e-01
    outer loop
      vertex -3.115602e+01 6.966538e+00 1.302261e+01
      vertex -2.967905e+01 1.112882e+01 1.302261e+01
      vertex -2.514571e+01 9.159557e+00 1.018282e+01
    endloop
  endfacet
  facet normal -5.176345e-01 1.698041e-01 -8.373363e-01
    outer loop
      vertex -3.115602e+01 6.966538e+00 1.302261e+01
      vertex -3.571325e+01 8.243512e+00 1.618408e+01
      vertex -2.967905e+01 1.112882e+01 1.302261e+01
    endloop
  endfacet
  facet normal -5.304945e-01 1.239071e-01 -8.373366e-01
    outer loop
      vertex -3.205703e+01 2.642837e+00 1.302261e+01
      vertex -3.571325e+01 8.243512e+00 1.618408e+01
      vertex -3.115602e+01 6.966538e+00 1.302261e+01
    endloop
  endfacet
  facet normal -5.527490e-01 1.029209e-01 -8.256309e-01
    outer loop
      vertex -3.205703e+01 2.642837e+00 1.302261e+01
      vertex -3.674606e+01 3.287377e+00 1.618408e+01
      vertex -3.571325e+01 8.243512e+00 1.618408e+01
    endloop
  endfacet
  facet normal -5.423594e-01 5.059226e-02 -8.373531e-01
    outer loop
      vertex -3.235998e+01 -1.763624e+00 1.302261e+01
      vertex -3.674606e+01 3.287377e+00 1.618408e+01
      vertex -3.205703e+01 2.642837e+00 1.302261e+01
    endloop
  endfacet
  facet normal -5.615720e-01 2.638632e-02 -8.256457e-01
    outer loop
      vertex -3.235998e+01 -1.763624e+00 1.302261e+01
      vertex -3.709333e+01 -1.763625e+00 1.618408e+01
      vertex -3.674606e+01 3.287377e+00 1.618408e+01
    endloop
  endfacet
  facet normal -5.615908e-01 -2.656062e-02 -8.256444e-01
    outer loop
      vertex -3.674547e+01 -6.814540e+00 1.618408e+01
      vertex -3.709333e+01 -1.763625e+00 1.618408e+01
      vertex -3.235998e+01 -1.763624e+00 1.302261e+01
    endloop
  endfacet
  facet normal -2.224222e-01 -2.125554e-02 -9.742184e-01
    outer loop
      vertex -1.080399e+01 -3.248705e+00 4.109115e+00
      vertex -1.403512e+01 -3.692846e+00 4.893136e+00
      vertex -1.090627e+01 -1.763623e+00 4.109115e+00
    endloop
  endfacet
  facet normal -3.212124e-01 -1.610153e-02 -9.455802e-01
    outer loop
      vertex -1.942793e+01 -4.434125e+00 6.657711e+00
      vertex -1.961185e+01 -1.763624e+00 6.657711e+00
      vertex -1.416799e+01 -1.763623e+00 4.893136e+00
    endloop
  endfacet
  facet normal -3.700025e-01 -3.481724e-02 -9.275720e-01
    outer loop
      vertex -2.335079e+01 -4.973348e+00 8.299492e+00
      vertex -1.961185e+01 -1.763624e+00 6.657711e+00
      vertex -1.942793e+01 -4.434125e+00 6.657711e+00
    endloop
  endfacet
  facet normal -3.911171e-01 -1.885263e-02 -9.192829e-01
    outer loop
      vertex -2.335079e+01 -4.973348e+00 8.299492e+00
      vertex -2.357184e+01 -1.763624e+00 8.299492e+00
      vertex -1.961185e+01 -1.763624e+00 6.657711e+00
    endloop
  endfacet
  facet normal -4.275955e-01 -3.999761e-02 -9.022304e-01
    outer loop
      vertex -2.716002e+01 -5.496954e+00 1.018282e+01
      vertex -2.357184e+01 -1.763624e+00 8.299492e+00
      vertex -2.335079e+01 -4.973348e+00 8.299492e+00
    endloop
  endfacet
  facet normal -3.656672e-01 -6.639841e-02 -9.275708e-01
    outer loop
      vertex -1.888388e+01 -7.055034e+00 6.657711e+00
      vertex -2.335079e+01 -4.973348e+00 8.299492e+00
      vertex -1.942793e+01 -4.434125e+00 6.657711e+00
    endloop
  endfacet
  facet normal -3.817072e-01 -8.739909e-02 -9.192801e-01
    outer loop
      vertex -2.269688e+01 -8.123467e+00 8.299492e+00
      vertex -2.335079e+01 -4.973348e+00 8.299492e+00
      vertex -1.888388e+01 -7.055034e+00 6.657711e+00
    endloop
  endfacet
  facet normal -4.225208e-01 -7.696291e-02 -9.022288e-01
    outer loop
      vertex -2.269688e+01 -8.123467e+00 8.299492e+00
      vertex -2.716002e+01 -5.496954e+00 1.018282e+01
      vertex -2.335079e+01 -4.973348e+00 8.299492e+00
    endloop
  endfacet
  facet normal -4.359618e-01 -1.000525e-01 -8.934731e-01
    outer loop
      vertex -2.639945e+01 -9.160954e+00 1.018282e+01
      vertex -2.716002e+01 -5.496954e+00 1.018282e+01
      vertex -2.269688e+01 -8.123467e+00 8.299492e+00
    endloop
  endfacet
  facet normal -4.544352e-01 -2.236563e-01 -8.609538e-01
    outer loop
      vertex -2.968066e+01 -1.465677e+01 1.302261e+01
      vertex -2.514707e+01 -1.268740e+01 1.018282e+01
      vertex -2.764742e+01 -1.857781e+01 1.302261e+01
    endloop
  endfacet
  facet normal -4.774005e-01 -2.623443e-01 -8.373556e-01
    outer loop
      vertex -3.169145e+01 -2.103725e+01 1.618408e+01
      vertex -2.968066e+01 -1.465677e+01 1.302261e+01
      vertex -2.764742e+01 -1.857781e+01 1.302261e+01
    endloop
  endfacet
  facet normal -5.045409e-01 -2.480410e-01 -8.256475e-01
    outer loop
      vertex -3.402209e+01 -1.654267e+01 1.618408e+01
      vertex -2.968066e+01 -1.465677e+01 1.302261e+01
      vertex -3.169145e+01 -2.103725e+01 1.618408e+01
    endloop
  endfacet
  facet normal -1.867097e-01 -4.064391e-01 -8.934811e-01
    outer loop
      vertex -1.261215e+01 -2.610780e+01 1.018282e+01
      vertex -1.084328e+01 -2.269349e+01 8.299492e+00
      vertex -9.179665e+00 -2.759829e+01 1.018282e+01
    endloop
  endfacet
  facet normal -2.348934e-01 -5.107905e-01 -8.256506e-01
    outer loop
      vertex -1.706330e+01 -3.469946e+01 1.618408e+01
      vertex -1.488591e+01 -3.049664e+01 1.302261e+01
      vertex -1.241940e+01 -3.671598e+01 1.618408e+01
    endloop
  endfacet
  facet normal -1.295905e-01 -4.280754e-01 -8.934800e-01
    outer loop
      vertex -9.179665e+00 -2.759829e+01 1.018282e+01
      vertex -7.892202e+00 -2.397494e+01 8.299492e+00
      vertex -5.576234e+00 -2.860746e+01 1.018282e+01
    endloop
  endfacet
  facet normal -1.613044e-01 -3.980038e-01 -9.022377e-01
    outer loop
      vertex -1.084328e+01 -2.269349e+01 8.299492e+00
      vertex -7.892202e+00 -2.397494e+01 8.299492e+00
      vertex -9.179665e+00 -2.759829e+01 1.018282e+01
    endloop
  endfacet
  facet normal -6.990901e-02 -4.417906e-01 -8.934730e-01
    outer loop
      vertex -5.576234e+00 -2.860746e+01 1.018282e+01
      vertex -4.794158e+00 -2.484257e+01 8.299492e+00
      vertex -1.868847e+00 -2.911411e+01 1.018282e+01
    endloop
  endfacet
  facet normal -1.054262e-01 -4.162955e-01 -9.022365e-01
    outer loop
      vertex -7.892202e+00 -2.397494e+01 8.299492e+00
      vertex -4.794158e+00 -2.484257e+01 8.299492e+00
      vertex -5.576234e+00 -2.860746e+01 1.018282e+01
    endloop
  endfacet
  facet normal -1.824708e-01 -4.502869e-01 -8.728399e-01
    outer loop
      vertex -9.179665e+00 -2.759829e+01 1.018282e+01
      vertex -1.083460e+01 -3.225584e+01 1.302261e+01
      vertex -1.261215e+01 -2.610780e+01 1.018282e+01
    endloop
  endfacet
  facet normal -1.467272e-01 -4.847544e-01 -8.609551e-01
    outer loop
      vertex -9.179665e+00 -2.759829e+01 1.018282e+01
      vertex -6.581535e+00 -3.344695e+01 1.302261e+01
      vertex -1.083460e+01 -3.225584e+01 1.302261e+01
    endloop
  endfacet
  facet normal -1.192523e-01 -4.709781e-01 -8.728387e-01
    outer loop
      vertex -5.576234e+00 -2.860746e+01 1.018282e+01
      vertex -6.581535e+00 -3.344695e+01 1.302261e+01
      vertex -9.179665e+00 -2.759829e+01 1.018282e+01
    endloop
  endfacet
  facet normal -7.914393e-02 -5.002813e-01 -8.609465e-01
    outer loop
      vertex -5.576234e+00 -2.860746e+01 1.018282e+01
      vertex -2.205768e+00 -3.404493e+01 1.302261e+01
      vertex -6.581535e+00 -3.344695e+01 1.302261e+01
    endloop
  endfacet
  facet normal -5.396494e-02 -4.828736e-01 -8.728244e-01
    outer loop
      vertex -1.868847e+00 -2.911411e+01 1.018282e+01
      vertex -2.205768e+00 -3.404493e+01 1.302261e+01
      vertex -5.576234e+00 -2.860746e+01 1.018282e+01
    endloop
  endfacet
  facet normal -1.339542e-01 -5.279849e-01 -8.373595e-01
    outer loop
      vertex -6.581535e+00 -3.344695e+01 1.302261e+01
      vertex -7.544226e+00 -3.808132e+01 1.618408e+01
      vertex -1.083460e+01 -3.225584e+01 1.302261e+01
    endloop
  endfacet
  facet normal -8.809533e-02 -5.552821e-01 -8.256390e-01
    outer loop
      vertex -6.581535e+00 -3.344695e+01 1.302261e+01
      vertex -2.528409e+00 -3.876677e+01 1.618408e+01
      vertex -7.544226e+00 -3.808132e+01 1.618408e+01
    endloop
  endfacet
  facet normal -6.076002e-02 -5.413547e-01 -8.373426e-01
    outer loop
      vertex -2.205768e+00 -3.404493e+01 1.302261e+01
      vertex -2.528409e+00 -3.876677e+01 1.618408e+01
      vertex -6.581535e+00 -3.344695e+01 1.302261e+01
    endloop
  endfacet
  facet normal -1.195234e-02 -4.857545e-01 -8.728197e-01
    outer loop
      vertex 1.872828e+00 -2.911447e+01 1.018282e+01
      vertex -2.205768e+00 -3.404493e+01 1.302261e+01
      vertex -1.868847e+00 -2.911411e+01 1.018282e+01
    endloop
  endfacet
  facet normal 1.048402e-02 -5.064266e-01 -8.609361e-01
    outer loop
      vertex 2.210467e+00 -3.404537e+01 1.302261e+01
      vertex -2.205768e+00 -3.404493e+01 1.302261e+01
      vertex 1.872828e+00 -2.911447e+01 1.018282e+01
    endloop
  endfacet
  facet normal -1.314467e-02 -5.446190e-01 -8.373368e-01
    outer loop
      vertex 2.210467e+00 -3.404537e+01 1.302261e+01
      vertex -2.528409e+00 -3.876677e+01 1.618408e+01
      vertex -2.205768e+00 -3.404493e+01 1.302261e+01
    endloop
  endfacet
  facet normal 1.188291e-02 -5.621354e-01 -8.256266e-01
    outer loop
      vertex 2.533795e+00 -3.876727e+01 1.618408e+01
      vertex -2.528409e+00 -3.876677e+01 1.618408e+01
      vertex 2.210467e+00 -3.404537e+01 1.302261e+01
    endloop
  endfacet
  facet normal 2.440263e-02 -2.220964e-01 -9.742177e-01
    outer loop
      vertex 2.219718e+00 -1.244171e+01 4.109115e+00
      vertex 9.677961e-01 -1.589735e+01 4.893136e+00
      vertex 7.449924e-01 -1.264352e+01 4.109115e+00
    endloop
  endfacet
  facet normal 3.756536e-02 -2.395937e-01 -9.696135e-01
    outer loop
      vertex 2.883565e+00 -1.563518e+01 4.893136e+00
      vertex 9.677961e-01 -1.589735e+01 4.893136e+00
      vertex 2.219718e+00 -1.244171e+01 4.109115e+00
    endloop
  endfacet
  facet normal 3.163083e-02 -2.899780e-01 -9.552912e-01
    outer loop
      vertex 2.883565e+00 -1.563518e+01 4.893136e+00
      vertex 1.339659e+00 -2.132806e+01 6.657711e+00
      vertex 9.677961e-01 -1.589735e+01 4.893136e+00
    endloop
  endfacet
  facet normal 4.960745e-02 -3.177598e-01 -9.455799e-01
    outer loop
      vertex 3.991537e+00 -2.096515e+01 6.657711e+00
      vertex 1.339659e+00 -2.132806e+01 6.657711e+00
      vertex 2.883565e+00 -1.563518e+01 4.893136e+00
    endloop
  endfacet
  facet normal 4.112728e-02 -3.693496e-01 -9.275706e-01
    outer loop
      vertex 3.991537e+00 -2.096515e+01 6.657711e+00
      vertex 1.610161e+00 -2.527847e+01 8.299492e+00
      vertex 1.339659e+00 -2.132806e+01 6.657711e+00
    endloop
  endfacet
  facet normal 6.114467e-02 -3.867593e-01 -9.192827e-01
    outer loop
      vertex 4.797502e+00 -2.484228e+01 8.299492e+00
      vertex 1.610161e+00 -2.527847e+01 8.299492e+00
      vertex 3.991537e+00 -2.096515e+01 6.657711e+00
    endloop
  endfacet
  facet normal 1.264331e-01 -4.904450e-01 -8.609554e-01
    outer loop
      vertex 6.586124e+00 -3.344656e+01 1.302261e+01
      vertex 5.580122e+00 -2.860713e+01 1.018282e+01
      vertex 1.083851e+01 -3.225369e+01 1.302261e+01
    endloop
  endfacet
  facet normal 6.603927e-02 -2.134430e-01 -9.742198e-01
    outer loop
      vertex 4.745362e+00 -1.511292e+01 4.893136e+00
      vertex 2.219718e+00 -1.244171e+01 4.109115e+00
      vertex 3.652896e+00 -1.203967e+01 4.109115e+00
    endloop
  endfacet
  facet normal 6.094845e-02 -2.347340e-01 -9.696147e-01
    outer loop
      vertex 4.745362e+00 -1.511292e+01 4.893136e+00
      vertex 2.883565e+00 -1.563518e+01 4.893136e+00
      vertex 2.219718e+00 -1.244171e+01 4.109115e+00
    endloop
  endfacet
  facet normal 8.643454e-02 -2.785886e-01 -9.552947e-01
    outer loop
      vertex 6.568706e+00 -2.024221e+01 6.657711e+00
      vertex 2.883565e+00 -1.563518e+01 4.893136e+00
      vertex 4.745362e+00 -1.511292e+01 4.893136e+00
    endloop
  endfacet
  facet normal 8.102807e-02 -3.112301e-01 -9.455822e-01
    outer loop
      vertex 6.568706e+00 -2.024221e+01 6.657711e+00
      vertex 3.991537e+00 -2.096515e+01 6.657711e+00
      vertex 2.883565e+00 -1.563518e+01 4.893136e+00
    endloop
  endfacet
  facet normal 1.093253e-01 -3.551773e-01 -9.275758e-01
    outer loop
      vertex 7.895047e+00 -2.397337e+01 8.299492e+00
      vertex 3.991537e+00 -2.096515e+01 6.657711e+00
      vertex 6.568706e+00 -2.024221e+01 6.657711e+00
    endloop
  endfacet
  facet normal 9.792208e-02 -3.791167e-01 -9.192856e-01
    outer loop
      vertex 7.895047e+00 -2.397337e+01 8.299492e+00
      vertex 4.797502e+00 -2.484228e+01 8.299492e+00
      vertex 3.991537e+00 -2.096515e+01 6.657711e+00
    endloop
  endfacet
  facet normal 1.261076e-01 -4.105121e-01 -9.022353e-01
    outer loop
      vertex 9.182974e+00 -2.759647e+01 1.018282e+01
      vertex 4.797502e+00 -2.484228e+01 8.299492e+00
      vertex 7.895047e+00 -2.397337e+01 8.299492e+00
    endloop
  endfacet
  facet normal 1.597344e-01 -5.207753e-01 -8.373577e-01
    outer loop
      vertex 1.242387e+01 -3.671352e+01 1.618408e+01
      vertex 6.586124e+00 -3.344656e+01 1.302261e+01
      vertex 1.083851e+01 -3.225369e+01 1.302261e+01
    endloop
  endfacet
  facet normal 1.401028e-01 -5.444655e-01 -8.256493e-01
    outer loop
      vertex 7.549486e+00 -3.808087e+01 1.618408e+01
      vertex 6.586124e+00 -3.344656e+01 1.302261e+01
      vertex 1.242387e+01 -3.671352e+01 1.618408e+01
    endloop
  endfacet
  facet normal 8.353680e-02 -2.072291e-01 -9.742196e-01
    outer loop
      vertex 5.018156e+00 -1.144671e+01 4.109115e+00
      vertex 4.745362e+00 -1.511292e+01 4.893136e+00
      vertex 3.652896e+00 -1.203967e+01 4.109115e+00
    endloop
  endfacet
  facet normal 1.008605e-01 -2.205599e-01 -9.696140e-01
    outer loop
      vertex 6.518927e+00 -1.434261e+01 4.893136e+00
      vertex 4.745362e+00 -1.511292e+01 4.893136e+00
      vertex 5.018156e+00 -1.144671e+01 4.109115e+00
    endloop
  endfacet
  facet normal 1.088491e-01 -2.706284e-01 -9.552943e-01
    outer loop
      vertex 6.518927e+00 -1.434261e+01 4.893136e+00
      vertex 6.568706e+00 -2.024221e+01 6.657711e+00
      vertex 4.745362e+00 -1.511292e+01 4.893136e+00
    endloop
  endfacet
  facet normal 1.335618e-01 -2.925733e-01 -9.455810e-01
    outer loop
      vertex 9.023740e+00 -1.917592e+01 6.657711e+00
      vertex 6.568706e+00 -2.024221e+01 6.657711e+00
      vertex 6.518927e+00 -1.434261e+01 4.893136e+00
    endloop
  endfacet
  facet normal 1.394445e-01 -3.444808e-01 -9.275751e-01
    outer loop
      vertex 9.023740e+00 -1.917592e+01 6.657711e+00
      vertex 7.895047e+00 -2.397337e+01 8.299492e+00
      vertex 6.568706e+00 -2.024221e+01 6.657711e+00
    endloop
  endfacet
  facet normal 1.632953e-01 -3.558998e-01 -9.192839e-01
    outer loop
      vertex 1.084580e+01 -2.269178e+01 8.299492e+00
      vertex 7.895047e+00 -2.397337e+01 8.299492e+00
      vertex 9.023740e+00 -1.917592e+01 6.657711e+00
    endloop
  endfacet
  facet normal 1.613616e-01 -3.979918e-01 -9.022343e-01
    outer loop
      vertex 1.084580e+01 -2.269178e+01 8.299492e+00
      vertex 9.182974e+00 -2.759647e+01 1.018282e+01
      vertex 7.895047e+00 -2.397337e+01 8.299492e+00
    endloop
  endfacet
  facet normal 1.867321e-01 -4.064398e-01 -8.934779e-01
    outer loop
      vertex 1.261508e+01 -2.610581e+01 1.018282e+01
      vertex 9.182974e+00 -2.759647e+01 1.018282e+01
      vertex 1.084580e+01 -2.269178e+01 8.299492e+00
    endloop
  endfacet
  facet normal 1.109249e-01 -1.939426e-01 -9.742202e-01
    outer loop
      vertex 6.289978e+00 -1.067338e+01 4.109115e+00
      vertex 6.518927e+00 -1.434261e+01 4.893136e+00
      vertex 5.018156e+00 -1.144671e+01 4.109115e+00
    endloop
  endfacet
  facet normal 1.299688e-01 -2.047493e-01 -9.696148e-01
    outer loop
      vertex 8.171111e+00 -1.333800e+01 4.893136e+00
      vertex 6.518927e+00 -1.434261e+01 4.893136e+00
      vertex 6.289978e+00 -1.067338e+01 4.109115e+00
    endloop
  endfacet
  facet normal 1.446172e-01 -2.533114e-01 -9.552954e-01
    outer loop
      vertex 8.171111e+00 -1.333800e+01 4.893136e+00
      vertex 9.023740e+00 -1.917592e+01 6.657711e+00
      vertex 6.518927e+00 -1.434261e+01 4.893136e+00
    endloop
  endfacet
  facet normal 1.721749e-01 -2.716329e-01 -9.455824e-01
    outer loop
      vertex 1.131075e+01 -1.778531e+01 6.657711e+00
      vertex 9.023740e+00 -1.917592e+01 6.657711e+00
      vertex 8.171111e+00 -1.333800e+01 4.893136e+00
    endloop
  endfacet
  facet normal 1.849704e-01 -3.223138e-01 -9.275768e-01
    outer loop
      vertex 1.131075e+01 -1.778531e+01 6.657711e+00
      vertex 1.084580e+01 -2.269178e+01 8.299492e+00
      vertex 9.023740e+00 -1.917592e+01 6.657711e+00
    endloop
  endfacet
  facet normal 2.102633e-01 -3.303120e-01 -9.192860e-01
    outer loop
      vertex 1.359460e+01 -2.102037e+01 8.299492e+00
      vertex 1.084580e+01 -2.269178e+01 8.299492e+00
      vertex 1.131075e+01 -1.778531e+01 6.657711e+00
    endloop
  endfacet
  facet normal 2.139587e-01 -3.723460e-01 -9.022366e-01
    outer loop
      vertex 1.359460e+01 -2.102037e+01 8.299492e+00
      vertex 1.261508e+01 -2.610581e+01 1.018282e+01
      vertex 1.084580e+01 -2.269178e+01 8.299492e+00
    endloop
  endfacet
  facet normal 2.403692e-01 -3.771838e-01 -8.934805e-01
    outer loop
      vertex 1.581230e+01 -2.416175e+01 1.018282e+01
      vertex 1.261508e+01 -2.610581e+01 1.018282e+01
      vertex 1.359460e+01 -2.102037e+01 8.299492e+00
    endloop
  endfacet
  facet normal 2.715958e-01 -4.721786e-01 -8.373596e-01
    outer loop
      vertex 1.866299e+01 -2.819975e+01 1.302261e+01
      vertex 1.706726e+01 -3.469677e+01 1.618408e+01
      vertex 1.488937e+01 -3.049429e+01 1.302261e+01
    endloop
  endfacet
  facet normal 3.023284e-01 -4.739897e-01 -8.256497e-01
    outer loop
      vertex 1.866299e+01 -2.819975e+01 1.302261e+01
      vertex 2.139285e+01 -3.206660e+01 1.618408e+01
      vertex 1.706726e+01 -3.469677e+01 1.618408e+01
    endloop
  endfacet
  facet normal 3.454473e-01 -4.435622e-01 -8.256510e-01
    outer loop
      vertex 2.531964e+01 -2.887147e+01 1.618408e+01
      vertex 2.139285e+01 -3.206660e+01 1.618408e+01
      vertex 1.866299e+01 -2.819975e+01 1.302261e+01
    endloop
  endfacet
  facet normal 1.455792e-01 -1.694876e-01 -9.742207e-01
    outer loop
      vertex 9.670965e+00 -1.211760e+01 4.893136e+00
      vertex 6.289978e+00 -1.067338e+01 4.109115e+00
      vertex 7.444540e+00 -9.733935e+00 4.109115e+00
    endloop
  endfacet
  facet normal 1.494306e-01 -1.910154e-01 -9.696152e-01
    outer loop
      vertex 9.670965e+00 -1.211760e+01 4.893136e+00
      vertex 8.171111e+00 -1.333800e+01 4.893136e+00
      vertex 6.289978e+00 -1.067338e+01 4.109115e+00
    endloop
  endfacet
  facet normal 1.902306e-01 -2.211229e-01 -9.552962e-01
    outer loop
      vertex 1.338691e+01 -1.609599e+01 6.657711e+00
      vertex 8.171111e+00 -1.333800e+01 4.893136e+00
      vertex 9.670965e+00 -1.211760e+01 4.893136e+00
    endloop
  endfacet
  facet normal 1.983265e-01 -2.531783e-01 -9.455829e-01
    outer loop
      vertex 1.338691e+01 -1.609599e+01 6.657711e+00
      vertex 1.131075e+01 -1.778531e+01 6.657711e+00
      vertex 8.171111e+00 -1.333800e+01 4.893136e+00
    endloop
  endfacet
  facet normal 2.417321e-01 -2.822584e-01 -9.275780e-01
    outer loop
      vertex 1.608997e+01 -1.898995e+01 8.299492e+00
      vertex 1.131075e+01 -1.778531e+01 6.657711e+00
      vertex 1.338691e+01 -1.609599e+01 6.657711e+00
    endloop
  endfacet
  facet normal 2.408735e-01 -3.087112e-01 -9.192865e-01
    outer loop
      vertex 1.608997e+01 -1.898995e+01 8.299492e+00
      vertex 1.359460e+01 -2.102037e+01 8.299492e+00
      vertex 1.131075e+01 -1.778531e+01 6.657711e+00
    endloop
  endfacet
  facet normal 2.791644e-01 -3.263320e-01 -9.022381e-01
    outer loop
      vertex 1.871474e+01 -2.180010e+01 1.018282e+01
      vertex 1.359460e+01 -2.102037e+01 8.299492e+00
      vertex 1.608997e+01 -1.898995e+01 8.299492e+00
    endloop
  endfacet
  facet normal 2.749648e-01 -3.527707e-01 -8.934813e-01
    outer loop
      vertex 1.871474e+01 -2.180010e+01 1.018282e+01
      vertex 1.581230e+01 -2.416175e+01 1.018282e+01
      vertex 1.359460e+01 -2.102037e+01 8.299492e+00
    endloop
  endfacet
  facet normal 3.158470e-01 -3.691796e-01 -8.728405e-01
    outer loop
      vertex 2.208869e+01 -2.541233e+01 1.302261e+01
      vertex 1.581230e+01 -2.416175e+01 1.018282e+01
      vertex 1.871474e+01 -2.180010e+01 1.018282e+01
    endloop
  endfacet
  facet normal 1.424566e-01 -1.152185e-01 -9.828152e-01
    outer loop
      vertex 7.964318e+00 -8.152333e+00 3.968151e+00
      vertex 8.460342e+00 -8.645982e+00 4.109115e+00
      vertex 6.248675e+00 -6.846736e+00 3.590548e+00
    endloop
  endfacet
  facet normal 1.612310e-01 -1.185507e-01 -9.796708e-01
    outer loop
      vertex 9.318320e+00 -7.429740e+00 4.109115e+00
      vertex 8.460342e+00 -8.645982e+00 4.109115e+00
      vertex 7.964318e+00 -8.152333e+00 3.968151e+00
    endloop
  endfacet
  facet normal 1.859288e-01 -1.239114e-01 -9.742188e-01
    outer loop
      vertex 1.210513e+01 -9.124297e+00 4.893136e+00
      vertex 8.460342e+00 -8.645982e+00 4.109115e+00
      vertex 9.318320e+00 -7.429740e+00 4.109115e+00
    endloop
  endfacet
  facet normal 1.954582e-01 -1.435836e-01 -9.696136e-01
    outer loop
      vertex 1.099056e+01 -1.070428e+01 4.893136e+00
      vertex 8.460342e+00 -8.645982e+00 4.109115e+00
      vertex 1.210513e+01 -9.124297e+00 4.893136e+00
    endloop
  endfacet
  facet normal 2.428612e-01 -1.615808e-01 -9.552930e-01
    outer loop
      vertex 1.675637e+01 -1.195254e+01 6.657711e+00
      vertex 1.099056e+01 -1.070428e+01 4.893136e+00
      vertex 1.210513e+01 -9.124297e+00 4.893136e+00
    endloop
  endfacet
  facet normal 2.593225e-01 -1.902388e-01 -9.455802e-01
    outer loop
      vertex 1.521354e+01 -1.413961e+01 6.657711e+00
      vertex 1.099056e+01 -1.070428e+01 4.893136e+00
      vertex 1.675637e+01 -1.195254e+01 6.657711e+00
    endloop
  endfacet
  facet normal 3.089545e-01 -2.065476e-01 -9.275732e-01
    outer loop
      vertex 2.013979e+01 -1.400987e+01 8.299492e+00
      vertex 1.521354e+01 -1.413961e+01 6.657711e+00
      vertex 1.675637e+01 -1.195254e+01 6.657711e+00
    endloop
  endfacet
  facet normal 3.152842e-01 -2.322226e-01 -9.192829e-01
    outer loop
      vertex 1.828543e+01 -1.663854e+01 8.299492e+00
      vertex 1.521354e+01 -1.413961e+01 6.657711e+00
      vertex 2.013979e+01 -1.400987e+01 8.299492e+00
    endloop
  endfacet
  facet normal 3.568946e-01 -2.388829e-01 -9.022320e-01
    outer loop
      vertex 2.342521e+01 -1.600761e+01 1.018282e+01
      vertex 1.828543e+01 -1.663854e+01 8.299492e+00
      vertex 2.013979e+01 -1.400987e+01 8.299492e+00
    endloop
  endfacet
  facet normal 3.600059e-01 -2.654423e-01 -8.934768e-01
    outer loop
      vertex 2.126836e+01 -1.906510e+01 1.018282e+01
      vertex 1.828543e+01 -1.663854e+01 8.299492e+00
      vertex 2.342521e+01 -1.600761e+01 1.018282e+01
    endloop
  endfacet
  facet normal 4.037814e-01 -2.702403e-01 -8.728330e-01
    outer loop
      vertex 2.764838e+01 -1.857556e+01 1.302261e+01
      vertex 2.126836e+01 -1.906510e+01 1.018282e+01
      vertex 2.342521e+01 -1.600761e+01 1.018282e+01
    endloop
  endfacet
  facet normal 4.076788e-01 -3.005675e-01 -8.609511e-01
    outer loop
      vertex 2.510268e+01 -2.218427e+01 1.302261e+01
      vertex 2.126836e+01 -1.906510e+01 1.018282e+01
      vertex 2.764838e+01 -1.857556e+01 1.302261e+01
    endloop
  endfacet
  facet normal 4.525657e-01 -3.031998e-01 -8.373527e-01
    outer loop
      vertex 3.169255e+01 -2.103466e+01 1.618408e+01
      vertex 2.510268e+01 -2.218427e+01 1.302261e+01
      vertex 2.764838e+01 -1.857556e+01 1.302261e+01
    endloop
  endfacet
  facet normal 4.523845e-01 -3.338339e-01 -8.256443e-01
    outer loop
      vertex 2.877449e+01 -2.517123e+01 1.618408e+01
      vertex 2.510268e+01 -2.218427e+01 1.302261e+01
      vertex 3.169255e+01 -2.103466e+01 1.618408e+01
    endloop
  endfacet
  facet normal 5.358787e-01 -9.788034e-02 -8.373537e-01
    outer loop
      vertex 3.674664e+01 -6.813964e+00 1.618408e+01
      vertex 3.115950e+01 -1.049345e+01 1.302261e+01
      vertex 3.205754e+01 -6.169508e+00 1.302261e+01
    endloop
  endfacet
  facet normal 5.479214e-01 -1.260284e-01 -8.256435e-01
    outer loop
      vertex 3.571725e+01 -1.177038e+01 1.618408e+01
      vertex 3.115950e+01 -1.049345e+01 1.302261e+01
      vertex 3.674664e+01 -6.813964e+00 1.618408e+01
    endloop
  endfacet
  facet normal 5.175697e-01 -1.698149e-01 -8.373577e-01
    outer loop
      vertex 3.571725e+01 -1.177038e+01 1.618408e+01
      vertex 2.968135e+01 -1.465504e+01 1.302261e+01
      vertex 3.115950e+01 -1.049345e+01 1.302261e+01
    endloop
  endfacet
  facet normal 5.255799e-01 -1.995786e-01 -8.256485e-01
    outer loop
      vertex 3.402289e+01 -1.654069e+01 1.618408e+01
      vertex 2.968135e+01 -1.465504e+01 1.302261e+01
      vertex 3.571725e+01 -1.177038e+01 1.618408e+01
    endloop
  endfacet
  facet normal 4.780036e-01 -8.707637e-02 -8.728338e-01
    outer loop
      vertex 3.205754e+01 -6.169508e+00 1.302261e+01
      vertex 2.640003e+01 -9.160009e+00 1.018282e+01
      vertex 2.716089e+01 -5.496529e+00 1.018282e+01
    endloop
  endfacet
  facet normal 4.936645e-01 -1.133210e-01 -8.609504e-01
    outer loop
      vertex 3.115950e+01 -1.049345e+01 1.302261e+01
      vertex 2.640003e+01 -9.160009e+00 1.018282e+01
      vertex 3.205754e+01 -6.169508e+00 1.302261e+01
    endloop
  endfacet
  facet normal 4.617040e-01 -1.512419e-01 -8.728371e-01
    outer loop
      vertex 3.115950e+01 -1.049345e+01 1.302261e+01
      vertex 2.514766e+01 -1.268593e+01 1.018282e+01
      vertex 2.640003e+01 -9.160009e+00 1.018282e+01
    endloop
  endfacet
  facet normal 4.735667e-01 -1.795878e-01 -8.609546e-01
    outer loop
      vertex 2.968135e+01 -1.465504e+01 1.302261e+01
      vertex 2.514766e+01 -1.268593e+01 1.018282e+01
      vertex 3.115950e+01 -1.049345e+01 1.302261e+01
    endloop
  endfacet
  facet normal 4.225072e-01 -7.698589e-02 -9.022327e-01
    outer loop
      vertex 2.716089e+01 -5.496529e+00 1.018282e+01
      vertex 2.269738e+01 -8.122654e+00 8.299492e+00
      vertex 2.335153e+01 -4.972983e+00 8.299492e+00
    endloop
  endfacet
  facet normal 4.359456e-01 -1.000901e-01 -8.934762e-01
    outer loop
      vertex 2.640003e+01 -9.160009e+00 1.018282e+01
      vertex 2.269738e+01 -8.122654e+00 8.299492e+00
      vertex 2.716089e+01 -5.496529e+00 1.018282e+01
    endloop
  endfacet
  facet normal 4.080970e-01 -1.337016e-01 -9.022354e-01
    outer loop
      vertex 2.640003e+01 -9.160009e+00 1.018282e+01
      vertex 2.162066e+01 -1.115406e+01 8.299492e+00
      vertex 2.269738e+01 -8.122654e+00 8.299492e+00
    endloop
  endfacet
  facet normal 4.181945e-01 -1.586088e-01 -8.934796e-01
    outer loop
      vertex 2.514766e+01 -1.268593e+01 1.018282e+01
      vertex 2.162066e+01 -1.115406e+01 8.299492e+00
      vertex 2.640003e+01 -9.160009e+00 1.018282e+01
    endloop
  endfacet
  facet normal 3.656550e-01 -6.641810e-02 -9.275739e-01
    outer loop
      vertex 2.335153e+01 -4.972983e+00 8.299492e+00
      vertex 1.888430e+01 -7.054358e+00 6.657711e+00
      vertex 1.942855e+01 -4.433821e+00 6.657711e+00
    endloop
  endfacet
  facet normal 3.816927e-01 -8.743177e-02 -9.192825e-01
    outer loop
      vertex 2.269738e+01 -8.122654e+00 8.299492e+00
      vertex 1.888430e+01 -7.054358e+00 6.657711e+00
      vertex 2.335153e+01 -4.972983e+00 8.299492e+00
    endloop
  endfacet
  facet normal 3.532127e-01 -1.155021e-01 -9.275758e-01
    outer loop
      vertex 2.269738e+01 -8.122654e+00 8.299492e+00
      vertex 1.798846e+01 -9.576499e+00 6.657711e+00
      vertex 1.888430e+01 -7.054358e+00 6.657711e+00
    endloop
  endfacet
  facet normal 3.661786e-01 -1.386678e-01 -9.192852e-01
    outer loop
      vertex 2.162066e+01 -1.115406e+01 8.299492e+00
      vertex 1.798846e+01 -9.576499e+00 6.657711e+00
      vertex 2.269738e+01 -8.122654e+00 8.299492e+00
    endloop
  endfacet
  facet normal 2.871207e-01 -5.149387e-02 -9.552934e-01
    outer loop
      vertex 1.942855e+01 -4.433821e+00 6.657711e+00
      vertex 1.364239e+01 -5.585754e+00 4.893136e+00
      vertex 1.403557e+01 -3.692626e+00 4.893136e+00
    endloop
  endfacet
  facet normal 3.136388e-01 -7.121167e-02 -9.455800e-01
    outer loop
      vertex 1.888430e+01 -7.054358e+00 6.657711e+00
      vertex 1.364239e+01 -5.585754e+00 4.893136e+00
      vertex 1.942855e+01 -4.433821e+00 6.657711e+00
    endloop
  endfacet
  facet normal 2.774424e-01 -9.003573e-02 -9.552948e-01
    outer loop
      vertex 1.888430e+01 -7.054358e+00 6.657711e+00
      vertex 1.299522e+01 -7.407799e+00 4.893136e+00
      vertex 1.364239e+01 -5.585754e+00 4.893136e+00
    endloop
  endfacet
  facet normal 3.009787e-01 -1.133125e-01 -9.455819e-01
    outer loop
      vertex 1.798846e+01 -9.576499e+00 6.657711e+00
      vertex 1.299522e+01 -7.407799e+00 4.893136e+00
      vertex 1.888430e+01 -7.054358e+00 6.657711e+00
    endloop
  endfacet
  facet normal 2.198960e-01 -3.961395e-02 -9.742190e-01
    outer loop
      vertex 1.403557e+01 -3.692626e+00 4.893136e+00
      vertex 1.050167e+01 -4.705832e+00 4.109115e+00
      vertex 1.080433e+01 -3.248536e+00 4.109115e+00
    endloop
  endfacet
  facet normal 2.364758e-01 -5.385341e-02 -9.696135e-01
    outer loop
      vertex 1.364239e+01 -5.585754e+00 4.893136e+00
      vertex 1.050167e+01 -4.705832e+00 4.109115e+00
      vertex 1.403557e+01 -3.692626e+00 4.893136e+00
    endloop
  endfacet
  facet normal 2.124590e-01 -6.913181e-02 -9.742198e-01
    outer loop
      vertex 1.364239e+01 -5.585754e+00 4.893136e+00
      vertex 1.000349e+01 -6.108410e+00 4.109115e+00
      vertex 1.050167e+01 -4.705832e+00 4.109115e+00
    endloop
  endfacet
  facet normal 2.269076e-01 -8.559632e-02 -9.696146e-01
    outer loop
      vertex 1.299522e+01 -7.407799e+00 4.893136e+00
      vertex 1.000349e+01 -6.108410e+00 4.109115e+00
      vertex 1.364239e+01 -5.585754e+00 4.893136e+00
    endloop
  endfacet
  facet normal 4.071083e-01 -3.619089e-01 -8.373596e-01
    outer loop
      vertex 2.208869e+01 -2.541233e+01 1.302261e+01
      vertex 2.510268e+01 -2.218427e+01 1.302261e+01
      vertex 2.877449e+01 -2.517123e+01 1.618408e+01
    endloop
  endfacet
  facet normal 3.628730e-01 -3.533290e-01 -8.609555e-01
    outer loop
      vertex 1.871474e+01 -2.180010e+01 1.018282e+01
      vertex 2.510268e+01 -2.218427e+01 1.302261e+01
      vertex 2.208869e+01 -2.541233e+01 1.302261e+01
    endloop
  endfacet
  facet normal 3.632623e-01 -3.226217e-01 -8.728387e-01
    outer loop
      vertex 1.871474e+01 -2.180010e+01 1.018282e+01
      vertex 2.126836e+01 -1.906510e+01 1.018282e+01
      vertex 2.510268e+01 -2.218427e+01 1.302261e+01
    endloop
  endfacet
  facet normal 3.204360e-01 -3.120335e-01 -8.934804e-01
    outer loop
      vertex 1.608997e+01 -1.898995e+01 8.299492e+00
      vertex 2.126836e+01 -1.906510e+01 1.018282e+01
      vertex 1.871474e+01 -2.180010e+01 1.018282e+01
    endloop
  endfacet
  facet normal 3.210770e-01 -2.851813e-01 -9.022366e-01
    outer loop
      vertex 1.608997e+01 -1.898995e+01 8.299492e+00
      vertex 1.828543e+01 -1.663854e+01 8.299492e+00
      vertex 2.126836e+01 -1.906510e+01 1.018282e+01
    endloop
  endfacet
  facet normal 2.806641e-01 -2.730270e-01 -9.192858e-01
    outer loop
      vertex 1.338691e+01 -1.609599e+01 6.657711e+00
      vertex 1.828543e+01 -1.663854e+01 8.299492e+00
      vertex 1.608997e+01 -1.898995e+01 8.299492e+00
    endloop
  endfacet
  facet normal 2.779825e-01 -2.466277e-01 -9.275768e-01
    outer loop
      vertex 1.338691e+01 -1.609599e+01 6.657711e+00
      vertex 1.521354e+01 -1.413961e+01 6.657711e+00
      vertex 1.828543e+01 -1.663854e+01 8.299492e+00
    endloop
  endfacet
  facet normal 2.309546e-01 -2.238038e-01 -9.455823e-01
    outer loop
      vertex 9.670965e+00 -1.211760e+01 4.893136e+00
      vertex 1.521354e+01 -1.413961e+01 6.657711e+00
      vertex 1.338691e+01 -1.609599e+01 6.657711e+00
    endloop
  endfacet
  facet normal 2.186243e-01 -1.930900e-01 -9.552954e-01
    outer loop
      vertex 9.670965e+00 -1.211760e+01 4.893136e+00
      vertex 1.099056e+01 -1.070428e+01 4.893136e+00
      vertex 1.521354e+01 -1.413961e+01 6.657711e+00
    endloop
  endfacet
  facet normal 1.740489e-01 -1.688814e-01 -9.696148e-01
    outer loop
      vertex 7.444540e+00 -9.733935e+00 4.109115e+00
      vertex 1.099056e+01 -1.070428e+01 4.893136e+00
      vertex 9.670965e+00 -1.211760e+01 4.893136e+00
    endloop
  endfacet
  facet normal 1.673440e-01 -1.480330e-01 -9.742202e-01
    outer loop
      vertex 7.444540e+00 -9.733935e+00 4.109115e+00
      vertex 8.460342e+00 -8.645982e+00 4.109115e+00
      vertex 1.099056e+01 -1.070428e+01 4.893136e+00
    endloop
  endfacet
  facet normal 1.390403e-01 -1.250285e-01 -9.819698e-01
    outer loop
      vertex 6.248675e+00 -6.846736e+00 3.590548e+00
      vertex 8.460342e+00 -8.645982e+00 4.109115e+00
      vertex 7.444540e+00 -9.733935e+00 4.109115e+00
    endloop
  endfacet
  facet normal 1.382052e-01 -1.089235e-01 -9.842439e-01
    outer loop
      vertex 6.248675e+00 -6.846736e+00 3.590548e+00
      vertex 7.744289e+00 -7.611320e+00 3.871518e+00
      vertex 7.964318e+00 -8.152333e+00 3.968151e+00
    endloop
  endfacet
  facet normal 1.345409e-01 -1.029783e-01 -9.854550e-01
    outer loop
      vertex 6.248675e+00 -6.846736e+00 3.590548e+00
      vertex 7.350511e+00 -7.181571e+00 3.768063e+00
      vertex 7.744289e+00 -7.611320e+00 3.871518e+00
    endloop
  endfacet
  facet normal 1.289788e-01 -9.874145e-02 -9.866796e-01
    outer loop
      vertex 6.831103e+00 -6.915319e+00 3.670390e+00
      vertex 7.350511e+00 -7.181571e+00 3.768063e+00
      vertex 6.248675e+00 -6.846736e+00 3.590548e+00
    endloop
  endfacet
  facet normal 9.133014e-02 -1.358978e-01 -9.864705e-01
    outer loop
      vertex 4.701493e+00 -8.423431e+00 3.605645e+00
      vertex 5.002815e+00 -9.446299e+00 3.774466e+00
      vertex 4.767568e+00 -8.960967e+00 3.683128e+00
    endloop
  endfacet
  facet normal 9.507395e-02 -1.411808e-01 -9.853327e-01
    outer loop
      vertex 4.701493e+00 -8.423431e+00 3.605645e+00
      vertex 5.381566e+00 -9.829525e+00 3.870084e+00
      vertex 5.002815e+00 -9.446299e+00 3.774466e+00
    endloop
  endfacet
  facet normal 1.003639e-01 -1.449106e-01 -9.842093e-01
    outer loop
      vertex 5.864418e+00 -1.007055e+01 3.960005e+00
      vertex 5.381566e+00 -9.829525e+00 3.870084e+00
      vertex 4.701493e+00 -8.423431e+00 3.605645e+00
    endloop
  endfacet
  facet normal 9.322044e-02 -1.156510e-01 -9.888616e-01
    outer loop
      vertex 5.190017e+00 -7.320192e+00 3.522670e+00
      vertex 4.701493e+00 -8.423431e+00 3.605645e+00
      vertex 4.840757e+00 -7.826774e+00 3.545542e+00
    endloop
  endfacet
  facet normal 9.938637e-02 -1.293978e-01 -9.863347e-01
    outer loop
      vertex 5.190017e+00 -7.320192e+00 3.522670e+00
      vertex 5.864418e+00 -1.007055e+01 3.960005e+00
      vertex 4.701493e+00 -8.423431e+00 3.605645e+00
    endloop
  endfacet
  facet normal 1.067815e-01 -1.395086e-01 -9.841294e-01
    outer loop
      vertex 5.915567e+00 -1.008540e+01 3.968151e+00
      vertex 5.864418e+00 -1.007055e+01 3.960005e+00
      vertex 5.190017e+00 -7.320192e+00 3.522670e+00
    endloop
  endfacet
  facet normal 1.083203e-01 -1.003706e-01 -9.889948e-01
    outer loop
      vertex 6.248675e+00 -6.846736e+00 3.590548e+00
      vertex 5.190017e+00 -7.320192e+00 3.522670e+00
      vertex 5.677363e+00 -6.986951e+00 3.539024e+00
    endloop
  endfacet
  facet normal 1.189491e-01 -1.171809e-01 -9.855329e-01
    outer loop
      vertex 7.444540e+00 -9.733935e+00 4.109115e+00
      vertex 5.190017e+00 -7.320192e+00 3.522670e+00
      vertex 6.248675e+00 -6.846736e+00 3.590548e+00
    endloop
  endfacet
  facet normal 1.165443e-01 -1.372597e-01 -9.832347e-01
    outer loop
      vertex 7.444540e+00 -9.733935e+00 4.109115e+00
      vertex 5.915567e+00 -1.008540e+01 3.968151e+00
      vertex 5.190017e+00 -7.320192e+00 3.522670e+00
    endloop
  endfacet
  facet normal 1.230452e-01 -1.578070e-01 -9.796718e-01
    outer loop
      vertex 6.289978e+00 -1.067338e+01 4.109115e+00
      vertex 5.915567e+00 -1.008540e+01 3.968151e+00
      vertex 7.444540e+00 -9.733935e+00 4.109115e+00
    endloop
  endfacet
  facet normal 1.134272e-01 -1.602610e-01 -9.805173e-01
    outer loop
      vertex 6.289978e+00 -1.067338e+01 4.109115e+00
      vertex 5.888453e+00 -1.010461e+01 3.968151e+00
      vertex 5.915567e+00 -1.008540e+01 3.968151e+00
    endloop
  endfacet
  facet normal 1.076826e-01 -1.686486e-01 -9.796717e-01
    outer loop
      vertex 5.018156e+00 -1.144671e+01 4.109115e+00
      vertex 5.888453e+00 -1.010461e+01 3.968151e+00
      vertex 6.289978e+00 -1.067338e+01 4.109115e+00
    endloop
  endfacet
  facet normal 9.777856e-02 -1.697956e-01 -9.805170e-01
    outer loop
      vertex 5.018156e+00 -1.144671e+01 4.109115e+00
      vertex 4.697874e+00 -1.082872e+01 3.968151e+00
      vertex 5.888453e+00 -1.010461e+01 3.968151e+00
    endloop
  endfacet
  facet normal 8.390371e-02 -1.772285e-01 -9.805166e-01
    outer loop
      vertex 5.018156e+00 -1.144671e+01 4.109115e+00
      vertex 3.677003e+00 -1.128862e+01 3.968151e+00
      vertex 4.697874e+00 -1.082872e+01 3.968151e+00
    endloop
  endfacet
  facet normal 7.731718e-02 -1.846333e-01 -9.796708e-01
    outer loop
      vertex 3.652896e+00 -1.203967e+01 4.109115e+00
      vertex 3.677003e+00 -1.128862e+01 3.968151e+00
      vertex 5.018156e+00 -1.144671e+01 4.109115e+00
    endloop
  endfacet
  facet normal 6.720725e-02 -1.838230e-01 -9.806345e-01
    outer loop
      vertex 3.652896e+00 -1.203967e+01 4.109115e+00
      vertex 3.386773e+00 -1.128862e+01 3.948492e+00
      vertex 3.677003e+00 -1.128862e+01 3.968151e+00
    endloop
  endfacet
  facet normal 5.801007e-02 -1.908712e-01 -9.797893e-01
    outer loop
      vertex 2.219718e+00 -1.244171e+01 4.109115e+00
      vertex 3.386773e+00 -1.128862e+01 3.948492e+00
      vertex 3.652896e+00 -1.203967e+01 4.109115e+00
    endloop
  endfacet
  facet normal 4.757932e-02 -1.864561e-01 -9.811907e-01
    outer loop
      vertex 2.219718e+00 -1.244171e+01 4.109115e+00
      vertex 1.980394e+00 -1.128862e+01 3.876102e+00
      vertex 3.386773e+00 -1.128862e+01 3.948492e+00
    endloop
  endfacet
  facet normal 3.092875e-02 -1.947562e-01 -9.802262e-01
    outer loop
      vertex 7.449924e-01 -1.264352e+01 4.109115e+00
      vertex 1.980394e+00 -1.128862e+01 3.876102e+00
      vertex 2.219718e+00 -1.244171e+01 4.109115e+00
    endloop
  endfacet
  facet normal 2.111265e-02 -1.878714e-01 -9.818291e-01
    outer loop
      vertex 7.449924e-01 -1.264352e+01 4.109115e+00
      vertex 6.522136e-01 -1.128862e+01 3.842566e+00
      vertex 1.980394e+00 -1.128862e+01 3.876102e+00
    endloop
  endfacet
  facet normal 6.949874e-03 -1.879230e-01 -9.820511e-01
    outer loop
      vertex 7.449924e-01 -1.264352e+01 4.109115e+00
      vertex -2.750000e-01 -1.128862e+01 3.839211e+00
      vertex 6.522136e-01 -1.128862e+01 3.842566e+00
    endloop
  endfacet
  facet normal -1.344977e-03 -1.903457e-01 -9.815969e-01
    outer loop
      vertex -6.767631e-01 -1.169039e+01 3.917821e+00
      vertex -2.750000e-01 -1.128862e+01 3.839211e+00
      vertex 7.449924e-01 -1.264352e+01 4.109115e+00
    endloop
  endfacet
  facet normal 7.924574e-03 -3.915249e-01 -9.192733e-01
    outer loop
      vertex -1.606738e+00 -2.527816e+01 8.299492e+00
      vertex 1.339659e+00 -2.132806e+01 6.657711e+00
      vertex 1.610161e+00 -2.527847e+01 8.299492e+00
    endloop
  endfacet
  facet normal -9.330633e-03 -3.715477e-01 -9.275650e-01
    outer loop
      vertex -1.336811e+00 -2.132779e+01 6.657711e+00
      vertex 1.339659e+00 -2.132806e+01 6.657711e+00
      vertex -1.606738e+00 -2.527816e+01 8.299492e+00
    endloop
  endfacet
  facet normal 5.895445e-03 -3.215906e-01 -9.455735e-01
    outer loop
      vertex -1.336811e+00 -2.132779e+01 6.657711e+00
      vertex 9.677961e-01 -1.589735e+01 4.893136e+00
      vertex 1.339659e+00 -2.132806e+01 6.657711e+00
    endloop
  endfacet
  facet normal -7.969917e-03 -2.916146e-01 -9.552878e-01
    outer loop
      vertex -9.657389e-01 -1.589716e+01 4.893136e+00
      vertex 9.677961e-01 -1.589735e+01 4.893136e+00
      vertex -1.336811e+00 -2.132779e+01 6.657711e+00
    endloop
  endfacet
  facet normal 4.602733e-03 -2.425048e-01 -9.696097e-01
    outer loop
      vertex -9.657389e-01 -1.589716e+01 4.893136e+00
      vertex 7.449924e-01 -1.264352e+01 4.109115e+00
      vertex 9.677961e-01 -1.589735e+01 4.893136e+00
    endloop
  endfacet
  facet normal -5.931633e-03 -2.233743e-01 -9.742157e-01
    outer loop
      vertex -7.434088e-01 -1.264337e+01 4.109115e+00
      vertex 7.449924e-01 -1.264352e+01 4.109115e+00
      vertex -9.657389e-01 -1.589716e+01 4.893136e+00
    endloop
  endfacet
  facet normal -4.242687e-03 -1.985038e-01 -9.799724e-01
    outer loop
      vertex -7.434088e-01 -1.264337e+01 4.109115e+00
      vertex -6.767631e-01 -1.169039e+01 3.917821e+00
      vertex 7.449924e-01 -1.264352e+01 4.109115e+00
    endloop
  endfacet
  facet normal -1.856098e-02 -1.979647e-01 -9.799728e-01
    outer loop
      vertex -1.551131e+00 -1.256475e+01 4.110230e+00
      vertex -6.767631e-01 -1.169039e+01 3.917821e+00
      vertex -7.434088e-01 -1.264337e+01 4.109115e+00
    endloop
  endfacet
  facet normal -4.108902e-02 -3.693691e-01 -9.275678e-01
    outer loop
      vertex -3.988756e+00 -2.096538e+01 6.657711e+00
      vertex -1.336811e+00 -2.132779e+01 6.657711e+00
      vertex -1.606738e+00 -2.527816e+01 8.299492e+00
    endloop
  endfacet
  facet normal -4.949743e-02 -3.177904e-01 -9.455779e-01
    outer loop
      vertex -2.881556e+00 -1.563535e+01 4.893136e+00
      vertex -1.336811e+00 -2.132779e+01 6.657711e+00
      vertex -3.988756e+00 -2.096538e+01 6.657711e+00
    endloop
  endfacet
  facet normal -3.160440e-02 -2.899930e-01 -9.552894e-01
    outer loop
      vertex -2.881556e+00 -1.563535e+01 4.893136e+00
      vertex -9.657389e-01 -1.589716e+01 4.893136e+00
      vertex -1.336811e+00 -2.132779e+01 6.657711e+00
    endloop
  endfacet
  facet normal -3.866914e-02 -2.453522e-01 -9.683325e-01
    outer loop
      vertex -2.404294e+00 -1.341792e+01 4.326200e+00
      vertex -9.657389e-01 -1.589716e+01 4.893136e+00
      vertex -2.881556e+00 -1.563535e+01 4.893136e+00
    endloop
  endfacet
  facet normal -2.556903e-02 -2.278433e-01 -9.729368e-01
    outer loop
      vertex -2.404294e+00 -1.341792e+01 4.326200e+00
      vertex -7.434088e-01 -1.264337e+01 4.109115e+00
      vertex -9.657389e-01 -1.589716e+01 4.893136e+00
    endloop
  endfacet
  facet normal -2.935041e-02 -2.081717e-01 -9.775440e-01
    outer loop
      vertex -1.551131e+00 -1.256475e+01 4.110230e+00
      vertex -7.434088e-01 -1.264337e+01 4.109115e+00
      vertex -2.404294e+00 -1.341792e+01 4.326200e+00
    endloop
  endfacet
  facet normal -5.910303e-02 -2.414757e-01 -9.683349e-01
    outer loop
      vertex -2.881556e+00 -1.563535e+01 4.893136e+00
      vertex -4.264192e+00 -1.527781e+01 4.893905e+00
      vertex -2.404294e+00 -1.341792e+01 4.326200e+00
    endloop
  endfacet
  facet normal -7.538810e-02 -2.570015e-01 -9.632983e-01
    outer loop
      vertex -2.881556e+00 -1.563535e+01 4.893136e+00
      vertex -5.098048e+00 -1.611167e+01 5.191629e+00
      vertex -4.264192e+00 -1.527781e+01 4.893905e+00
    endloop
  endfacet
  facet normal -7.284724e-02 -2.886754e-01 -9.535845e-01
    outer loop
      vertex -3.988756e+00 -2.096538e+01 6.657711e+00
      vertex -5.098048e+00 -1.611167e+01 5.191629e+00
      vertex -2.881556e+00 -1.563535e+01 4.893136e+00
    endloop
  endfacet
  facet normal -1.484674e-01 -3.289862e-01 -9.322469e-01
    outer loop
      vertex -9.785378e+00 -2.079900e+01 7.362893e+00
      vertex -8.455210e+00 -1.946883e+01 6.660849e+00
      vertex -6.566339e+00 -2.024351e+01 6.657711e+00
    endloop
  endfacet
  facet normal -1.132593e-01 -3.748159e-01 -9.192855e-01
    outer loop
      vertex -7.892202e+00 -2.397494e+01 8.299492e+00
      vertex -6.566339e+00 -2.024351e+01 6.657711e+00
      vertex -4.794158e+00 -2.484257e+01 8.299492e+00
    endloop
  endfacet
  facet normal -1.436274e-01 -3.526647e-01 -9.239553e-01
    outer loop
      vertex -7.892202e+00 -2.397494e+01 8.299492e+00
      vertex -9.785378e+00 -2.079900e+01 7.362893e+00
      vertex -6.566339e+00 -2.024351e+01 6.657711e+00
    endloop
  endfacet
  facet normal -1.675082e-01 -3.640728e-01 -9.156640e-01
    outer loop
      vertex -1.084328e+01 -2.269349e+01 8.299492e+00
      vertex -9.785378e+00 -2.079900e+01 7.362893e+00
      vertex -7.892202e+00 -2.397494e+01 8.299492e+00
    endloop
  endfacet
  facet normal -1.881800e-01 -3.547375e-01 -9.156646e-01
    outer loop
      vertex -1.084328e+01 -2.269349e+01 8.299492e+00
      vertex -1.139384e+01 -2.240746e+01 8.302792e+00
      vertex -9.785378e+00 -2.079900e+01 7.362893e+00
    endloop
  endfacet
  facet normal -2.013865e-01 -3.802385e-01 -9.022386e-01
    outer loop
      vertex -1.261215e+01 -2.610780e+01 1.018282e+01
      vertex -1.139384e+01 -2.240746e+01 8.302792e+00
      vertex -1.084328e+01 -2.269349e+01 8.299492e+00
    endloop
  endfacet
  facet normal -2.583562e-01 -4.363072e-01 -8.609569e-01
    outer loop
      vertex -1.488591e+01 -3.049664e+01 1.302261e+01
      vertex -1.778502e+01 -2.879864e+01 1.302240e+01
      vertex -1.420253e+01 -2.521616e+01 1.018302e+01
    endloop
  endfacet
  facet normal -2.668919e-01 -4.753858e-01 -8.373619e-01
    outer loop
      vertex -1.706330e+01 -3.469946e+01 1.618408e+01
      vertex -1.778502e+01 -2.879864e+01 1.302240e+01
      vertex -1.488591e+01 -3.049664e+01 1.302261e+01
    endloop
  endfacet
  facet normal -2.966409e-01 -4.778894e-01 -8.256500e-01
    outer loop
      vertex -1.706330e+01 -3.469946e+01 1.618408e+01
      vertex -2.119341e+01 -3.220704e+01 1.618418e+01
      vertex -1.778502e+01 -2.879864e+01 1.302240e+01
    endloop
  endfacet
  facet normal -3.141332e-01 -4.927723e-01 -8.105983e-01
    outer loop
      vertex -2.215778e+01 -3.317140e+01 1.716047e+01
      vertex -2.119341e+01 -3.220704e+01 1.618418e+01
      vertex -1.706330e+01 -3.469946e+01 1.618408e+01
    endloop
  endfacet
  facet normal -4.186878e-01 -2.616677e-01 -8.689661e-01
    outer loop
      vertex -2.523964e+01 -1.614356e+01 1.106854e+01
      vertex -2.347532e+01 -1.598894e+01 1.019957e+01
      vertex -2.705086e+01 -1.956449e+01 1.303638e+01
    endloop
  endfacet
  facet normal -4.000593e-01 -2.404713e-01 -8.841405e-01
    outer loop
      vertex -2.244223e+01 -1.495585e+01 9.471760e+00
      vertex -2.347532e+01 -1.598894e+01 1.019957e+01
      vertex -2.523964e+01 -1.614356e+01 1.106854e+01
    endloop
  endfacet
  facet normal -3.395442e-01 -1.527175e-01 -9.275776e-01
    outer loop
      vertex -1.798804e+01 -9.577546e+00 6.657711e+00
      vertex -1.770639e+01 -1.022001e+01 6.661521e+00
      vertex -2.162015e+01 -1.115532e+01 8.299492e+00
    endloop
  endfacet
  facet normal -3.122423e-01 -1.408486e-01 -9.393668e-01
    outer loop
      vertex -1.632361e+01 -8.837233e+00 6.003778e+00
      vertex -1.770639e+01 -1.022001e+01 6.661521e+00
      vertex -1.798804e+01 -9.577546e+00 6.657711e+00
    endloop
  endfacet
  facet normal -2.503113e-01 -5.769946e-02 -9.662772e-01
    outer loop
      vertex -1.403512e+01 -3.692846e+00 4.893136e+00
      vertex -1.284589e+01 -5.359508e+00 4.674658e+00
      vertex -1.364209e+01 -5.586243e+00 4.893136e+00
    endloop
  endfacet
  facet normal -2.336761e-01 -4.385255e-02 -9.708827e-01
    outer loop
      vertex -1.403512e+01 -3.692846e+00 4.893136e+00
      vertex -1.079657e+01 -3.310193e+00 4.109208e+00
      vertex -1.284589e+01 -5.359508e+00 4.674658e+00
    endloop
  endfacet
  facet normal -2.217347e-01 -3.091890e-02 -9.742174e-01
    outer loop
      vertex -1.080399e+01 -3.248705e+00 4.109115e+00
      vertex -1.079657e+01 -3.310193e+00 4.109208e+00
      vertex -1.403512e+01 -3.692846e+00 4.893136e+00
    endloop
  endfacet
  facet normal -2.022499e-01 -2.823633e-02 -9.789264e-01
    outer loop
      vertex -1.080399e+01 -3.248705e+00 4.109115e+00
      vertex -1.072349e+01 -3.237118e+00 4.092016e+00
      vertex -1.079657e+01 -3.310193e+00 4.109208e+00
    endloop
  endfacet
  facet normal -2.029374e-01 -1.857297e-02 -9.789273e-01
    outer loop
      vertex -1.090627e+01 -1.763623e+00 4.109115e+00
      vertex -1.072349e+01 -3.237118e+00 4.092016e+00
      vertex -1.080399e+01 -3.248705e+00 4.109115e+00
    endloop
  endfacet
  facet normal -1.952543e-01 -1.102825e-02 -9.805525e-01
    outer loop
      vertex -1.090627e+01 -1.763623e+00 4.109115e+00
      vertex -9.525000e+00 -2.038623e+00 3.839211e+00
      vertex -1.072349e+01 -3.237118e+00 4.092016e+00
    endloop
  endfacet
  facet normal -1.880624e-01 -1.813031e-03 -9.820793e-01
    outer loop
      vertex -1.090627e+01 -1.763623e+00 4.109115e+00
      vertex -9.525000e+00 -1.763545e+00 3.838486e+00
      vertex -9.525000e+00 -2.038623e+00 3.839211e+00
    endloop
  endfacet
  facet normal -1.880401e-01 8.233133e-03 -9.819834e-01
    outer loop
      vertex -9.525000e+00 -4.541582e-01 3.854932e+00
      vertex -9.525000e+00 -1.763545e+00 3.838486e+00
      vertex -1.090627e+01 -1.763623e+00 4.109115e+00
    endloop
  endfacet
  facet normal -1.957140e-01 1.760636e-02 -9.803540e-01
    outer loop
      vertex -1.080416e+01 -2.785158e-01 4.109115e+00
      vertex -9.525000e+00 -4.541582e-01 3.854932e+00
      vertex -1.090627e+01 -1.763623e+00 4.109115e+00
    endloop
  endfacet
  facet normal -1.873220e-01 3.440249e-02 -9.815679e-01
    outer loop
      vertex -9.525000e+00 9.057351e-01 3.906826e+00
      vertex -9.525000e+00 -4.541582e-01 3.854932e+00
      vertex -1.080416e+01 -2.785158e-01 4.109115e+00
    endloop
  endfacet
  facet normal -1.931376e-01 4.453155e-02 -9.800377e-01
    outer loop
      vertex -1.050049e+01 1.178699e+00 4.109115e+00
      vertex -9.525000e+00 9.057351e-01 3.906826e+00
      vertex -1.080416e+01 -2.785158e-01 4.109115e+00
    endloop
  endfacet
  facet normal -1.853264e-01 5.820724e-02 -9.808828e-01
    outer loop
      vertex -9.525000e+00 1.913380e+00 3.968151e+00
      vertex -9.525000e+00 9.057351e-01 3.906826e+00
      vertex -1.050049e+01 1.178699e+00 4.109115e+00
    endloop
  endfacet
  facet normal -3.136509e-01 -7.118530e-02 -9.455783e-01
    outer loop
      vertex -1.942793e+01 -4.434125e+00 6.657711e+00
      vertex -1.364209e+01 -5.586243e+00 4.893136e+00
      vertex -1.888388e+01 -7.055034e+00 6.657711e+00
    endloop
  endfacet
  facet normal -2.871305e-01 -5.147890e-02 -9.552915e-01
    outer loop
      vertex -1.942793e+01 -4.434125e+00 6.657711e+00
      vertex -1.403512e+01 -3.692846e+00 4.893136e+00
      vertex -1.364209e+01 -5.586243e+00 4.893136e+00
    endloop
  endfacet
  facet normal -2.903567e-01 -2.797630e-02 -9.552922e-01
    outer loop
      vertex -1.416799e+01 -1.763623e+00 4.893136e+00
      vertex -1.403512e+01 -3.692846e+00 4.893136e+00
      vertex -1.942793e+01 -4.434125e+00 6.657711e+00
    endloop
  endfacet
  facet normal -2.422297e-01 -1.198400e-02 -9.696136e-01
    outer loop
      vertex -1.416799e+01 -1.763623e+00 4.893136e+00
      vertex -1.090627e+01 -1.763623e+00 4.109115e+00
      vertex -1.403512e+01 -3.692846e+00 4.893136e+00
    endloop
  endfacet
  facet normal -2.422208e-01 1.191428e-02 -9.696140e-01
    outer loop
      vertex -1.403534e+01 1.656326e-01 4.893136e+00
      vertex -1.090627e+01 -1.763623e+00 4.109115e+00
      vertex -1.416799e+01 -1.763623e+00 4.893136e+00
    endloop
  endfacet
  facet normal -2.224064e-01 2.129850e-02 -9.742188e-01
    outer loop
      vertex -1.403534e+01 1.656326e-01 4.893136e+00
      vertex -1.080416e+01 -2.785158e-01 4.109115e+00
      vertex -1.090627e+01 -1.763623e+00 4.109115e+00
    endloop
  endfacet
  facet normal -2.383478e-01 4.491362e-02 -9.696105e-01
    outer loop
      vertex -1.364086e+01 2.058654e+00 4.893136e+00
      vertex -1.080416e+01 -2.785158e-01 4.109115e+00
      vertex -1.403534e+01 1.656326e-01 4.893136e+00
    endloop
  endfacet
  facet normal -2.174710e-01 5.135053e-02 -9.742155e-01
    outer loop
      vertex -1.364086e+01 2.058654e+00 4.893136e+00
      vertex -1.050049e+01 1.178699e+00 4.109115e+00
      vertex -1.080416e+01 -2.785158e-01 4.109115e+00
    endloop
  endfacet
  facet normal -2.124880e-01 6.913462e-02 -9.742155e-01
    outer loop
      vertex -1.000272e+01 2.581511e+00 4.109115e+00
      vertex -1.050049e+01 1.178699e+00 4.109115e+00
      vertex -1.364086e+01 2.058654e+00 4.893136e+00
    endloop
  endfacet
  facet normal -1.880950e-01 6.857174e-02 -9.796682e-01
    outer loop
      vertex -1.000272e+01 2.581511e+00 4.109115e+00
      vertex -9.525000e+00 1.913380e+00 3.968151e+00
      vertex -1.050049e+01 1.178699e+00 4.109115e+00
    endloop
  endfacet
  facet normal -1.811628e-01 7.563084e-02 -9.805148e-01
    outer loop
      vertex -9.364723e+00 2.304291e+00 3.968151e+00
      vertex -9.525000e+00 1.913380e+00 3.968151e+00
      vertex -1.000272e+01 2.581511e+00 4.109115e+00
    endloop
  endfacet
  facet normal -1.389972e-01 1.250696e-01 -9.819708e-01
    outer loop
      vertex -6.247576e+00 3.319559e+00 3.590423e+00
      vertex -8.459799e+00 5.119574e+00 4.109115e+00
      vertex -7.443711e+00 6.207489e+00 4.109115e+00
    endloop
  endfacet
  facet normal -1.424059e-01 1.152702e-01 -9.828163e-01
    outer loop
      vertex -7.964318e+00 4.625088e+00 3.968151e+00
      vertex -8.459799e+00 5.119574e+00 4.109115e+00
      vertex -6.247576e+00 3.319559e+00 3.590423e+00
    endloop
  endfacet
  facet normal -1.611914e-01 1.185937e-01 -9.796718e-01
    outer loop
      vertex -7.964318e+00 4.625088e+00 3.968151e+00
      vertex -9.318373e+00 3.903484e+00 4.109115e+00
      vertex -8.459799e+00 5.119574e+00 4.109115e+00
    endloop
  endfacet
  facet normal -1.629854e-01 1.088270e-01 -9.805174e-01
    outer loop
      vertex -8.723497e+00 3.541703e+00 3.968151e+00
      vertex -9.318373e+00 3.903484e+00 4.109115e+00
      vertex -7.964318e+00 4.625088e+00 3.968151e+00
    endloop
  endfacet
  facet normal -1.756239e-01 9.588417e-02 -9.796712e-01
    outer loop
      vertex -8.723497e+00 3.541703e+00 3.968151e+00
      vertex -1.000272e+01 2.581511e+00 4.109115e+00
      vertex -9.318373e+00 3.903484e+00 4.109115e+00
    endloop
  endfacet
  facet normal -1.761074e-01 8.589604e-02 -9.805160e-01
    outer loop
      vertex -9.364723e+00 2.304291e+00 3.968151e+00
      vertex -1.000272e+01 2.581511e+00 4.109115e+00
      vertex -8.723497e+00 3.541703e+00 3.968151e+00
    endloop
  endfacet
  facet normal -1.381567e-01 1.089702e-01 -9.842454e-01
    outer loop
      vertex -6.247576e+00 3.319559e+00 3.590423e+00
      vertex -7.744143e+00 4.083843e+00 3.871470e+00
      vertex -7.964318e+00 4.625088e+00 3.968151e+00
    endloop
  endfacet
  facet normal -1.344895e-01 1.030235e-01 -9.854572e-01
    outer loop
      vertex -6.247576e+00 3.319559e+00 3.590423e+00
      vertex -7.350076e+00 3.653995e+00 3.767967e+00
      vertex -7.744143e+00 4.083843e+00 3.871470e+00
    endloop
  endfacet
  facet normal -1.289253e-01 9.878448e-02 -9.866824e-01
    outer loop
      vertex -6.830317e+00 3.387835e+00 3.670263e+00
      vertex -7.350076e+00 3.653995e+00 3.767967e+00
      vertex -6.247576e+00 3.319559e+00 3.590423e+00
    endloop
  endfacet
  facet normal -9.133777e-02 1.359066e-01 -9.864687e-01
    outer loop
      vertex -4.701427e+00 4.897757e+00 3.605840e+00
      vertex -5.002703e+00 5.918895e+00 3.774432e+00
      vertex -4.767763e+00 5.434379e+00 3.683237e+00
    endloop
  endfacet
  facet normal -9.507501e-02 1.411818e-01 -9.853325e-01
    outer loop
      vertex -4.701427e+00 4.897757e+00 3.605840e+00
      vertex -5.380696e+00 6.301649e+00 3.869896e+00
      vertex -5.002703e+00 5.918895e+00 3.774432e+00
    endloop
  endfacet
  facet normal -1.003497e-01 1.449124e-01 -9.842108e-01
    outer loop
      vertex -5.862545e+00 6.542730e+00 3.959702e+00
      vertex -5.380696e+00 6.301649e+00 3.869896e+00
      vertex -4.701427e+00 4.897757e+00 3.605840e+00
    endloop
  endfacet
  facet normal -9.320939e-02 1.156748e-01 -9.888597e-01
    outer loop
      vertex -5.189446e+00 3.793511e+00 3.522673e+00
      vertex -4.701427e+00 4.897757e+00 3.605840e+00
      vertex -4.840276e+00 4.300618e+00 3.545624e+00
    endloop
  endfacet
  facet normal -9.936968e-02 1.294095e-01 -9.863351e-01
    outer loop
      vertex -5.189446e+00 3.793511e+00 3.522673e+00
      vertex -5.862545e+00 6.542730e+00 3.959702e+00
      vertex -4.701427e+00 4.897757e+00 3.605840e+00
    endloop
  endfacet
  facet normal -1.067650e-01 1.395109e-01 -9.841310e-01
    outer loop
      vertex -5.915567e+00 6.558159e+00 3.968151e+00
      vertex -5.862545e+00 6.542730e+00 3.959702e+00
      vertex -5.189446e+00 3.793511e+00 3.522673e+00
    endloop
  endfacet
  facet normal -1.082929e-01 1.003901e-01 -9.889960e-01
    outer loop
      vertex -6.247576e+00 3.319559e+00 3.590423e+00
      vertex -5.189446e+00 3.793511e+00 3.522673e+00
      vertex -5.676492e+00 3.460095e+00 3.538968e+00
    endloop
  endfacet
  facet normal -1.189198e-01 1.172048e-01 -9.855338e-01
    outer loop
      vertex -7.443711e+00 6.207489e+00 4.109115e+00
      vertex -5.189446e+00 3.793511e+00 3.522673e+00
      vertex -6.247576e+00 3.319559e+00 3.590423e+00
    endloop
  endfacet
  facet normal -1.165324e-01 1.372711e-01 -9.832346e-01
    outer loop
      vertex -7.443711e+00 6.207489e+00 4.109115e+00
      vertex -5.915567e+00 6.558159e+00 3.968151e+00
      vertex -5.189446e+00 3.793511e+00 3.522673e+00
    endloop
  endfacet
  facet normal -1.230315e-01 1.578190e-01 -9.796717e-01
    outer loop
      vertex -6.288889e+00 7.146818e+00 4.109115e+00
      vertex -5.915567e+00 6.558159e+00 3.968151e+00
      vertex -7.443711e+00 6.207489e+00 4.109115e+00
    endloop
  endfacet
  facet normal -1.134143e-01 1.602714e-01 -9.805171e-01
    outer loop
      vertex -6.288889e+00 7.146818e+00 4.109115e+00
      vertex -5.887471e+00 6.578060e+00 3.968151e+00
      vertex -5.915567e+00 6.558159e+00 3.968151e+00
    endloop
  endfacet
  facet normal -1.057497e-01 1.649487e-01 -9.805172e-01
    outer loop
      vertex -4.696721e+00 7.302070e+00 3.968151e+00
      vertex -5.887471e+00 6.578060e+00 3.968151e+00
      vertex -6.288889e+00 7.146818e+00 4.109115e+00
    endloop
  endfacet
  facet normal -4.936824e-01 -1.132784e-01 -8.609465e-01
    outer loop
      vertex -3.205651e+01 -6.170010e+00 1.302261e+01
      vertex -2.639945e+01 -9.160954e+00 1.018282e+01
      vertex -3.115882e+01 -1.049457e+01 1.302261e+01
    endloop
  endfacet
  facet normal -4.780184e-01 -8.705029e-02 -8.728290e-01
    outer loop
      vertex -3.205651e+01 -6.170010e+00 1.302261e+01
      vertex -2.716002e+01 -5.496954e+00 1.018282e+01
      vertex -2.639945e+01 -9.160954e+00 1.018282e+01
    endloop
  endfacet
  facet normal -4.837540e-01 -4.527215e-02 -8.728310e-01
    outer loop
      vertex -2.741714e+01 -1.763624e+00 1.018282e+01
      vertex -2.716002e+01 -5.496954e+00 1.018282e+01
      vertex -3.205651e+01 -6.170010e+00 1.302261e+01
    endloop
  endfacet
  facet normal -4.467720e-01 -2.130909e-02 -8.934768e-01
    outer loop
      vertex -2.741714e+01 -1.763624e+00 1.018282e+01
      vertex -2.357184e+01 -1.763624e+00 8.299492e+00
      vertex -2.716002e+01 -5.496954e+00 1.018282e+01
    endloop
  endfacet
  facet normal -4.467566e-01 2.117226e-02 -8.934779e-01
    outer loop
      vertex -2.716046e+01 1.969770e+00 1.018282e+01
      vertex -2.357184e+01 -1.763624e+00 8.299492e+00
      vertex -2.741714e+01 -1.763624e+00 1.018282e+01
    endloop
  endfacet
  facet normal -4.275664e-01 4.007126e-02 -9.022323e-01
    outer loop
      vertex -2.716046e+01 1.969770e+00 1.018282e+01
      vertex -2.335116e+01 1.446156e+00 8.299492e+00
      vertex -2.357184e+01 -1.763624e+00 8.299492e+00
    endloop
  endfacet
  facet normal -4.397164e-01 8.205534e-02 -8.934676e-01
    outer loop
      vertex -2.639707e+01 5.633044e+00 1.018282e+01
      vertex -2.335116e+01 1.446156e+00 8.299492e+00
      vertex -2.716046e+01 1.969770e+00 1.018282e+01
    endloop
  endfacet
  facet normal -4.181910e-01 9.786496e-02 -9.022212e-01
    outer loop
      vertex -2.639707e+01 5.633044e+00 1.018282e+01
      vertex -2.269484e+01 4.595650e+00 8.299492e+00
      vertex -2.335116e+01 1.446156e+00 8.299492e+00
    endloop
  endfacet
  facet normal -4.081512e-01 1.336963e-01 -9.022210e-01
    outer loop
      vertex -2.161898e+01 7.627563e+00 8.299492e+00
      vertex -2.269484e+01 4.595650e+00 8.299492e+00
      vertex -2.639707e+01 5.633044e+00 1.018282e+01
    endloop
  endfacet
  facet normal -3.662975e-01 1.384728e-01 -9.192752e-01
    outer loop
      vertex -2.161898e+01 7.627563e+00 8.299492e+00
      vertex -1.798706e+01 6.049875e+00 6.657711e+00
      vertex -2.269484e+01 4.595650e+00 8.299492e+00
    endloop
  endfacet
  facet normal -3.342516e-01 1.624138e-01 -9.275733e-01
    outer loop
      vertex -1.675647e+01 8.427072e+00 6.657711e+00
      vertex -1.798706e+01 6.049875e+00 6.657711e+00
      vertex -2.161898e+01 7.627563e+00 8.299492e+00
    endloop
  endfacet
  facet normal -2.827828e-01 1.531713e-01 -9.455810e-01
    outer loop
      vertex -1.675647e+01 8.427072e+00 6.657711e+00
      vertex -1.210520e+01 5.598336e+00 4.893136e+00
      vertex -1.798706e+01 6.049875e+00 6.657711e+00
    endloop
  endfacet
  facet normal -2.661249e-01 1.805812e-01 -9.455830e-01
    outer loop
      vertex -1.521257e+01 1.061387e+01 6.657711e+00
      vertex -1.210520e+01 5.598336e+00 4.893136e+00
      vertex -1.675647e+01 8.427072e+00 6.657711e+00
    endloop
  endfacet
  facet normal -2.335884e-01 1.746976e-01 -9.552961e-01
    outer loop
      vertex -1.521257e+01 1.061387e+01 6.657711e+00
      vertex -1.098986e+01 7.178120e+00 4.893136e+00
      vertex -1.210520e+01 5.598336e+00 4.893136e+00
    endloop
  endfacet
  facet normal -2.185600e-01 1.931634e-01 -9.552960e-01
    outer loop
      vertex -9.669889e+00 8.591396e+00 4.893136e+00
      vertex -1.098986e+01 7.178120e+00 4.893136e+00
      vertex -1.521257e+01 1.061387e+01 6.657711e+00
    endloop
  endfacet
  facet normal -1.740094e-01 1.689236e-01 -9.696150e-01
    outer loop
      vertex -9.669889e+00 8.591396e+00 4.893136e+00
      vertex -7.443711e+00 6.207489e+00 4.109115e+00
      vertex -1.098986e+01 7.178120e+00 4.893136e+00
    endloop
  endfacet
  facet normal -1.566155e-01 1.851708e-01 -9.696150e-01
    outer loop
      vertex -8.169697e+00 9.811649e+00 4.893136e+00
      vertex -7.443711e+00 6.207489e+00 4.109115e+00
      vertex -9.669889e+00 8.591396e+00 4.893136e+00
    endloop
  endfacet
  facet normal -1.363228e-01 1.770192e-01 -9.742205e-01
    outer loop
      vertex -8.169697e+00 9.811649e+00 4.893136e+00
      vertex -6.288889e+00 7.146818e+00 4.109115e+00
      vertex -7.443711e+00 6.207489e+00 4.109115e+00
    endloop
  endfacet
  facet normal -1.211373e-01 1.877329e-01 -9.742205e-01
    outer loop
      vertex -5.016985e+00 7.920238e+00 4.109115e+00
      vertex -6.288889e+00 7.146818e+00 4.109115e+00
      vertex -8.169697e+00 9.811649e+00 4.893136e+00
    endloop
  endfacet
  facet normal -1.001814e-01 1.732100e-01 -9.796717e-01
    outer loop
      vertex -5.016985e+00 7.920238e+00 4.109115e+00
      vertex -4.696721e+00 7.302070e+00 3.968151e+00
      vertex -6.288889e+00 7.146818e+00 4.109115e+00
    endloop
  endfacet
  facet normal -8.390051e-02 1.772265e-01 -9.805172e-01
    outer loop
      vertex -3.677003e+00 7.761377e+00 3.968151e+00
      vertex -4.696721e+00 7.302070e+00 3.968151e+00
      vertex -5.016985e+00 7.920238e+00 4.109115e+00
    endloop
  endfacet
  facet normal -7.729939e-02 1.846363e-01 -9.796715e-01
    outer loop
      vertex -3.651558e+00 8.513092e+00 4.109115e+00
      vertex -3.677003e+00 7.761377e+00 3.968151e+00
      vertex -5.016985e+00 7.920238e+00 4.109115e+00
    endloop
  endfacet
  facet normal -6.717486e-02 1.838281e-01 -9.806356e-01
    outer loop
      vertex -3.385308e+00 7.761377e+00 3.948397e+00
      vertex -3.677003e+00 7.761377e+00 3.968151e+00
      vertex -3.651558e+00 8.513092e+00 4.109115e+00
    endloop
  endfacet
  facet normal -5.479407e-01 -1.259809e-01 -8.256389e-01
    outer loop
      vertex -3.674547e+01 -6.814540e+00 1.618408e+01
      vertex -3.115882e+01 -1.049457e+01 1.302261e+01
      vertex -3.571647e+01 -1.177166e+01 1.618408e+01
    endloop
  endfacet
  facet normal -5.358947e-01 -9.785081e-02 -8.373479e-01
    outer loop
      vertex -3.674547e+01 -6.814540e+00 1.618408e+01
      vertex -3.205651e+01 -6.170010e+00 1.302261e+01
      vertex -3.115882e+01 -1.049457e+01 1.302261e+01
    endloop
  endfacet
  facet normal -5.423955e-01 -5.050120e-02 -8.373504e-01
    outer loop
      vertex -3.235998e+01 -1.763624e+00 1.302261e+01
      vertex -3.205651e+01 -6.170010e+00 1.302261e+01
      vertex -3.674547e+01 -6.814540e+00 1.618408e+01
    endloop
  endfacet
  facet normal -5.059187e-01 -2.415062e-02 -8.609511e-01
    outer loop
      vertex -3.235998e+01 -1.763624e+00 1.302261e+01
      vertex -2.741714e+01 -1.763624e+00 1.018282e+01
      vertex -3.205651e+01 -6.170010e+00 1.302261e+01
    endloop
  endfacet
  facet normal -5.059015e-01 2.399591e-02 -8.609524e-01
    outer loop
      vertex -3.205703e+01 2.642837e+00 1.302261e+01
      vertex -2.741714e+01 -1.763624e+00 1.018282e+01
      vertex -3.235998e+01 -1.763624e+00 1.302261e+01
    endloop
  endfacet
  facet normal -4.837214e-01 4.535573e-02 -8.728333e-01
    outer loop
      vertex -3.205703e+01 2.642837e+00 1.302261e+01
      vertex -2.716046e+01 1.969770e+00 1.018282e+01
      vertex -2.741714e+01 -1.763624e+00 1.018282e+01
    endloop
  endfacet
  facet normal -4.979248e-01 9.293830e-02 -8.609397e-01
    outer loop
      vertex -3.115602e+01 6.966538e+00 1.302261e+01
      vertex -2.716046e+01 1.969770e+00 1.018282e+01
      vertex -3.205703e+01 2.642837e+00 1.302261e+01
    endloop
  endfacet
  facet normal -4.731101e-01 1.107389e-01 -8.728196e-01
    outer loop
      vertex -3.115602e+01 6.966538e+00 1.302261e+01
      vertex -2.639707e+01 5.633044e+00 1.018282e+01
      vertex -2.716046e+01 1.969770e+00 1.018282e+01
    endloop
  endfacet
  facet normal -4.617632e-01 1.512354e-01 -8.728192e-01
    outer loop
      vertex -2.514571e+01 9.159557e+00 1.018282e+01
      vertex -2.639707e+01 5.633044e+00 1.018282e+01
      vertex -3.115602e+01 6.966538e+00 1.302261e+01
    endloop
  endfacet
  facet normal -4.183298e-01 1.583831e-01 -8.934670e-01
    outer loop
      vertex -2.514571e+01 9.159557e+00 1.018282e+01
      vertex -2.161898e+01 7.627563e+00 8.299492e+00
      vertex -2.639707e+01 5.633044e+00 1.018282e+01
    endloop
  endfacet
  facet normal -3.861547e-01 1.879006e-01 -9.022321e-01
    outer loop
      vertex -2.013990e+01 1.048476e+01 8.299492e+00
      vertex -2.161898e+01 7.627563e+00 8.299492e+00
      vertex -2.514571e+01 9.159557e+00 1.018282e+01
    endloop
  endfacet
  facet normal -3.439302e-01 1.871548e-01 -9.192840e-01
    outer loop
      vertex -2.013990e+01 1.048476e+01 8.299492e+00
      vertex -1.675647e+01 8.427072e+00 6.657711e+00
      vertex -2.161898e+01 7.627563e+00 8.299492e+00
    endloop
  endfacet
  facet normal -3.244326e-01 2.192378e-01 -9.192867e-01
    outer loop
      vertex -1.828426e+01 1.311311e+01 8.299492e+00
      vertex -1.675647e+01 8.427072e+00 6.657711e+00
      vertex -2.013990e+01 1.048476e+01 8.299492e+00
    endloop
  endfacet
  facet normal -2.980960e-01 2.219068e-01 -9.275779e-01
    outer loop
      vertex -1.828426e+01 1.311311e+01 8.299492e+00
      vertex -1.521257e+01 1.061387e+01 6.657711e+00
      vertex -1.675647e+01 8.427072e+00 6.657711e+00
    endloop
  endfacet
  facet normal -2.779017e-01 2.467199e-01 -9.275778e-01
    outer loop
      vertex -1.338542e+01 1.257018e+01 6.657711e+00
      vertex -1.521257e+01 1.061387e+01 6.657711e+00
      vertex -1.828426e+01 1.311311e+01 8.299492e+00
    endloop
  endfacet
  facet normal -2.309022e-01 2.238602e-01 -9.455828e-01
    outer loop
      vertex -1.338542e+01 1.257018e+01 6.657711e+00
      vertex -9.669889e+00 8.591396e+00 4.893136e+00
      vertex -1.521257e+01 1.061387e+01 6.657711e+00
    endloop
  endfacet
  facet normal -2.075294e-01 2.456921e-01 -9.455827e-01
    outer loop
      vertex -1.130880e+01 1.425930e+01 6.657711e+00
      vertex -9.669889e+00 8.591396e+00 4.893136e+00
      vertex -1.338542e+01 1.257018e+01 6.657711e+00
    endloop
  endfacet
  facet normal -1.777933e-01 2.312426e-01 -9.552959e-01
    outer loop
      vertex -1.130880e+01 1.425930e+01 6.657711e+00
      vertex -8.169697e+00 9.811649e+00 4.893136e+00
      vertex -9.669889e+00 8.591396e+00 4.893136e+00
    endloop
  endfacet
  facet normal -1.583404e-01 2.449670e-01 -9.552959e-01
    outer loop
      vertex -6.517406e+00 1.081637e+01 4.893136e+00
      vertex -8.169697e+00 9.811649e+00 4.893136e+00
      vertex -1.130880e+01 1.425930e+01 6.657711e+00
    endloop
  endfacet
  facet normal -1.219772e-01 2.096090e-01 -9.696150e-01
    outer loop
      vertex -6.517406e+00 1.081637e+01 4.893136e+00
      vertex -5.016985e+00 7.920238e+00 4.109115e+00
      vertex -8.169697e+00 9.811649e+00 4.893136e+00
    endloop
  endfacet
  facet normal -1.008423e-01 2.205626e-01 -9.696149e-01
    outer loop
      vertex -4.743624e+00 1.158653e+01 4.893136e+00
      vertex -5.016985e+00 7.920238e+00 4.109115e+00
      vertex -6.517406e+00 1.081637e+01 4.893136e+00
    endloop
  endfacet
  facet normal -8.350386e-02 2.072372e-01 -9.742203e-01
    outer loop
      vertex -4.743624e+00 1.158653e+01 4.893136e+00
      vertex -3.651558e+00 8.513092e+00 4.109115e+00
      vertex -5.016985e+00 7.920238e+00 4.109115e+00
    endloop
  endfacet
  facet normal -6.599454e-02 2.134548e-01 -9.742203e-01
    outer loop
      vertex -2.218204e+00 8.914750e+00 4.109115e+00
      vertex -3.651558e+00 8.513092e+00 4.109115e+00
      vertex -4.743624e+00 1.158653e+01 4.893136e+00
    endloop
  endfacet
  facet normal -5.796942e-02 1.908787e-01 -9.797903e-01
    outer loop
      vertex -2.218204e+00 8.914750e+00 4.109115e+00
      vertex -3.385308e+00 7.761377e+00 3.948397e+00
      vertex -3.651558e+00 8.513092e+00 4.109115e+00
    endloop
  endfacet
  facet normal -4.754232e-02 1.864603e-01 -9.811918e-01
    outer loop
      vertex -1.978987e+00 7.761377e+00 3.876049e+00
      vertex -3.385308e+00 7.761377e+00 3.948397e+00
      vertex -2.218204e+00 8.914750e+00 4.109115e+00
    endloop
  endfacet
  facet normal -4.964005e-02 3.177561e-01 -9.455823e-01
    outer loop
      vertex -1.336929e+00 1.780228e+01 6.657711e+00
      vertex -2.881599e+00 1.210831e+01 4.893136e+00
      vertex -3.988816e+00 1.743842e+01 6.657711e+00
    endloop
  endfacet
  facet normal -3.173392e-02 2.899612e-01 -9.552951e-01
    outer loop
      vertex -9.658241e-01 1.237117e+01 4.893136e+00
      vertex -2.881599e+00 1.210831e+01 4.893136e+00
      vertex -1.336929e+00 1.780228e+01 6.657711e+00
    endloop
  endfacet
  facet normal -3.758906e-02 2.395908e-01 -9.696148e-01
    outer loop
      vertex -9.658241e-01 1.237117e+01 4.893136e+00
      vertex -2.218204e+00 8.914750e+00 4.109115e+00
      vertex -2.881599e+00 1.210831e+01 4.893136e+00
    endloop
  endfacet
  facet normal -2.448061e-02 2.220833e-01 -9.742200e-01
    outer loop
      vertex -7.434744e-01 9.117092e+00 4.109115e+00
      vertex -2.218204e+00 8.914750e+00 4.109115e+00
      vertex -9.658241e-01 1.237117e+01 4.893136e+00
    endloop
  endfacet
  facet normal -3.094553e-02 1.947524e-01 -9.802273e-01
    outer loop
      vertex -7.434744e-01 9.117092e+00 4.109115e+00
      vertex -1.978987e+00 7.761377e+00 3.876049e+00
      vertex -2.218204e+00 8.914750e+00 4.109115e+00
    endloop
  endfacet
  facet normal -2.117569e-02 1.878584e-01 -9.818311e-01
    outer loop
      vertex -6.508991e-01 7.761377e+00 3.842549e+00
      vertex -1.978987e+00 7.761377e+00 3.876049e+00
      vertex -7.434744e-01 9.117092e+00 4.109115e+00
    endloop
  endfacet
  facet normal -7.033706e-03 1.879029e-01 -9.820540e-01
    outer loop
      vertex -7.434744e-01 9.117092e+00 4.109115e+00
      vertex 2.750000e-01 7.761377e+00 3.839211e+00
      vertex -6.508991e-01 7.761377e+00 3.842549e+00
    endloop
  endfacet
  facet normal 1.325199e-03 1.903336e-01 -9.815984e-01
    outer loop
      vertex -7.434744e-01 9.117092e+00 4.109115e+00
      vertex 6.783392e-01 8.164716e+00 3.918141e+00
      vertex 2.750000e-01 7.761377e+00 3.839211e+00
    endloop
  endfacet
  facet normal 4.264337e-03 1.984885e-01 -9.799743e-01
    outer loop
      vertex 7.450591e-01 9.117254e+00 4.109115e+00
      vertex 6.783392e-01 8.164716e+00 3.918141e+00
      vertex -7.434744e-01 9.117092e+00 4.109115e+00
    endloop
  endfacet
  facet normal 1.869586e-02 1.979423e-01 -9.799744e-01
    outer loop
      vertex 7.450591e-01 9.117254e+00 4.109115e+00
      vertex 1.551131e+00 9.037509e+00 4.110230e+00
      vertex 6.783392e-01 8.164716e+00 3.918141e+00
    endloop
  endfacet
  facet normal 2.952910e-02 2.081494e-01 -9.775426e-01
    outer loop
      vertex 7.450591e-01 9.117254e+00 4.109115e+00
      vertex 2.406505e+00 9.892882e+00 4.326796e+00
      vertex 1.551131e+00 9.037509e+00 4.110230e+00
    endloop
  endfacet
  facet normal 2.571411e-02 2.278231e-01 -9.729372e-01
    outer loop
      vertex 9.678828e-01 1.237138e+01 4.893136e+00
      vertex 2.406505e+00 9.892882e+00 4.326796e+00
      vertex 7.450591e-01 9.117254e+00 4.109115e+00
    endloop
  endfacet
  facet normal 3.886552e-02 2.453253e-01 -9.683310e-01
    outer loop
      vertex 2.883484e+00 1.210754e+01 4.893136e+00
      vertex 2.406505e+00 9.892882e+00 4.326796e+00
      vertex 9.678828e-01 1.237138e+01 4.893136e+00
    endloop
  endfacet
  facet normal 5.922664e-02 2.414729e-01 -9.683304e-01
    outer loop
      vertex 4.264192e+00 1.175057e+01 4.893905e+00
      vertex 2.406505e+00 9.892882e+00 4.326796e+00
      vertex 2.883484e+00 1.210754e+01 4.893136e+00
    endloop
  endfacet
  facet normal 1.485692e-01 3.289802e-01 -9.322284e-01
    outer loop
      vertex 9.791814e+00 1.727819e+01 7.366456e+00
      vertex 8.455210e+00 1.594159e+01 6.660849e+00
      vertex 6.568814e+00 1.671527e+01 6.657711e+00
    endloop
  endfacet
  facet normal 1.133180e-01 3.748168e-01 -9.192844e-01
    outer loop
      vertex 7.895178e+00 2.044649e+01 8.299492e+00
      vertex 6.568814e+00 1.671527e+01 6.657711e+00
      vertex 4.797366e+00 2.131439e+01 8.299492e+00
    endloop
  endfacet
  facet normal 1.436492e-01 3.526937e-01 -9.239363e-01
    outer loop
      vertex 7.895178e+00 2.044649e+01 8.299492e+00
      vertex 9.791814e+00 1.727819e+01 7.366456e+00
      vertex 6.568814e+00 1.671527e+01 6.657711e+00
    endloop
  endfacet
  facet normal 1.676422e-01 3.640496e-01 -9.156448e-01
    outer loop
      vertex 1.084587e+01 1.916467e+01 8.299492e+00
      vertex 9.791814e+00 1.727819e+01 7.366456e+00
      vertex 7.895178e+00 2.044649e+01 8.299492e+00
    endloop
  endfacet
  facet normal 1.884089e-01 3.546716e-01 -9.156444e-01
    outer loop
      vertex 1.084587e+01 1.916467e+01 8.299492e+00
      vertex 1.139384e+01 1.888022e+01 8.302792e+00
      vertex 9.791814e+00 1.727819e+01 7.366456e+00
    endloop
  endfacet
  facet normal 2.016115e-01 3.801251e-01 -9.022364e-01
    outer loop
      vertex 1.261516e+01 2.257872e+01 1.018282e+01
      vertex 1.139384e+01 1.888022e+01 8.302792e+00
      vertex 1.084587e+01 1.916467e+01 8.299492e+00
    endloop
  endfacet
  facet normal 2.584578e-01 4.362671e-01 -8.609512e-01
    outer loop
      vertex 1.488946e+01 2.696723e+01 1.302261e+01
      vertex 1.778502e+01 2.527139e+01 1.302240e+01
      vertex 1.420253e+01 2.168891e+01 1.018302e+01
    endloop
  endfacet
  facet normal 2.670844e-01 4.752966e-01 -8.373576e-01
    outer loop
      vertex 1.706737e+01 3.116974e+01 1.618408e+01
      vertex 1.778502e+01 2.527139e+01 1.302240e+01
      vertex 1.488946e+01 2.696723e+01 1.302261e+01
    endloop
  endfacet
  facet normal 2.966882e-01 4.778865e-01 -8.256438e-01
    outer loop
      vertex 1.706737e+01 3.116974e+01 1.618408e+01
      vertex 2.119341e+01 2.867979e+01 1.618418e+01
      vertex 1.778502e+01 2.527139e+01 1.302240e+01
    endloop
  endfacet
  facet normal 3.142223e-01 4.928485e-01 -8.105266e-01
    outer loop
      vertex 2.217677e+01 2.966314e+01 1.718005e+01
      vertex 2.119341e+01 2.867979e+01 1.618418e+01
      vertex 1.706737e+01 3.116974e+01 1.618408e+01
    endloop
  endfacet
  facet normal 4.186218e-01 2.617650e-01 -8.689682e-01
    outer loop
      vertex 2.523875e+01 1.261446e+01 1.106757e+01
      vertex 2.347532e+01 1.246169e+01 1.019957e+01
      vertex 2.705086e+01 1.603724e+01 1.303638e+01
    endloop
  endfacet
  facet normal 3.999741e-01 2.405409e-01 -8.841593e-01
    outer loop
      vertex 2.243726e+01 1.142364e+01 9.468360e+00
      vertex 2.347532e+01 1.246169e+01 1.019957e+01
      vertex 2.523875e+01 1.261446e+01 1.106757e+01
    endloop
  endfacet
  facet normal 3.395735e-01 1.526444e-01 -9.275784e-01
    outer loop
      vertex 1.798859e+01 6.049310e+00 6.657711e+00
      vertex 1.770639e+01 6.692764e+00 6.661521e+00
      vertex 2.162081e+01 7.626883e+00 8.299492e+00
    endloop
  endfacet
  facet normal 3.122557e-01 1.407786e-01 -9.393721e-01
    outer loop
      vertex 1.632173e+01 5.308105e+00 6.002932e+00
      vertex 1.770639e+01 6.692764e+00 6.661521e+00
      vertex 1.798859e+01 6.049310e+00 6.657711e+00
    endloop
  endfacet
  facet normal 2.336639e-01 4.388781e-02 -9.708841e-01
    outer loop
      vertex 1.079657e+01 -2.170527e-01 4.109208e+00
      vertex 1.284515e+01 1.831525e+00 4.674426e+00
      vertex 1.403537e+01 1.653537e-01 4.893136e+00
    endloop
  endfacet
  facet normal 2.029300e-01 1.856947e-02 -9.789281e-01
    outer loop
      vertex 1.090636e+01 -1.763623e+00 4.109115e+00
      vertex 1.072326e+01 -2.903610e-01 4.091961e+00
      vertex 1.080418e+01 -2.787305e-01 4.109115e+00
    endloop
  endfacet
  facet normal 1.952489e-01 1.099956e-02 -9.805533e-01
    outer loop
      vertex 1.090636e+01 -1.763623e+00 4.109115e+00
      vertex 9.525000e+00 -1.488623e+00 3.839211e+00
      vertex 1.072326e+01 -2.903610e-01 4.091961e+00
    endloop
  endfacet
  facet normal 1.880595e-01 1.748636e-03 -9.820798e-01
    outer loop
      vertex 9.525000e+00 -1.763623e+00 3.838486e+00
      vertex 9.525000e+00 -1.488623e+00 3.839211e+00
      vertex 1.090636e+01 -1.763623e+00 4.109115e+00
    endloop
  endfacet
  facet normal 2.022402e-01 2.827412e-02 -9.789273e-01
    outer loop
      vertex 1.079657e+01 -2.170527e-01 4.109208e+00
      vertex 1.080418e+01 -2.787305e-01 4.109115e+00
      vertex 1.072326e+01 -2.903610e-01 4.091961e+00
    endloop
  endfacet
  facet normal 2.217258e-01 3.096038e-02 -9.742181e-01
    outer loop
      vertex 1.403537e+01 1.653537e-01 4.893136e+00
      vertex 1.080418e+01 -2.787305e-01 4.109115e+00
      vertex 1.079657e+01 -2.170527e-01 4.109208e+00
    endloop
  endfacet
  facet normal 2.224156e-01 2.125573e-02 -9.742189e-01
    outer loop
      vertex 1.403537e+01 1.653537e-01 4.893136e+00
      vertex 1.090636e+01 -1.763623e+00 4.109115e+00
      vertex 1.080418e+01 -2.787305e-01 4.109115e+00
    endloop
  endfacet
  facet normal 2.422251e-01 1.193719e-02 -9.696142e-01
    outer loop
      vertex 1.416811e+01 -1.763623e+00 4.893136e+00
      vertex 1.090636e+01 -1.763623e+00 4.109115e+00
      vertex 1.403537e+01 1.653537e-01 4.893136e+00
    endloop
  endfacet
  facet normal 2.503012e-01 5.772838e-02 -9.662783e-01
    outer loop
      vertex 1.364203e+01 2.058410e+00 4.893136e+00
      vertex 1.403537e+01 1.653537e-01 4.893136e+00
      vertex 1.284515e+01 1.831525e+00 4.674426e+00
    endloop
  endfacet
  facet normal 2.871219e-01 5.152277e-02 -9.552920e-01
    outer loop
      vertex 1.942828e+01 9.065377e-01 6.657711e+00
      vertex 1.403537e+01 1.653537e-01 4.893136e+00
      vertex 1.364203e+01 2.058410e+00 4.893136e+00
    endloop
  endfacet
  facet normal 2.903482e-01 2.797754e-02 -9.552932e-01
    outer loop
      vertex 1.942828e+01 9.065377e-01 6.657711e+00
      vertex 1.416811e+01 -1.763623e+00 4.893136e+00
      vertex 1.403537e+01 1.653537e-01 4.893136e+00
    endloop
  endfacet
  facet normal 3.212064e-01 1.604035e-02 -9.455813e-01
    outer loop
      vertex 1.961202e+01 -1.763623e+00 6.657711e+00
      vertex 1.416811e+01 -1.763623e+00 4.893136e+00
      vertex 1.942828e+01 9.065377e-01 6.657711e+00
    endloop
  endfacet
  facet normal 3.136444e-01 7.122400e-02 -9.455779e-01
    outer loop
      vertex 1.888380e+01 3.526975e+00 6.657711e+00
      vertex 1.942828e+01 9.065377e-01 6.657711e+00
      vertex 1.364203e+01 2.058410e+00 4.893136e+00
    endloop
  endfacet
  facet normal 3.656565e-01 6.645376e-02 -9.275715e-01
    outer loop
      vertex 2.335120e+01 1.445692e+00 8.299492e+00
      vertex 1.942828e+01 9.065377e-01 6.657711e+00
      vertex 1.888380e+01 3.526975e+00 6.657711e+00
    endloop
  endfacet
  facet normal 3.699922e-01 3.481534e-02 -9.275737e-01
    outer loop
      vertex 2.335120e+01 1.445692e+00 8.299492e+00
      vertex 1.961202e+01 -1.763623e+00 6.657711e+00
      vertex 1.942828e+01 9.065377e-01 6.657711e+00
    endloop
  endfacet
  facet normal 3.911102e-01 1.877498e-02 -9.192845e-01
    outer loop
      vertex 2.357204e+01 -1.763623e+00 8.299492e+00
      vertex 1.961202e+01 -1.763623e+00 6.657711e+00
      vertex 2.335120e+01 1.445692e+00 8.299492e+00
    endloop
  endfacet
  facet normal 3.816993e-01 8.744568e-02 -9.192794e-01
    outer loop
      vertex 2.269679e+01 4.595244e+00 8.299492e+00
      vertex 2.335120e+01 1.445692e+00 8.299492e+00
      vertex 1.888380e+01 3.526975e+00 6.657711e+00
    endloop
  endfacet
  facet normal 4.225086e-01 7.702672e-02 -9.022298e-01
    outer loop
      vertex 2.716051e+01 1.969230e+00 1.018282e+01
      vertex 2.335120e+01 1.445692e+00 8.299492e+00
      vertex 2.269679e+01 4.595244e+00 8.299492e+00
    endloop
  endfacet
  facet normal 4.275838e-01 3.999443e-02 -9.022326e-01
    outer loop
      vertex 2.716051e+01 1.969230e+00 1.018282e+01
      vertex 2.357204e+01 -1.763623e+00 8.299492e+00
      vertex 2.335120e+01 1.445692e+00 8.299492e+00
    endloop
  endfacet
  facet normal 4.467643e-01 2.121945e-02 -8.934788e-01
    outer loop
      vertex 2.741738e+01 -1.763623e+00 1.018282e+01
      vertex 2.357204e+01 -1.763623e+00 8.299492e+00
      vertex 2.716051e+01 1.969230e+00 1.018282e+01
    endloop
  endfacet
  facet normal 4.359528e-01 1.001056e-01 -8.934724e-01
    outer loop
      vertex 2.639934e+01 5.632571e+00 1.018282e+01
      vertex 2.716051e+01 1.969230e+00 1.018282e+01
      vertex 2.269679e+01 4.595244e+00 8.299492e+00
    endloop
  endfacet
  facet normal 4.780047e-01 8.712250e-02 -8.728302e-01
    outer loop
      vertex 3.205708e+01 2.642200e+00 1.302261e+01
      vertex 2.716051e+01 1.969230e+00 1.018282e+01
      vertex 2.639934e+01 5.632571e+00 1.018282e+01
    endloop
  endfacet
  facet normal 4.837411e-01 4.526867e-02 -8.728337e-01
    outer loop
      vertex 3.205708e+01 2.642200e+00 1.302261e+01
      vertex 2.741738e+01 -1.763623e+00 1.018282e+01
      vertex 2.716051e+01 1.969230e+00 1.018282e+01
    endloop
  endfacet
  facet normal 5.059104e-01 2.404922e-02 -8.609536e-01
    outer loop
      vertex 3.236026e+01 -1.763623e+00 1.302261e+01
      vertex 2.741738e+01 -1.763623e+00 1.018282e+01
      vertex 3.205708e+01 2.642200e+00 1.302261e+01
    endloop
  endfacet
  facet normal 4.936720e-01 1.133384e-01 -8.609455e-01
    outer loop
      vertex 3.115869e+01 6.965980e+00 1.302261e+01
      vertex 3.205708e+01 2.642200e+00 1.302261e+01
      vertex 2.639934e+01 5.632571e+00 1.018282e+01
    endloop
  endfacet
  facet normal 5.358795e-01 9.793159e-02 -8.373492e-01
    outer loop
      vertex 3.674612e+01 3.286647e+00 1.618408e+01
      vertex 3.205708e+01 2.642200e+00 1.302261e+01
      vertex 3.115869e+01 6.965980e+00 1.302261e+01
    endloop
  endfacet
  facet normal 5.423815e-01 5.049626e-02 -8.373536e-01
    outer loop
      vertex 3.674612e+01 3.286647e+00 1.618408e+01
      vertex 3.236026e+01 -1.763623e+00 1.302261e+01
      vertex 3.205708e+01 2.642200e+00 1.302261e+01
    endloop
  endfacet
  facet normal 5.615819e-01 2.644704e-02 -8.256473e-01
    outer loop
      vertex 3.709365e+01 -1.763623e+00 1.618408e+01
      vertex 3.236026e+01 -1.763623e+00 1.302261e+01
      vertex 3.674612e+01 3.286647e+00 1.618408e+01
    endloop
  endfacet
  facet normal 5.929422e-01 4.699012e-02 -8.027244e-01
    outer loop
      vertex 4.142431e+01 2.316290e+00 1.961752e+01
      vertex 3.709365e+01 -1.763623e+00 1.618408e+01
      vertex 3.674612e+01 3.286647e+00 1.618408e+01
    endloop
  endfacet
  facet normal 6.095616e-01 2.054308e-02 -7.915215e-01
    outer loop
      vertex 4.162539e+01 -1.763623e+00 1.961752e+01
      vertex 3.709365e+01 -1.763623e+00 1.618408e+01
      vertex 4.142431e+01 2.316290e+00 1.961752e+01
    endloop
  endfacet
  facet normal 6.058086e-01 7.546002e-02 -7.915105e-01
    outer loop
      vertex 3.674612e+01 3.286647e+00 1.618408e+01
      vertex 4.123692e+01 3.903969e+00 1.961752e+01
      vertex 4.142431e+01 2.316290e+00 1.961752e+01
    endloop
  endfacet
  facet normal 6.028197e-01 9.559772e-02 -7.915072e-01
    outer loop
      vertex 3.674612e+01 3.286647e+00 1.618408e+01
      vertex 4.082492e+01 6.356986e+00 1.961752e+01
      vertex 4.123692e+01 3.903969e+00 1.961752e+01
    endloop
  endfacet
  facet normal 5.828024e-01 1.192927e-01 -8.027160e-01
    outer loop
      vertex 3.571632e+01 8.242872e+00 1.618408e+01
      vertex 4.082492e+01 6.356986e+00 1.961752e+01
      vertex 3.674612e+01 3.286647e+00 1.618408e+01
    endloop
  endfacet
  facet normal 5.917233e-01 1.490005e-01 -7.915074e-01
    outer loop
      vertex 3.571632e+01 8.242872e+00 1.618408e+01
      vertex 4.008200e+01 9.465858e+00 1.961752e+01
      vertex 4.082492e+01 6.356986e+00 1.961752e+01
    endloop
  endfacet
  facet normal 5.867816e-01 1.687348e-01 -7.915099e-01
    outer loop
      vertex 3.983301e+01 1.031959e+01 1.961752e+01
      vertex 4.008200e+01 9.465858e+00 1.961752e+01
      vertex 3.571632e+01 8.242872e+00 1.618408e+01
    endloop
  endfacet
  facet normal 2.470744e-01 7.207172e-02 -9.662786e-01
    outer loop
      vertex 1.351303e+01 2.499411e+00 4.893536e+00
      vertex 1.364203e+01 2.058410e+00 4.893136e+00
      vertex 1.284515e+01 1.831525e+00 4.674426e+00
    endloop
  endfacet
  facet normal 2.663141e-01 9.272895e-02 -9.587968e-01
    outer loop
      vertex 1.632173e+01 5.308105e+00 6.002932e+00
      vertex 1.364203e+01 2.058410e+00 4.893136e+00
      vertex 1.351303e+01 2.499411e+00 4.893536e+00
    endloop
  endfacet
  facet normal 2.960635e-01 9.808684e-02 -9.490823e-01
    outer loop
      vertex 1.632173e+01 5.308105e+00 6.002932e+00
      vertex 1.888380e+01 3.526975e+00 6.657711e+00
      vertex 1.364203e+01 2.058410e+00 4.893136e+00
    endloop
  endfacet
  facet normal 3.196103e-01 1.213332e-01 -9.393703e-01
    outer loop
      vertex 1.798859e+01 6.049310e+00 6.657711e+00
      vertex 1.888380e+01 3.526975e+00 6.657711e+00
      vertex 1.632173e+01 5.308105e+00 6.002932e+00
    endloop
  endfacet
  facet normal 3.532340e-01 1.154623e-01 -9.275737e-01
    outer loop
      vertex 1.798859e+01 6.049310e+00 6.657711e+00
      vertex 2.269679e+01 4.595244e+00 8.299492e+00
      vertex 1.888380e+01 3.526975e+00 6.657711e+00
    endloop
  endfacet
  facet normal 3.662120e-01 1.385929e-01 -9.192845e-01
    outer loop
      vertex 2.162081e+01 7.626883e+00 8.299492e+00
      vertex 2.269679e+01 4.595244e+00 8.299492e+00
      vertex 1.798859e+01 6.049310e+00 6.657711e+00
    endloop
  endfacet
  facet normal 4.081214e-01 1.336551e-01 -9.022327e-01
    outer loop
      vertex 2.162081e+01 7.626883e+00 8.299492e+00
      vertex 2.639934e+01 5.632571e+00 1.018282e+01
      vertex 2.269679e+01 4.595244e+00 8.299492e+00
    endloop
  endfacet
  facet normal 4.182327e-01 1.585228e-01 -8.934789e-01
    outer loop
      vertex 2.514784e+01 9.158766e+00 1.018282e+01
      vertex 2.639934e+01 5.632571e+00 1.018282e+01
      vertex 2.162081e+01 7.626883e+00 8.299492e+00
    endloop
  endfacet
  facet normal 4.617312e-01 1.511892e-01 -8.728338e-01
    outer loop
      vertex 2.514784e+01 9.158766e+00 1.018282e+01
      vertex 3.115869e+01 6.965980e+00 1.302261e+01
      vertex 2.639934e+01 5.632571e+00 1.018282e+01
    endloop
  endfacet
  facet normal 4.736097e-01 1.794904e-01 -8.609536e-01
    outer loop
      vertex 2.968157e+01 1.112789e+01 1.302261e+01
      vertex 3.115869e+01 6.965980e+00 1.302261e+01
      vertex 2.514784e+01 9.158766e+00 1.018282e+01
    endloop
  endfacet
  facet normal 5.175999e-01 1.697553e-01 -8.373539e-01
    outer loop
      vertex 2.968157e+01 1.112789e+01 1.302261e+01
      vertex 3.571632e+01 8.242872e+00 1.618408e+01
      vertex 3.115869e+01 6.965980e+00 1.302261e+01
    endloop
  endfacet
  facet normal 5.256277e-01 1.994700e-01 -8.256474e-01
    outer loop
      vertex 3.402314e+01 1.301355e+01 1.618408e+01
      vertex 3.571632e+01 8.242872e+00 1.618408e+01
      vertex 2.968157e+01 1.112789e+01 1.302261e+01
    endloop
  endfacet
  facet normal 5.636356e-01 1.897301e-01 -8.027237e-01
    outer loop
      vertex 3.402314e+01 1.301355e+01 1.618408e+01
      vertex 3.983301e+01 1.031959e+01 1.961752e+01
      vertex 3.571632e+01 8.242872e+00 1.618408e+01
    endloop
  endfacet
  facet normal 5.697451e-01 2.173057e-01 -7.915206e-01
    outer loop
      vertex 3.845626e+01 1.416545e+01 1.961752e+01
      vertex 3.983301e+01 1.031959e+01 1.961752e+01
      vertex 3.402314e+01 1.301355e+01 1.618408e+01
    endloop
  endfacet
  facet normal 5.614273e-01 2.399420e-01 -7.915252e-01
    outer loop
      vertex 3.402314e+01 1.301355e+01 1.618408e+01
      vertex 3.817908e+01 1.481857e+01 1.961752e+01
      vertex 3.845626e+01 1.416545e+01 1.961752e+01
    endloop
  endfacet
  facet normal 5.526245e-01 2.585548e-01 -7.915227e-01
    outer loop
      vertex 3.402314e+01 1.301355e+01 1.618408e+01
      vertex 3.670973e+01 1.785817e+01 1.961752e+01
      vertex 3.817908e+01 1.481857e+01 1.961752e+01
    endloop
  endfacet
  facet normal 5.268571e-01 2.761683e-01 -8.027263e-01
    outer loop
      vertex 3.169271e+01 1.750751e+01 1.618408e+01
      vertex 3.670973e+01 1.785817e+01 1.961752e+01
      vertex 3.402314e+01 1.301355e+01 1.618408e+01
    endloop
  endfacet
  facet normal 5.273296e-01 3.073826e-01 -7.915133e-01
    outer loop
      vertex 3.169271e+01 1.750751e+01 1.618408e+01
      vertex 3.556612e+01 1.986291e+01 1.961752e+01
      vertex 3.670973e+01 1.785817e+01 1.961752e+01
    endloop
  endfacet
  facet normal 5.168524e-01 3.248598e-01 -7.915101e-01
    outer loop
      vertex 3.461024e+01 2.136220e+01 1.961752e+01
      vertex 3.556612e+01 1.986291e+01 1.961752e+01
      vertex 3.169271e+01 1.750751e+01 1.618408e+01
    endloop
  endfacet
  facet normal 3.513589e-01 1.738010e-01 -9.192851e-01
    outer loop
      vertex 2.065821e+01 9.644585e+00 8.311745e+00
      vertex 2.162081e+01 7.626883e+00 8.299492e+00
      vertex 1.770639e+01 6.692764e+00 6.661521e+00
    endloop
  endfacet
  facet normal 3.728314e-01 2.001349e-01 -9.055400e-01
    outer loop
      vertex 2.243726e+01 1.142364e+01 9.468360e+00
      vertex 2.162081e+01 7.626883e+00 8.299492e+00
      vertex 2.065821e+01 9.644585e+00 8.311745e+00
    endloop
  endfacet
  facet normal 3.958289e-01 1.940867e-01 -8.967853e-01
    outer loop
      vertex 2.243726e+01 1.142364e+01 9.468360e+00
      vertex 2.514784e+01 9.158766e+00 1.018282e+01
      vertex 2.162081e+01 7.626883e+00 8.299492e+00
    endloop
  endfacet
  facet normal 4.108975e-01 2.198115e-01 -8.841627e-01
    outer loop
      vertex 2.523875e+01 1.261446e+01 1.106757e+01
      vertex 2.514784e+01 9.158766e+00 1.018282e+01
      vertex 2.243726e+01 1.142364e+01 9.468360e+00
    endloop
  endfacet
  facet normal 4.341033e-01 2.339318e-01 -8.689722e-01
    outer loop
      vertex 2.523875e+01 1.261446e+01 1.106757e+01
      vertex 2.764852e+01 1.504839e+01 1.302261e+01
      vertex 2.514784e+01 9.158766e+00 1.018282e+01
    endloop
  endfacet
  facet normal 4.374738e-01 2.706736e-01 -8.570840e-01
    outer loop
      vertex 2.705086e+01 1.603724e+01 1.303638e+01
      vertex 2.764852e+01 1.504839e+01 1.302261e+01
      vertex 2.523875e+01 1.261446e+01 1.106757e+01
    endloop
  endfacet
  facet normal 4.617502e-01 2.908445e-01 -8.373505e-01
    outer loop
      vertex 2.705086e+01 1.603724e+01 1.303638e+01
      vertex 3.169271e+01 1.750751e+01 1.618408e+01
      vertex 2.764852e+01 1.504839e+01 1.302261e+01
    endloop
  endfacet
  facet normal 4.697374e-01 3.106831e-01 -8.256383e-01
    outer loop
      vertex 3.044854e+01 1.943492e+01 1.618966e+01
      vertex 3.169271e+01 1.750751e+01 1.618408e+01
      vertex 2.705086e+01 1.603724e+01 1.303638e+01
    endloop
  endfacet
  facet normal 4.971865e-01 3.278719e-01 -8.027180e-01
    outer loop
      vertex 3.044854e+01 1.943492e+01 1.618966e+01
      vertex 3.461024e+01 2.136220e+01 1.961752e+01
      vertex 3.169271e+01 1.750751e+01 1.618408e+01
    endloop
  endfacet
  facet normal 5.002604e-01 3.492886e-01 -7.918155e-01
    outer loop
      vertex 3.360317e+01 2.258955e+01 1.951718e+01
      vertex 3.461024e+01 2.136220e+01 1.961752e+01
      vertex 3.044854e+01 1.943492e+01 1.618966e+01
    endloop
  endfacet
  facet normal 5.036075e-01 3.693975e-01 -7.806088e-01
    outer loop
      vertex 3.360317e+01 2.258955e+01 1.951718e+01
      vertex 3.229008e+01 2.450370e+01 1.961752e+01
      vertex 3.461024e+01 2.136220e+01 1.961752e+01
    endloop
  endfacet
  facet normal 4.917531e-01 3.848105e-01 -7.809174e-01
    outer loop
      vertex 3.219328e+01 2.442497e+01 1.951718e+01
      vertex 3.229008e+01 2.450370e+01 1.961752e+01
      vertex 3.360317e+01 2.258955e+01 1.951718e+01
    endloop
  endfacet
  facet normal 4.844464e-01 3.949095e-01 -7.806126e-01
    outer loop
      vertex 3.219328e+01 2.442497e+01 1.951718e+01
      vertex 3.217638e+01 2.464281e+01 1.961752e+01
      vertex 3.229008e+01 2.450370e+01 1.961752e+01
    endloop
  endfacet
  facet normal 4.700928e-01 4.108160e-01 -7.806165e-01
    outer loop
      vertex 3.219328e+01 2.442497e+01 1.951718e+01
      vertex 2.943312e+01 2.766953e+01 1.961752e+01
      vertex 3.217638e+01 2.464281e+01 1.961752e+01
    endloop
  endfacet
  facet normal 4.508882e-01 4.307312e-01 -7.809265e-01
    outer loop
      vertex 2.832753e+01 2.856459e+01 1.951718e+01
      vertex 2.943312e+01 2.766953e+01 1.961752e+01
      vertex 3.219328e+01 2.442497e+01 1.951718e+01
    endloop
  endfacet
  facet normal 4.316750e-01 4.518635e-01 -7.806234e-01
    outer loop
      vertex 2.832753e+01 2.856459e+01 1.951718e+01
      vertex 2.841285e+01 2.865596e+01 1.961752e+01
      vertex 2.943312e+01 2.766953e+01 1.961752e+01
    endloop
  endfacet
  facet normal 4.164481e-01 4.656647e-01 -7.806209e-01
    outer loop
      vertex 2.832753e+01 2.856459e+01 1.951718e+01
      vertex 2.640686e+01 3.041323e+01 1.961752e+01
      vertex 2.841285e+01 2.865596e+01 1.961752e+01
    endloop
  endfacet
  facet normal 3.962706e-01 4.817955e-01 -7.809237e-01
    outer loop
      vertex 2.435317e+01 3.183955e+01 1.951718e+01
      vertex 2.640686e+01 3.041323e+01 1.961752e+01
      vertex 2.832753e+01 2.856459e+01 1.951718e+01
    endloop
  endfacet
  facet normal 3.744857e-01 5.000146e-01 -7.806129e-01
    outer loop
      vertex 2.435317e+01 3.183955e+01 1.951718e+01
      vertex 2.400629e+01 3.224128e+01 1.961752e+01
      vertex 2.640686e+01 3.041323e+01 1.961752e+01
    endloop
  endfacet
  facet normal 3.566689e-01 5.008624e-01 -7.884138e-01
    outer loop
      vertex 2.217677e+01 2.966314e+01 1.718005e+01
      vertex 2.400629e+01 3.224128e+01 1.961752e+01
      vertex 2.435317e+01 3.183955e+01 1.951718e+01
    endloop
  endfacet
  facet normal 3.504128e-01 5.056839e-01 -7.881069e-01
    outer loop
      vertex 2.217677e+01 2.966314e+01 1.718005e+01
      vertex 2.312549e+01 3.284607e+01 1.961752e+01
      vertex 2.400629e+01 3.224128e+01 1.961752e+01
    endloop
  endfacet
  facet normal 3.285369e-01 5.191811e-01 -7.881094e-01
    outer loop
      vertex 2.217677e+01 2.966314e+01 1.718005e+01
      vertex 1.962174e+01 3.494613e+01 1.961752e+01
      vertex 2.312549e+01 3.284607e+01 1.961752e+01
    endloop
  endfacet
  facet normal 3.018755e-01 5.177546e-01 -7.993206e-01
    outer loop
      vertex 1.706737e+01 3.116974e+01 1.618408e+01
      vertex 1.962174e+01 3.494613e+01 1.961752e+01
      vertex 2.217677e+01 2.966314e+01 1.718005e+01
    endloop
  endfacet
  facet normal 2.834872e-01 5.407643e-01 -7.915209e-01
    outer loop
      vertex 1.706737e+01 3.116974e+01 1.618408e+01
      vertex 1.915252e+01 3.519321e+01 1.961752e+01
      vertex 1.962174e+01 3.494613e+01 1.961752e+01
    endloop
  endfacet
  facet normal 2.648890e-01 5.495605e-01 -7.915225e-01
    outer loop
      vertex 1.706737e+01 3.116974e+01 1.618408e+01
      vertex 1.592935e+01 3.669322e+01 1.961752e+01
      vertex 1.915252e+01 3.519321e+01 1.961752e+01
    endloop
  endfacet
  facet normal 2.337107e-01 5.469950e-01 -8.027304e-01
    outer loop
      vertex 1.242408e+01 3.318685e+01 1.618408e+01
      vertex 1.592935e+01 3.669322e+01 1.961752e+01
      vertex 1.706737e+01 3.116974e+01 1.618408e+01
    endloop
  endfacet
  facet normal 2.143096e-01 5.715365e-01 -7.915220e-01
    outer loop
      vertex 1.242408e+01 3.318685e+01 1.618408e+01
      vertex 1.394204e+01 3.745716e+01 1.961752e+01
      vertex 1.592935e+01 3.669322e+01 1.961752e+01
    endloop
  endfacet
  facet normal 1.950454e-01 5.784288e-01 -7.915192e-01
    outer loop
      vertex 1.208305e+01 3.806877e+01 1.961752e+01
      vertex 1.394204e+01 3.745716e+01 1.961752e+01
      vertex 1.242408e+01 3.318685e+01 1.618408e+01
    endloop
  endfacet
  facet normal 2.188513e-01 3.909638e-01 -8.934779e-01
    outer loop
      vertex 1.261516e+01 2.257872e+01 1.018282e+01
      vertex 1.420253e+01 2.168891e+01 1.018302e+01
      vertex 1.139384e+01 1.888022e+01 8.302792e+00
    endloop
  endfacet
  facet normal 2.331585e-01 4.271108e-01 -8.728375e-01
    outer loop
      vertex 1.261516e+01 2.257872e+01 1.018282e+01
      vertex 1.488946e+01 2.696723e+01 1.302261e+01
      vertex 1.420253e+01 2.168891e+01 1.018302e+01
    endloop
  endfacet
  facet normal 2.115512e-01 4.601782e-01 -8.609548e-01
    outer loop
      vertex 1.083869e+01 2.872695e+01 1.302261e+01
      vertex 1.488946e+01 2.696723e+01 1.302261e+01
      vertex 1.261516e+01 2.257872e+01 1.018282e+01
    endloop
  endfacet
  facet normal 2.048180e-01 5.047408e-01 -8.373594e-01
    outer loop
      vertex 1.083869e+01 2.872695e+01 1.302261e+01
      vertex 1.242408e+01 3.318685e+01 1.618408e+01
      vertex 1.488946e+01 2.696723e+01 1.302261e+01
    endloop
  endfacet
  facet normal 1.631879e-01 5.380166e-01 -8.256469e-01
    outer loop
      vertex 7.549273e+00 3.455260e+01 1.618408e+01
      vertex 1.242408e+01 3.318685e+01 1.618408e+01
      vertex 1.083869e+01 2.872695e+01 1.302261e+01
    endloop
  endfacet
  facet normal 1.647319e-01 5.715772e-01 -8.027263e-01
    outer loop
      vertex 7.549273e+00 3.455260e+01 1.618408e+01
      vertex 1.208305e+01 3.806877e+01 1.961752e+01
      vertex 1.242408e+01 3.318685e+01 1.618408e+01
    endloop
  endfacet
  facet normal 1.423931e-01 5.931855e-01 -7.915168e-01
    outer loop
      vertex 8.471691e+00 3.898984e+01 1.961752e+01
      vertex 1.208305e+01 3.806877e+01 1.961752e+01
      vertex 7.549273e+00 3.455260e+01 1.618408e+01
    endloop
  endfacet
  facet normal 1.226336e-01 5.981351e-01 -7.915171e-01
    outer loop
      vertex 7.549273e+00 3.455260e+01 1.618408e+01
      vertex 8.120559e+00 3.906131e+01 1.961752e+01
      vertex 8.471691e+00 3.898984e+01 1.961752e+01
    endloop
  endfacet
  facet normal 1.006267e-01 6.014965e-01 -7.915199e-01
    outer loop
      vertex 7.549273e+00 3.455260e+01 1.618408e+01
      vertex 4.080001e+00 3.966132e+01 1.961752e+01
      vertex 8.120559e+00 3.906131e+01 1.961752e+01
    endloop
  endfacet
  facet normal 7.312236e-02 5.902444e-01 -8.027306e-01
    outer loop
      vertex 2.534022e+00 3.524335e+01 1.618408e+01
      vertex 4.080001e+00 3.966132e+01 1.961752e+01
      vertex 7.549273e+00 3.455260e+01 1.618408e+01
    endloop
  endfacet
  facet normal 4.789369e-02 6.086283e-01 -7.915252e-01
    outer loop
      vertex 2.534022e+00 3.524335e+01 1.618408e+01
      vertex 2.843606e+00 3.976441e+01 1.961752e+01
      vertex 4.080001e+00 3.966132e+01 1.961752e+01
    endloop
  endfacet
  facet normal 2.738293e-02 6.096367e-01 -7.915238e-01
    outer loop
      vertex 2.534022e+00 3.524335e+01 1.618408e+01
      vertex 2.867664e-05 3.986108e+01 1.961752e+01
      vertex 2.843606e+00 3.976441e+01 1.961752e+01
    endloop
  endfacet
  facet normal -4.634758e-05 5.948623e-01 -8.027296e-01
    outer loop
      vertex -2.528632e+00 3.524280e+01 1.618408e+01
      vertex 2.867664e-05 3.986108e+01 1.961752e+01
      vertex 2.534022e+00 3.524335e+01 1.618408e+01
    endloop
  endfacet
  facet normal -2.747534e-02 6.096435e-01 -7.915190e-01
    outer loop
      vertex -2.528632e+00 3.524280e+01 1.618408e+01
      vertex -2.837586e+00 3.976406e+01 1.961752e+01
      vertex 2.867664e-05 3.986108e+01 1.961752e+01
    endloop
  endfacet
  facet normal -4.784008e-02 6.086427e-01 -7.915180e-01
    outer loop
      vertex -4.079956e+00 3.966059e+01 1.961752e+01
      vertex -2.837586e+00 3.976406e+01 1.961752e+01
      vertex -2.528632e+00 3.524280e+01 1.618408e+01
    endloop
  endfacet
  facet normal -5.418104e-02 4.828254e-01 -8.728380e-01
    outer loop
      vertex -5.576318e+00 2.508061e+01 1.018282e+01
      vertex -2.205963e+00 3.052054e+01 1.302261e+01
      vertex -1.869012e+00 2.558928e+01 1.018282e+01
    endloop
  endfacet
  facet normal -7.936883e-02 5.002306e-01 -8.609557e-01
    outer loop
      vertex -6.581633e+00 2.992017e+01 1.302261e+01
      vertex -2.205963e+00 3.052054e+01 1.302261e+01
      vertex -5.576318e+00 2.508061e+01 1.018282e+01
    endloop
  endfacet
  facet normal -6.100247e-02 5.413027e-01 -8.373588e-01
    outer loop
      vertex -6.581633e+00 2.992017e+01 1.302261e+01
      vertex -2.528632e+00 3.524280e+01 1.618408e+01
      vertex -2.205963e+00 3.052054e+01 1.302261e+01
    endloop
  endfacet
  facet normal -8.834509e-02 5.552270e-01 -8.256497e-01
    outer loop
      vertex -7.544339e+00 3.455461e+01 1.618408e+01
      vertex -2.528632e+00 3.524280e+01 1.618408e+01
      vertex -6.581633e+00 2.992017e+01 1.302261e+01
    endloop
  endfacet
  facet normal -7.297496e-02 5.902722e-01 -8.027284e-01
    outer loop
      vertex -7.544339e+00 3.455461e+01 1.618408e+01
      vertex -4.079956e+00 3.966059e+01 1.961752e+01
      vertex -2.528632e+00 3.524280e+01 1.618408e+01
    endloop
  endfacet
  facet normal -1.003945e-01 6.015356e-01 -7.915222e-01
    outer loop
      vertex -8.120709e+00 3.906194e+01 1.961752e+01
      vertex -4.079956e+00 3.966059e+01 1.961752e+01
      vertex -7.544339e+00 3.455461e+01 1.618408e+01
    endloop
  endfacet
  facet normal -1.223427e-01 5.981850e-01 -7.915244e-01
    outer loop
      vertex -7.544339e+00 3.455461e+01 1.618408e+01
      vertex -8.466043e+00 3.899173e+01 1.961752e+01
      vertex -8.120709e+00 3.906194e+01 1.961752e+01
    endloop
  endfacet
  facet normal -1.422694e-01 5.931941e-01 -7.915239e-01
    outer loop
      vertex -7.544339e+00 3.455461e+01 1.618408e+01
      vertex -1.208301e+01 3.806882e+01 1.961752e+01
      vertex -8.466043e+00 3.899173e+01 1.961752e+01
    endloop
  endfacet
  facet normal -1.647677e-01 5.715482e-01 -8.027308e-01
    outer loop
      vertex -1.241932e+01 3.318853e+01 1.618408e+01
      vertex -1.208301e+01 3.806882e+01 1.961752e+01
      vertex -7.544339e+00 3.455461e+01 1.618408e+01
    endloop
  endfacet
  facet normal -1.952373e-01 5.783622e-01 -7.915213e-01
    outer loop
      vertex -1.241932e+01 3.318853e+01 1.618408e+01
      vertex -1.393657e+01 3.745853e+01 1.961752e+01
      vertex -1.208301e+01 3.806882e+01 1.961752e+01
    endloop
  endfacet
  facet normal -2.144506e-01 5.714872e-01 -7.915202e-01
    outer loop
      vertex -1.592910e+01 3.669257e+01 1.961752e+01
      vertex -1.393657e+01 3.745853e+01 1.961752e+01
      vertex -1.241932e+01 3.318853e+01 1.618408e+01
    endloop
  endfacet
  facet normal -2.048147e-01 5.047584e-01 -8.373600e-01
    outer loop
      vertex -1.488589e+01 2.696936e+01 1.302261e+01
      vertex -1.241932e+01 3.318853e+01 1.618408e+01
      vertex -1.083454e+01 2.872841e+01 1.302261e+01
    endloop
  endfacet
  facet normal -2.348811e-01 5.107982e-01 -8.256499e-01
    outer loop
      vertex -1.706328e+01 3.117218e+01 1.618408e+01
      vertex -1.241932e+01 3.318853e+01 1.618408e+01
      vertex -1.488589e+01 2.696936e+01 1.302261e+01
    endloop
  endfacet
  facet normal -2.336750e-01 5.470266e-01 -8.027294e-01
    outer loop
      vertex -1.706328e+01 3.117218e+01 1.618408e+01
      vertex -1.592910e+01 3.669257e+01 1.961752e+01
      vertex -1.241932e+01 3.318853e+01 1.618408e+01
    endloop
  endfacet
  facet normal -2.646719e-01 5.496759e-01 -7.915223e-01
    outer loop
      vertex -1.914798e+01 3.519613e+01 1.961752e+01
      vertex -1.592910e+01 3.669257e+01 1.961752e+01
      vertex -1.706328e+01 3.117218e+01 1.618408e+01
    endloop
  endfacet
  facet normal -2.831415e-01 5.409408e-01 -7.915239e-01
    outer loop
      vertex -1.706328e+01 3.117218e+01 1.618408e+01
      vertex -1.962207e+01 3.494668e+01 1.961752e+01
      vertex -1.914798e+01 3.519613e+01 1.961752e+01
    endloop
  endfacet
  facet normal -3.031274e-01 5.291364e-01 -7.915238e-01
    outer loop
      vertex -1.706328e+01 3.117218e+01 1.618408e+01
      vertex -2.312547e+01 3.284614e+01 1.961752e+01
      vertex -1.962207e+01 3.494668e+01 1.961752e+01
    endloop
  endfacet
  facet normal -3.165773e-01 5.034706e-01 -8.027311e-01
    outer loop
      vertex -2.138915e+01 2.854169e+01 1.618408e+01
      vertex -2.312547e+01 3.284614e+01 1.961752e+01
      vertex -1.706328e+01 3.117218e+01 1.618408e+01
    endloop
  endfacet
  facet normal -3.477600e-01 5.018072e-01 -7.915225e-01
    outer loop
      vertex -2.138915e+01 2.854169e+01 1.618408e+01
      vertex -2.400210e+01 3.224387e+01 1.961752e+01
      vertex -2.312547e+01 3.284614e+01 1.961752e+01
    endloop
  endfacet
  facet normal -3.641524e-01 4.896496e-01 -7.915218e-01
    outer loop
      vertex -2.138915e+01 2.854169e+01 1.618408e+01
      vertex -2.640644e+01 3.041269e+01 1.961752e+01
      vertex -2.400210e+01 3.224387e+01 1.961752e+01
    endloop
  endfacet
  facet normal -3.760685e-01 4.609059e-01 -8.027306e-01
    outer loop
      vertex -2.531682e+01 2.534694e+01 1.618408e+01
      vertex -2.640644e+01 3.041269e+01 1.961752e+01
      vertex -2.138915e+01 2.854169e+01 1.618408e+01
    endloop
  endfacet
  facet normal -4.066353e-01 4.550902e-01 -7.915229e-01
    outer loop
      vertex -2.531682e+01 2.534694e+01 1.618408e+01
      vertex -2.840980e+01 2.865906e+01 1.961752e+01
      vertex -2.640644e+01 3.041269e+01 1.961752e+01
    endloop
  endfacet
  facet normal -4.217909e-01 4.413538e-01 -7.915242e-01
    outer loop
      vertex -2.943359e+01 2.766996e+01 1.961752e+01
      vertex -2.840980e+01 2.865906e+01 1.961752e+01
      vertex -2.531682e+01 2.534694e+01 1.618408e+01
    endloop
  endfacet
  facet normal 1.215221e-01 3.046192e-01 -9.438643e-01
    outer loop
      vertex 5.101430e+00 1.258781e+01 5.192891e+00
      vertex 6.568814e+00 1.671527e+01 6.657711e+00
      vertex 8.455210e+00 1.594159e+01 6.660849e+00
    endloop
  endfacet
  facet normal 9.452245e-02 3.137741e-01 -9.438633e-01
    outer loop
      vertex 3.991425e+00 1.743736e+01 6.657711e+00
      vertex 6.568814e+00 1.671527e+01 6.657711e+00
      vertex 5.101430e+00 1.258781e+01 5.192891e+00
    endloop
  endfacet
  facet normal 9.123827e-02 3.602583e-01 -9.275756e-01
    outer loop
      vertex 3.991425e+00 1.743736e+01 6.657711e+00
      vertex 4.797366e+00 2.131439e+01 8.299492e+00
      vertex 6.568814e+00 1.671527e+01 6.657711e+00
    endloop
  endfacet
  facet normal 5.994536e-02 3.667552e-01 -9.275761e-01
    outer loop
      vertex 1.339779e+00 1.780257e+01 6.657711e+00
      vertex 4.797366e+00 2.131439e+01 8.299492e+00
      vertex 3.991425e+00 1.743736e+01 6.657711e+00
    endloop
  endfacet
  facet normal 4.539716e-02 3.889184e-01 -9.192858e-01
    outer loop
      vertex 1.339779e+00 1.780257e+01 6.657711e+00
      vertex 1.610305e+00 2.175334e+01 8.299492e+00
      vertex 4.797366e+00 2.131439e+01 8.299492e+00
    endloop
  endfacet
  facet normal 8.015011e-03 3.914808e-01 -9.192861e-01
    outer loop
      vertex -1.606880e+00 2.175299e+01 8.299492e+00
      vertex 1.610305e+00 2.175334e+01 8.299492e+00
      vertex 1.339779e+00 1.780257e+01 6.657711e+00
    endloop
  endfacet
  facet normal -1.059448e-02 4.293180e-01 -9.022362e-01
    outer loop
      vertex -1.606880e+00 2.175299e+01 8.299492e+00
      vertex -1.869012e+00 2.558928e+01 1.018282e+01
      vertex 1.610305e+00 2.175334e+01 8.299492e+00
    endloop
  endfacet
  facet normal -4.790969e-02 4.267701e-01 -9.022362e-01
    outer loop
      vertex -4.794230e+00 2.131567e+01 8.299492e+00
      vertex -1.869012e+00 2.558928e+01 1.018282e+01
      vertex -1.606880e+00 2.175299e+01 8.299492e+00
    endloop
  endfacet
  facet normal -7.010751e-02 4.417446e-01 -8.934805e-01
    outer loop
      vertex -4.794230e+00 2.131567e+01 8.299492e+00
      vertex -5.576318e+00 2.508061e+01 1.018282e+01
      vertex -1.869012e+00 2.558928e+01 1.018282e+01
    endloop
  endfacet
  facet normal -1.115509e-01 4.331311e-01 -8.934810e-01
    outer loop
      vertex -9.179610e+00 2.407089e+01 1.018282e+01
      vertex -5.576318e+00 2.508061e+01 1.018282e+01
      vertex -4.794230e+00 2.131567e+01 8.299492e+00
    endloop
  endfacet
  facet normal -1.425947e-01 4.644497e-01 -8.728393e-01
    outer loop
      vertex -9.179610e+00 2.407089e+01 1.018282e+01
      vertex -1.083454e+01 2.872841e+01 1.302261e+01
      vertex -5.576318e+00 2.508061e+01 1.018282e+01
    endloop
  endfacet
  facet normal -1.824658e-01 4.502912e-01 -8.728390e-01
    outer loop
      vertex -1.261214e+01 2.258052e+01 1.018282e+01
      vertex -1.083454e+01 2.872841e+01 1.302261e+01
      vertex -9.179610e+00 2.407089e+01 1.018282e+01
    endloop
  endfacet
  facet normal -2.113987e-01 4.602632e-01 -8.609559e-01
    outer loop
      vertex -1.261214e+01 2.258052e+01 1.018282e+01
      vertex -1.488589e+01 2.696936e+01 1.302261e+01
      vertex -1.083454e+01 2.872841e+01 1.302261e+01
    endloop
  endfacet
  facet normal -2.539786e-01 4.381956e-01 -8.609563e-01
    outer loop
      vertex -1.865976e+01 2.467454e+01 1.302261e+01
      vertex -1.488589e+01 2.696936e+01 1.302261e+01
      vertex -1.261214e+01 2.258052e+01 1.018282e+01
    endloop
  endfacet
  facet normal -2.942199e-01 4.584229e-01 -8.373610e-01
    outer loop
      vertex -1.865976e+01 2.467454e+01 1.302261e+01
      vertex -2.138915e+01 2.854169e+01 1.618408e+01
      vertex -1.488589e+01 2.696936e+01 1.302261e+01
    endloop
  endfacet
  facet normal -3.334110e-01 4.307727e-01 -8.373610e-01
    outer loop
      vertex -2.208623e+01 2.188746e+01 1.302261e+01
      vertex -2.138915e+01 2.854169e+01 1.618408e+01
      vertex -1.865976e+01 2.467454e+01 1.302261e+01
    endloop
  endfacet
  facet normal -3.639964e-01 4.284728e-01 -8.256505e-01
    outer loop
      vertex -2.208623e+01 2.188746e+01 1.302261e+01
      vertex -2.531682e+01 2.534694e+01 1.618408e+01
      vertex -2.138915e+01 2.854169e+01 1.618408e+01
    endloop
  endfacet
  facet normal -4.025334e-01 3.924764e-01 -8.256507e-01
    outer loop
      vertex -2.877264e+01 2.164683e+01 1.618408e+01
      vertex -2.531682e+01 2.534694e+01 1.618408e+01
      vertex -2.208623e+01 2.188746e+01 1.302261e+01
    endloop
  endfacet
  facet normal -4.297611e-01 4.111731e-01 -8.027321e-01
    outer loop
      vertex -2.877264e+01 2.164683e+01 1.618408e+01
      vertex -2.943359e+01 2.766996e+01 1.961752e+01
      vertex -2.531682e+01 2.534694e+01 1.618408e+01
    endloop
  endfacet
  facet normal -4.587738e-01 4.018477e-01 -7.915236e-01
    outer loop
      vertex -3.217638e+01 2.464289e+01 1.961752e+01
      vertex -2.943359e+01 2.766996e+01 1.961752e+01
      vertex -2.877264e+01 2.164683e+01 1.618408e+01
    endloop
  endfacet
  facet normal -4.730960e-01 3.859796e-01 -7.915228e-01
    outer loop
      vertex -2.877264e+01 2.164683e+01 1.618408e+01
      vertex -3.228759e+01 2.450674e+01 1.961752e+01
      vertex -3.217638e+01 2.464289e+01 1.961752e+01
    endloop
  endfacet
  facet normal -4.852542e-01 3.695862e-01 -7.915228e-01
    outer loop
      vertex -2.877264e+01 2.164683e+01 1.618408e+01
      vertex -3.460968e+01 2.136180e+01 1.961752e+01
      vertex -3.228759e+01 2.450674e+01 1.961752e+01
    endloop
  endfacet
  facet normal -4.889819e-01 3.386804e-01 -8.027317e-01
    outer loop
      vertex -3.169273e+01 1.751078e+01 1.618408e+01
      vertex -3.460968e+01 2.136180e+01 1.961752e+01
      vertex -2.877264e+01 2.164683e+01 1.618408e+01
    endloop
  endfacet
  facet normal -5.168550e-01 3.248199e-01 -7.915241e-01
    outer loop
      vertex -3.169273e+01 1.751078e+01 1.618408e+01
      vertex -3.556441e+01 1.986538e+01 1.961752e+01
      vertex -3.460968e+01 2.136180e+01 1.961752e+01
    endloop
  endfacet
  facet normal -5.274192e-01 3.071890e-01 -7.915246e-01
    outer loop
      vertex -3.671030e+01 1.785844e+01 1.961752e+01
      vertex -3.556441e+01 1.986538e+01 1.961752e+01
      vertex -3.169273e+01 1.751078e+01 1.618408e+01
    endloop
  endfacet
  facet normal 7.542045e-02 2.570302e-01 -9.632903e-01
    outer loop
      vertex 2.883484e+00 1.210754e+01 4.893136e+00
      vertex 5.101430e+00 1.258781e+01 5.192891e+00
      vertex 4.264192e+00 1.175057e+01 4.893905e+00
    endloop
  endfacet
  facet normal 7.302322e-02 2.886702e-01 -9.535766e-01
    outer loop
      vertex 2.883484e+00 1.210754e+01 4.893136e+00
      vertex 3.991425e+00 1.743736e+01 6.657711e+00
      vertex 5.101430e+00 1.258781e+01 5.192891e+00
    endloop
  endfacet
  facet normal 4.769596e-02 2.877630e-01 -9.552949e-01
    outer loop
      vertex 9.678828e-01 1.237138e+01 4.893136e+00
      vertex 3.991425e+00 1.743736e+01 6.657711e+00
      vertex 2.883484e+00 1.210754e+01 4.893136e+00
    endloop
  endfacet
  facet normal 3.790228e-02 3.193638e-01 -9.455823e-01
    outer loop
      vertex 9.678828e-01 1.237138e+01 4.893136e+00
      vertex 1.339779e+00 1.780257e+01 6.657711e+00
      vertex 3.991425e+00 1.743736e+01 6.657711e+00
    endloop
  endfacet
  facet normal 5.964992e-03 3.215530e-01 -9.455824e-01
    outer loop
      vertex -1.336929e+00 1.780228e+01 6.657711e+00
      vertex 1.339779e+00 1.780257e+01 6.657711e+00
      vertex 9.678828e-01 1.237138e+01 4.893136e+00
    endloop
  endfacet
  facet normal -9.374074e-03 3.715066e-01 -9.275765e-01
    outer loop
      vertex -1.336929e+00 1.780228e+01 6.657711e+00
      vertex -1.606880e+00 2.175299e+01 8.299492e+00
      vertex 1.339779e+00 1.780257e+01 6.657711e+00
    endloop
  endfacet
  facet normal -4.125414e-02 3.693298e-01 -9.275765e-01
    outer loop
      vertex -3.988816e+00 1.743842e+01 6.657711e+00
      vertex -1.606880e+00 2.175299e+01 8.299492e+00
      vertex -1.336929e+00 1.780228e+01 6.657711e+00
    endloop
  endfacet
  facet normal -6.118025e-02 3.867559e-01 -9.192858e-01
    outer loop
      vertex -3.988816e+00 1.743842e+01 6.657711e+00
      vertex -4.794230e+00 2.131567e+01 8.299492e+00
      vertex -1.606880e+00 2.175299e+01 8.299492e+00
    endloop
  endfacet
  facet normal -9.784928e-02 3.791346e-01 -9.192863e-01
    outer loop
      vertex -7.892155e+00 2.044756e+01 8.299492e+00
      vertex -4.794230e+00 2.131567e+01 8.299492e+00
      vertex -3.988816e+00 1.743842e+01 6.657711e+00
    endloop
  endfacet
  facet normal -1.260221e-01 4.105352e-01 -9.022371e-01
    outer loop
      vertex -7.892155e+00 2.044756e+01 8.299492e+00
      vertex -9.179610e+00 2.407089e+01 1.018282e+01
      vertex -4.794230e+00 2.131567e+01 8.299492e+00
    endloop
  endfacet
  facet normal -1.613000e-01 3.980078e-01 -9.022369e-01
    outer loop
      vertex -1.084327e+01 1.916622e+01 8.299492e+00
      vertex -9.179610e+00 2.407089e+01 1.018282e+01
      vertex -7.892155e+00 2.044756e+01 8.299492e+00
    endloop
  endfacet
  facet normal -1.867000e-01 4.064452e-01 -8.934806e-01
    outer loop
      vertex -1.084327e+01 1.916622e+01 8.299492e+00
      vertex -1.261214e+01 2.258052e+01 1.018282e+01
      vertex -9.179610e+00 2.407089e+01 1.018282e+01
    endloop
  endfacet
  facet normal -2.242696e-01 3.869741e-01 -8.934810e-01
    outer loop
      vertex -1.580956e+01 2.063623e+01 1.018282e+01
      vertex -1.261214e+01 2.258052e+01 1.018282e+01
      vertex -1.084327e+01 1.916622e+01 8.299492e+00
    endloop
  endfacet
  facet normal -2.626152e-01 4.087525e-01 -8.728399e-01
    outer loop
      vertex -1.580956e+01 2.063623e+01 1.018282e+01
      vertex -1.865976e+01 2.467454e+01 1.302261e+01
      vertex -1.261214e+01 2.258052e+01 1.018282e+01
    endloop
  endfacet
  facet normal -2.971947e-01 3.843558e-01 -8.728399e-01
    outer loop
      vertex -1.871266e+01 1.827486e+01 1.018282e+01
      vertex -1.865976e+01 2.467454e+01 1.302261e+01
      vertex -1.580956e+01 2.063623e+01 1.018282e+01
    endloop
  endfacet
  facet normal -3.277491e-01 3.861487e-01 -8.609564e-01
    outer loop
      vertex -1.871266e+01 1.827486e+01 1.018282e+01
      vertex -2.208623e+01 2.188746e+01 1.302261e+01
      vertex -1.865976e+01 2.467454e+01 1.302261e+01
    endloop
  endfacet
  facet normal -3.627921e-01 3.534160e-01 -8.609566e-01
    outer loop
      vertex -2.510107e+01 1.865951e+01 1.302261e+01
      vertex -2.208623e+01 2.188746e+01 1.302261e+01
      vertex -1.871266e+01 1.827486e+01 1.018282e+01
    endloop
  endfacet
  facet normal -4.069911e-01 3.620436e-01 -8.373614e-01
    outer loop
      vertex -2.510107e+01 1.865951e+01 1.302261e+01
      vertex -2.877264e+01 2.164683e+01 1.618408e+01
      vertex -2.208623e+01 2.188746e+01 1.302261e+01
    endloop
  endfacet
  facet normal -4.372686e-01 3.248411e-01 -8.373616e-01
    outer loop
      vertex -2.764854e+01 1.505125e+01 1.302261e+01
      vertex -2.877264e+01 2.164683e+01 1.618408e+01
      vertex -2.510107e+01 1.865951e+01 1.302261e+01
    endloop
  endfacet
  facet normal -4.661073e-01 3.143622e-01 -8.256512e-01
    outer loop
      vertex -2.764854e+01 1.505125e+01 1.302261e+01
      vertex -3.169273e+01 1.751078e+01 1.618408e+01
      vertex -2.877264e+01 2.164683e+01 1.618408e+01
    endloop
  endfacet
  facet normal -4.935710e-01 2.691679e-01 -8.256465e-01
    outer loop
      vertex -3.402025e+01 1.301462e+01 1.618408e+01
      vertex -3.169273e+01 1.751078e+01 1.618408e+01
      vertex -2.764854e+01 1.505125e+01 1.302261e+01
    endloop
  endfacet
  facet normal -5.270098e-01 2.758552e-01 -8.027274e-01
    outer loop
      vertex -3.402025e+01 1.301462e+01 1.618408e+01
      vertex -3.671030e+01 1.785844e+01 1.961752e+01
      vertex -3.169273e+01 1.751078e+01 1.618408e+01
    endloop
  endfacet
  facet normal -5.528460e-01 2.581097e-01 -7.915134e-01
    outer loop
      vertex -3.817848e+01 1.482067e+01 1.961752e+01
      vertex -3.671030e+01 1.785844e+01 1.961752e+01
      vertex -3.402025e+01 1.301462e+01 1.618408e+01
    endloop
  endfacet
  facet normal -5.616326e-01 2.395251e-01 -7.915061e-01
    outer loop
      vertex -3.402025e+01 1.301462e+01 1.618408e+01
      vertex -3.845628e+01 1.416552e+01 1.961752e+01
      vertex -3.817848e+01 1.482067e+01 1.961752e+01
    endloop
  endfacet
  facet normal -5.698656e-01 2.171107e-01 -7.914991e-01
    outer loop
      vertex -3.402025e+01 1.301462e+01 1.618408e+01
      vertex -3.983235e+01 1.031937e+01 1.961752e+01
      vertex -3.845628e+01 1.416552e+01 1.961752e+01
    endloop
  endfacet
  facet normal -5.636804e-01 1.897485e-01 -8.027029e-01
    outer loop
      vertex -3.571325e+01 8.243512e+00 1.618408e+01
      vertex -3.983235e+01 1.031937e+01 1.961752e+01
      vertex -3.402025e+01 1.301462e+01 1.618408e+01
    endloop
  endfacet
  facet normal -5.867376e-01 1.689963e-01 -7.914870e-01
    outer loop
      vertex -3.571325e+01 8.243512e+00 1.618408e+01
      vertex -4.008106e+01 9.467387e+00 1.961752e+01
      vertex -3.983235e+01 1.031937e+01 1.961752e+01
    endloop
  endfacet
  facet normal -5.916684e-01 1.493181e-01 -7.914897e-01
    outer loop
      vertex -3.571325e+01 8.243512e+00 1.618408e+01
      vertex -4.082555e+01 6.357084e+00 1.961752e+01
      vertex -4.008106e+01 9.467387e+00 1.961752e+01
    endloop
  endfacet
  facet normal -5.827535e-01 1.195973e-01 -8.027059e-01
    outer loop
      vertex -3.674606e+01 3.287377e+00 1.618408e+01
      vertex -4.082555e+01 6.357084e+00 1.961752e+01
      vertex -3.571325e+01 8.243512e+00 1.618408e+01
    endloop
  endfacet
  facet normal -6.027739e-01 9.590280e-02 -7.915041e-01
    outer loop
      vertex -3.674606e+01 3.287377e+00 1.618408e+01
      vertex -4.123732e+01 3.905015e+00 1.961752e+01
      vertex -4.082555e+01 6.357084e+00 1.961752e+01
    endloop
  endfacet
  facet normal -6.057779e-01 7.567981e-02 -7.915120e-01
    outer loop
      vertex -3.674606e+01 3.287377e+00 1.618408e+01
      vertex -4.142436e+01 2.316348e+00 1.961752e+01
      vertex -4.123732e+01 3.905015e+00 1.961752e+01
    endloop
  endfacet
  facet normal -5.929256e-01 4.703861e-02 -8.027250e-01
    outer loop
      vertex -3.709333e+01 -1.763625e+00 1.618408e+01
      vertex -4.142436e+01 2.316348e+00 1.961752e+01
      vertex -3.674606e+01 3.287377e+00 1.618408e+01
    endloop
  endfacet
  facet normal -6.095583e-01 2.042128e-02 -7.915211e-01
    outer loop
      vertex -3.709333e+01 -1.763625e+00 1.618408e+01
      vertex -4.162469e+01 -1.763645e+00 1.961752e+01
      vertex -4.142436e+01 2.316348e+00 1.961752e+01
    endloop
  endfacet
  facet normal -6.095685e-01 -2.068383e-02 -7.915177e-01
    outer loop
      vertex -3.709333e+01 -1.763625e+00 1.618408e+01
      vertex -4.142493e+01 -5.843624e+00 1.961752e+01
      vertex -4.162469e+01 -1.763645e+00 1.961752e+01
    endloop
  endfacet
  facet normal -5.929546e-01 -4.701343e-02 -8.027201e-01
    outer loop
      vertex -3.674547e+01 -6.814540e+00 1.618408e+01
      vertex -4.142493e+01 -5.843624e+00 1.961752e+01
      vertex -3.709333e+01 -1.763625e+00 1.618408e+01
    endloop
  endfacet
  facet normal -6.058269e-01 -7.536892e-02 -7.915055e-01
    outer loop
      vertex -3.674547e+01 -6.814540e+00 1.618408e+01
      vertex -4.123751e+01 -7.432065e+00 1.961752e+01
      vertex -4.142493e+01 -5.843624e+00 1.961752e+01
    endloop
  endfacet
  facet normal -6.028436e-01 -9.547532e-02 -7.915041e-01
    outer loop
      vertex -3.674547e+01 -6.814540e+00 1.618408e+01
      vertex -4.082500e+01 -9.884192e+00 1.961752e+01
      vertex -4.123751e+01 -7.432065e+00 1.961752e+01
    endloop
  endfacet
  facet normal -5.828220e-01 -1.191905e-01 -8.027158e-01
    outer loop
      vertex -3.571647e+01 -1.177166e+01 1.618408e+01
      vertex -4.082500e+01 -9.884192e+00 1.961752e+01
      vertex -3.674547e+01 -6.814540e+00 1.618408e+01
    endloop
  endfacet
  facet normal -5.917394e-01 -1.489145e-01 -7.915102e-01
    outer loop
      vertex -3.571647e+01 -1.177166e+01 1.618408e+01
      vertex -4.008086e+01 -1.299446e+01 1.961752e+01
      vertex -4.082500e+01 -9.884192e+00 1.961752e+01
    endloop
  endfacet
  facet normal -5.867884e-01 -1.686887e-01 -7.915146e-01
    outer loop
      vertex -3.983234e+01 -1.384665e+01 1.961752e+01
      vertex -4.008086e+01 -1.299446e+01 1.961752e+01
      vertex -3.571647e+01 -1.177166e+01 1.618408e+01
    endloop
  endfacet
  facet normal -2.470800e-01 -7.205715e-02 -9.662783e-01
    outer loop
      vertex -1.351303e+01 -6.026657e+00 4.893536e+00
      vertex -1.364209e+01 -5.586243e+00 4.893136e+00
      vertex -1.284589e+01 -5.359508e+00 4.674658e+00
    endloop
  endfacet
  facet normal -2.663136e-01 -9.275588e-02 -9.587927e-01
    outer loop
      vertex -1.632361e+01 -8.837233e+00 6.003778e+00
      vertex -1.364209e+01 -5.586243e+00 4.893136e+00
      vertex -1.351303e+01 -6.026657e+00 4.893536e+00
    endloop
  endfacet
  facet normal -2.960653e-01 -9.810459e-02 -9.490785e-01
    outer loop
      vertex -1.632361e+01 -8.837233e+00 6.003778e+00
      vertex -1.888388e+01 -7.055034e+00 6.657711e+00
      vertex -1.364209e+01 -5.586243e+00 4.893136e+00
    endloop
  endfacet
  facet normal -3.195975e-01 -1.213917e-01 -9.393659e-01
    outer loop
      vertex -1.798804e+01 -9.577546e+00 6.657711e+00
      vertex -1.888388e+01 -7.055034e+00 6.657711e+00
      vertex -1.632361e+01 -8.837233e+00 6.003778e+00
    endloop
  endfacet
  facet normal -3.532231e-01 -1.154731e-01 -9.275749e-01
    outer loop
      vertex -1.798804e+01 -9.577546e+00 6.657711e+00
      vertex -2.269688e+01 -8.123467e+00 8.299492e+00
      vertex -1.888388e+01 -7.055034e+00 6.657711e+00
    endloop
  endfacet
  facet normal -3.661837e-01 -1.386527e-01 -9.192848e-01
    outer loop
      vertex -2.162015e+01 -1.115532e+01 8.299492e+00
      vertex -2.269688e+01 -8.123467e+00 8.299492e+00
      vertex -1.798804e+01 -9.577546e+00 6.657711e+00
    endloop
  endfacet
  facet normal -4.081087e-01 -1.336683e-01 -9.022343e-01
    outer loop
      vertex -2.162015e+01 -1.115532e+01 8.299492e+00
      vertex -2.639945e+01 -9.160954e+00 1.018282e+01
      vertex -2.269688e+01 -8.123467e+00 8.299492e+00
    endloop
  endfacet
  facet normal -4.182002e-01 -1.585917e-01 -8.934792e-01
    outer loop
      vertex -2.514707e+01 -1.268740e+01 1.018282e+01
      vertex -2.639945e+01 -9.160954e+00 1.018282e+01
      vertex -2.162015e+01 -1.115532e+01 8.299492e+00
    endloop
  endfacet
  facet normal -4.617171e-01 -1.512041e-01 -8.728356e-01
    outer loop
      vertex -2.514707e+01 -1.268740e+01 1.018282e+01
      vertex -3.115882e+01 -1.049457e+01 1.302261e+01
      vertex -2.639945e+01 -9.160954e+00 1.018282e+01
    endloop
  endfacet
  facet normal -4.735730e-01 -1.795684e-01 -8.609540e-01
    outer loop
      vertex -2.968066e+01 -1.465677e+01 1.302261e+01
      vertex -3.115882e+01 -1.049457e+01 1.302261e+01
      vertex -2.514707e+01 -1.268740e+01 1.018282e+01
    endloop
  endfacet
  facet normal -5.175841e-01 -1.697727e-01 -8.373559e-01
    outer loop
      vertex -2.968066e+01 -1.465677e+01 1.302261e+01
      vertex -3.571647e+01 -1.177166e+01 1.618408e+01
      vertex -3.115882e+01 -1.049457e+01 1.302261e+01
    endloop
  endfacet
  facet normal -5.255868e-01 -1.995573e-01 -8.256478e-01
    outer loop
      vertex -3.402209e+01 -1.654267e+01 1.618408e+01
      vertex -3.571647e+01 -1.177166e+01 1.618408e+01
      vertex -2.968066e+01 -1.465677e+01 1.302261e+01
    endloop
  endfacet
  facet normal -5.636167e-01 -1.897565e-01 -8.027263e-01
    outer loop
      vertex -3.402209e+01 -1.654267e+01 1.618408e+01
      vertex -3.983234e+01 -1.384665e+01 1.961752e+01
      vertex -3.571647e+01 -1.177166e+01 1.618408e+01
    endloop
  endfacet
  facet normal -5.696955e-01 -2.174163e-01 -7.915218e-01
    outer loop
      vertex -3.845683e+01 -1.769296e+01 1.961752e+01
      vertex -3.983234e+01 -1.384665e+01 1.961752e+01
      vertex -3.402209e+01 -1.654267e+01 1.618408e+01
    endloop
  endfacet
  facet normal -5.613519e-01 -2.401224e-01 -7.915241e-01
    outer loop
      vertex -3.402209e+01 -1.654267e+01 1.618408e+01
      vertex -3.817878e+01 -1.834834e+01 1.961752e+01
      vertex -3.845683e+01 -1.769296e+01 1.961752e+01
    endloop
  endfacet
  facet normal -5.525938e-01 -2.586382e-01 -7.915209e-01
    outer loop
      vertex -3.402209e+01 -1.654267e+01 1.618408e+01
      vertex -3.670981e+01 -2.138539e+01 1.961752e+01
      vertex -3.817878e+01 -1.834834e+01 1.961752e+01
    endloop
  endfacet
  facet normal -5.268703e-01 -2.761600e-01 -8.027256e-01
    outer loop
      vertex -3.169145e+01 -2.103725e+01 1.618408e+01
      vertex -3.670981e+01 -2.138539e+01 1.961752e+01
      vertex -3.402209e+01 -1.654267e+01 1.618408e+01
    endloop
  endfacet
  facet normal -5.273864e-01 -3.072843e-01 -7.915137e-01
    outer loop
      vertex -3.169145e+01 -2.103725e+01 1.618408e+01
      vertex -3.556402e+01 -2.339242e+01 1.961752e+01
      vertex -3.670981e+01 -2.138539e+01 1.961752e+01
    endloop
  endfacet
  facet normal -5.169197e-01 -3.247463e-01 -7.915130e-01
    outer loop
      vertex -3.460965e+01 -2.488908e+01 1.961752e+01
      vertex -3.556402e+01 -2.339242e+01 1.961752e+01
      vertex -3.169145e+01 -2.103725e+01 1.618408e+01
    endloop
  endfacet
  facet normal -3.513592e-01 -1.738135e-01 -9.192843e-01
    outer loop
      vertex -2.065821e+01 -1.317183e+01 8.311745e+00
      vertex -2.162015e+01 -1.115532e+01 8.299492e+00
      vertex -1.770639e+01 -1.022001e+01 6.661521e+00
    endloop
  endfacet
  facet normal -3.728725e-01 -2.001369e-01 -9.055244e-01
    outer loop
      vertex -2.244223e+01 -1.495585e+01 9.471760e+00
      vertex -2.162015e+01 -1.115532e+01 8.299492e+00
      vertex -2.065821e+01 -1.317183e+01 8.311745e+00
    endloop
  endfacet
  facet normal -3.958359e-01 -1.941599e-01 -8.967693e-01
    outer loop
      vertex -2.244223e+01 -1.495585e+01 9.471760e+00
      vertex -2.514707e+01 -1.268740e+01 1.018282e+01
      vertex -2.162015e+01 -1.115532e+01 8.299492e+00
    endloop
  endfacet
  facet normal -4.109429e-01 -2.198223e-01 -8.841429e-01
    outer loop
      vertex -2.523964e+01 -1.614356e+01 1.106854e+01
      vertex -2.514707e+01 -1.268740e+01 1.018282e+01
      vertex -2.244223e+01 -1.495585e+01 9.471760e+00
    endloop
  endfacet
  facet normal -4.341247e-01 -2.339218e-01 -8.689682e-01
    outer loop
      vertex -2.523964e+01 -1.614356e+01 1.106854e+01
      vertex -2.764742e+01 -1.857781e+01 1.302261e+01
      vertex -2.514707e+01 -1.268740e+01 1.018282e+01
    endloop
  endfacet
  facet normal -4.375356e-01 -2.705829e-01 -8.570817e-01
    outer loop
      vertex -2.705086e+01 -1.956449e+01 1.303638e+01
      vertex -2.764742e+01 -1.857781e+01 1.302261e+01
      vertex -2.523964e+01 -1.614356e+01 1.106854e+01
    endloop
  endfacet
  facet normal -4.618089e-01 -2.907445e-01 -8.373530e-01
    outer loop
      vertex -2.705086e+01 -1.956449e+01 1.303638e+01
      vertex -3.169145e+01 -2.103725e+01 1.618408e+01
      vertex -2.764742e+01 -1.857781e+01 1.302261e+01
    endloop
  endfacet
  facet normal -4.697992e-01 -3.105789e-01 -8.256423e-01
    outer loop
      vertex -3.044854e+01 -2.296216e+01 1.618966e+01
      vertex -3.169145e+01 -2.103725e+01 1.618408e+01
      vertex -2.705086e+01 -1.956449e+01 1.303638e+01
    endloop
  endfacet
  facet normal -4.972536e-01 -3.277597e-01 -8.027224e-01
    outer loop
      vertex -3.044854e+01 -2.296216e+01 1.618966e+01
      vertex -3.460965e+01 -2.488908e+01 1.961752e+01
      vertex -3.169145e+01 -2.103725e+01 1.618408e+01
    endloop
  endfacet
  facet normal -5.003257e-01 -3.491797e-01 -7.918220e-01
    outer loop
      vertex -3.360317e+01 -2.611679e+01 1.951718e+01
      vertex -3.460965e+01 -2.488908e+01 1.961752e+01
      vertex -3.044854e+01 -2.296216e+01 1.618966e+01
    endloop
  endfacet
  facet normal -5.036258e-01 -3.693497e-01 -7.806160e-01
    outer loop
      vertex -3.360317e+01 -2.611679e+01 1.951718e+01
      vertex -3.228809e+01 -2.803433e+01 1.961752e+01
      vertex -3.460965e+01 -2.488908e+01 1.961752e+01
    endloop
  endfacet
  facet normal -4.917177e-01 -3.848345e-01 -7.809258e-01
    outer loop
      vertex -3.219086e+01 -2.795519e+01 1.951718e+01
      vertex -3.228809e+01 -2.803433e+01 1.961752e+01
      vertex -3.360317e+01 -2.611679e+01 1.951718e+01
    endloop
  endfacet
  facet normal -4.843758e-01 -3.949791e-01 -7.806212e-01
    outer loop
      vertex -3.219086e+01 -2.795519e+01 1.951718e+01
      vertex -3.217685e+01 -2.817048e+01 1.961752e+01
      vertex -3.228809e+01 -2.803433e+01 1.961752e+01
    endloop
  endfacet
  facet normal -4.700022e-01 -4.109066e-01 -7.806215e-01
    outer loop
      vertex -3.219086e+01 -2.795519e+01 1.951718e+01
      vertex -2.943316e+01 -3.119673e+01 1.961752e+01
      vertex -3.217685e+01 -2.817048e+01 1.961752e+01
    endloop
  endfacet
  facet normal -4.508004e-01 -4.308220e-01 -7.809274e-01
    outer loop
      vertex -2.832432e+01 -3.209484e+01 1.951718e+01
      vertex -2.943316e+01 -3.119673e+01 1.961752e+01
      vertex -3.219086e+01 -2.795519e+01 1.951718e+01
    endloop
  endfacet
  facet normal -4.315986e-01 -4.519437e-01 -7.806200e-01
    outer loop
      vertex -2.832432e+01 -3.209484e+01 1.951718e+01
      vertex -2.840932e+01 -3.218582e+01 1.961752e+01
      vertex -2.943316e+01 -3.119673e+01 1.961752e+01
    endloop
  endfacet
  facet normal -4.164734e-01 -4.656518e-01 -7.806184e-01
    outer loop
      vertex -2.832432e+01 -3.209484e+01 1.951718e+01
      vertex -2.640631e+01 -3.393984e+01 1.961752e+01
      vertex -2.840932e+01 -3.218582e+01 1.961752e+01
    endloop
  endfacet
  facet normal -3.963679e-01 -4.817216e-01 -7.809247e-01
    outer loop
      vertex -2.435317e+01 -3.536679e+01 1.951718e+01
      vertex -2.640631e+01 -3.393984e+01 1.961752e+01
      vertex -2.832432e+01 -3.209484e+01 1.951718e+01
    endloop
  endfacet
  facet normal -3.746293e-01 -4.998982e-01 -7.806180e-01
    outer loop
      vertex -2.435317e+01 -3.536679e+01 1.951718e+01
      vertex -2.400241e+01 -3.577152e+01 1.961752e+01
      vertex -2.640631e+01 -3.393984e+01 1.961752e+01
    endloop
  endfacet
  facet normal -3.567359e-01 -5.006934e-01 -7.884871e-01
    outer loop
      vertex -2.215778e+01 -3.317140e+01 1.716047e+01
      vertex -2.400241e+01 -3.577152e+01 1.961752e+01
      vertex -2.435317e+01 -3.536679e+01 1.951718e+01
    endloop
  endfacet
  facet normal -3.504542e-01 -5.055338e-01 -7.881812e-01
    outer loop
      vertex -2.215778e+01 -3.317140e+01 1.716047e+01
      vertex -2.312579e+01 -3.637382e+01 1.961752e+01
      vertex -2.400241e+01 -3.577152e+01 1.961752e+01
    endloop
  endfacet
  facet normal -3.284520e-01 -5.191057e-01 -7.881826e-01
    outer loop
      vertex -2.215778e+01 -3.317140e+01 1.716047e+01
      vertex -1.962186e+01 -3.847348e+01 1.961752e+01
      vertex -2.312579e+01 -3.637382e+01 1.961752e+01
    endloop
  endfacet
  facet normal -3.016477e-01 -5.177618e-01 -7.993913e-01
    outer loop
      vertex -1.706330e+01 -3.469946e+01 1.618408e+01
      vertex -1.962186e+01 -3.847348e+01 1.961752e+01
      vertex -2.215778e+01 -3.317140e+01 1.716047e+01
    endloop
  endfacet
  facet normal -2.831610e-01 -5.409302e-01 -7.915242e-01
    outer loop
      vertex -1.706330e+01 -3.469946e+01 1.618408e+01
      vertex -1.914775e+01 -3.872288e+01 1.961752e+01
      vertex -1.962186e+01 -3.847348e+01 1.961752e+01
    endloop
  endfacet
  facet normal -2.646923e-01 -5.496652e-01 -7.915230e-01
    outer loop
      vertex -1.706330e+01 -3.469946e+01 1.618408e+01
      vertex -1.592904e+01 -4.021977e+01 1.961752e+01
      vertex -1.914775e+01 -3.872288e+01 1.961752e+01
    endloop
  endfacet
  facet normal -2.336882e-01 -5.470187e-01 -8.027306e-01
    outer loop
      vertex -1.241940e+01 -3.671598e+01 1.618408e+01
      vertex -1.592904e+01 -4.021977e+01 1.961752e+01
      vertex -1.706330e+01 -3.469946e+01 1.618408e+01
    endloop
  endfacet
  facet normal -2.144571e-01 -5.714822e-01 -7.915218e-01
    outer loop
      vertex -1.241940e+01 -3.671598e+01 1.618408e+01
      vertex -1.393668e+01 -4.098616e+01 1.961752e+01
      vertex -1.592904e+01 -4.021977e+01 1.961752e+01
    endloop
  endfacet
  facet normal -1.952260e-01 -5.783633e-01 -7.915230e-01
    outer loop
      vertex -1.208319e+01 -4.159658e+01 1.961752e+01
      vertex -1.393668e+01 -4.098616e+01 1.961752e+01
      vertex -1.241940e+01 -3.671598e+01 1.618408e+01
    endloop
  endfacet
  facet normal -2.186849e-01 -3.910446e-01 -8.934820e-01
    outer loop
      vertex -1.261215e+01 -2.610780e+01 1.018282e+01
      vertex -1.420253e+01 -2.521616e+01 1.018302e+01
      vertex -1.139384e+01 -2.240746e+01 8.302792e+00
    endloop
  endfacet
  facet normal -2.329471e-01 -4.272147e-01 -8.728411e-01
    outer loop
      vertex -1.261215e+01 -2.610780e+01 1.018282e+01
      vertex -1.488591e+01 -3.049664e+01 1.302261e+01
      vertex -1.420253e+01 -2.521616e+01 1.018302e+01
    endloop
  endfacet
  facet normal -2.114097e-01 -4.602563e-01 -8.609565e-01
    outer loop
      vertex -1.083460e+01 -3.225584e+01 1.302261e+01
      vertex -1.488591e+01 -3.049664e+01 1.302261e+01
      vertex -1.261215e+01 -2.610780e+01 1.018282e+01
    endloop
  endfacet
  facet normal -2.048203e-01 -5.047536e-01 -8.373611e-01
    outer loop
      vertex -1.083460e+01 -3.225584e+01 1.302261e+01
      vertex -1.241940e+01 -3.671598e+01 1.618408e+01
      vertex -1.488591e+01 -3.049664e+01 1.302261e+01
    endloop
  endfacet
  facet normal -1.631083e-01 -5.380147e-01 -8.256490e-01
    outer loop
      vertex -7.544226e+00 -3.808132e+01 1.618408e+01
      vertex -1.241940e+01 -3.671598e+01 1.618408e+01
      vertex -1.083460e+01 -3.225584e+01 1.302261e+01
    endloop
  endfacet
  facet normal -1.646709e-01 -5.715698e-01 -8.027305e-01
    outer loop
      vertex -7.544226e+00 -3.808132e+01 1.618408e+01
      vertex -1.208319e+01 -4.159658e+01 1.961752e+01
      vertex -1.241940e+01 -3.671598e+01 1.618408e+01
    endloop
  endfacet
  facet normal -1.420804e-01 -5.932376e-01 -7.915216e-01
    outer loop
      vertex -8.465888e+00 -4.251857e+01 1.961752e+01
      vertex -1.208319e+01 -4.159658e+01 1.961752e+01
      vertex -7.544226e+00 -3.808132e+01 1.618408e+01
    endloop
  endfacet
  facet normal -1.220670e-01 -5.982476e-01 -7.915196e-01
    outer loop
      vertex -7.544226e+00 -3.808132e+01 1.618408e+01
      vertex -8.120640e+00 -4.258870e+01 1.961752e+01
      vertex -8.465888e+00 -4.251857e+01 1.961752e+01
    endloop
  endfacet
  facet normal -1.001008e-01 -6.015973e-01 -7.915114e-01
    outer loop
      vertex -7.544226e+00 -3.808132e+01 1.618408e+01
      vertex -4.079910e+00 -4.318782e+01 1.961752e+01
      vertex -8.120640e+00 -4.258870e+01 1.961752e+01
    endloop
  endfacet
  facet normal -7.269289e-02 -5.903293e-01 -8.027114e-01
    outer loop
      vertex -2.528409e+00 -3.876677e+01 1.618408e+01
      vertex -4.079910e+00 -4.318782e+01 1.961752e+01
      vertex -7.544226e+00 -3.808132e+01 1.618408e+01
    endloop
  endfacet
  facet normal -4.755078e-02 -6.086977e-01 -7.914934e-01
    outer loop
      vertex -2.528409e+00 -3.876677e+01 1.618408e+01
      vertex -2.837381e+00 -4.329161e+01 1.961752e+01
      vertex -4.079910e+00 -4.318782e+01 1.961752e+01
    endloop
  endfacet
  facet normal -2.728480e-02 -6.096919e-01 -7.914910e-01
    outer loop
      vertex -2.528409e+00 -3.876677e+01 1.618408e+01
      vertex 5.604633e-06 -4.338895e+01 1.961752e+01
      vertex -2.837381e+00 -4.329161e+01 1.961752e+01
    endloop
  endfacet
  facet normal -6.402656e-05 -5.949125e-01 -8.027022e-01
    outer loop
      vertex 2.533795e+00 -3.876727e+01 1.618408e+01
      vertex 5.604633e-06 -4.338895e+01 1.961752e+01
      vertex -2.528409e+00 -3.876677e+01 1.618408e+01
    endloop
  endfacet
  facet normal 2.715481e-02 -6.096896e-01 -7.914955e-01
    outer loop
      vertex 2.533795e+00 -3.876727e+01 1.618408e+01
      vertex 2.843304e+00 -4.329154e+01 1.961752e+01
      vertex 5.604633e-06 -4.338895e+01 1.961752e+01
    endloop
  endfacet
  facet normal 4.746205e-02 -6.086951e-01 -7.915010e-01
    outer loop
      vertex 4.079926e+00 -4.318808e+01 1.961752e+01
      vertex 2.843304e+00 -4.329154e+01 1.961752e+01
      vertex 2.533795e+00 -3.876727e+01 1.618408e+01
    endloop
  endfacet
  facet normal 5.401641e-02 -4.828490e-01 -8.728288e-01
    outer loop
      vertex 5.580122e+00 -2.860713e+01 1.018282e+01
      vertex 2.210467e+00 -3.404537e+01 1.302261e+01
      vertex 1.872828e+00 -2.911447e+01 1.018282e+01
    endloop
  endfacet
  facet normal 7.932401e-02 -5.002335e-01 -8.609508e-01
    outer loop
      vertex 6.586124e+00 -3.344656e+01 1.302261e+01
      vertex 2.210467e+00 -3.404537e+01 1.302261e+01
      vertex 5.580122e+00 -2.860713e+01 1.018282e+01
    endloop
  endfacet
  facet normal 6.081921e-02 -5.413275e-01 -8.373478e-01
    outer loop
      vertex 6.586124e+00 -3.344656e+01 1.302261e+01
      vertex 2.533795e+00 -3.876727e+01 1.618408e+01
      vertex 2.210467e+00 -3.404537e+01 1.302261e+01
    endloop
  endfacet
  facet normal 8.829666e-02 -5.552292e-01 -8.256440e-01
    outer loop
      vertex 7.549486e+00 -3.808087e+01 1.618408e+01
      vertex 2.533795e+00 -3.876727e+01 1.618408e+01
      vertex 6.586124e+00 -3.344656e+01 1.302261e+01
    endloop
  endfacet
  facet normal 7.275056e-02 -5.903009e-01 -8.027182e-01
    outer loop
      vertex 7.549486e+00 -3.808087e+01 1.618408e+01
      vertex 4.079926e+00 -4.318808e+01 1.961752e+01
      vertex 2.533795e+00 -3.876727e+01 1.618408e+01
    endloop
  endfacet
  facet normal 1.002685e-01 -6.015506e-01 -7.915182e-01
    outer loop
      vertex 8.120579e+00 -4.258844e+01 1.961752e+01
      vertex 4.079926e+00 -4.318808e+01 1.961752e+01
      vertex 7.549486e+00 -3.808087e+01 1.618408e+01
    endloop
  endfacet
  facet normal 1.223983e-01 -5.981725e-01 -7.915251e-01
    outer loop
      vertex 7.549486e+00 -3.808087e+01 1.618408e+01
      vertex 8.471684e+00 -4.251707e+01 1.961752e+01
      vertex 8.120579e+00 -4.258844e+01 1.961752e+01
    endloop
  endfacet
  facet normal 1.423647e-01 -5.931727e-01 -7.915233e-01
    outer loop
      vertex 7.549486e+00 -3.808087e+01 1.618408e+01
      vertex 1.208320e+01 -4.159658e+01 1.961752e+01
      vertex 8.471684e+00 -4.251707e+01 1.961752e+01
    endloop
  endfacet
  facet normal 1.648680e-01 -5.715221e-01 -8.027284e-01
    outer loop
      vertex 1.242387e+01 -3.671352e+01 1.618408e+01
      vertex 1.208320e+01 -4.159658e+01 1.961752e+01
      vertex 7.549486e+00 -3.808087e+01 1.618408e+01
    endloop
  endfacet
  facet normal 1.953483e-01 -5.783299e-01 -7.915170e-01
    outer loop
      vertex 1.242387e+01 -3.671352e+01 1.618408e+01
      vertex 1.394217e+01 -4.098455e+01 1.961752e+01
      vertex 1.208320e+01 -4.159658e+01 1.961752e+01
    endloop
  endfacet
  facet normal 2.145393e-01 -5.714624e-01 -7.915151e-01
    outer loop
      vertex 1.592913e+01 -4.022002e+01 1.961752e+01
      vertex 1.394217e+01 -4.098455e+01 1.961752e+01
      vertex 1.242387e+01 -3.671352e+01 1.618408e+01
    endloop
  endfacet
  facet normal 2.048921e-01 -5.047374e-01 -8.373562e-01
    outer loop
      vertex 1.488937e+01 -3.049429e+01 1.302261e+01
      vertex 1.242387e+01 -3.671352e+01 1.618408e+01
      vertex 1.083851e+01 -3.225369e+01 1.302261e+01
    endloop
  endfacet
  facet normal 2.349207e-01 -5.107905e-01 -8.256460e-01
    outer loop
      vertex 1.706726e+01 -3.469677e+01 1.618408e+01
      vertex 1.242387e+01 -3.671352e+01 1.618408e+01
      vertex 1.488937e+01 -3.049429e+01 1.302261e+01
    endloop
  endfacet
  facet normal 2.337192e-01 -5.470175e-01 -8.027248e-01
    outer loop
      vertex 1.706726e+01 -3.469677e+01 1.618408e+01
      vertex 1.592913e+01 -4.022002e+01 1.961752e+01
      vertex 1.242387e+01 -3.671352e+01 1.618408e+01
    endloop
  endfacet
  facet normal 2.646744e-01 -5.496817e-01 -7.915177e-01
    outer loop
      vertex 1.915234e+01 -3.872028e+01 1.961752e+01
      vertex 1.592913e+01 -4.022002e+01 1.961752e+01
      vertex 1.706726e+01 -3.469677e+01 1.618408e+01
    endloop
  endfacet
  facet normal 2.831107e-01 -5.409630e-01 -7.915199e-01
    outer loop
      vertex 1.706726e+01 -3.469677e+01 1.618408e+01
      vertex 1.962173e+01 -3.847326e+01 1.961752e+01
      vertex 1.915234e+01 -3.872028e+01 1.961752e+01
    endloop
  endfacet
  facet normal 3.030874e-01 -5.291621e-01 -7.915218e-01
    outer loop
      vertex 1.706726e+01 -3.469677e+01 1.618408e+01
      vertex 2.312580e+01 -3.637381e+01 1.961752e+01
      vertex 1.962173e+01 -3.847326e+01 1.961752e+01
    endloop
  endfacet
  facet normal 3.165851e-01 -5.034649e-01 -8.027310e-01
    outer loop
      vertex 2.139285e+01 -3.206660e+01 1.618408e+01
      vertex 2.312580e+01 -3.637381e+01 1.961752e+01
      vertex 1.706726e+01 -3.469677e+01 1.618408e+01
    endloop
  endfacet
  facet normal 3.477885e-01 -5.017840e-01 -7.915242e-01
    outer loop
      vertex 2.139285e+01 -3.206660e+01 1.618408e+01
      vertex 2.400655e+01 -3.576888e+01 1.961752e+01
      vertex 2.312580e+01 -3.637381e+01 1.961752e+01
    endloop
  endfacet
  facet normal 3.642034e-01 -4.896099e-01 -7.915233e-01
    outer loop
      vertex 2.139285e+01 -3.206660e+01 1.618408e+01
      vertex 2.640653e+01 -3.394012e+01 1.961752e+01
      vertex 2.400655e+01 -3.576888e+01 1.961752e+01
    endloop
  endfacet
  facet normal 3.761189e-01 -4.608634e-01 -8.027312e-01
    outer loop
      vertex 2.531964e+01 -2.887147e+01 1.618408e+01
      vertex 2.640653e+01 -3.394012e+01 1.961752e+01
      vertex 2.139285e+01 -3.206660e+01 1.618408e+01
    endloop
  endfacet
  facet normal 4.066882e-01 -4.550425e-01 -7.915228e-01
    outer loop
      vertex 2.531964e+01 -2.887147e+01 1.618408e+01
      vertex 2.841257e+01 -3.218287e+01 1.961752e+01
      vertex 2.640653e+01 -3.394012e+01 1.961752e+01
    endloop
  endfacet
  facet normal 4.218262e-01 -4.413222e-01 -7.915238e-01
    outer loop
      vertex 2.943307e+01 -3.119667e+01 1.961752e+01
      vertex 2.841257e+01 -3.218287e+01 1.961752e+01
      vertex 2.531964e+01 -2.887147e+01 1.618408e+01
    endloop
  endfacet
  facet normal -1.215315e-01 -3.045945e-01 -9.438716e-01
    outer loop
      vertex -5.098048e+00 -1.611167e+01 5.191629e+00
      vertex -6.566339e+00 -2.024351e+01 6.657711e+00
      vertex -8.455210e+00 -1.946883e+01 6.660849e+00
    endloop
  endfacet
  facet normal -9.446213e-02 -3.137508e-01 -9.438713e-01
    outer loop
      vertex -3.988756e+00 -2.096538e+01 6.657711e+00
      vertex -6.566339e+00 -2.024351e+01 6.657711e+00
      vertex -5.098048e+00 -1.611167e+01 5.191629e+00
    endloop
  endfacet
  facet normal -9.102985e-02 -3.602936e-01 -9.275768e-01
    outer loop
      vertex -3.988756e+00 -2.096538e+01 6.657711e+00
      vertex -4.794158e+00 -2.484257e+01 8.299492e+00
      vertex -6.566339e+00 -2.024351e+01 6.657711e+00
    endloop
  endfacet
  facet normal -6.100656e-02 -3.867969e-01 -9.192799e-01
    outer loop
      vertex -1.606738e+00 -2.527816e+01 8.299492e+00
      vertex -4.794158e+00 -2.484257e+01 8.299492e+00
      vertex -3.988756e+00 -2.096538e+01 6.657711e+00
    endloop
  endfacet
  facet normal -4.771879e-02 -4.268142e-01 -9.022252e-01
    outer loop
      vertex -1.606738e+00 -2.527816e+01 8.299492e+00
      vertex -1.868847e+00 -2.911411e+01 1.018282e+01
      vertex -4.794158e+00 -2.484257e+01 8.299492e+00
    endloop
  endfacet
  facet normal -1.054605e-02 -4.293637e-01 -9.022214e-01
    outer loop
      vertex 1.610161e+00 -2.527847e+01 8.299492e+00
      vertex -1.868847e+00 -2.911411e+01 1.018282e+01
      vertex -1.606738e+00 -2.527816e+01 8.299492e+00
    endloop
  endfacet
  facet normal 9.276319e-03 -4.472210e-01 -8.934646e-01
    outer loop
      vertex 1.610161e+00 -2.527847e+01 8.299492e+00
      vertex 1.872828e+00 -2.911447e+01 1.018282e+01
      vertex -1.868847e+00 -2.911411e+01 1.018282e+01
    endloop
  endfacet
  facet normal 4.776434e-02 -4.267919e-01 -9.022287e-01
    outer loop
      vertex 4.797502e+00 -2.484228e+01 8.299492e+00
      vertex 1.872828e+00 -2.911447e+01 1.018282e+01
      vertex 1.610161e+00 -2.527847e+01 8.299492e+00
    endloop
  endfacet
  facet normal 7.006807e-02 -4.417478e-01 -8.934765e-01
    outer loop
      vertex 4.797502e+00 -2.484228e+01 8.299492e+00
      vertex 5.580122e+00 -2.860713e+01 1.018282e+01
      vertex 1.872828e+00 -2.911447e+01 1.018282e+01
    endloop
  endfacet
  facet normal 1.116339e-01 -4.331105e-01 -8.934802e-01
    outer loop
      vertex 9.182974e+00 -2.759647e+01 1.018282e+01
      vertex 5.580122e+00 -2.860713e+01 1.018282e+01
      vertex 4.797502e+00 -2.484228e+01 8.299492e+00
    endloop
  endfacet
  facet normal 1.426913e-01 -4.644233e-01 -8.728371e-01
    outer loop
      vertex 9.182974e+00 -2.759647e+01 1.018282e+01
      vertex 1.083851e+01 -3.225369e+01 1.302261e+01
      vertex 5.580122e+00 -2.860713e+01 1.018282e+01
    endloop
  endfacet
  facet normal 1.825354e-01 -4.502727e-01 -8.728358e-01
    outer loop
      vertex 1.261508e+01 -2.610581e+01 1.018282e+01
      vertex 1.083851e+01 -3.225369e+01 1.302261e+01
      vertex 9.182974e+00 -2.759647e+01 1.018282e+01
    endloop
  endfacet
  facet normal 2.114349e-01 -4.602567e-01 -8.609526e-01
    outer loop
      vertex 1.261508e+01 -2.610581e+01 1.018282e+01
      vertex 1.488937e+01 -3.049429e+01 1.302261e+01
      vertex 1.083851e+01 -3.225369e+01 1.302261e+01
    endloop
  endfacet
  facet normal 2.420420e-01 -4.212615e-01 -8.728387e-01
    outer loop
      vertex 1.581230e+01 -2.416175e+01 1.018282e+01
      vertex 1.488937e+01 -3.049429e+01 1.302261e+01
      vertex 1.261508e+01 -2.610581e+01 1.018282e+01
    endloop
  endfacet
  facet normal 2.721743e-01 -4.271304e-01 -8.609557e-01
    outer loop
      vertex 1.581230e+01 -2.416175e+01 1.018282e+01
      vertex 1.866299e+01 -2.819975e+01 1.302261e+01
      vertex 1.488937e+01 -3.049429e+01 1.302261e+01
    endloop
  endfacet
  facet normal 3.113838e-01 -3.994616e-01 -8.609567e-01
    outer loop
      vertex 2.208869e+01 -2.541233e+01 1.302261e+01
      vertex 1.866299e+01 -2.819975e+01 1.302261e+01
      vertex 1.581230e+01 -2.416175e+01 1.018282e+01
    endloop
  endfacet
  facet normal 3.539241e-01 -4.140824e-01 -8.373618e-01
    outer loop
      vertex 2.208869e+01 -2.541233e+01 1.302261e+01
      vertex 2.531964e+01 -2.887147e+01 1.618408e+01
      vertex 1.866299e+01 -2.819975e+01 1.302261e+01
    endloop
  endfacet
  facet normal 4.026227e-01 -3.923802e-01 -8.256496e-01
    outer loop
      vertex 2.877449e+01 -2.517123e+01 1.618408e+01
      vertex 2.531964e+01 -2.887147e+01 1.618408e+01
      vertex 2.208869e+01 -2.541233e+01 1.302261e+01
    endloop
  endfacet
  facet normal 4.298275e-01 -4.110987e-01 -8.027309e-01
    outer loop
      vertex 2.877449e+01 -2.517123e+01 1.618408e+01
      vertex 2.943307e+01 -3.119667e+01 1.961752e+01
      vertex 2.531964e+01 -2.887147e+01 1.618408e+01
    endloop
  endfacet
  facet normal 4.588626e-01 -4.017418e-01 -7.915217e-01
    outer loop
      vertex 3.217682e+01 -2.817044e+01 1.961752e+01
      vertex 2.943307e+01 -3.119667e+01 1.961752e+01
      vertex 2.877449e+01 -2.517123e+01 1.618408e+01
    endloop
  endfacet
  facet normal 4.732461e-01 -3.858012e-01 -7.915201e-01
    outer loop
      vertex 2.877449e+01 -2.517123e+01 1.618408e+01
      vertex 3.229050e+01 -2.803134e+01 1.961752e+01
      vertex 3.217682e+01 -2.817044e+01 1.961752e+01
    endloop
  endfacet
  facet normal 4.853996e-01 -3.694115e-01 -7.915165e-01
    outer loop
      vertex 2.877449e+01 -2.517123e+01 1.618408e+01
      vertex 3.460982e+01 -2.488920e+01 1.961752e+01
      vertex 3.229050e+01 -2.803134e+01 1.961752e+01
    endloop
  endfacet
  facet normal 4.890876e-01 -3.385585e-01 -8.027215e-01
    outer loop
      vertex 3.169255e+01 -2.103466e+01 1.618408e+01
      vertex 3.460982e+01 -2.488920e+01 1.961752e+01
      vertex 2.877449e+01 -2.517123e+01 1.618408e+01
    endloop
  endfacet
  facet normal 5.169254e-01 -3.247448e-01 -7.915098e-01
    outer loop
      vertex 3.169255e+01 -2.103466e+01 1.618408e+01
      vertex 3.556567e+01 -2.338981e+01 1.961752e+01
      vertex 3.460982e+01 -2.488920e+01 1.961752e+01
    endloop
  endfacet
  facet normal 5.273870e-01 -3.072919e-01 -7.915109e-01
    outer loop
      vertex 3.670965e+01 -2.138532e+01 1.961752e+01
      vertex 3.556567e+01 -2.338981e+01 1.961752e+01
      vertex 3.169255e+01 -2.103466e+01 1.618408e+01
    endloop
  endfacet
  facet normal 1.955542e-01 -1.080786e-01 -9.742190e-01
    outer loop
      vertex 1.000349e+01 -6.108410e+00 4.109115e+00
      vertex 1.210513e+01 -9.124297e+00 4.893136e+00
      vertex 9.318320e+00 -7.429740e+00 4.109115e+00
    endloop
  endfacet
  facet normal 2.174138e-01 -1.074687e-01 -9.696140e-01
    outer loop
      vertex 1.299522e+01 -7.407799e+00 4.893136e+00
      vertex 1.210513e+01 -9.124297e+00 4.893136e+00
      vertex 1.000349e+01 -6.108410e+00 4.109115e+00
    endloop
  endfacet
  facet normal 2.551915e-01 -1.412988e-01 -9.552932e-01
    outer loop
      vertex 1.299522e+01 -7.407799e+00 4.893136e+00
      vertex 1.675637e+01 -1.195254e+01 6.657711e+00
      vertex 1.210513e+01 -9.124297e+00 4.893136e+00
    endloop
  endfacet
  facet normal 2.882214e-01 -1.427031e-01 -9.455810e-01
    outer loop
      vertex 1.798846e+01 -9.576499e+00 6.657711e+00
      vertex 1.675637e+01 -1.195254e+01 6.657711e+00
      vertex 1.299522e+01 -7.407799e+00 4.893136e+00
    endloop
  endfacet
  facet normal 3.255232e-01 -1.792939e-01 -9.275737e-01
    outer loop
      vertex 1.798846e+01 -9.576499e+00 6.657711e+00
      vertex 2.013979e+01 -1.400987e+01 8.299492e+00
      vertex 1.675637e+01 -1.195254e+01 6.657711e+00
    endloop
  endfacet
  facet normal 3.512464e-01 -1.730690e-01 -9.192840e-01
    outer loop
      vertex 2.162066e+01 -1.115406e+01 8.299492e+00
      vertex 2.013979e+01 -1.400987e+01 8.299492e+00
      vertex 1.798846e+01 -9.576499e+00 6.657711e+00
    endloop
  endfacet
  facet normal 3.762881e-01 -2.069830e-01 -9.022326e-01
    outer loop
      vertex 2.162066e+01 -1.115406e+01 8.299492e+00
      vertex 2.342521e+01 -1.600761e+01 1.018282e+01
      vertex 2.013979e+01 -1.400987e+01 8.299492e+00
    endloop
  endfacet
  facet normal 4.013179e-01 -1.974890e-01 -8.934781e-01
    outer loop
      vertex 2.514766e+01 -1.268593e+01 1.018282e+01
      vertex 2.342521e+01 -1.600761e+01 1.018282e+01
      vertex 2.162066e+01 -1.115406e+01 8.299492e+00
    endloop
  endfacet
  facet normal 4.256999e-01 -2.341870e-01 -8.728337e-01
    outer loop
      vertex 2.514766e+01 -1.268593e+01 1.018282e+01
      vertex 2.764838e+01 -1.857556e+01 1.302261e+01
      vertex 2.342521e+01 -1.600761e+01 1.018282e+01
    endloop
  endfacet
  facet normal 4.544392e-01 -2.236528e-01 -8.609528e-01
    outer loop
      vertex 2.968135e+01 -1.465504e+01 1.302261e+01
      vertex 2.764838e+01 -1.857556e+01 1.302261e+01
      vertex 2.514766e+01 -1.268593e+01 1.018282e+01
    endloop
  endfacet
  facet normal 4.774075e-01 -2.623384e-01 -8.373536e-01
    outer loop
      vertex 2.968135e+01 -1.465504e+01 1.302261e+01
      vertex 3.169255e+01 -2.103466e+01 1.618408e+01
      vertex 2.764838e+01 -1.857556e+01 1.302261e+01
    endloop
  endfacet
  facet normal 5.045450e-01 -2.480371e-01 -8.256462e-01
    outer loop
      vertex 3.402289e+01 -1.654069e+01 1.618408e+01
      vertex 3.169255e+01 -2.103466e+01 1.618408e+01
      vertex 2.968135e+01 -1.465504e+01 1.302261e+01
    endloop
  endfacet
  facet normal 5.268679e-01 -2.761701e-01 -8.027237e-01
    outer loop
      vertex 3.402289e+01 -1.654069e+01 1.618408e+01
      vertex 3.670965e+01 -2.138532e+01 1.961752e+01
      vertex 3.169255e+01 -2.103466e+01 1.618408e+01
    endloop
  endfacet
  facet normal 5.525885e-01 -2.586506e-01 -7.915199e-01
    outer loop
      vertex 3.817959e+01 -1.834608e+01 1.961752e+01
      vertex 3.670965e+01 -2.138532e+01 1.961752e+01
      vertex 3.402289e+01 -1.654069e+01 1.618408e+01
    endloop
  endfacet
  facet normal 5.613495e-01 -2.401297e-01 -7.915237e-01
    outer loop
      vertex 3.402289e+01 -1.654069e+01 1.618408e+01
      vertex 3.845679e+01 -1.769294e+01 1.961752e+01
      vertex 3.817959e+01 -1.834608e+01 1.961752e+01
    endloop
  endfacet
  facet normal 5.696828e-01 -2.174531e-01 -7.915223e-01
    outer loop
      vertex 3.402289e+01 -1.654069e+01 1.618408e+01
      vertex 3.983254e+01 -1.384672e+01 1.961752e+01
      vertex 3.845679e+01 -1.769294e+01 1.961752e+01
    endloop
  endfacet
  facet normal 5.635996e-01 -1.898073e-01 -8.027279e-01
    outer loop
      vertex 3.571725e+01 -1.177038e+01 1.618408e+01
      vertex 3.983254e+01 -1.384672e+01 1.961752e+01
      vertex 3.402289e+01 -1.654069e+01 1.618408e+01
    endloop
  endfacet
  facet normal 5.867627e-01 -1.687642e-01 -7.915175e-01
    outer loop
      vertex 3.571725e+01 -1.177038e+01 1.618408e+01
      vertex 4.008142e+01 -1.299300e+01 1.961752e+01
      vertex 3.983254e+01 -1.384672e+01 1.961752e+01
    endloop
  endfacet
  facet normal 5.917149e-01 -1.489887e-01 -7.915147e-01
    outer loop
      vertex 3.571725e+01 -1.177038e+01 1.618408e+01
      vertex 4.082482e+01 -9.884167e+00 1.961752e+01
      vertex 4.008142e+01 -1.299300e+01 1.961752e+01
    endloop
  endfacet
  facet normal 5.828013e-01 -1.192454e-01 -8.027219e-01
    outer loop
      vertex 3.674664e+01 -6.813964e+00 1.618408e+01
      vertex 4.082482e+01 -9.884167e+00 1.961752e+01
      vertex 3.571725e+01 -1.177038e+01 1.618408e+01
    endloop
  endfacet
  facet normal 6.028263e-01 -9.551314e-02 -7.915122e-01
    outer loop
      vertex 3.674664e+01 -6.813964e+00 1.618408e+01
      vertex 4.123739e+01 -7.431205e+00 1.961752e+01
      vertex 4.082482e+01 -9.884167e+00 1.961752e+01
    endloop
  endfacet
  facet normal 6.058152e-01 -7.536935e-02 -7.915141e-01
    outer loop
      vertex 4.142489e+01 -5.843612e+00 1.961752e+01
      vertex 4.123739e+01 -7.431205e+00 1.961752e+01
      vertex 3.674664e+01 -6.813964e+00 1.618408e+01
    endloop
  endfacet
  facet normal 6.095635e-01 -2.051356e-02 -7.915223e-01
    outer loop
      vertex 4.142489e+01 -5.843612e+00 1.961752e+01
      vertex 3.709365e+01 -1.763623e+00 1.618408e+01
      vertex 4.162539e+01 -1.763623e+00 1.961752e+01
    endloop
  endfacet
  facet normal 5.929462e-01 -4.693114e-02 -8.027265e-01
    outer loop
      vertex 3.674664e+01 -6.813964e+00 1.618408e+01
      vertex 3.709365e+01 -1.763623e+00 1.618408e+01
      vertex 4.142489e+01 -5.843612e+00 1.961752e+01
    endloop
  endfacet
  facet normal 5.615842e-01 -2.641758e-02 -8.256485e-01
    outer loop
      vertex 3.674664e+01 -6.813964e+00 1.618408e+01
      vertex 3.236026e+01 -1.763623e+00 1.302261e+01
      vertex 3.709365e+01 -1.763623e+00 1.618408e+01
    endloop
  endfacet
  facet normal 5.423856e-01 -5.043998e-02 -8.373561e-01
    outer loop
      vertex 3.205754e+01 -6.169508e+00 1.302261e+01
      vertex 3.236026e+01 -1.763623e+00 1.302261e+01
      vertex 3.674664e+01 -6.813964e+00 1.618408e+01
    endloop
  endfacet
  facet normal 5.059123e-01 -2.402241e-02 -8.609547e-01
    outer loop
      vertex 3.205754e+01 -6.169508e+00 1.302261e+01
      vertex 2.741738e+01 -1.763623e+00 1.018282e+01
      vertex 3.236026e+01 -1.763623e+00 1.302261e+01
    endloop
  endfacet
  facet normal 4.837445e-01 -4.521818e-02 -8.728357e-01
    outer loop
      vertex 2.716089e+01 -5.496529e+00 1.018282e+01
      vertex 2.741738e+01 -1.763623e+00 1.018282e+01
      vertex 3.205754e+01 -6.169508e+00 1.302261e+01
    endloop
  endfacet
  facet normal 4.467659e-01 -2.119577e-02 -8.934796e-01
    outer loop
      vertex 2.716089e+01 -5.496529e+00 1.018282e+01
      vertex 2.357204e+01 -1.763623e+00 8.299492e+00
      vertex 2.741738e+01 -1.763623e+00 1.018282e+01
    endloop
  endfacet
  facet normal 4.275866e-01 -3.994979e-02 -9.022343e-01
    outer loop
      vertex 2.335153e+01 -4.972983e+00 8.299492e+00
      vertex 2.357204e+01 -1.763623e+00 8.299492e+00
      vertex 2.716089e+01 -5.496529e+00 1.018282e+01
    endloop
  endfacet
  facet normal 3.911115e-01 -1.875402e-02 -9.192852e-01
    outer loop
      vertex 2.335153e+01 -4.972983e+00 8.299492e+00
      vertex 1.961202e+01 -1.763623e+00 6.657711e+00
      vertex 2.357204e+01 -1.763623e+00 8.299492e+00
    endloop
  endfacet
  facet normal 3.699944e-01 -3.477645e-02 -9.275749e-01
    outer loop
      vertex 1.942855e+01 -4.433821e+00 6.657711e+00
      vertex 1.961202e+01 -1.763623e+00 6.657711e+00
      vertex 2.335153e+01 -4.972983e+00 8.299492e+00
    endloop
  endfacet
  facet normal 3.212074e-01 -1.602243e-02 -9.455819e-01
    outer loop
      vertex 1.942855e+01 -4.433821e+00 6.657711e+00
      vertex 1.416811e+01 -1.763623e+00 4.893136e+00
      vertex 1.961202e+01 -1.763623e+00 6.657711e+00
    endloop
  endfacet
  facet normal 2.903499e-01 -2.794628e-02 -9.552941e-01
    outer loop
      vertex 1.403557e+01 -3.692626e+00 4.893136e+00
      vertex 1.416811e+01 -1.763623e+00 4.893136e+00
      vertex 1.942855e+01 -4.433821e+00 6.657711e+00
    endloop
  endfacet
  facet normal 2.422257e-01 -1.192384e-02 -9.696145e-01
    outer loop
      vertex 1.403557e+01 -3.692626e+00 4.893136e+00
      vertex 1.090636e+01 -1.763623e+00 4.109115e+00
      vertex 1.416811e+01 -1.763623e+00 4.893136e+00
    endloop
  endfacet
  facet normal 2.224168e-01 -2.123197e-02 -9.742195e-01
    outer loop
      vertex 1.080433e+01 -3.248536e+00 4.109115e+00
      vertex 1.090636e+01 -1.763623e+00 4.109115e+00
      vertex 1.403557e+01 -3.692626e+00 4.893136e+00
    endloop
  endfacet
  facet normal 1.630126e-01 -1.088017e-01 -9.805160e-01
    outer loop
      vertex 8.723892e+00 -7.068298e+00 3.968151e+00
      vertex 9.318320e+00 -7.429740e+00 4.109115e+00
      vertex 7.964318e+00 -8.152333e+00 3.968151e+00
    endloop
  endfacet
  facet normal 1.717729e-01 -9.427958e-02 -9.805161e-01
    outer loop
      vertex 9.364927e+00 -5.831067e+00 3.968151e+00
      vertex 9.318320e+00 -7.429740e+00 4.109115e+00
      vertex 8.723892e+00 -7.068298e+00 3.968151e+00
    endloop
  endfacet
  facet normal 1.796167e-01 -8.819575e-02 -9.796712e-01
    outer loop
      vertex 9.364927e+00 -5.831067e+00 3.968151e+00
      vertex 1.000349e+01 -6.108410e+00 4.109115e+00
      vertex 9.318320e+00 -7.429740e+00 4.109115e+00
    endloop
  endfacet
  facet normal 1.810758e-01 -7.580437e-02 -9.805173e-01
    outer loop
      vertex 9.525000e+00 -5.440626e+00 3.968151e+00
      vertex 1.000349e+01 -6.108410e+00 4.109115e+00
      vertex 9.364927e+00 -5.831067e+00 3.968151e+00
    endloop
  endfacet
  facet normal 1.880416e-01 -6.864914e-02 -9.796715e-01
    outer loop
      vertex 9.525000e+00 -5.440626e+00 3.968151e+00
      vertex 1.050167e+01 -4.705832e+00 4.109115e+00
      vertex 1.000349e+01 -6.108410e+00 4.109115e+00
    endloop
  endfacet
  facet normal 1.853074e-01 -5.818680e-02 -9.808866e-01
    outer loop
      vertex 9.525000e+00 -4.432436e+00 3.906798e+00
      vertex 1.050167e+01 -4.705832e+00 4.109115e+00
      vertex 9.525000e+00 -5.440626e+00 3.968151e+00
    endloop
  endfacet
  facet normal 1.931451e-01 -4.443000e-02 -9.800406e-01
    outer loop
      vertex 9.525000e+00 -4.432436e+00 3.906798e+00
      vertex 1.080433e+01 -3.248536e+00 4.109115e+00
      vertex 1.050167e+01 -4.705832e+00 4.109115e+00
    endloop
  endfacet
  facet normal 1.873321e-01 -3.429601e-02 -9.815695e-01
    outer loop
      vertex 9.525000e+00 -3.072924e+00 3.854928e+00
      vertex 1.080433e+01 -3.248536e+00 4.109115e+00
      vertex 9.525000e+00 -4.432436e+00 3.906798e+00
    endloop
  endfacet
  facet normal 1.957228e-01 -1.755612e-02 -9.803545e-01
    outer loop
      vertex 9.525000e+00 -3.072924e+00 3.854928e+00
      vertex 1.090636e+01 -1.763623e+00 4.109115e+00
      vertex 1.080433e+01 -3.248536e+00 4.109115e+00
    endloop
  endfacet
  facet normal 1.880424e-01 -8.247994e-03 -9.819839e-01
    outer loop
      vertex 9.525000e+00 -1.763623e+00 3.838486e+00
      vertex 1.090636e+01 -1.763623e+00 4.109115e+00
      vertex 9.525000e+00 -3.072924e+00 3.854928e+00
    endloop
  endfacet
  facet normal 9.959579e-02 1.055755e-01 -9.893877e-01
    outer loop
      vertex 4.940857e+00 4.107997e+00 3.533000e+00
      vertex 5.574725e+00 3.509858e+00 3.532992e+00
      vertex 5.217577e+00 3.766328e+00 3.522590e+00
    endloop
  endfacet
  facet normal 1.044524e-01 1.029342e-01 -9.891353e-01
    outer loop
      vertex 4.940857e+00 4.107997e+00 3.533000e+00
      vertex 5.986065e+00 3.357014e+00 3.563386e+00
      vertex 5.574725e+00 3.509858e+00 3.532992e+00
    endloop
  endfacet
  facet normal 9.928437e-02 1.092594e-01 -9.889472e-01
    outer loop
      vertex 4.764438e+00 4.509767e+00 3.563400e+00
      vertex 5.986065e+00 3.357014e+00 3.563386e+00
      vertex 4.940857e+00 4.107997e+00 3.533000e+00
    endloop
  endfacet
  facet normal 1.086187e-01 1.041802e-01 -9.884634e-01
    outer loop
      vertex 4.764438e+00 4.509767e+00 3.563400e+00
      vertex 6.421574e+00 3.317930e+00 3.611420e+00
      vertex 5.986065e+00 3.357014e+00 3.563386e+00
    endloop
  endfacet
  facet normal 1.004368e-01 1.141866e-01 -9.881673e-01
    outer loop
      vertex 4.700176e+00 4.942248e+00 3.611435e+00
      vertex 6.421574e+00 3.317930e+00 3.611420e+00
      vertex 4.764438e+00 4.509767e+00 3.563400e+00
    endloop
  endfacet
  facet normal 1.135540e-01 1.070347e-01 -9.874902e-01
    outer loop
      vertex 4.700176e+00 4.942248e+00 3.611435e+00
      vertex 6.850434e+00 3.394096e+00 3.673523e+00
      vertex 6.421574e+00 3.317930e+00 3.611420e+00
    endloop
  endfacet
  facet normal 1.029494e-01 1.199894e-01 -9.871088e-01
    outer loop
      vertex 4.751352e+00 5.374820e+00 3.673544e+00
      vertex 6.850434e+00 3.394096e+00 3.673523e+00
      vertex 4.700176e+00 4.942248e+00 3.611435e+00
    endloop
  endfacet
  facet normal 1.209097e-01 1.129743e-01 -9.858246e-01
    outer loop
      vertex 4.751352e+00 5.374820e+00 3.673544e+00
      vertex 7.573191e+00 3.858992e+00 3.821617e+00
      vertex 6.850434e+00 3.394096e+00 3.673523e+00
    endloop
  endfacet
  facet normal 1.102189e-01 1.300558e-01 -9.849217e-01
    outer loop
      vertex 5.173512e+00 6.123258e+00 3.821628e+00
      vertex 7.573191e+00 3.858992e+00 3.821617e+00
      vertex 4.751352e+00 5.374820e+00 3.673544e+00
    endloop
  endfacet
  facet normal 1.302076e-01 1.250602e-01 -9.831330e-01
    outer loop
      vertex 5.173512e+00 6.123258e+00 3.821628e+00
      vertex 7.964318e+00 4.625088e+00 3.968151e+00
      vertex 7.573191e+00 3.858992e+00 3.821617e+00
    endloop
  endfacet
  facet normal 1.196507e-01 1.419031e-01 -9.822474e-01
    outer loop
      vertex 5.915567e+00 6.558159e+00 3.968151e+00
      vertex 7.964318e+00 4.625088e+00 3.968151e+00
      vertex 5.173512e+00 6.123258e+00 3.821628e+00
    endloop
  endfacet
  facet normal -9.959009e-02 -1.055846e-01 -9.893877e-01
    outer loop
      vertex -4.940857e+00 -7.635242e+00 3.533000e+00
      vertex -5.574725e+00 -7.037104e+00 3.532992e+00
      vertex -5.217577e+00 -7.293573e+00 3.522590e+00
    endloop
  endfacet
  facet normal -1.044389e-01 -1.029501e-01 -9.891356e-01
    outer loop
      vertex -4.940857e+00 -7.635242e+00 3.533000e+00
      vertex -5.986065e+00 -6.884259e+00 3.563386e+00
      vertex -5.574725e+00 -7.037104e+00 3.532992e+00
    endloop
  endfacet
  facet normal -9.930167e-02 -1.092465e-01 -9.889476e-01
    outer loop
      vertex -4.764438e+00 -8.037012e+00 3.563400e+00
      vertex -5.986065e+00 -6.884259e+00 3.563386e+00
      vertex -4.940857e+00 -7.635242e+00 3.533000e+00
    endloop
  endfacet
  facet normal -1.086230e-01 -1.041762e-01 -9.884639e-01
    outer loop
      vertex -4.764438e+00 -8.037012e+00 3.563400e+00
      vertex -6.421574e+00 -6.845175e+00 3.611420e+00
      vertex -5.986065e+00 -6.884259e+00 3.563386e+00
    endloop
  endfacet
  facet normal -1.004619e-01 -1.141641e-01 -9.881678e-01
    outer loop
      vertex -4.700176e+00 -8.469494e+00 3.611435e+00
      vertex -6.421574e+00 -6.845175e+00 3.611420e+00
      vertex -4.764438e+00 -8.037012e+00 3.563400e+00
    endloop
  endfacet
  facet normal -1.135664e-01 -1.070191e-01 -9.874908e-01
    outer loop
      vertex -4.700176e+00 -8.469494e+00 3.611435e+00
      vertex -6.850434e+00 -6.921342e+00 3.673523e+00
      vertex -6.421574e+00 -6.845175e+00 3.611420e+00
    endloop
  endfacet
  facet normal -1.029707e-01 -1.199672e-01 -9.871096e-01
    outer loop
      vertex -4.751352e+00 -8.902066e+00 3.673544e+00
      vertex -6.850434e+00 -6.921342e+00 3.673523e+00
      vertex -4.700176e+00 -8.469494e+00 3.611435e+00
    endloop
  endfacet
  facet normal -1.209222e-01 -1.129552e-01 -9.858255e-01
    outer loop
      vertex -4.751352e+00 -8.902066e+00 3.673544e+00
      vertex -7.573191e+00 -7.386237e+00 3.821617e+00
      vertex -6.850434e+00 -6.921342e+00 3.673523e+00
    endloop
  endfacet
  facet normal -1.102355e-01 -1.300356e-01 -9.849226e-01
    outer loop
      vertex -5.173512e+00 -9.650503e+00 3.821628e+00
      vertex -7.573191e+00 -7.386237e+00 3.821617e+00
      vertex -4.751352e+00 -8.902066e+00 3.673544e+00
    endloop
  endfacet
  facet normal -1.302134e-01 -1.250483e-01 -9.831340e-01
    outer loop
      vertex -5.173512e+00 -9.650503e+00 3.821628e+00
      vertex -7.964318e+00 -8.152333e+00 3.968151e+00
      vertex -7.573191e+00 -7.386237e+00 3.821617e+00
    endloop
  endfacet
  facet normal -1.196694e-01 -1.418848e-01 -9.822483e-01
    outer loop
      vertex -5.915567e+00 -1.008540e+01 3.968151e+00
      vertex -7.964318e+00 -8.152333e+00 3.968151e+00
      vertex -5.173512e+00 -9.650503e+00 3.821628e+00
    endloop
  endfacet
  facet normal -9.964170e-01 3.268491e-03 -8.451214e-02
    outer loop
      vertex 4.364727e+00 3.866938e-01 3.968151e+00
      vertex 4.345248e+00 -1.030146e-01 4.179618e+00
      vertex 4.345248e+00 3.770975e-01 4.197456e+00
    endloop
  endfacet
  facet normal -9.964158e-01 2.634777e-03 -8.454603e-02
    outer loop
      vertex 4.364727e+00 3.866938e-01 3.968151e+00
      vertex 4.345248e+00 -7.748526e-01 4.162222e+00
      vertex 4.345248e+00 -1.030146e-01 4.179618e+00
    endloop
  endfacet
  facet normal -9.964148e-01 1.719963e-03 -8.457264e-02
    outer loop
      vertex 4.360919e+00 -1.763623e+00 3.968151e+00
      vertex 4.345248e+00 -7.748526e-01 4.162222e+00
      vertex 4.364727e+00 3.866938e-01 3.968151e+00
    endloop
  endfacet
  facet normal -9.964132e-01 7.285445e-04 -8.461491e-02
    outer loop
      vertex 4.360919e+00 -1.763623e+00 3.968151e+00
      vertex 4.345248e+00 -1.430699e+00 4.153750e+00
      vertex 4.345248e+00 -7.748526e-01 4.162222e+00
    endloop
  endfacet
  facet normal -9.964128e-01 1.835538e-04 -8.462454e-02
    outer loop
      vertex 4.345248e+00 -1.763623e+00 4.152667e+00
      vertex 4.345248e+00 -1.430699e+00 4.153750e+00
      vertex 4.360919e+00 -1.763623e+00 3.968151e+00
    endloop
  endfacet
  facet normal -3.253658e-03 -9.991310e-01 -4.155136e-02
    outer loop
      vertex -4.364727e+00 3.866938e-01 3.968151e+00
      vertex -3.342311e+00 3.770975e-01 4.122104e+00
      vertex -4.345248e+00 3.770975e-01 4.197456e+00
    endloop
  endfacet
  facet normal -2.765124e-03 -9.991298e-01 -4.161394e-02
    outer loop
      vertex -4.364727e+00 3.866938e-01 3.968151e+00
      vertex -2.528538e+00 3.770975e-01 4.075417e+00
      vertex -3.342311e+00 3.770975e-01 4.122104e+00
    endloop
  endfacet
  facet normal -2.386728e-03 -9.991289e-01 -4.165463e-02
    outer loop
      vertex -1.940979e+00 3.770975e-01 4.049753e+00
      vertex -2.528538e+00 3.770975e-01 4.075417e+00
      vertex -4.364727e+00 3.866938e-01 3.968151e+00
    endloop
  endfacet
  facet normal -3.113227e-04 -9.991255e-01 -4.181027e-02
    outer loop
      vertex 4.756825e-05 3.789712e-01 3.968151e+00
      vertex -4.087677e-01 3.770975e-01 4.014565e+00
      vertex -7.349249e-01 3.770975e-01 4.018211e+00
    endloop
  endfacet
  facet normal -1.341683e-04 -9.991255e-01 -4.181345e-02
    outer loop
      vertex -8.401068e-02 3.770975e-01 4.013001e+00
      vertex -4.087677e-01 3.770975e-01 4.014565e+00
      vertex 4.756825e-05 3.789712e-01 3.968151e+00
    endloop
  endfacet
  facet normal -2.289928e-05 -9.991254e-01 -4.181445e-02
    outer loop
      vertex 4.756825e-05 3.789712e-01 3.968151e+00
      vertex 3.671039e-05 3.770975e-01 4.012932e+00
      vertex -8.401068e-02 3.770975e-01 4.013001e+00
    endloop
  endfacet
  facet normal 6.661566e-05 -9.991254e-01 -4.181413e-02
    outer loop
      vertex 4.756825e-05 3.789712e-01 3.968151e+00
      vertex 2.448708e-01 3.770975e-01 4.013518e+00
      vertex 3.671039e-05 3.770975e-01 4.012932e+00
    endloop
  endfacet
  facet normal 2.218529e-04 -9.991255e-01 -4.181219e-02
    outer loop
      vertex 5.704135e-01 3.770975e-01 4.016112e+00
      vertex 2.448708e-01 3.770975e-01 4.013518e+00
      vertex 4.756825e-05 3.789712e-01 3.968151e+00
    endloop
  endfacet
  facet normal 2.270327e-03 -9.991286e-01 -4.166570e-02
    outer loop
      vertex 2.212761e+00 3.770975e-01 4.060786e+00
      vertex 1.826602e+00 3.770975e-01 4.045542e+00
      vertex 4.364727e+00 3.866938e-01 3.968151e+00
    endloop
  endfacet
  facet normal 2.560087e-03 -9.991293e-01 -4.163701e-02
    outer loop
      vertex 4.364727e+00 3.866938e-01 3.968151e+00
      vertex 2.898062e+00 3.770975e-01 4.095013e+00
      vertex 2.212761e+00 3.770975e-01 4.060786e+00
    endloop
  endfacet
  facet normal 3.014438e-03 -9.991304e-01 -4.158297e-02
    outer loop
      vertex 4.364727e+00 3.866938e-01 3.968151e+00
      vertex 3.899172e+00 3.770975e-01 4.161512e+00
      vertex 2.898062e+00 3.770975e-01 4.095013e+00
    endloop
  endfacet
  facet normal 3.403236e-03 -9.991314e-01 -4.153142e-02
    outer loop
      vertex 4.345248e+00 3.770975e-01 4.197456e+00
      vertex 3.899172e+00 3.770975e-01 4.161512e+00
      vertex 4.364727e+00 3.866938e-01 3.968151e+00
    endloop
  endfacet
  facet normal 4.034089e-04 -9.991255e-01 -4.180758e-02
    outer loop
      vertex 4.756825e-05 3.789712e-01 3.968151e+00
      vertex 9.119945e-01 3.770975e-01 4.021061e+00
      vertex 5.704135e-01 3.770975e-01 4.016112e+00
    endloop
  endfacet
  facet normal 5.970762e-04 -9.991257e-01 -4.179971e-02
    outer loop
      vertex 4.756825e-05 3.789712e-01 3.968151e+00
      vertex 1.282151e+00 3.770975e-01 4.028999e+00
      vertex 9.119945e-01 3.770975e-01 4.021061e+00
    endloop
  endfacet
  facet normal 1.520690e-03 -9.991277e-01 -4.170485e-02
    outer loop
      vertex 4.364727e+00 3.866938e-01 3.968151e+00
      vertex 1.282151e+00 3.770975e-01 4.028999e+00
      vertex 4.756825e-05 3.789712e-01 3.968151e+00
    endloop
  endfacet
  facet normal 1.983525e-03 -9.991282e-01 -4.168758e-02
    outer loop
      vertex 4.364727e+00 3.866938e-01 3.968151e+00
      vertex 1.701093e+00 3.770975e-01 4.041214e+00
      vertex 1.282151e+00 3.770975e-01 4.028999e+00
    endloop
  endfacet
  facet normal 2.131573e-03 -9.991283e-01 -4.167749e-02
    outer loop
      vertex 1.826602e+00 3.770975e-01 4.045542e+00
      vertex 1.701093e+00 3.770975e-01 4.041214e+00
      vertex 4.364727e+00 3.866938e-01 3.968151e+00
    endloop
  endfacet
  facet normal -2.197278e-03 -9.991285e-01 -4.167224e-02
    outer loop
      vertex -4.364727e+00 3.866938e-01 3.968151e+00
      vertex -1.828724e+00 3.770975e-01 4.045617e+00
      vertex -1.940979e+00 3.770975e-01 4.049753e+00
    endloop
  endfacet
  facet normal -2.070827e-03 -9.991283e-01 -4.168172e-02
    outer loop
      vertex -4.364727e+00 3.866938e-01 3.968151e+00
      vertex -1.475553e+00 3.770975e-01 4.034212e+00
      vertex -1.828724e+00 3.770975e-01 4.045617e+00
    endloop
  endfacet
  facet normal -1.573315e-03 -9.991278e-01 -4.170167e-02
    outer loop
      vertex 4.756825e-05 3.789712e-01 3.968151e+00
      vertex -1.475553e+00 3.770975e-01 4.034212e+00
      vertex -4.364727e+00 3.866938e-01 3.968151e+00
    endloop
  endfacet
  facet normal -6.960938e-04 -9.991259e-01 -4.179450e-02
    outer loop
      vertex 4.756825e-05 3.789712e-01 3.968151e+00
      vertex -1.082414e+00 3.770975e-01 4.024383e+00
      vertex -1.475553e+00 3.770975e-01 4.034212e+00
    endloop
  endfacet
  facet normal -4.946260e-04 -9.991257e-01 -4.180427e-02
    outer loop
      vertex -7.349249e-01 3.770975e-01 4.018211e+00
      vertex -1.082414e+00 3.770975e-01 4.024383e+00
      vertex 4.756825e-05 3.789712e-01 3.968151e+00
    endloop
  endfacet
  facet normal 9.964175e-01 -3.462790e-03 -8.450004e-02
    outer loop
      vertex -4.364727e+00 -3.913939e+00 3.968151e+00
      vertex -4.345248e+00 -3.777834e+00 4.192319e+00
      vertex -4.345248e+00 -3.904343e+00 4.197456e+00
    endloop
  endfacet
  facet normal 9.964166e-01 -3.014065e-03 -8.452597e-02
    outer loop
      vertex -4.345248e+00 -3.089015e+00 4.169835e+00
      vertex -4.345248e+00 -3.777834e+00 4.192319e+00
      vertex -4.364727e+00 -3.913939e+00 3.968151e+00
    endloop
  endfacet
  facet normal 9.964166e-01 3.011978e-03 -8.452606e-02
    outer loop
      vertex -4.364727e+00 3.866938e-01 3.968151e+00
      vertex -4.345248e+00 2.503337e-01 4.192309e+00
      vertex -4.345248e+00 -4.418216e-01 4.169742e+00
    endloop
  endfacet
  facet normal 9.964175e-01 3.462650e-03 -8.450004e-02
    outer loop
      vertex -4.345248e+00 3.770975e-01 4.197456e+00
      vertex -4.345248e+00 2.503337e-01 4.192309e+00
      vertex -4.364727e+00 3.866938e-01 3.968151e+00
    endloop
  endfacet
  facet normal 9.964154e-01 -2.271898e-03 -8.455914e-02
    outer loop
      vertex -4.364727e+00 -3.913939e+00 3.968151e+00
      vertex -4.345248e+00 -2.429862e+00 4.157005e+00
      vertex -4.345248e+00 -3.089015e+00 4.169835e+00
    endloop
  endfacet
  facet normal 9.964148e-01 -1.542745e-03 -8.457527e-02
    outer loop
      vertex -4.364727e+00 -3.913939e+00 3.968151e+00
      vertex -4.345248e+00 -1.765258e+00 4.152667e+00
      vertex -4.345248e+00 -2.429862e+00 4.157005e+00
    endloop
  endfacet
  facet normal 9.964161e-01 -8.263935e-07 -8.453744e-02
    outer loop
      vertex -4.364727e+00 3.866938e-01 3.968151e+00
      vertex -4.345248e+00 -1.765258e+00 4.152667e+00
      vertex -4.364727e+00 -3.913939e+00 3.968151e+00
    endloop
  endfacet
  facet normal 9.964148e-01 1.538392e-03 -8.457533e-02
    outer loop
      vertex -4.364727e+00 3.866938e-01 3.968151e+00
      vertex -4.345248e+00 -1.102456e+00 4.156939e+00
      vertex -4.345248e+00 -1.765258e+00 4.152667e+00
    endloop
  endfacet
  facet normal 9.964154e-01 2.267251e-03 -8.455928e-02
    outer loop
      vertex -4.345248e+00 -4.418216e-01 4.169742e+00
      vertex -4.345248e+00 -1.102456e+00 4.156939e+00
      vertex -4.364727e+00 3.866938e-01 3.968151e+00
    endloop
  endfacet
  facet normal -5.436309e-01 1.431051e-01 8.256524e-01
    outer loop
      vertex 3.571482e+01 -9.355041e+00 1.699803e+01
      vertex 3.113638e+01 -8.381865e+00 1.387168e+01
      vertex 3.431072e+01 -1.425170e+01 1.699803e+01
    endloop
  endfacet
  facet normal -4.265968e-01 4.900964e-02 9.022393e-01
    outer loop
      vertex 2.265354e+01 -6.578780e+00 9.210488e+00
      vertex 2.688561e+01 -3.643648e+00 1.106754e+01
      vertex 2.310321e+01 -3.379157e+00 9.210488e+00
    endloop
  endfacet
  facet normal -4.414354e-01 7.172349e-02 8.934824e-01
    outer loop
      vertex 2.265354e+01 -6.578780e+00 9.210488e+00
      vertex 2.636231e+01 -7.367105e+00 1.106754e+01
      vertex 2.688561e+01 -3.643648e+00 1.106754e+01
    endloop
  endfacet
  facet normal -4.324439e-01 1.140253e-01 8.934824e-01
    outer loop
      vertex 2.532590e+01 -1.098150e+01 1.106754e+01
      vertex 2.636231e+01 -7.367105e+00 1.106754e+01
      vertex 2.265354e+01 -6.578780e+00 9.210488e+00
    endloop
  endfacet
  facet normal -4.634478e-01 1.456700e-01 8.728418e-01
    outer loop
      vertex 2.532590e+01 -1.098150e+01 1.106754e+01
      vertex 2.991228e+01 -1.265080e+01 1.387168e+01
      vertex 2.636231e+01 -7.367105e+00 1.106754e+01
    endloop
  endfacet
  facet normal -4.669516e-01 1.960365e-01 8.609580e-01
    outer loop
      vertex 2.810598e+01 -1.670784e+01 1.387168e+01
      vertex 2.991228e+01 -1.265080e+01 1.387168e+01
      vertex 2.532590e+01 -1.098150e+01 1.106754e+01
    endloop
  endfacet
  facet normal -4.919327e-01 2.338092e-01 8.373633e-01
    outer loop
      vertex 2.810598e+01 -1.670784e+01 1.387168e+01
      vertex 3.223881e+01 -1.890530e+01 1.699803e+01
      vertex 2.991228e+01 -1.265080e+01 1.387168e+01
    endloop
  endfacet
  facet normal -4.831264e-01 2.874065e-01 8.256524e-01
    outer loop
      vertex 2.953940e+01 -2.322525e+01 1.699803e+01
      vertex 3.223881e+01 -1.890530e+01 1.699803e+01
      vertex 2.810598e+01 -1.670784e+01 1.387168e+01
    endloop
  endfacet
  facet normal -3.107415e-01 8.276096e-02 9.455835e-01
    outer loop
      vertex 1.809818e+01 -8.350819e+00 7.593581e+00
      vertex 1.883880e+01 -5.767934e+00 7.593581e+00
      vertex 1.360202e+01 -4.654821e+00 5.858146e+00
    endloop
  endfacet
  facet normal -3.544282e-01 1.116067e-01 9.275789e-01
    outer loop
      vertex 1.809818e+01 -8.350819e+00 7.593581e+00
      vertex 2.176293e+01 -9.684682e+00 9.210488e+00
      vertex 1.883880e+01 -5.767934e+00 7.593581e+00
    endloop
  endfacet
  facet normal -3.609268e-01 1.517268e-01 9.192874e-01
    outer loop
      vertex 2.044874e+01 -1.263641e+01 9.210488e+00
      vertex 2.176293e+01 -9.684682e+00 9.210488e+00
      vertex 1.809818e+01 -8.350819e+00 7.593581e+00
    endloop
  endfacet
  facet normal -3.877457e-01 1.844993e-01 9.022393e-01
    outer loop
      vertex 2.044874e+01 -1.263641e+01 9.210488e+00
      vertex 2.379655e+01 -1.441647e+01 1.106754e+01
      vertex 2.176293e+01 -9.684682e+00 9.210488e+00
    endloop
  endfacet
  facet normal -3.842621e-01 2.288058e-01 8.934824e-01
    outer loop
      vertex 2.180403e+01 -1.760518e+01 1.106754e+01
      vertex 2.379655e+01 -1.441647e+01 1.106754e+01
      vertex 2.044874e+01 -1.263641e+01 9.210488e+00
    endloop
  endfacet
  facet normal -4.053425e-01 2.677706e-01 8.728418e-01
    outer loop
      vertex 2.180403e+01 -1.760518e+01 1.106754e+01
      vertex 2.575262e+01 -2.047400e+01 1.387168e+01
      vertex 2.379655e+01 -1.441647e+01 1.106754e+01
    endloop
  endfacet
  facet normal -3.948277e-01 3.171516e-01 8.609580e-01
    outer loop
      vertex 2.289802e+01 -2.387598e+01 1.387168e+01
      vertex 2.575262e+01 -2.047400e+01 1.387168e+01
      vertex 2.180403e+01 -1.760518e+01 1.106754e+01
    endloop
  endfacet
  facet normal -4.084295e-01 3.603469e-01 8.373633e-01
    outer loop
      vertex 2.289802e+01 -2.387598e+01 1.387168e+01
      vertex 2.626504e+01 -2.712748e+01 1.699803e+01
      vertex 2.575262e+01 -2.047400e+01 1.387168e+01
    endloop
  endfacet
  facet normal -3.851910e-01 4.094405e-01 8.256524e-01
    outer loop
      vertex 2.247947e+01 -3.053603e+01 1.699803e+01
      vertex 2.626504e+01 -2.712748e+01 1.699803e+01
      vertex 2.289802e+01 -2.387598e+01 1.387168e+01
    endloop
  endfacet
  facet normal -5.189906e-02 7.466006e-02 9.955065e-01
    outer loop
      vertex 3.459299e+00 -6.191324e+00 4.276726e+00
      vertex 1.732266e+00 -3.980822e+00 4.045518e+00
      vertex 2.809417e+00 -6.629675e+00 4.276726e+00
    endloop
  endfacet
  facet normal -2.289317e-01 6.109705e-02 9.707283e-01
    outer loop
      vertex 1.306727e+01 -6.519719e+00 5.858146e+00
      vertex 1.360202e+01 -4.654821e+00 5.858146e+00
      vertex 9.579000e+00 -3.799702e+00 4.905962e+00
    endloop
  endfacet
  facet normal -2.779930e-01 8.823615e-02 9.552967e-01
    outer loop
      vertex 1.306727e+01 -6.519719e+00 5.858146e+00
      vertex 1.809818e+01 -8.350819e+00 7.593581e+00
      vertex 1.360202e+01 -4.654821e+00 5.858146e+00
    endloop
  endfacet
  facet normal -2.961993e-01 1.252024e-01 9.455835e-01
    outer loop
      vertex 1.700528e+01 -1.080549e+01 7.593581e+00
      vertex 1.809818e+01 -8.350819e+00 7.593581e+00
      vertex 1.306727e+01 -6.519719e+00 5.858146e+00
    endloop
  endfacet
  facet normal -3.354463e-01 1.598474e-01 9.275789e-01
    outer loop
      vertex 1.700528e+01 -1.080549e+01 7.593581e+00
      vertex 2.044874e+01 -1.263641e+01 9.210488e+00
      vertex 1.809818e+01 -8.350819e+00 7.593581e+00
    endloop
  endfacet
  facet normal -3.362980e-01 2.004815e-01 9.192874e-01
    outer loop
      vertex 1.873653e+01 -1.537651e+01 9.210488e+00
      vertex 2.044874e+01 -1.263641e+01 9.210488e+00
      vertex 1.700528e+01 -1.080549e+01 7.593581e+00
    endloop
  endfacet
  facet normal -3.582949e-01 2.366676e-01 9.022393e-01
    outer loop
      vertex 1.873653e+01 -1.537651e+01 9.210488e+00
      vertex 2.180403e+01 -1.760518e+01 1.106754e+01
      vertex 2.044874e+01 -1.263641e+01 9.210488e+00
    endloop
  endfacet
  facet normal -3.486789e-01 2.800581e-01 8.934824e-01
    outer loop
      vertex 1.938712e+01 -2.048554e+01 1.106754e+01
      vertex 2.180403e+01 -1.760518e+01 1.106754e+01
      vertex 1.873653e+01 -1.537651e+01 9.210488e+00
    endloop
  endfacet
  facet normal -3.641313e-01 3.215774e-01 8.728418e-01
    outer loop
      vertex 1.938712e+01 -2.048554e+01 1.106754e+01
      vertex 2.289802e+01 -2.387598e+01 1.387168e+01
      vertex 2.180403e+01 -1.760518e+01 1.106754e+01
    endloop
  endfacet
  facet normal -3.468463e-01 3.690145e-01 8.609580e-01
    outer loop
      vertex 1.959773e+01 -2.684757e+01 1.387168e+01
      vertex 2.289802e+01 -2.387598e+01 1.387168e+01
      vertex 1.938712e+01 -2.048554e+01 1.106754e+01
    endloop
  endfacet
  facet normal -3.543042e-01 4.136824e-01 8.373633e-01
    outer loop
      vertex 1.959773e+01 -2.684757e+01 1.387168e+01
      vertex 2.247947e+01 -3.053603e+01 1.699803e+01
      vertex 2.289802e+01 -2.387598e+01 1.387168e+01
    endloop
  endfacet
  facet normal -3.244592e-01 4.590641e-01 8.256524e-01
    outer loop
      vertex 1.825635e+01 -3.338455e+01 1.699803e+01
      vertex 2.247947e+01 -3.053603e+01 1.699803e+01
      vertex 1.959773e+01 -2.684757e+01 1.387168e+01
    endloop
  endfacet
  facet normal -4.100332e-02 8.115643e-02 9.955065e-01
    outer loop
      vertex 2.809417e+00 -6.629675e+00 4.276726e+00
      vertex 1.406833e+00 -4.200329e+00 4.045518e+00
      vertex 2.104852e+00 -6.973314e+00 4.276726e+00
    endloop
  endfacet
  facet normal -3.863100e-02 6.181568e-02 9.969987e-01
    outer loop
      vertex 1.732266e+00 -3.980822e+00 4.045518e+00
      vertex 1.406833e+00 -4.200329e+00 4.045518e+00
      vertex 2.809417e+00 -6.629675e+00 4.276726e+00
    endloop
  endfacet
  facet normal -2.930949e-02 8.607317e-02 9.955065e-01
    outer loop
      vertex 2.104852e+00 -6.973314e+00 4.276726e+00
      vertex 1.054018e+00 -4.372409e+00 4.045518e+00
      vertex 1.359319e+00 -7.215552e+00 4.276726e+00
    endloop
  endfacet
  facet normal -2.965197e-02 6.659049e-02 9.969987e-01
    outer loop
      vertex 1.406833e+00 -4.200329e+00 4.045518e+00
      vertex 1.054018e+00 -4.372409e+00 4.045518e+00
      vertex 2.104852e+00 -6.973314e+00 4.276726e+00
    endloop
  endfacet
  facet normal -8.755702e-02 1.934268e-01 9.764467e-01
    outer loop
      vertex 3.668522e+00 -1.084353e+01 4.905962e+00
      vertex 5.209240e+00 -1.465694e+01 5.858146e+00
      vertex 4.896500e+00 -1.024461e+01 4.905962e+00
    endloop
  endfacet
  facet normal -1.287363e-01 4.146261e-02 9.900644e-01
    outer loop
      vertex 5.279976e+00 -3.685377e+00 4.276726e+00
      vertex 9.202410e+00 -5.113026e+00 4.905962e+00
      vertex 5.496048e+00 -2.931844e+00 4.276726e+00
    endloop
  endfacet
  facet normal -1.484524e-01 6.331452e-02 9.861147e-01
    outer loop
      vertex 8.646706e+00 -6.361158e+00 4.905962e+00
      vertex 9.202410e+00 -5.113026e+00 4.905962e+00
      vertex 5.279976e+00 -3.685377e+00 4.276726e+00
    endloop
  endfacet
  facet normal -1.914049e-01 9.189299e-02 9.764467e-01
    outer loop
      vertex 8.646706e+00 -6.361158e+00 4.905962e+00
      vertex 1.227818e+01 -8.292045e+00 5.858146e+00
      vertex 9.202410e+00 -5.113026e+00 4.905962e+00
    endloop
  endfacet
  facet normal -2.032227e-01 1.218324e-01 9.707283e-01
    outer loop
      vertex 1.125011e+01 -9.937303e+00 5.858146e+00
      vertex 1.227818e+01 -8.292045e+00 5.858146e+00
      vertex 8.646706e+00 -6.361158e+00 4.905962e+00
    endloop
  endfacet
  facet normal -2.429028e-01 1.614433e-01 9.552967e-01
    outer loop
      vertex 1.125011e+01 -9.937303e+00 5.858146e+00
      vertex 1.558140e+01 -1.308418e+01 7.593581e+00
      vertex 1.227818e+01 -8.292045e+00 5.858146e+00
    endloop
  endfacet
  facet normal -2.502145e-01 2.019958e-01 9.455835e-01
    outer loop
      vertex 1.385425e+01 -1.514252e+01 7.593581e+00
      vertex 1.558140e+01 -1.308418e+01 7.593581e+00
      vertex 1.125011e+01 -9.937303e+00 5.858146e+00
    endloop
  endfacet
  facet normal -2.783918e-01 2.461167e-01 9.275789e-01
    outer loop
      vertex 1.385425e+01 -1.514252e+01 7.593581e+00
      vertex 1.665964e+01 -1.785165e+01 9.210488e+00
      vertex 1.558140e+01 -1.308418e+01 7.593581e+00
    endloop
  endfacet
  facet normal -2.680102e-01 2.854115e-01 9.192874e-01
    outer loop
      vertex 1.425849e+01 -2.001366e+01 9.210488e+00
      vertex 1.665964e+01 -1.785165e+01 9.210488e+00
      vertex 1.385425e+01 -1.514252e+01 7.593581e+00
    endloop
  endfacet
  facet normal -2.791807e-01 3.262589e-01 9.022393e-01
    outer loop
      vertex 1.425849e+01 -2.001366e+01 9.210488e+00
      vertex 1.659285e+01 -2.300151e+01 1.106754e+01
      vertex 1.665964e+01 -1.785165e+01 9.210488e+00
    endloop
  endfacet
  facet normal -2.579772e-01 3.653180e-01 8.934824e-01
    outer loop
      vertex 1.347563e+01 -2.510410e+01 1.106754e+01
      vertex 1.659285e+01 -2.300151e+01 1.106754e+01
      vertex 1.425849e+01 -2.001366e+01 9.210488e+00
    endloop
  endfacet
  facet normal -2.613867e-01 4.094882e-01 8.728418e-01
    outer loop
      vertex 1.347563e+01 -2.510410e+01 1.106754e+01
      vertex 1.591599e+01 -2.933093e+01 1.387168e+01
      vertex 1.659285e+01 -2.300151e+01 1.106754e+01
    endloop
  endfacet
  facet normal -2.316959e-01 4.503233e-01 8.609580e-01
    outer loop
      vertex 1.192447e+01 -3.127773e+01 1.387168e+01
      vertex 1.591599e+01 -2.933093e+01 1.387168e+01
      vertex 1.347563e+01 -2.510410e+01 1.106754e+01
    endloop
  endfacet
  facet normal -2.265527e-01 4.953165e-01 8.373633e-01
    outer loop
      vertex 1.192447e+01 -3.127773e+01 1.387168e+01
      vertex 1.367790e+01 -3.561762e+01 1.699803e+01
      vertex 1.591599e+01 -2.933093e+01 1.387168e+01
    endloop
  endfacet
  facet normal -1.853550e-01 5.307138e-01 8.256524e-01
    outer loop
      vertex 8.833223e+00 -3.719175e+01 1.699803e+01
      vertex 1.367790e+01 -3.561762e+01 1.699803e+01
      vertex 1.192447e+01 -3.127773e+01 1.387168e+01
    endloop
  endfacet
  facet normal 3.287440e-02 8.477565e-02 9.955065e-01
    outer loop
      vertex -1.736315e+00 -7.107450e+00 4.276726e+00
      vertex -8.694708e-01 -4.439579e+00 4.045518e+00
      vertex -2.463134e+00 -6.813796e+00 4.276726e+00
    endloop
  endfacet
  facet normal 2.008881e-02 7.007119e-02 9.969987e-01
    outer loop
      vertex -4.885881e-01 -4.534543e+00 4.045518e+00
      vertex -8.694708e-01 -4.439579e+00 4.045518e+00
      vertex -1.736315e+00 -7.107450e+00 4.276726e+00
    endloop
  endfacet
  facet normal 4.435296e-02 7.937539e-02 9.955065e-01
    outer loop
      vertex -2.463134e+00 -6.813796e+00 4.276726e+00
      vertex -1.233430e+00 -4.292529e+00 4.045518e+00
      vertex -3.142011e+00 -6.421846e+00 4.276726e+00
    endloop
  endfacet
  facet normal 2.964534e-02 6.659344e-02 9.969987e-01
    outer loop
      vertex -8.694708e-01 -4.439579e+00 4.045518e+00
      vertex -1.233430e+00 -4.292529e+00 4.045518e+00
      vertex -2.463134e+00 -6.813796e+00 4.276726e+00
    endloop
  endfacet
  facet normal 1.113969e-01 1.807510e-01 9.764467e-01
    outer loop
      vertex -5.476176e+00 -9.882388e+00 4.905962e+00
      vertex -7.776078e+00 -1.329213e+01 5.858146e+00
      vertex -4.292969e+00 -1.056551e+01 4.905962e+00
    endloop
  endfacet
  facet normal 1.859491e-01 2.246968e-01 9.552967e-01
    outer loop
      vertex -9.304861e+00 -1.209772e+01 5.858146e+00
      vertex -1.288724e+01 -1.607635e+01 7.593581e+00
      vertex -7.776078e+00 -1.329213e+01 5.858146e+00
    endloop
  endfacet
  facet normal 2.738683e-01 2.511405e-01 9.275789e-01
    outer loop
      vertex -1.475377e+01 -1.414350e+01 7.593581e+00
      vertex -1.774130e+01 -1.665035e+01 9.210488e+00
      vertex -1.288724e+01 -1.607635e+01 7.593581e+00
    endloop
  endfacet
  facet normal 7.848059e-02 2.809031e-01 9.552967e-01
    outer loop
      vertex -4.297158e+00 -1.498892e+01 5.858146e+00
      vertex -5.951567e+00 -2.008066e+01 7.593581e+00
      vertex -2.414733e+00 -1.545826e+01 5.858146e+00
    endloop
  endfacet
  facet normal 1.147889e-01 3.003883e-01 9.455835e-01
    outer loop
      vertex -8.442885e+00 -1.907410e+01 7.593581e+00
      vertex -5.951567e+00 -2.008066e+01 7.593581e+00
      vertex -4.297158e+00 -1.498892e+01 5.858146e+00
    endloop
  endfacet
  facet normal 1.480431e-01 3.408206e-01 9.275789e-01
    outer loop
      vertex -8.442885e+00 -1.907410e+01 7.593581e+00
      vertex -1.015251e+01 -2.257936e+01 9.210488e+00
      vertex -5.951567e+00 -2.008066e+01 7.593581e+00
    endloop
  endfacet
  facet normal 1.886228e-01 3.430898e-01 9.192874e-01
    outer loop
      vertex -1.295070e+01 -2.096383e+01 9.210488e+00
      vertex -1.015251e+01 -2.257936e+01 9.210488e+00
      vertex -8.442885e+00 -1.907410e+01 7.593581e+00
    endloop
  endfacet
  facet normal 2.240191e-01 3.663362e-01 9.022393e-01
    outer loop
      vertex -1.295070e+01 -2.096383e+01 9.210488e+00
      vertex -1.507095e+01 -2.410723e+01 1.106754e+01
      vertex -1.015251e+01 -2.257936e+01 9.210488e+00
    endloop
  endfacet
  facet normal 2.677188e-01 3.582404e-01 8.934824e-01
    outer loop
      vertex -1.803391e+01 -2.179231e+01 1.106754e+01
      vertex -1.507095e+01 -2.410723e+01 1.106754e+01
      vertex -1.295070e+01 -2.096383e+01 9.210488e+00
    endloop
  endfacet
  facet normal 3.086735e-01 3.751324e-01 8.728418e-01
    outer loop
      vertex -1.803391e+01 -2.179231e+01 1.106754e+01
      vertex -2.129976e+01 -2.541940e+01 1.387168e+01
      vertex -1.507095e+01 -2.410723e+01 1.106754e+01
    endloop
  endfacet
  facet normal 3.566850e-01 3.595134e-01 8.609580e-01
    outer loop
      vertex -2.438472e+01 -2.222483e+01 1.387168e+01
      vertex -2.129976e+01 -2.541940e+01 1.387168e+01
      vertex -1.803391e+01 -2.179231e+01 1.106754e+01
    endloop
  endfacet
  facet normal 4.010653e-01 3.685256e-01 8.373633e-01
    outer loop
      vertex -2.438472e+01 -2.222483e+01 1.387168e+01
      vertex -2.797036e+01 -2.523354e+01 1.699803e+01
      vertex -2.129976e+01 -2.541940e+01 1.387168e+01
    endloop
  endfacet
  facet normal 4.474610e-01 3.402827e-01 8.256524e-01
    outer loop
      vertex -3.096453e+01 -2.111241e+01 1.699803e+01
      vertex -2.797036e+01 -2.523354e+01 1.699803e+01
      vertex -2.438472e+01 -2.222483e+01 1.387168e+01
    endloop
  endfacet
  facet normal 3.536539e-01 2.435480e-01 9.022393e-01
    outer loop
      vertex -1.964048e+01 -1.403636e+01 9.210488e+00
      vertex -2.285597e+01 -1.604562e+01 1.106754e+01
      vertex -1.774130e+01 -1.665035e+01 9.210488e+00
    endloop
  endfacet
  facet normal 1.168110e-01 2.672469e-01 9.552967e-01
    outer loop
      vertex -6.095943e+00 -1.426216e+01 5.858146e+00
      vertex -8.442885e+00 -1.907410e+01 7.593581e+00
      vertex -4.297158e+00 -1.498892e+01 5.858146e+00
    endloop
  endfacet
  facet normal 1.554778e-01 2.814895e-01 9.455835e-01
    outer loop
      vertex -1.076987e+01 -1.773062e+01 7.593581e+00
      vertex -8.442885e+00 -1.907410e+01 7.593581e+00
      vertex -6.095943e+00 -1.426216e+01 5.858146e+00
    endloop
  endfacet
  facet normal 1.940354e-01 3.169001e-01 9.275789e-01
    outer loop
      vertex -1.076987e+01 -1.773062e+01 7.593581e+00
      vertex -1.295070e+01 -2.096383e+01 9.210488e+00
      vertex -8.442885e+00 -1.907410e+01 7.593581e+00
    endloop
  endfacet
  facet normal 2.345360e-01 3.134997e-01 9.192874e-01
    outer loop
      vertex -1.549682e+01 -1.897458e+01 9.210488e+00
      vertex -1.295070e+01 -2.096383e+01 9.210488e+00
      vertex -1.076987e+01 -1.773062e+01 7.593581e+00
    endloop
  endfacet
  facet normal 2.728231e-01 3.315936e-01 9.022393e-01
    outer loop
      vertex -1.549682e+01 -1.897458e+01 9.210488e+00
      vertex -1.803391e+01 -2.179231e+01 1.106754e+01
      vertex -1.295070e+01 -2.096383e+01 9.210488e+00
    endloop
  endfacet
  facet normal 3.149707e-01 3.174948e-01 8.934824e-01
    outer loop
      vertex -2.064586e+01 -1.908756e+01 1.106754e+01
      vertex -1.803391e+01 -2.179231e+01 1.106754e+01
      vertex -1.549682e+01 -1.897458e+01 9.210488e+00
    endloop
  endfacet
  facet normal 3.578779e-01 3.285226e-01 8.728418e-01
    outer loop
      vertex -2.064586e+01 -1.908756e+01 1.106754e+01
      vertex -2.438472e+01 -2.222483e+01 1.387168e+01
      vertex -1.803391e+01 -2.179231e+01 1.106754e+01
    endloop
  endfacet
  facet normal 4.032483e-01 3.063737e-01 8.609580e-01
    outer loop
      vertex -2.699506e+01 -1.863201e+01 1.387168e+01
      vertex -2.438472e+01 -2.222483e+01 1.387168e+01
      vertex -2.064586e+01 -1.908756e+01 1.106754e+01
    endloop
  endfacet
  facet normal 4.484511e-01 3.091216e-01 8.373633e-01
    outer loop
      vertex -2.699506e+01 -1.863201e+01 1.387168e+01
      vertex -3.096453e+01 -2.111241e+01 1.699803e+01
      vertex -2.438472e+01 -2.222483e+01 1.387168e+01
    endloop
  endfacet
  facet normal 4.904645e-01 2.746966e-01 8.256524e-01
    outer loop
      vertex -3.335602e+01 -1.661468e+01 1.699803e+01
      vertex -3.096453e+01 -2.111241e+01 1.699803e+01
      vertex -2.699506e+01 -1.863201e+01 1.387168e+01
    endloop
  endfacet
  facet normal 4.345674e-01 2.171516e-01 8.728418e-01
    outer loop
      vertex -2.462120e+01 -1.272569e+01 1.106754e+01
      vertex -2.907997e+01 -1.471086e+01 1.387168e+01
      vertex -2.285597e+01 -1.604562e+01 1.106754e+01
    endloop
  endfacet
  facet normal 5.162843e-01 1.735369e-01 8.373633e-01
    outer loop
      vertex -3.059887e+01 -1.053771e+01 1.387168e+01
      vertex -3.509827e+01 -1.182789e+01 1.699803e+01
      vertex -2.907997e+01 -1.471086e+01 1.387168e+01
    endloop
  endfacet
  facet normal 5.019981e-01 -2.530052e-01 8.256524e-01
    outer loop
      vertex -3.335602e+01 1.308743e+01 1.699803e+01
      vertex -2.907997e+01 1.118361e+01 1.387168e+01
      vertex -3.096453e+01 1.758516e+01 1.699803e+01
    endloop
  endfacet
  facet normal 3.992867e-01 -2.014437e-01 8.934824e-01
    outer loop
      vertex -2.285597e+01 1.251837e+01 1.106754e+01
      vertex -2.462120e+01 9.198443e+00 1.106754e+01
      vertex -2.115737e+01 7.656247e+00 9.210488e+00
    endloop
  endfacet
  facet normal 4.230339e-01 -2.388430e-01 8.728418e-01
    outer loop
      vertex -2.285597e+01 1.251837e+01 1.106754e+01
      vertex -2.699506e+01 1.510476e+01 1.387168e+01
      vertex -2.462120e+01 9.198443e+00 1.106754e+01
    endloop
  endfacet
  facet normal 4.159893e-01 -2.888373e-01 8.609580e-01
    outer loop
      vertex -2.438472e+01 1.869759e+01 1.387168e+01
      vertex -2.699506e+01 1.510476e+01 1.387168e+01
      vertex -2.285597e+01 1.251837e+01 1.106754e+01
    endloop
  endfacet
  facet normal 4.325712e-01 -3.309785e-01 8.373633e-01
    outer loop
      vertex -2.438472e+01 1.869759e+01 1.387168e+01
      vertex -2.797036e+01 2.170629e+01 1.699803e+01
      vertex -2.699506e+01 1.510476e+01 1.387168e+01
    endloop
  endfacet
  facet normal 4.128138e-01 -3.815736e-01 8.256524e-01
    outer loop
      vertex -2.443177e+01 2.537061e+01 1.699803e+01
      vertex -2.797036e+01 2.170629e+01 1.699803e+01
      vertex -2.438472e+01 1.869759e+01 1.387168e+01
    endloop
  endfacet
  facet normal 7.977873e-02 -1.092132e-01 9.900644e-01
    outer loop
      vertex -3.142011e+00 2.894601e+00 4.276726e+00
      vertex -5.476176e+00 6.355142e+00 4.905962e+00
      vertex -3.759733e+00 2.411984e+00 4.276726e+00
    endloop
  endfacet
  facet normal 2.867441e-01 -1.455592e-01 9.455835e-01
    outer loop
      vertex -1.633313e+01 8.442450e+00 7.593581e+00
      vertex -1.759459e+01 6.069993e+00 7.593581e+00
      vertex -1.270367e+01 3.892415e+00 5.858146e+00
    endloop
  endfacet
  facet normal 3.234788e-01 -1.828576e-01 9.275789e-01
    outer loop
      vertex -1.633313e+01 8.442450e+00 7.593581e+00
      vertex -1.964048e+01 1.050911e+01 9.210488e+00
      vertex -1.759459e+01 6.069993e+00 7.593581e+00
    endloop
  endfacet
  facet normal 3.214939e-01 -2.234522e-01 9.192874e-01
    outer loop
      vertex -1.774130e+01 1.312310e+01 9.210488e+00
      vertex -1.964048e+01 1.050911e+01 9.210488e+00
      vertex -1.633313e+01 8.442450e+00 7.593581e+00
    endloop
  endfacet
  facet normal 3.409130e-01 -2.610844e-01 9.022393e-01
    outer loop
      vertex -1.774130e+01 1.312310e+01 9.210488e+00
      vertex -2.064586e+01 1.556032e+01 1.106754e+01
      vertex -1.964048e+01 1.050911e+01 9.210488e+00
    endloop
  endfacet
  facet normal 3.282937e-01 -3.036985e-01 8.934824e-01
    outer loop
      vertex -1.803391e+01 1.826507e+01 1.106754e+01
      vertex -2.064586e+01 1.556032e+01 1.106754e+01
      vertex -1.774130e+01 1.312310e+01 9.210488e+00
    endloop
  endfacet
  facet normal 3.408122e-01 -3.461946e-01 8.728418e-01
    outer loop
      vertex -1.803391e+01 1.826507e+01 1.106754e+01
      vertex -2.129976e+01 2.189215e+01 1.387168e+01
      vertex -2.064586e+01 1.556032e+01 1.106754e+01
    endloop
  endfacet
  facet normal 3.202603e-01 -3.923104e-01 8.609580e-01
    outer loop
      vertex -1.780022e+01 2.462629e+01 1.387168e+01
      vertex -2.129976e+01 2.189215e+01 1.387168e+01
      vertex -1.803391e+01 1.826507e+01 1.106754e+01
    endloop
  endfacet
  facet normal 3.245840e-01 -4.373897e-01 8.373633e-01
    outer loop
      vertex -1.780022e+01 2.462629e+01 1.387168e+01
      vertex -2.041765e+01 2.850678e+01 1.699803e+01
      vertex -2.129976e+01 2.189215e+01 1.387168e+01
    endloop
  endfacet
  facet normal 2.916462e-01 -4.805790e-01 8.256524e-01
    outer loop
      vertex -1.600612e+01 3.105378e+01 1.699803e+01
      vertex -2.041765e+01 2.850678e+01 1.699803e+01
      vertex -1.780022e+01 2.462629e+01 1.387168e+01
    endloop
  endfacet
  facet normal 1.008365e-01 -1.868480e-01 9.764466e-01
    outer loop
      vertex -5.476176e+00 6.355142e+00 4.905962e+00
      vertex -4.292969e+00 7.038268e+00 4.905962e+00
      vertex -6.095943e+00 1.073491e+01 5.858146e+00
    endloop
  endfacet
  facet normal 8.288517e-02 -1.384806e-01 9.861147e-01
    outer loop
      vertex -3.142011e+00 2.894601e+00 4.276726e+00
      vertex -4.292969e+00 7.038268e+00 4.905962e+00
      vertex -5.476176e+00 6.355142e+00 4.905962e+00
    endloop
  endfacet
  facet normal 1.016186e-01 -2.733851e-01 9.552967e-01
    outer loop
      vertex -6.095943e+00 1.073491e+01 5.858146e+00
      vertex -4.297158e+00 1.146167e+01 5.858146e+00
      vertex -5.951567e+00 1.655342e+01 7.593581e+00
    endloop
  endfacet
  facet normal 9.279933e-02 -2.180158e-01 9.707283e-01
    outer loop
      vertex -4.292969e+00 7.038268e+00 4.905962e+00
      vertex -4.297158e+00 1.146167e+01 5.858146e+00
      vertex -6.095943e+00 1.073491e+01 5.858146e+00
    endloop
  endfacet
  facet normal 6.380278e-02 -1.192534e-01 9.900644e-01
    outer loop
      vertex -2.463134e+00 3.286551e+00 4.276726e+00
      vertex -4.292969e+00 7.038268e+00 4.905962e+00
      vertex -3.142011e+00 2.894601e+00 4.276726e+00
    endloop
  endfacet
  facet normal 6.280575e-02 -1.486684e-01 9.861147e-01
    outer loop
      vertex -3.026203e+00 7.550074e+00 4.905962e+00
      vertex -4.292969e+00 7.038268e+00 4.905962e+00
      vertex -2.463134e+00 3.286551e+00 4.276726e+00
    endloop
  endfacet
  facet normal 7.385096e-02 -1.990633e-01 9.764467e-01
    outer loop
      vertex -3.026203e+00 7.550074e+00 4.905962e+00
      vertex -4.297158e+00 1.146167e+01 5.858146e+00
      vertex -4.292969e+00 7.038268e+00 4.905962e+00
    endloop
  endfacet
  facet normal 6.155428e-02 -2.288092e-01 9.707283e-01
    outer loop
      vertex -2.414733e+00 1.193101e+01 5.858146e+00
      vertex -4.297158e+00 1.146167e+01 5.858146e+00
      vertex -3.026203e+00 7.550074e+00 4.905962e+00
    endloop
  endfacet
  facet normal 1.255304e-01 -5.034180e-02 9.900644e-01
    outer loop
      vertex -5.133060e+00 5.217625e-01 4.276726e+00
      vertex -8.946351e+00 2.219549e+00 4.905962e+00
      vertex -5.401169e+00 -2.148623e-01 4.276726e+00
    endloop
  endfacet
  facet normal 1.436742e-01 -7.351580e-02 9.861147e-01
    outer loop
      vertex -8.304935e+00 3.425877e+00 4.905962e+00
      vertex -8.946351e+00 2.219549e+00 4.905962e+00
      vertex -5.133060e+00 5.217625e-01 4.276726e+00
    endloop
  endfacet
  facet normal 1.845285e-01 -1.050209e-01 9.764467e-01
    outer loop
      vertex -8.304935e+00 3.425877e+00 4.905962e+00
      vertex -1.179287e+01 5.605380e+00 5.858146e+00
      vertex -8.946351e+00 2.219549e+00 4.905962e+00
    endloop
  endfacet
  facet normal 1.942291e-01 -1.357117e-01 9.707283e-01
    outer loop
      vertex -1.065253e+01 7.174915e+00 5.858146e+00
      vertex -1.179287e+01 5.605380e+00 5.858146e+00
      vertex -8.304935e+00 3.425877e+00 4.905962e+00
    endloop
  endfacet
  facet normal 2.310494e-01 -1.779941e-01 9.552967e-01
    outer loop
      vertex -1.065253e+01 7.174915e+00 5.858146e+00
      vertex -1.475377e+01 1.061626e+01 7.593581e+00
      vertex -1.179287e+01 5.605380e+00 5.858146e+00
    endloop
  endfacet
  facet normal 2.355145e-01 -2.189579e-01 9.455835e-01
    outer loop
      vertex -1.288724e+01 1.254911e+01 7.593581e+00
      vertex -1.475377e+01 1.061626e+01 7.593581e+00
      vertex -1.065253e+01 7.174915e+00 5.858146e+00
    endloop
  endfacet
  facet normal 2.605454e-01 -2.649368e-01 9.275789e-01
    outer loop
      vertex -1.288724e+01 1.254911e+01 7.593581e+00
      vertex -1.549682e+01 1.544734e+01 9.210488e+00
      vertex -1.475377e+01 1.061626e+01 7.593581e+00
    endloop
  endfacet
  facet normal 2.474480e-01 -3.034118e-01 9.192874e-01
    outer loop
      vertex -1.295070e+01 1.743658e+01 9.210488e+00
      vertex -1.549682e+01 1.544734e+01 9.210488e+00
      vertex -1.288724e+01 1.254911e+01 7.593581e+00
    endloop
  endfacet
  facet normal 2.557420e-01 -3.449388e-01 9.022393e-01
    outer loop
      vertex -1.295070e+01 1.743658e+01 9.210488e+00
      vertex -1.507095e+01 2.057999e+01 1.106754e+01
      vertex -1.549682e+01 1.544734e+01 9.210488e+00
    endloop
  endfacet
  facet normal 2.318655e-01 -3.824237e-01 8.934824e-01
    outer loop
      vertex -1.181466e+01 2.246001e+01 1.106754e+01
      vertex -1.507095e+01 2.057999e+01 1.106754e+01
      vertex -1.295070e+01 1.743658e+01 9.210488e+00
    endloop
  endfacet
  facet normal 2.321856e-01 -4.267242e-01 8.728418e-01
    outer loop
      vertex -1.181466e+01 2.246001e+01 1.106754e+01
      vertex -1.395423e+01 2.684678e+01 1.387168e+01
      vertex -1.507095e+01 2.057999e+01 1.106754e+01
    endloop
  endfacet
  facet normal 1.997185e-01 -4.653887e-01 8.609580e-01
    outer loop
      vertex -9.836625e+00 2.851040e+01 1.387168e+01
      vertex -1.395423e+01 2.684678e+01 1.387168e+01
      vertex -1.181466e+01 2.246001e+01 1.106754e+01
    endloop
  endfacet
  facet normal 1.914493e-01 -5.099134e-01 8.373633e-01
    outer loop
      vertex -9.836625e+00 2.851040e+01 1.387168e+01
      vertex -1.128305e+01 3.296202e+01 1.699803e+01
      vertex -1.395423e+01 2.684678e+01 1.387168e+01
    endloop
  endfacet
  facet normal 1.478828e-01 -5.423508e-01 8.256524e-01
    outer loop
      vertex -6.340365e+00 3.419437e+01 1.699803e+01
      vertex -1.128305e+01 3.296202e+01 1.699803e+01
      vertex -9.836625e+00 2.851040e+01 1.387168e+01
    endloop
  endfacet
  facet normal -7.138233e-02 -1.999618e-01 9.764467e-01
    outer loop
      vertex 3.668522e+00 7.316289e+00 4.905962e+00
      vertex 5.209240e+00 1.112970e+01 5.858146e+00
      vertex 2.369141e+00 7.738483e+00 4.905962e+00
    endloop
  endfacet
  facet normal -9.851695e-02 -1.880813e-01 9.764467e-01
    outer loop
      vertex 6.952948e+00 1.027924e+01 5.858146e+00
      vertex 3.668522e+00 7.316289e+00 4.905962e+00
      vertex 4.896500e+00 6.717364e+00 4.905962e+00
    endloop
  endfacet
  facet normal -9.992242e-02 -2.148444e-01 9.707283e-01
    outer loop
      vertex 6.952948e+00 1.027924e+01 5.858146e+00
      vertex 5.209240e+00 1.112970e+01 5.858146e+00
      vertex 3.668522e+00 7.316289e+00 4.905962e+00
    endloop
  endfacet
  facet normal -1.351686e-01 -2.584476e-01 9.552967e-01
    outer loop
      vertex 9.629837e+00 1.491574e+01 7.593581e+00
      vertex 5.209240e+00 1.112970e+01 5.858146e+00
      vertex 6.952948e+00 1.027924e+01 5.858146e+00
    endloop
  endfacet
  facet normal -1.237341e-01 -1.725400e-01 9.764467e-01
    outer loop
      vertex 8.561324e+00 9.194373e+00 5.858146e+00
      vertex 4.896500e+00 6.717364e+00 4.905962e+00
      vertex 6.029173e+00 5.953367e+00 4.905962e+00
    endloop
  endfacet
  facet normal -1.288505e-01 -1.988470e-01 9.707283e-01
    outer loop
      vertex 8.561324e+00 9.194373e+00 5.858146e+00
      vertex 6.952948e+00 1.027924e+01 5.858146e+00
      vertex 4.896500e+00 6.717364e+00 4.905962e+00
    endloop
  endfacet
  facet normal -1.698221e-01 -2.371206e-01 9.552967e-01
    outer loop
      vertex 1.185744e+01 1.341321e+01 7.593581e+00
      vertex 6.952948e+00 1.027924e+01 5.858146e+00
      vertex 8.561324e+00 9.194373e+00 5.858146e+00
    endloop
  endfacet
  facet normal -1.747347e-01 -2.699582e-01 9.455835e-01
    outer loop
      vertex 1.185744e+01 1.341321e+01 7.593581e+00
      vertex 9.629837e+00 1.491574e+01 7.593581e+00
      vertex 6.952948e+00 1.027924e+01 5.858146e+00
    endloop
  endfacet
  facet normal -2.156686e-01 -3.025929e-01 9.275789e-01
    outer loop
      vertex 1.425849e+01 1.648641e+01 9.210488e+00
      vertex 9.629837e+00 1.491574e+01 7.593581e+00
      vertex 1.185744e+01 1.341321e+01 7.593581e+00
    endloop
  endfacet
  facet normal -3.669342e-01 -4.258790e-01 8.256524e-01
    outer loop
      vertex 2.247947e+01 2.700878e+01 1.699803e+01
      vertex 1.959773e+01 2.332033e+01 1.387168e+01
      vertex 2.626504e+01 2.360023e+01 1.699803e+01
    endloop
  endfacet
  facet normal -1.465428e-01 -1.536404e-01 9.764467e-01
    outer loop
      vertex 1.000306e+01 7.896225e+00 5.858146e+00
      vertex 6.029173e+00 5.953367e+00 4.905962e+00
      vertex 7.044495e+00 5.039167e+00 4.905962e+00
    endloop
  endfacet
  facet normal -1.552707e-01 -1.789793e-01 9.707283e-01
    outer loop
      vertex 1.000306e+01 7.896225e+00 5.858146e+00
      vertex 8.561324e+00 9.194373e+00 5.858146e+00
      vertex 6.029173e+00 5.953367e+00 4.905962e+00
    endloop
  endfacet
  facet normal -2.011703e-01 -2.111783e-01 9.552967e-01
    outer loop
      vertex 1.385425e+01 1.161527e+01 7.593581e+00
      vertex 8.561324e+00 9.194373e+00 5.858146e+00
      vertex 1.000306e+01 7.896225e+00 5.858146e+00
    endloop
  endfacet
  facet normal -2.106051e-01 -2.430126e-01 9.455835e-01
    outer loop
      vertex 1.385425e+01 1.161527e+01 7.593581e+00
      vertex 1.185744e+01 1.341321e+01 7.593581e+00
      vertex 8.561324e+00 9.194373e+00 5.858146e+00
    endloop
  endfacet
  facet normal -2.556825e-01 -2.696328e-01 9.275789e-01
    outer loop
      vertex 1.665964e+01 1.432441e+01 9.210488e+00
      vertex 1.185744e+01 1.341321e+01 7.593581e+00
      vertex 1.385425e+01 1.161527e+01 7.593581e+00
    endloop
  endfacet
  facet normal -2.558333e-01 -2.963756e-01 9.192874e-01
    outer loop
      vertex 1.665964e+01 1.432441e+01 9.210488e+00
      vertex 1.425849e+01 1.648641e+01 9.210488e+00
      vertex 1.185744e+01 1.341321e+01 7.593581e+00
    endloop
  endfacet
  facet normal -2.952893e-01 -3.117547e-01 9.022393e-01
    outer loop
      vertex 1.938712e+01 1.695830e+01 1.106754e+01
      vertex 1.425849e+01 1.648641e+01 9.210488e+00
      vertex 1.665964e+01 1.432441e+01 9.210488e+00
    endloop
  endfacet
  facet normal -1.664993e-01 -1.317504e-01 9.764467e-01
    outer loop
      vertex 1.125011e+01 6.410058e+00 5.858146e+00
      vertex 7.044495e+00 5.039167e+00 4.905962e+00
      vertex 7.922703e+00 3.992559e+00 4.905962e+00
    endloop
  endfacet
  facet normal -1.786687e-01 -1.556280e-01 9.707283e-01
    outer loop
      vertex 1.125011e+01 6.410058e+00 5.858146e+00
      vertex 1.000306e+01 7.896225e+00 5.858146e+00
      vertex 7.044495e+00 5.039167e+00 4.905962e+00
    endloop
  endfacet
  facet normal -2.286028e-01 -1.811256e-01 9.552967e-01
    outer loop
      vertex 1.558140e+01 9.556930e+00 7.593581e+00
      vertex 1.000306e+01 7.896225e+00 5.858146e+00
      vertex 1.125011e+01 6.410058e+00 5.858146e+00
    endloop
  endfacet
  facet normal -2.423764e-01 -2.113370e-01 9.455835e-01
    outer loop
      vertex 1.558140e+01 9.556930e+00 7.593581e+00
      vertex 1.385425e+01 1.161527e+01 7.593581e+00
      vertex 1.000306e+01 7.896225e+00 5.858146e+00
    endloop
  endfacet
  facet normal -2.907199e-01 -2.314247e-01 9.275789e-01
    outer loop
      vertex 1.873653e+01 1.184927e+01 9.210488e+00
      vertex 1.385425e+01 1.161527e+01 7.593581e+00
      vertex 1.558140e+01 9.556930e+00 7.593581e+00
    endloop
  endfacet
  facet normal -2.945911e-01 -2.578862e-01 9.192874e-01
    outer loop
      vertex 1.873653e+01 1.184927e+01 9.210488e+00
      vertex 1.665964e+01 1.432441e+01 9.210488e+00
      vertex 1.385425e+01 1.161527e+01 7.593581e+00
    endloop
  endfacet
  facet normal -3.358034e-01 -2.676244e-01 9.022393e-01
    outer loop
      vertex 2.180403e+01 1.407793e+01 1.106754e+01
      vertex 1.665964e+01 1.432441e+01 9.210488e+00
      vertex 1.873653e+01 1.184927e+01 9.210488e+00
    endloop
  endfacet
  facet normal -3.363508e-01 -2.947501e-01 8.934824e-01
    outer loop
      vertex 2.180403e+01 1.407793e+01 1.106754e+01
      vertex 1.938712e+01 1.695830e+01 1.106754e+01
      vertex 1.665964e+01 1.432441e+01 9.210488e+00
    endloop
  endfacet
  facet normal -3.799227e-01 -3.027580e-01 8.728418e-01
    outer loop
      vertex 2.575262e+01 1.694675e+01 1.387168e+01
      vertex 1.938712e+01 1.695830e+01 1.106754e+01
      vertex 2.180403e+01 1.407793e+01 1.106754e+01
    endloop
  endfacet
  facet normal -1.463859e-01 -6.795594e-02 9.861147e-01
    outer loop
      vertex 4.961135e+00 8.742596e-01 4.276726e+00
      vertex 9.202410e+00 1.585781e+00 4.905962e+00
      vertex 8.646706e+00 2.833912e+00 4.905962e+00
    endloop
  endfacet
  facet normal -1.252694e-01 -5.098788e-02 9.900644e-01
    outer loop
      vertex 5.279976e+00 1.581314e-01 4.276726e+00
      vertex 9.202410e+00 1.585781e+00 4.905962e+00
      vertex 4.961135e+00 8.742596e-01 4.276726e+00
    endloop
  endfacet
  facet normal 5.323241e-01 -1.806783e-01 8.256524e-01
    outer loop
      vertex -3.059887e+01 7.010462e+00 1.387168e+01
      vertex -3.335602e+01 1.308743e+01 1.699803e+01
      vertex -3.509827e+01 8.300644e+00 1.699803e+01
    endloop
  endfacet
  facet normal 5.070441e-01 -1.989242e-01 8.373633e-01
    outer loop
      vertex -3.059887e+01 7.010462e+00 1.387168e+01
      vertex -2.907997e+01 1.118361e+01 1.387168e+01
      vertex -3.335602e+01 1.308743e+01 1.699803e+01
    endloop
  endfacet
  facet normal 4.794889e-01 -1.629860e-01 8.609581e-01
    outer loop
      vertex -2.590722e+01 5.665152e+00 1.106754e+01
      vertex -2.907997e+01 1.118361e+01 1.387168e+01
      vertex -3.059887e+01 7.010462e+00 1.387168e+01
    endloop
  endfacet
  facet normal 3.706315e-01 -1.261803e-01 9.192874e-01
    outer loop
      vertex -2.115737e+01 7.656247e+00 9.210488e+00
      vertex -2.226246e+01 4.620036e+00 9.210488e+00
      vertex -1.851359e+01 3.545063e+00 7.593581e+00
    endloop
  endfacet
  facet normal 3.996712e-01 -1.570021e-01 9.022393e-01
    outer loop
      vertex -2.462120e+01 9.198443e+00 1.106754e+01
      vertex -2.226246e+01 4.620036e+00 9.210488e+00
      vertex -2.115737e+01 7.656247e+00 9.210488e+00
    endloop
  endfacet
  facet normal 2.241122e-01 -7.691769e-02 9.707283e-01
    outer loop
      vertex -1.270367e+01 3.892415e+00 5.858146e+00
      vertex -1.336721e+01 2.069362e+00 5.858146e+00
      vertex -9.413636e+00 9.356941e-01 4.905962e+00
    endloop
  endfacet
  facet normal 2.711608e-01 -1.074130e-01 9.552967e-01
    outer loop
      vertex -1.759459e+01 6.069993e+00 7.593581e+00
      vertex -1.336721e+01 2.069362e+00 5.858146e+00
      vertex -1.270367e+01 3.892415e+00 5.858146e+00
    endloop
  endfacet
  facet normal 2.112911e-01 -2.088682e-02 9.764467e-01
    outer loop
      vertex -1.377057e+01 1.717041e-01 5.858146e+00
      vertex -9.793000e+00 -1.763623e+00 4.905962e+00
      vertex -9.697695e+00 -4.007004e-01 4.905962e+00
    endloop
  endfacet
  facet normal 2.366318e-01 -1.216434e-02 9.707283e-01
    outer loop
      vertex -1.390590e+01 -1.763623e+00 5.858146e+00
      vertex -9.793000e+00 -1.763623e+00 4.905962e+00
      vertex -1.377057e+01 1.717041e-01 5.858146e+00
    endloop
  endfacet
  facet normal 2.121417e-01 8.722479e-03 9.764467e-01
    outer loop
      vertex -1.390590e+01 -1.763623e+00 5.858146e+00
      vertex -9.697695e+00 -3.126545e+00 4.905962e+00
      vertex -9.793000e+00 -1.763623e+00 4.905962e+00
    endloop
  endfacet
  facet normal 2.360219e-01 2.088682e-02 9.707283e-01
    outer loop
      vertex -1.377057e+01 -3.698949e+00 5.858146e+00
      vertex -9.697695e+00 -3.126545e+00 4.905962e+00
      vertex -1.390590e+01 -1.763623e+00 5.858146e+00
    endloop
  endfacet
  facet normal 2.088632e-01 3.816201e-02 9.764467e-01
    outer loop
      vertex -1.377057e+01 -3.698949e+00 5.858146e+00
      vertex -9.413636e+00 -4.462939e+00 4.905962e+00
      vertex -9.697695e+00 -3.126545e+00 4.905962e+00
    endloop
  endfacet
  facet normal 2.308180e-01 5.353145e-02 9.707283e-01
    outer loop
      vertex -1.336721e+01 -5.596607e+00 5.858146e+00
      vertex -9.413636e+00 -4.462939e+00 4.905962e+00
      vertex -1.377057e+01 -3.698949e+00 5.858146e+00
    endloop
  endfacet
  facet normal 2.015194e-01 6.685876e-02 9.764467e-01
    outer loop
      vertex -1.336721e+01 -5.596607e+00 5.858146e+00
      vertex -8.946351e+00 -5.746795e+00 4.905962e+00
      vertex -9.413636e+00 -4.462939e+00 4.905962e+00
    endloop
  endfacet
  facet normal 2.211216e-01 8.513415e-02 9.707283e-01
    outer loop
      vertex -1.270367e+01 -7.419660e+00 5.858146e+00
      vertex -8.946351e+00 -5.746795e+00 4.905962e+00
      vertex -1.336721e+01 -5.596607e+00 5.858146e+00
    endloop
  endfacet
  facet normal 1.902533e-01 9.425417e-02 9.764467e-01
    outer loop
      vertex -1.270367e+01 -7.419660e+00 5.858146e+00
      vertex -8.304935e+00 -6.953122e+00 4.905962e+00
      vertex -8.946351e+00 -5.746795e+00 4.905962e+00
    endloop
  endfacet
  facet normal 2.071213e-01 1.150798e-01 9.707283e-01
    outer loop
      vertex -1.179287e+01 -9.132625e+00 5.858146e+00
      vertex -8.304935e+00 -6.953122e+00 4.905962e+00
      vertex -1.270367e+01 -7.419660e+00 5.858146e+00
    endloop
  endfacet
  facet normal 1.752841e-01 1.198150e-01 9.764467e-01
    outer loop
      vertex -1.179287e+01 -9.132625e+00 5.858146e+00
      vertex -7.501873e+00 -8.058442e+00 4.905962e+00
      vertex -8.304935e+00 -6.953122e+00 4.905962e+00
    endloop
  endfacet
  facet normal 1.890896e-01 1.427856e-01 9.707283e-01
    outer loop
      vertex -1.065253e+01 -1.070216e+01 5.858146e+00
      vertex -7.501873e+00 -8.058442e+00 4.905962e+00
      vertex -1.179287e+01 -9.132625e+00 5.858146e+00
    endloop
  endfacet
  facet normal 1.569033e-01 1.430439e-01 9.764467e-01
    outer loop
      vertex -1.065253e+01 -1.070216e+01 5.858146e+00
      vertex -6.552796e+00 -9.041240e+00 4.905962e+00
      vertex -7.501873e+00 -8.058442e+00 4.905962e+00
    endloop
  endfacet
  facet normal 1.673775e-01 1.677122e-01 9.707283e-01
    outer loop
      vertex -9.304861e+00 -1.209772e+01 5.858146e+00
      vertex -6.552796e+00 -9.041240e+00 4.905962e+00
      vertex -1.065253e+01 -1.070216e+01 5.858146e+00
    endloop
  endfacet
  facet normal 1.354684e-01 1.634885e-01 9.764467e-01
    outer loop
      vertex -9.304861e+00 -1.209772e+01 5.858146e+00
      vertex -5.476176e+00 -9.882388e+00 4.905962e+00
      vertex -6.552796e+00 -9.041240e+00 4.905962e+00
    endloop
  endfacet
  facet normal 1.424075e-01 1.893745e-01 9.707283e-01
    outer loop
      vertex -7.776078e+00 -1.329213e+01 5.858146e+00
      vertex -5.476176e+00 -9.882388e+00 4.905962e+00
      vertex -9.304861e+00 -1.209772e+01 5.858146e+00
    endloop
  endfacet
  facet normal 2.902635e-01 -2.850999e-02 9.552967e-01
    outer loop
      vertex -1.907224e+01 9.168061e-01 7.593581e+00
      vertex -1.390590e+01 -1.763623e+00 5.858146e+00
      vertex -1.377057e+01 1.717041e-01 5.858146e+00
    endloop
  endfacet
  facet normal 3.211580e-01 -1.634564e-02 9.455834e-01
    outer loop
      vertex -1.925967e+01 -1.763623e+00 7.593581e+00
      vertex -1.390590e+01 -1.763623e+00 5.858146e+00
      vertex -1.907224e+01 9.168061e-01 7.593581e+00
    endloop
  endfacet
  facet normal 2.914065e-01 1.216434e-02 9.552967e-01
    outer loop
      vertex -1.925967e+01 -1.763623e+00 7.593581e+00
      vertex -1.377057e+01 -3.698949e+00 5.858146e+00
      vertex -1.390590e+01 -1.763623e+00 5.858146e+00
    endloop
  endfacet
  facet normal 3.203074e-01 2.850999e-02 9.455834e-01
    outer loop
      vertex -1.907224e+01 -4.444051e+00 7.593581e+00
      vertex -1.377057e+01 -3.698949e+00 5.858146e+00
      vertex -1.925967e+01 -1.763623e+00 7.593581e+00
    endloop
  endfacet
  facet normal 2.868776e-01 5.260191e-02 9.552967e-01
    outer loop
      vertex -1.907224e+01 -4.444051e+00 7.593581e+00
      vertex -1.336721e+01 -5.596607e+00 5.858146e+00
      vertex -1.377057e+01 -3.698949e+00 5.858146e+00
    endloop
  endfacet
  facet normal 3.132223e-01 7.281070e-02 9.455834e-01
    outer loop
      vertex -1.851359e+01 -7.072308e+00 7.593581e+00
      vertex -1.336721e+01 -5.596607e+00 5.858146e+00
      vertex -1.907224e+01 -4.444051e+00 7.593581e+00
    endloop
  endfacet
  facet normal 2.767650e-01 9.201565e-02 9.552967e-01
    outer loop
      vertex -1.851359e+01 -7.072308e+00 7.593581e+00
      vertex -1.270367e+01 -7.419660e+00 5.858146e+00
      vertex -1.336721e+01 -5.596607e+00 5.858146e+00
    endloop
  endfacet
  facet normal 3.000408e-01 1.156942e-01 9.455834e-01
    outer loop
      vertex -1.759459e+01 -9.597238e+00 7.593581e+00
      vertex -1.270367e+01 -7.419660e+00 5.858146e+00
      vertex -1.851359e+01 -7.072308e+00 7.593581e+00
    endloop
  endfacet
  facet normal 2.612654e-01 1.296384e-01 9.552967e-01
    outer loop
      vertex -1.759459e+01 -9.597238e+00 7.593581e+00
      vertex -1.179287e+01 -9.132625e+00 5.858146e+00
      vertex -1.270367e+01 -7.419660e+00 5.858146e+00
    endloop
  endfacet
  facet normal 2.810193e-01 1.563259e-01 9.455834e-01
    outer loop
      vertex -1.633313e+01 -1.196970e+01 7.593581e+00
      vertex -1.179287e+01 -9.132625e+00 5.858146e+00
      vertex -1.759459e+01 -9.597238e+00 7.593581e+00
    endloop
  endfacet
  facet normal 2.406806e-01 1.647379e-01 9.552967e-01
    outer loop
      vertex -1.633313e+01 -1.196970e+01 7.593581e+00
      vertex -1.065253e+01 -1.070216e+01 5.858146e+00
      vertex -1.179287e+01 -9.132625e+00 5.858146e+00
    endloop
  endfacet
  facet normal 2.565281e-01 1.939149e-01 9.455834e-01
    outer loop
      vertex -1.475377e+01 -1.414350e+01 7.593581e+00
      vertex -1.065253e+01 -1.070216e+01 5.858146e+00
      vertex -1.633313e+01 -1.196970e+01 7.593581e+00
    endloop
  endfacet
  facet normal 2.154112e-01 1.966309e-01 9.552967e-01
    outer loop
      vertex -1.475377e+01 -1.414350e+01 7.593581e+00
      vertex -9.304861e+00 -1.209772e+01 5.858146e+00
      vertex -1.065253e+01 -1.070216e+01 5.858146e+00
    endloop
  endfacet
  facet normal 2.270438e-01 2.277295e-01 9.455834e-01
    outer loop
      vertex -1.288724e+01 -1.607635e+01 7.593581e+00
      vertex -9.304861e+00 -1.209772e+01 5.858146e+00
      vertex -1.475377e+01 -1.414350e+01 7.593581e+00
    endloop
  endfacet
  facet normal 3.698874e-01 -3.547801e-02 9.275789e-01
    outer loop
      vertex -2.293424e+01 1.459575e+00 9.210488e+00
      vertex -1.925967e+01 -1.763623e+00 7.593581e+00
      vertex -1.907224e+01 9.168061e-01 7.593581e+00
    endloop
  endfacet
  facet normal 3.910539e-01 -1.913237e-02 9.192874e-01
    outer loop
      vertex -2.315963e+01 -1.763623e+00 9.210488e+00
      vertex -1.925967e+01 -1.763623e+00 7.593581e+00
      vertex -2.293424e+01 1.459575e+00 9.210488e+00
    endloop
  endfacet
  facet normal 3.712253e-01 1.634564e-02 9.275789e-01
    outer loop
      vertex -2.315963e+01 -1.763623e+00 9.210488e+00
      vertex -1.907224e+01 -4.444051e+00 7.593581e+00
      vertex -1.925967e+01 -1.763623e+00 7.593581e+00
    endloop
  endfacet
  facet normal 3.899109e-01 3.547801e-02 9.192874e-01
    outer loop
      vertex -2.293424e+01 -4.986820e+00 9.210488e+00
      vertex -1.907224e+01 -4.444051e+00 7.593581e+00
      vertex -2.315963e+01 -1.763623e+00 9.210488e+00
    endloop
  endfacet
  facet normal 3.653377e-01 6.785115e-02 9.275789e-01
    outer loop
      vertex -2.293424e+01 -4.986820e+00 9.210488e+00
      vertex -1.851359e+01 -7.072308e+00 7.593581e+00
      vertex -1.907224e+01 -4.444051e+00 7.593581e+00
    endloop
  endfacet
  facet normal 3.811787e-01 8.939785e-02 9.192874e-01
    outer loop
      vertex -2.226246e+01 -8.147282e+00 9.210488e+00
      vertex -1.851359e+01 -7.072308e+00 7.593581e+00
      vertex -2.293424e+01 -4.986820e+00 9.210488e+00
    endloop
  endfacet
  facet normal 3.523392e-01 1.180360e-01 9.275789e-01
    outer loop
      vertex -2.226246e+01 -8.147282e+00 9.210488e+00
      vertex -1.759459e+01 -9.597238e+00 7.593581e+00
      vertex -1.851359e+01 -7.072308e+00 7.593581e+00
    endloop
  endfacet
  facet normal 3.650273e-01 1.415777e-01 9.192874e-01
    outer loop
      vertex -2.115737e+01 -1.118349e+01 9.210488e+00
      vertex -1.759459e+01 -9.597238e+00 7.593581e+00
      vertex -2.226246e+01 -8.147282e+00 9.210488e+00
    endloop
  endfacet
  facet normal 3.324828e-01 1.659234e-01 9.275789e-01
    outer loop
      vertex -2.115737e+01 -1.118349e+01 9.210488e+00
      vertex -1.633313e+01 -1.196970e+01 7.593581e+00
      vertex -1.759459e+01 -9.597238e+00 7.593581e+00
    endloop
  endfacet
  facet normal 3.417711e-01 1.910018e-01 9.192874e-01
    outer loop
      vertex -1.964048e+01 -1.403636e+01 9.210488e+00
      vertex -1.633313e+01 -1.196970e+01 7.593581e+00
      vertex -2.115737e+01 -1.118349e+01 9.210488e+00
    endloop
  endfacet
  facet normal 3.061551e-01 2.105813e-01 9.275789e-01
    outer loop
      vertex -1.964048e+01 -1.403636e+01 9.210488e+00
      vertex -1.475377e+01 -1.414350e+01 7.593581e+00
      vertex -1.633313e+01 -1.196970e+01 7.593581e+00
    endloop
  endfacet
  facet normal 3.118627e-01 2.367084e-01 9.192874e-01
    outer loop
      vertex -1.774130e+01 -1.665035e+01 9.210488e+00
      vertex -1.475377e+01 -1.414350e+01 7.593581e+00
      vertex -1.964048e+01 -1.403636e+01 9.210488e+00
    endloop
  endfacet
  facet normal 4.274643e-01 -4.075580e-02 9.022393e-01
    outer loop
      vertex -2.668897e+01 1.987268e+00 1.106754e+01
      vertex -2.315963e+01 -1.763623e+00 9.210488e+00
      vertex -2.293424e+01 1.459575e+00 9.210488e+00
    endloop
  endfacet
  facet normal 4.467011e-01 -2.162343e-02 8.934824e-01
    outer loop
      vertex -2.695126e+01 -1.763623e+00 1.106754e+01
      vertex -2.315963e+01 -1.763623e+00 9.210488e+00
      vertex -2.668897e+01 1.987268e+00 1.106754e+01
    endloop
  endfacet
  facet normal 4.289763e-01 1.913237e-02 9.022393e-01
    outer loop
      vertex -2.695126e+01 -1.763623e+00 1.106754e+01
      vertex -2.293424e+01 -4.986820e+00 9.210488e+00
      vertex -2.315963e+01 -1.763623e+00 9.210488e+00
    endloop
  endfacet
  facet normal 4.453633e-01 4.075580e-02 8.934824e-01
    outer loop
      vertex -2.668897e+01 -5.514513e+00 1.106754e+01
      vertex -2.293424e+01 -4.986820e+00 9.210488e+00
      vertex -2.695126e+01 -1.763623e+00 1.106754e+01
    endloop
  endfacet
  facet normal 4.221388e-01 7.864814e-02 9.022393e-01
    outer loop
      vertex -2.668897e+01 -5.514513e+00 1.106754e+01
      vertex -2.226246e+01 -8.147282e+00 9.210488e+00
      vertex -2.293424e+01 -4.986820e+00 9.210488e+00
    endloop
  endfacet
  facet normal 4.353569e-01 1.023417e-01 8.934824e-01
    outer loop
      vertex -2.590722e+01 -9.192397e+00 1.106754e+01
      vertex -2.226246e+01 -8.147282e+00 9.210488e+00
      vertex -2.668897e+01 -5.514513e+00 1.106754e+01
    endloop
  endfacet
  facet normal 4.070849e-01 1.366331e-01 9.022393e-01
    outer loop
      vertex -2.590722e+01 -9.192397e+00 1.106754e+01
      vertex -2.115737e+01 -1.118349e+01 9.210488e+00
      vertex -2.226246e+01 -8.147282e+00 9.210488e+00
    endloop
  endfacet
  facet normal 4.168769e-01 1.619357e-01 8.934824e-01
    outer loop
      vertex -2.462120e+01 -1.272569e+01 1.106754e+01
      vertex -2.115737e+01 -1.118349e+01 9.210488e+00
      vertex -2.590722e+01 -9.192397e+00 1.106754e+01
    endloop
  endfacet
  facet normal 3.841076e-01 1.919587e-01 9.022393e-01
    outer loop
      vertex -2.462120e+01 -1.272569e+01 1.106754e+01
      vertex -1.964048e+01 -1.403636e+01 9.210488e+00
      vertex -2.115737e+01 -1.118349e+01 9.210488e+00
    endloop
  endfacet
  facet normal 3.902827e-01 2.183778e-01 8.934824e-01
    outer loop
      vertex -2.285597e+01 -1.604562e+01 1.106754e+01
      vertex -1.964048e+01 -1.403636e+01 9.210488e+00
      vertex -2.462120e+01 -1.272569e+01 1.106754e+01
    endloop
  endfacet
  facet normal 4.836069e-01 -4.613058e-02 8.728418e-01
    outer loop
      vertex -3.152220e+01 2.666534e+00 1.387168e+01
      vertex -2.695126e+01 -1.763623e+00 1.106754e+01
      vertex -2.668897e+01 1.987268e+00 1.106754e+01
    endloop
  endfacet
  facet normal 5.058393e-01 -2.450716e-02 8.609581e-01
    outer loop
      vertex -3.183199e+01 -1.763623e+00 1.387168e+01
      vertex -2.695126e+01 -1.763623e+00 1.106754e+01
      vertex -3.152220e+01 2.666534e+00 1.387168e+01
    endloop
  endfacet
  facet normal 4.853206e-01 2.162343e-02 8.728418e-01
    outer loop
      vertex -3.183199e+01 -1.763623e+00 1.387168e+01
      vertex -2.668897e+01 -5.514513e+00 1.106754e+01
      vertex -2.695126e+01 -1.763623e+00 1.106754e+01
    endloop
  endfacet
  facet normal 5.043273e-01 4.613058e-02 8.609581e-01
    outer loop
      vertex -3.152220e+01 -6.193779e+00 1.387168e+01
      vertex -2.668897e+01 -5.514513e+00 1.106754e+01
      vertex -3.183199e+01 -1.763623e+00 1.387168e+01
    endloop
  endfacet
  facet normal 4.775881e-01 8.895656e-02 8.728418e-01
    outer loop
      vertex -3.152220e+01 -6.193779e+00 1.387168e+01
      vertex -2.590722e+01 -9.192397e+00 1.106754e+01
      vertex -2.668897e+01 -5.514513e+00 1.106754e+01
    endloop
  endfacet
  facet normal 4.929991e-01 1.158704e-01 8.609581e-01
    outer loop
      vertex -3.059887e+01 -1.053771e+01 1.387168e+01
      vertex -2.590722e+01 -9.192397e+00 1.106754e+01
      vertex -3.152220e+01 -6.193779e+00 1.387168e+01
    endloop
  endfacet
  facet normal 4.605598e-01 1.545583e-01 8.728418e-01
    outer loop
      vertex -3.059887e+01 -1.053771e+01 1.387168e+01
      vertex -2.462120e+01 -1.272569e+01 1.106754e+01
      vertex -2.590722e+01 -9.192397e+00 1.106754e+01
    endloop
  endfacet
  facet normal 4.720752e-01 1.833550e-01 8.609581e-01
    outer loop
      vertex -2.907997e+01 -1.471086e+01 1.387168e+01
      vertex -2.462120e+01 -1.272569e+01 1.106754e+01
      vertex -3.059887e+01 -1.053771e+01 1.387168e+01
    endloop
  endfacet
  facet normal 5.422330e-01 -5.145788e-02 8.373633e-01
    outer loop
      vertex -3.615737e+01 3.317964e+00 1.699803e+01
      vertex -3.183199e+01 -1.763623e+00 1.387168e+01
      vertex -3.152220e+01 2.666534e+00 1.387168e+01
    endloop
  endfacet
  facet normal 5.615045e-01 -2.695072e-02 8.256524e-01
    outer loop
      vertex -3.651271e+01 -1.763623e+00 1.699803e+01
      vertex -3.183199e+01 -1.763623e+00 1.387168e+01
      vertex -3.615737e+01 3.317964e+00 1.699803e+01
    endloop
  endfacet
  facet normal 5.441176e-01 2.450716e-02 8.373633e-01
    outer loop
      vertex -3.651271e+01 -1.763623e+00 1.699803e+01
      vertex -3.152220e+01 -6.193779e+00 1.387168e+01
      vertex -3.183199e+01 -1.763623e+00 1.387168e+01
    endloop
  endfacet
  facet normal 5.597908e-01 5.145788e-02 8.256524e-01
    outer loop
      vertex -3.615737e+01 -6.845209e+00 1.699803e+01
      vertex -3.152220e+01 -6.193779e+00 1.387168e+01
      vertex -3.651271e+01 -1.763623e+00 1.699803e+01
    endloop
  endfacet
  facet normal 5.354115e-01 9.999519e-02 8.373633e-01
    outer loop
      vertex -3.615737e+01 -6.845209e+00 1.699803e+01
      vertex -3.059887e+01 -1.053771e+01 1.387168e+01
      vertex -3.152220e+01 -6.193779e+00 1.387168e+01
    endloop
  endfacet
  facet normal 5.471814e-01 1.288649e-01 8.256524e-01
    outer loop
      vertex -3.509827e+01 -1.182789e+01 1.699803e+01
      vertex -3.059887e+01 -1.053771e+01 1.387168e+01
      vertex -3.615737e+01 -6.845209e+00 1.699803e+01
    endloop
  endfacet
  facet normal 3.957481e-01 3.992456e-01 8.256524e-01
    outer loop
      vertex -2.443177e+01 -2.889785e+01 1.699803e+01
      vertex -2.129976e+01 -2.541940e+01 1.387168e+01
      vertex -2.797036e+01 -2.523354e+01 1.699803e+01
    endloop
  endfacet
  facet normal 3.458734e-01 4.207567e-01 8.373633e-01
    outer loop
      vertex -1.780022e+01 -2.815354e+01 1.387168e+01
      vertex -2.129976e+01 -2.541940e+01 1.387168e+01
      vertex -2.443177e+01 -2.889785e+01 1.699803e+01
    endloop
  endfacet
  facet normal 3.031791e-01 4.056556e-01 8.609581e-01
    outer loop
      vertex -1.780022e+01 -2.815354e+01 1.387168e+01
      vertex -1.507095e+01 -2.410723e+01 1.106754e+01
      vertex -2.129976e+01 -2.541940e+01 1.387168e+01
    endloop
  endfacet
  facet normal 2.534612e-01 4.144407e-01 8.728418e-01
    outer loop
      vertex -1.181466e+01 -2.598726e+01 1.106754e+01
      vertex -1.507095e+01 -2.410723e+01 1.106754e+01
      vertex -1.780022e+01 -2.815354e+01 1.387168e+01
    endloop
  endfacet
  facet normal 2.152559e-01 3.920132e-01 8.934824e-01
    outer loop
      vertex -1.181466e+01 -2.598726e+01 1.106754e+01
      vertex -1.015251e+01 -2.257936e+01 9.210488e+00
      vertex -1.507095e+01 -2.410723e+01 1.106754e+01
    endloop
  endfacet
  facet normal 1.708548e-01 3.939485e-01 9.022393e-01
    outer loop
      vertex -7.156719e+00 -2.378974e+01 9.210488e+00
      vertex -1.015251e+01 -2.257936e+01 9.210488e+00
      vertex -1.181466e+01 -2.598726e+01 1.106754e+01
    endloop
  endfacet
  facet normal 1.390383e-01 3.660022e-01 9.192874e-01
    outer loop
      vertex -7.156719e+00 -2.378974e+01 9.210488e+00
      vertex -5.951567e+00 -2.008066e+01 7.593581e+00
      vertex -1.015251e+01 -2.257936e+01 9.210488e+00
    endloop
  endfacet
  facet normal 9.916931e-02 3.581073e-01 9.275789e-01
    outer loop
      vertex -3.344408e+00 -2.073070e+01 7.593581e+00
      vertex -5.951567e+00 -2.008066e+01 7.593581e+00
      vertex -7.156719e+00 -2.378974e+01 9.210488e+00
    endloop
  endfacet
  facet normal 7.186582e-02 3.134405e-01 9.455834e-01
    outer loop
      vertex -3.344408e+00 -2.073070e+01 7.593581e+00
      vertex -2.414733e+00 -1.545826e+01 5.858146e+00
      vertex -5.951567e+00 -2.008066e+01 7.593581e+00
    endloop
  endfacet
  facet normal 3.967119e-02 3.191173e-01 9.455834e-01
    outer loop
      vertex -6.721529e-01 -2.101156e+01 7.593581e+00
      vertex -2.414733e+00 -1.545826e+01 5.858146e+00
      vertex -3.344408e+00 -2.073070e+01 7.593581e+00
    endloop
  endfacet
  facet normal 1.014129e-02 7.218508e-02 9.969987e-01
    outer loop
      vertex -4.885881e-01 -4.534543e+00 4.045518e+00
      vertex -9.757001e-01 -7.297093e+00 4.276726e+00
      vertex -9.819555e-02 -4.575575e+00 4.045518e+00
    endloop
  endfacet
  facet normal 2.075598e-02 8.852585e-02 9.955065e-01
    outer loop
      vertex -1.736315e+00 -7.107450e+00 4.276726e+00
      vertex -9.757001e-01 -7.297093e+00 4.276726e+00
      vertex -4.885881e-01 -4.534543e+00 4.045518e+00
    endloop
  endfacet
  facet normal 3.586484e-01 4.724884e-01 8.039430e-01
    outer loop
      vertex -2.041765e+01 -3.203403e+01 1.699803e+01
      vertex -2.443177e+01 -2.889785e+01 1.699803e+01
      vertex -2.364467e+01 -3.465830e+01 2.000815e+01
    endloop
  endfacet
  facet normal 3.363325e-01 4.504377e-01 8.256524e-01
    outer loop
      vertex -2.041765e+01 -3.203403e+01 1.699803e+01
      vertex -1.780022e+01 -2.815354e+01 1.387168e+01
      vertex -2.443177e+01 -2.889785e+01 1.699803e+01
    endloop
  endfacet
  facet normal 2.839493e-01 4.647981e-01 8.373633e-01
    outer loop
      vertex -1.395423e+01 -3.037402e+01 1.387168e+01
      vertex -1.780022e+01 -2.815354e+01 1.387168e+01
      vertex -2.041765e+01 -3.203403e+01 1.699803e+01
    endloop
  endfacet
  facet normal 2.437723e-01 4.439022e-01 8.609581e-01
    outer loop
      vertex -1.395423e+01 -3.037402e+01 1.387168e+01
      vertex -1.181466e+01 -2.598726e+01 1.106754e+01
      vertex -1.780022e+01 -2.815354e+01 1.387168e+01
    endloop
  endfacet
  facet normal 1.933156e-01 4.456824e-01 8.728418e-01
    outer loop
      vertex -8.328398e+00 -2.739580e+01 1.106754e+01
      vertex -1.181466e+01 -2.598726e+01 1.106754e+01
      vertex -1.395423e+01 -3.037402e+01 1.387168e+01
    endloop
  endfacet
  facet normal 1.586034e-01 4.181560e-01 8.934824e-01
    outer loop
      vertex -8.328398e+00 -2.739580e+01 1.106754e+01
      vertex -7.156719e+00 -2.378974e+01 9.210488e+00
      vertex -1.181466e+01 -2.598726e+01 1.106754e+01
    endloop
  endfacet
  facet normal 1.143650e-01 4.138930e-01 9.022393e-01
    outer loop
      vertex -4.021627e+00 -2.457140e+01 9.210488e+00
      vertex -7.156719e+00 -2.378974e+01 9.210488e+00
      vertex -8.328398e+00 -2.739580e+01 1.106754e+01
    endloop
  endfacet
  facet normal 8.674750e-02 3.817906e-01 9.192874e-01
    outer loop
      vertex -4.021627e+00 -2.457140e+01 9.210488e+00
      vertex -3.344408e+00 -2.073070e+01 7.593581e+00
      vertex -7.156719e+00 -2.378974e+01 9.210488e+00
    endloop
  endfacet
  facet normal 4.906409e-02 3.884352e-01 9.192874e-01
    outer loop
      vertex -8.082594e-01 -2.490914e+01 9.210488e+00
      vertex -3.344408e+00 -2.073070e+01 7.593581e+00
      vertex -4.021627e+00 -2.457140e+01 9.210488e+00
    endloop
  endfacet
  facet normal 2.929126e-02 3.704287e-01 9.275789e-01
    outer loop
      vertex -8.082594e-01 -2.490914e+01 9.210488e+00
      vertex -6.721529e-01 -2.101156e+01 7.593581e+00
      vertex -3.344408e+00 -2.073070e+01 7.593581e+00
    endloop
  endfacet
  facet normal -3.380109e-03 3.715696e-01 9.275789e-01
    outer loop
      vertex 2.013184e+00 -2.091779e+01 7.593581e+00
      vertex -6.721529e-01 -2.101156e+01 7.593581e+00
      vertex -8.082594e-01 -2.490914e+01 9.210488e+00
    endloop
  endfacet
  facet normal 2.703705e-01 4.928625e-01 8.256524e-01
    outer loop
      vertex -1.600612e+01 -3.458102e+01 1.699803e+01
      vertex -1.395423e+01 -3.037402e+01 1.387168e+01
      vertex -2.041765e+01 -3.203403e+01 1.699803e+01
    endloop
  endfacet
  facet normal 2.164986e-01 4.997929e-01 8.373633e-01
    outer loop
      vertex -9.836625e+00 -3.203764e+01 1.387168e+01
      vertex -1.395423e+01 -3.037402e+01 1.387168e+01
      vertex -1.600612e+01 -3.458102e+01 1.699803e+01
    endloop
  endfacet
  facet normal 1.796207e-01 4.735087e-01 8.609581e-01
    outer loop
      vertex -9.836625e+00 -3.203764e+01 1.387168e+01
      vertex -8.328398e+00 -2.739580e+01 1.106754e+01
      vertex -1.395423e+01 -3.037402e+01 1.387168e+01
    endloop
  endfacet
  facet normal 1.294072e-01 4.682493e-01 8.728418e-01
    outer loop
      vertex -4.680037e+00 -2.830544e+01 1.106754e+01
      vertex -8.328398e+00 -2.739580e+01 1.106754e+01
      vertex -9.836625e+00 -3.203764e+01 1.387168e+01
    endloop
  endfacet
  facet normal 9.886376e-02 4.361599e-01 8.934824e-01
    outer loop
      vertex -4.680037e+00 -2.830544e+01 1.106754e+01
      vertex -4.021627e+00 -2.457140e+01 9.210488e+00
      vertex -8.328398e+00 -2.739580e+01 1.106754e+01
    endloop
  endfacet
  facet normal 5.627393e-02 4.436696e-01 8.934824e-01
    outer loop
      vertex -9.405855e-01 -2.869847e+01 1.106754e+01
      vertex -4.021627e+00 -2.457140e+01 9.210488e+00
      vertex -4.680037e+00 -2.830544e+01 1.106754e+01
    endloop
  endfacet
  facet normal 3.409177e-02 4.280473e-01 9.022393e-01
    outer loop
      vertex -9.405855e-01 -2.869847e+01 1.106754e+01
      vertex -8.082594e-01 -2.490914e+01 9.210488e+00
      vertex -4.021627e+00 -2.457140e+01 9.210488e+00
    endloop
  endfacet
  facet normal -4.149653e-03 4.293827e-01 9.022393e-01
    outer loop
      vertex 2.420841e+00 -2.479638e+01 9.210488e+00
      vertex -8.082594e-01 -2.490914e+01 9.210488e+00
      vertex -9.405855e-01 -2.869847e+01 1.106754e+01
    endloop
  endfacet
  facet normal -2.184870e-02 3.909115e-01 9.192874e-01
    outer loop
      vertex 2.420841e+00 -2.479638e+01 9.210488e+00
      vertex 2.013184e+00 -2.091779e+01 7.593581e+00
      vertex -8.082594e-01 -2.490914e+01 9.210488e+00
    endloop
  endfacet
  facet normal -5.505971e-02 3.674831e-01 9.275789e-01
    outer loop
      vertex 4.659337e+00 -2.045120e+01 7.593581e+00
      vertex 2.013184e+00 -2.091779e+01 7.593581e+00
      vertex 2.420841e+00 -2.479638e+01 9.210488e+00
    endloop
  endfacet
  facet normal -7.196606e-02 1.145123e-01 9.900644e-01
    outer loop
      vertex 2.809417e+00 -6.629675e+00 4.276726e+00
      vertex 4.896500e+00 -1.024461e+01 4.905962e+00
      vertex 3.459299e+00 -6.191324e+00 4.276726e+00
    endloop
  endfacet
  facet normal -7.302334e-02 1.439251e-01 9.861147e-01
    outer loop
      vertex 2.809417e+00 -6.629675e+00 4.276726e+00
      vertex 3.668522e+00 -1.084353e+01 4.905962e+00
      vertex 4.896500e+00 -1.024461e+01 4.905962e+00
    endloop
  endfacet
  facet normal -5.532866e-02 1.234136e-01 9.900644e-01
    outer loop
      vertex 2.104852e+00 -6.973314e+00 4.276726e+00
      vertex 3.668522e+00 -1.084353e+01 4.905962e+00
      vertex 2.809417e+00 -6.629675e+00 4.276726e+00
    endloop
  endfacet
  facet normal -5.228218e-02 1.526873e-01 9.861147e-01
    outer loop
      vertex 2.104852e+00 -6.973314e+00 4.276726e+00
      vertex 2.369141e+00 -1.126573e+01 4.905962e+00
      vertex 3.668522e+00 -1.084353e+01 4.905962e+00
    endloop
  endfacet
  facet normal -3.761436e-02 1.299128e-01 9.900644e-01
    outer loop
      vertex 1.359319e+00 -7.215552e+00 4.276726e+00
      vertex 2.369141e+00 -1.126573e+01 4.905962e+00
      vertex 2.104852e+00 -6.973314e+00 4.276726e+00
    endloop
  endfacet
  facet normal -1.704518e-02 8.931460e-02 9.955065e-01
    outer loop
      vertex 1.359319e+00 -7.215552e+00 4.276726e+00
      vertex 6.806875e-01 -4.493711e+00 4.045518e+00
      vertex 5.873280e-01 -7.351675e+00 4.276726e+00
    endloop
  endfacet
  facet normal -2.009579e-02 7.006919e-02 9.969987e-01
    outer loop
      vertex 1.054018e+00 -4.372409e+00 4.045518e+00
      vertex 6.806875e-01 -4.493711e+00 4.045518e+00
      vertex 1.359319e+00 -7.215552e+00 4.276726e+00
    endloop
  endfacet
  facet normal -8.230063e-02 2.798077e-01 9.552967e-01
    outer loop
      vertex 3.364141e+00 -1.525645e+01 5.858146e+00
      vertex 4.659337e+00 -2.045120e+01 7.593581e+00
      vertex 5.209240e+00 -1.465694e+01 5.858146e+00
    endloop
  endfacet
  facet normal 1.612080e-02 2.117080e-01 9.764467e-01
    outer loop
      vertex -4.853088e-01 -1.566105e+01 5.858146e+00
      vertex -3.417708e-01 -1.155066e+01 4.905962e+00
      vertex -1.700537e+00 -1.140784e+01 4.905962e+00
    endloop
  endfacet
  facet normal -1.313528e-03 2.123169e-01 9.764467e-01
    outer loop
      vertex -4.853088e-01 -1.566105e+01 5.858146e+00
      vertex 1.023647e+00 -1.150298e+01 4.905962e+00
      vertex -3.417708e-01 -1.155066e+01 4.905962e+00
    endloop
  endfacet
  facet normal -1.263705e-02 2.366070e-01 9.707283e-01
    outer loop
      vertex 1.453562e+00 -1.559334e+01 5.858146e+00
      vertex 1.023647e+00 -1.150298e+01 4.905962e+00
      vertex -4.853088e-01 -1.566105e+01 5.858146e+00
    endloop
  endfacet
  facet normal -3.084954e-02 2.100678e-01 9.764467e-01
    outer loop
      vertex 1.453562e+00 -1.559334e+01 5.858146e+00
      vertex 2.369141e+00 -1.126573e+01 4.905962e+00
      vertex 1.023647e+00 -1.150298e+01 4.905962e+00
    endloop
  endfacet
  facet normal -4.544340e-02 2.325457e-01 9.707283e-01
    outer loop
      vertex 3.364141e+00 -1.525645e+01 5.858146e+00
      vertex 2.369141e+00 -1.126573e+01 4.905962e+00
      vertex 1.453562e+00 -1.559334e+01 5.858146e+00
    endloop
  endfacet
  facet normal -5.978510e-02 2.037300e-01 9.764467e-01
    outer loop
      vertex 3.364141e+00 -1.525645e+01 5.858146e+00
      vertex 3.668522e+00 -1.084353e+01 4.905962e+00
      vertex 2.369141e+00 -1.126573e+01 4.905962e+00
    endloop
  endfacet
  facet normal -7.736526e-02 2.239581e-01 9.707283e-01
    outer loop
      vertex 5.209240e+00 -1.465694e+01 5.858146e+00
      vertex 3.668522e+00 -1.084353e+01 4.905962e+00
      vertex 3.364141e+00 -1.525645e+01 5.858146e+00
    endloop
  endfacet
  facet normal 8.469224e-02 2.212913e-01 9.707283e-01
    outer loop
      vertex -4.297158e+00 -1.498892e+01 5.858146e+00
      vertex -3.026203e+00 -1.107732e+01 4.905962e+00
      vertex -6.095943e+00 -1.426216e+01 5.858146e+00
    endloop
  endfacet
  facet normal 5.725982e-02 2.044541e-01 9.764467e-01
    outer loop
      vertex -4.297158e+00 -1.498892e+01 5.858146e+00
      vertex -1.700537e+00 -1.140784e+01 4.905962e+00
      vertex -3.026203e+00 -1.107732e+01 4.905962e+00
    endloop
  endfacet
  facet normal 5.307023e-02 2.309245e-01 9.707283e-01
    outer loop
      vertex -2.414733e+00 -1.545826e+01 5.858146e+00
      vertex -1.700537e+00 -1.140784e+01 4.905962e+00
      vertex -4.297158e+00 -1.498892e+01 5.858146e+00
    endloop
  endfacet
  facet normal 2.911115e-02 2.351492e-01 9.707283e-01
    outer loop
      vertex -2.414733e+00 -1.545826e+01 5.858146e+00
      vertex -4.853088e-01 -1.566105e+01 5.858146e+00
      vertex -1.700537e+00 -1.140784e+01 4.905962e+00
    endloop
  endfacet
  facet normal 2.232688e-02 2.908045e-01 9.552967e-01
    outer loop
      vertex -6.721529e-01 -2.101156e+01 7.593581e+00
      vertex -4.853088e-01 -1.566105e+01 5.858146e+00
      vertex -2.414733e+00 -1.545826e+01 5.858146e+00
    endloop
  endfacet
  facet normal -1.986993e-03 2.916535e-01 9.552967e-01
    outer loop
      vertex -6.721529e-01 -2.101156e+01 7.593581e+00
      vertex 1.453562e+00 -1.559334e+01 5.858146e+00
      vertex -4.853088e-01 -1.566105e+01 5.858146e+00
    endloop
  endfacet
  facet normal -1.731405e-02 3.211072e-01 9.455834e-01
    outer loop
      vertex 2.013184e+00 -2.091779e+01 7.593581e+00
      vertex 1.453562e+00 -1.559334e+01 5.858146e+00
      vertex -6.721529e-01 -2.101156e+01 7.593581e+00
    endloop
  endfacet
  facet normal -4.255798e-02 2.885386e-01 9.552967e-01
    outer loop
      vertex 2.013184e+00 -2.091779e+01 7.593581e+00
      vertex 3.364141e+00 -1.525645e+01 5.858146e+00
      vertex 1.453562e+00 -1.559334e+01 5.858146e+00
    endloop
  endfacet
  facet normal -6.183505e-02 3.155726e-01 9.455834e-01
    outer loop
      vertex 4.659337e+00 -2.045120e+01 7.593581e+00
      vertex 3.364141e+00 -1.525645e+01 5.858146e+00
      vertex 2.013184e+00 -2.091779e+01 7.593581e+00
    endloop
  endfacet
  facet normal -4.449106e-03 9.081763e-02 9.955065e-01
    outer loop
      vertex 5.873280e-01 -7.351675e+00 4.276726e+00
      vertex 2.941082e-01 -4.561876e+00 4.045518e+00
      vertex -1.960944e-01 -7.379033e+00 4.276726e+00
    endloop
  endfacet
  facet normal -1.014848e-02 7.218408e-02 9.969987e-01
    outer loop
      vertex 6.806875e-01 -4.493711e+00 4.045518e+00
      vertex 2.941082e-01 -4.561876e+00 4.045518e+00
      vertex 5.873280e-01 -7.351675e+00 4.276726e+00
    endloop
  endfacet
  facet normal -2.239339e-01 -4.311117e-01 8.728418e-01
    outer loop
      vertex 1.009612e+01 2.322515e+01 1.106754e+01
      vertex 1.347563e+01 2.157686e+01 1.106754e+01
      vertex 1.591599e+01 2.580369e+01 1.387168e+01
    endloop
  endfacet
  facet normal -1.873861e-01 -4.060738e-01 8.934824e-01
    outer loop
      vertex 1.009612e+01 2.322515e+01 1.106754e+01
      vertex 8.675750e+00 1.970961e+01 9.210488e+00
      vertex 1.347563e+01 2.157686e+01 1.106754e+01
    endloop
  endfacet
  facet normal -1.429581e-01 -4.049071e-01 9.022393e-01
    outer loop
      vertex 5.602821e+00 2.070807e+01 9.210488e+00
      vertex 8.675750e+00 1.970961e+01 9.210488e+00
      vertex 1.009612e+01 2.322515e+01 1.106754e+01
    endloop
  endfacet
  facet normal -1.131686e-01 -3.748094e-01 9.192874e-01
    outer loop
      vertex 5.602821e+00 2.070807e+01 9.210488e+00
      vertex 4.659337e+00 1.692396e+01 7.593581e+00
      vertex 8.675750e+00 1.970961e+01 9.210488e+00
    endloop
  endfacet
  facet normal -7.604045e-02 -3.840665e-01 9.192874e-01
    outer loop
      vertex 2.420841e+00 2.126914e+01 9.210488e+00
      vertex 4.659337e+00 1.692396e+01 7.593581e+00
      vertex 5.602821e+00 2.070807e+01 9.210488e+00
    endloop
  endfacet
  facet normal -1.063625e-01 -8.354161e-02 9.900644e-01
    outer loop
      vertex 7.922703e+00 3.992559e+00 4.905962e+00
      vertex 4.041850e+00 2.139547e+00 4.276726e+00
      vertex 4.545732e+00 1.539044e+00 4.276726e+00
    endloop
  endfacet
  facet normal -1.219840e-01 -1.056729e-01 9.861147e-01
    outer loop
      vertex 7.044495e+00 5.039167e+00 4.905962e+00
      vertex 4.041850e+00 2.139547e+00 4.276726e+00
      vertex 7.922703e+00 3.992559e+00 4.905962e+00
    endloop
  endfacet
  facet normal -9.370062e-02 -9.753139e-02 9.900644e-01
    outer loop
      vertex 7.044495e+00 5.039167e+00 4.905962e+00
      vertex 3.459299e+00 2.664078e+00 4.276726e+00
      vertex 4.041850e+00 2.139547e+00 4.276726e+00
    endloop
  endfacet
  facet normal -1.060900e-01 -1.216213e-01 9.861147e-01
    outer loop
      vertex 6.029173e+00 5.953367e+00 4.905962e+00
      vertex 3.459299e+00 2.664078e+00 4.276726e+00
      vertex 7.044495e+00 5.039167e+00 4.905962e+00
    endloop
  endfacet
  facet normal -7.921498e-02 -1.096228e-01 9.900644e-01
    outer loop
      vertex 6.029173e+00 5.953367e+00 4.905962e+00
      vertex 2.809417e+00 3.102430e+00 4.276726e+00
      vertex 3.459299e+00 2.664078e+00 4.276726e+00
    endloop
  endfacet
  facet normal -8.813112e-02 -1.352026e-01 9.861147e-01
    outer loop
      vertex 4.896500e+00 6.717364e+00 4.905962e+00
      vertex 2.809417e+00 3.102430e+00 4.276726e+00
      vertex 6.029173e+00 5.953367e+00 4.905962e+00
    endloop
  endfacet
  facet normal -6.318752e-02 -1.195806e-01 9.900644e-01
    outer loop
      vertex 4.896500e+00 6.717364e+00 4.905962e+00
      vertex 2.104852e+00 3.446068e+00 4.276726e+00
      vertex 2.809417e+00 3.102430e+00 4.276726e+00
    endloop
  endfacet
  facet normal -6.845687e-02 -1.461523e-01 9.861147e-01
    outer loop
      vertex 3.668522e+00 7.316289e+00 4.905962e+00
      vertex 2.104852e+00 3.446068e+00 4.276726e+00
      vertex 4.896500e+00 6.717364e+00 4.905962e+00
    endloop
  endfacet
  facet normal -4.593018e-02 -1.272108e-01 9.900644e-01
    outer loop
      vertex 3.668522e+00 7.316289e+00 4.905962e+00
      vertex 1.359319e+00 3.688307e+00 4.276726e+00
      vertex 2.104852e+00 3.446068e+00 4.276726e+00
    endloop
  endfacet
  facet normal -4.745017e-02 -1.542573e-01 9.861147e-01
    outer loop
      vertex 2.369141e+00 7.738483e+00 4.905962e+00
      vertex 1.359319e+00 3.688307e+00 4.276726e+00
      vertex 3.668522e+00 7.316289e+00 4.905962e+00
    endloop
  endfacet
  facet normal -2.508350e-01 -4.834732e-01 8.373633e-01
    outer loop
      vertex 1.192447e+01 2.775048e+01 1.387168e+01
      vertex 1.591599e+01 2.580369e+01 1.387168e+01
      vertex 1.825635e+01 2.985731e+01 1.699803e+01
    endloop
  endfacet
  facet normal -2.122134e-01 -4.598255e-01 8.609581e-01
    outer loop
      vertex 1.192447e+01 2.775048e+01 1.387168e+01
      vertex 1.009612e+01 2.322515e+01 1.106754e+01
      vertex 1.591599e+01 2.580369e+01 1.387168e+01
    endloop
  endfacet
  facet normal -1.617554e-01 -4.580817e-01 8.728418e-01
    outer loop
      vertex 6.520101e+00 2.438707e+01 1.106754e+01
      vertex 1.009612e+01 2.322515e+01 1.106754e+01
      vertex 1.192447e+01 2.775048e+01 1.387168e+01
    endloop
  endfacet
  facet normal -1.290479e-01 -4.282010e-01 8.934824e-01
    outer loop
      vertex 6.520101e+00 2.438707e+01 1.106754e+01
      vertex 5.602821e+00 2.070807e+01 9.210488e+00
      vertex 1.009612e+01 2.322515e+01 1.106754e+01
    endloop
  endfacet
  facet normal -8.708566e-02 -4.386634e-01 8.934824e-01
    outer loop
      vertex 2.817174e+00 2.504000e+01 1.106754e+01
      vertex 5.602821e+00 2.070807e+01 9.210488e+00
      vertex 6.520101e+00 2.438707e+01 1.106754e+01
    endloop
  endfacet
  facet normal -6.386780e-02 -4.246265e-01 9.022393e-01
    outer loop
      vertex 2.817174e+00 2.504000e+01 1.106754e+01
      vertex 2.420841e+00 2.126914e+01 9.210488e+00
      vertex 5.602821e+00 2.070807e+01 9.210488e+00
    endloop
  endfacet
  facet normal -2.581268e-02 -4.286262e-01 9.022393e-01
    outer loop
      vertex -8.082594e-01 2.138190e+01 9.210488e+00
      vertex 2.420841e+00 2.126914e+01 9.210488e+00
      vertex 2.817174e+00 2.504000e+01 1.106754e+01
    endloop
  endfacet
  facet normal -4.257954e-01 -3.396510e-01 8.373633e-01
    outer loop
      vertex 2.289802e+01 2.034874e+01 1.387168e+01
      vertex 2.575262e+01 1.694675e+01 1.387168e+01
      vertex 2.953940e+01 1.969801e+01 1.699803e+01
    endloop
  endfacet
  facet normal -3.808945e-01 -3.337566e-01 8.609581e-01
    outer loop
      vertex 2.289802e+01 2.034874e+01 1.387168e+01
      vertex 1.938712e+01 1.695830e+01 1.106754e+01
      vertex 2.575262e+01 1.694675e+01 1.387168e+01
    endloop
  endfacet
  facet normal -3.340895e-01 -3.526866e-01 8.728418e-01
    outer loop
      vertex 1.659285e+01 1.947426e+01 1.106754e+01
      vertex 1.938712e+01 1.695830e+01 1.106754e+01
      vertex 2.289802e+01 2.034874e+01 1.387168e+01
    endloop
  endfacet
  facet normal -2.920562e-01 -3.386926e-01 8.934824e-01
    outer loop
      vertex 1.659285e+01 1.947426e+01 1.106754e+01
      vertex 1.425849e+01 1.648641e+01 9.210488e+00
      vertex 1.938712e+01 1.695830e+01 1.106754e+01
    endloop
  endfacet
  facet normal -2.490277e-01 -3.498170e-01 9.022393e-01
    outer loop
      vertex 1.157981e+01 1.829320e+01 9.210488e+00
      vertex 1.425849e+01 1.648641e+01 9.210488e+00
      vertex 1.659285e+01 1.947426e+01 1.106754e+01
    endloop
  endfacet
  facet normal -2.120961e-01 -3.290964e-01 9.192874e-01
    outer loop
      vertex 1.157981e+01 1.829320e+01 9.210488e+00
      vertex 9.629837e+00 1.491574e+01 7.593581e+00
      vertex 1.425849e+01 1.648641e+01 9.210488e+00
    endloop
  endfacet
  facet normal -1.714569e-01 -3.296634e-01 9.275789e-01
    outer loop
      vertex 7.214801e+00 1.609364e+01 7.593581e+00
      vertex 9.629837e+00 1.491574e+01 7.593581e+00
      vertex 1.157981e+01 1.829320e+01 9.210488e+00
    endloop
  endfacet
  facet normal -1.354633e-01 -2.916493e-01 9.455834e-01
    outer loop
      vertex 7.214801e+00 1.609364e+01 7.593581e+00
      vertex 5.209240e+00 1.112970e+01 5.858146e+00
      vertex 9.629837e+00 1.491574e+01 7.593581e+00
    endloop
  endfacet
  facet normal -9.788422e-02 -2.747443e-01 9.552967e-01
    outer loop
      vertex 3.364141e+00 1.172921e+01 5.858146e+00
      vertex 5.209240e+00 1.112970e+01 5.858146e+00
      vertex 7.214801e+00 1.609364e+01 7.593581e+00
    endloop
  endfacet
  facet normal -6.904943e-02 -2.266600e-01 9.707283e-01
    outer loop
      vertex 3.364141e+00 1.172921e+01 5.858146e+00
      vertex 2.369141e+00 7.738483e+00 4.905962e+00
      vertex 5.209240e+00 1.112970e+01 5.858146e+00
    endloop
  endfacet
  facet normal -4.544340e-02 -2.325457e-01 9.707283e-01
    outer loop
      vertex 1.453562e+00 1.206609e+01 5.858146e+00
      vertex 2.369141e+00 7.738483e+00 4.905962e+00
      vertex 3.364141e+00 1.172921e+01 5.858146e+00
    endloop
  endfacet
  facet normal -3.084954e-02 -2.100678e-01 9.764467e-01
    outer loop
      vertex 1.453562e+00 1.206609e+01 5.858146e+00
      vertex 1.023647e+00 7.975731e+00 4.905962e+00
      vertex 2.369141e+00 7.738483e+00 4.905962e+00
    endloop
  endfacet
  facet normal -1.350015e-02 -2.118913e-01 9.764466e-01
    outer loop
      vertex -3.417708e-01 8.023411e+00 4.905962e+00
      vertex 1.023647e+00 7.975731e+00 4.905962e+00
      vertex 1.453562e+00 1.206609e+01 5.858146e+00
    endloop
  endfacet
  facet normal -2.353316e-01 -5.105219e-01 8.256524e-01
    outer loop
      vertex 1.367790e+01 3.209037e+01 1.699803e+01
      vertex 1.192447e+01 2.775048e+01 1.387168e+01
      vertex 1.825635e+01 2.985731e+01 1.699803e+01
    endloop
  endfacet
  facet normal -1.811074e-01 -5.136776e-01 8.373633e-01
    outer loop
      vertex 7.700855e+00 2.912282e+01 1.387168e+01
      vertex 1.192447e+01 2.775048e+01 1.387168e+01
      vertex 1.367790e+01 3.209037e+01 1.699803e+01
    endloop
  endfacet
  facet normal -1.461528e-01 -4.848850e-01 8.609581e-01
    outer loop
      vertex 7.700855e+00 2.912282e+01 1.387168e+01
      vertex 6.520101e+00 2.438707e+01 1.106754e+01
      vertex 1.192447e+01 2.775048e+01 1.387168e+01
    endloop
  endfacet
  facet normal -9.859443e-02 -4.967426e-01 8.609581e-01
    outer loop
      vertex 3.327349e+00 2.989399e+01 1.387168e+01
      vertex 6.520101e+00 2.438707e+01 1.106754e+01
      vertex 7.700855e+00 2.912282e+01 1.387168e+01
    endloop
  endfacet
  facet normal -7.223479e-02 -4.804017e-01 8.728418e-01
    outer loop
      vertex 3.327349e+00 2.989399e+01 1.387168e+01
      vertex 2.817174e+00 2.504000e+01 1.106754e+01
      vertex 6.520101e+00 2.438707e+01 1.106754e+01
    endloop
  endfacet
  facet normal -2.922484e-02 -4.849223e-01 8.728418e-01
    outer loop
      vertex -9.405855e-01 2.517122e+01 1.106754e+01
      vertex 2.817174e+00 2.504000e+01 1.106754e+01
      vertex 3.327349e+00 2.989399e+01 1.387168e+01
    endloop
  endfacet
  facet normal -6.020609e-03 -4.471837e-01 8.934824e-01
    outer loop
      vertex -9.405855e-01 2.517122e+01 1.106754e+01
      vertex -8.082594e-01 2.138190e+01 9.210488e+00
      vertex 2.817174e+00 2.504000e+01 1.106754e+01
    endloop
  endfacet
  facet normal 3.409177e-02 -4.280473e-01 9.022393e-01
    outer loop
      vertex -4.021627e+00 2.104416e+01 9.210488e+00
      vertex -8.082594e-01 2.138190e+01 9.210488e+00
      vertex -9.405855e-01 2.517122e+01 1.106754e+01
    endloop
  endfacet
  facet normal 2.846047e-02 -1.322202e-01 9.900644e-01
    outer loop
      vertex -9.757001e-01 3.769848e+00 4.276726e+00
      vertex -1.700537e+00 7.880600e+00 4.905962e+00
      vertex -1.736315e+00 3.580205e+00 4.276726e+00
    endloop
  endfacet
  facet normal 4.658499e-02 -1.269725e-01 9.900644e-01
    outer loop
      vertex -1.736315e+00 3.580205e+00 4.276726e+00
      vertex -3.026203e+00 7.550074e+00 4.905962e+00
      vertex -2.463134e+00 3.286551e+00 4.276726e+00
    endloop
  endfacet
  facet normal 4.150390e-02 -1.559624e-01 9.861147e-01
    outer loop
      vertex -1.700537e+00 7.880600e+00 4.905962e+00
      vertex -3.026203e+00 7.550074e+00 4.905962e+00
      vertex -1.736315e+00 3.580205e+00 4.276726e+00
    endloop
  endfacet
  facet normal 4.542798e-02 -2.074041e-01 9.764467e-01
    outer loop
      vertex -1.700537e+00 7.880600e+00 4.905962e+00
      vertex -2.414733e+00 1.193101e+01 5.858146e+00
      vertex -3.026203e+00 7.550074e+00 4.905962e+00
    endloop
  endfacet
  facet normal 2.911115e-02 -2.351492e-01 9.707283e-01
    outer loop
      vertex -4.853088e-01 1.213380e+01 5.858146e+00
      vertex -2.414733e+00 1.193101e+01 5.858146e+00
      vertex -1.700537e+00 7.880600e+00 4.905962e+00
    endloop
  endfacet
  facet normal 8.055992e-02 -3.627472e-01 9.275789e-01
    outer loop
      vertex -3.344408e+00 1.720345e+01 7.593581e+00
      vertex -4.021627e+00 2.104416e+01 9.210488e+00
      vertex -5.951567e+00 1.655342e+01 7.593581e+00
    endloop
  endfacet
  facet normal -5.127432e-03 -3.215328e-01 9.455834e-01
    outer loop
      vertex -6.721529e-01 1.748432e+01 7.593581e+00
      vertex -4.853088e-01 1.213380e+01 5.858146e+00
      vertex 2.013184e+00 1.739055e+01 7.593581e+00
    endloop
  endfacet
  facet normal 2.232687e-02 -2.908045e-01 9.552967e-01
    outer loop
      vertex -6.721529e-01 1.748432e+01 7.593581e+00
      vertex -2.414733e+00 1.193101e+01 5.858146e+00
      vertex -4.853088e-01 1.213380e+01 5.858146e+00
    endloop
  endfacet
  facet normal 3.967119e-02 -3.191173e-01 9.455834e-01
    outer loop
      vertex -3.344408e+00 1.720345e+01 7.593581e+00
      vertex -2.414733e+00 1.193101e+01 5.858146e+00
      vertex -6.721529e-01 1.748432e+01 7.593581e+00
    endloop
  endfacet
  facet normal 6.258176e-02 -2.848671e-01 9.552967e-01
    outer loop
      vertex -3.344408e+00 1.720345e+01 7.593581e+00
      vertex -4.297158e+00 1.146167e+01 5.858146e+00
      vertex -2.414733e+00 1.193101e+01 5.858146e+00
    endloop
  endfacet
  facet normal 8.369765e-02 -3.104905e-01 9.455834e-01
    outer loop
      vertex -5.951567e+00 1.655342e+01 7.593581e+00
      vertex -4.297158e+00 1.146167e+01 5.858146e+00
      vertex -3.344408e+00 1.720345e+01 7.593581e+00
    endloop
  endfacet
  facet normal -5.505971e-02 -3.674831e-01 9.275789e-01
    outer loop
      vertex 2.420841e+00 2.126914e+01 9.210488e+00
      vertex 2.013184e+00 1.739055e+01 7.593581e+00
      vertex 4.659337e+00 1.692396e+01 7.593581e+00
    endloop
  endfacet
  facet normal -2.254751e-02 -3.709003e-01 9.275789e-01
    outer loop
      vertex 2.420841e+00 2.126914e+01 9.210488e+00
      vertex -6.721529e-01 1.748432e+01 7.593581e+00
      vertex 2.013184e+00 1.739055e+01 7.593581e+00
    endloop
  endfacet
  facet normal -5.473128e-03 -3.914834e-01 9.192874e-01
    outer loop
      vertex -8.082594e-01 2.138190e+01 9.210488e+00
      vertex -6.721529e-01 1.748432e+01 7.593581e+00
      vertex 2.420841e+00 2.126914e+01 9.210488e+00
    endloop
  endfacet
  facet normal 2.929126e-02 -3.704287e-01 9.275789e-01
    outer loop
      vertex -8.082594e-01 2.138190e+01 9.210488e+00
      vertex -3.344408e+00 1.720345e+01 7.593581e+00
      vertex -6.721529e-01 1.748432e+01 7.593581e+00
    endloop
  endfacet
  facet normal 4.906409e-02 -3.884352e-01 9.192874e-01
    outer loop
      vertex -4.021627e+00 2.104416e+01 9.210488e+00
      vertex -3.344408e+00 1.720345e+01 7.593581e+00
      vertex -8.082594e-01 2.138190e+01 9.210488e+00
    endloop
  endfacet
  facet normal 1.173025e-01 -6.732234e-02 9.900644e-01
    outer loop
      vertex -4.765040e+00 1.213905e+00 4.276726e+00
      vertex -8.304935e+00 3.425877e+00 4.905962e+00
      vertex -5.133060e+00 5.217625e-01 4.276726e+00
    endloop
  endfacet
  facet normal 1.320445e-01 -9.279593e-02 9.861147e-01
    outer loop
      vertex -7.501873e+00 4.531196e+00 4.905962e+00
      vertex -8.304935e+00 3.425877e+00 4.905962e+00
      vertex -4.765040e+00 1.213905e+00 4.276726e+00
    endloop
  endfacet
  facet normal 1.681166e-01 -1.296802e-01 9.764467e-01
    outer loop
      vertex -7.501873e+00 4.531196e+00 4.905962e+00
      vertex -1.065253e+01 7.174915e+00 5.858146e+00
      vertex -8.304935e+00 3.425877e+00 4.905962e+00
    endloop
  endfacet
  facet normal 1.734514e-01 -1.614224e-01 9.707283e-01
    outer loop
      vertex -9.304861e+00 8.570472e+00 5.858146e+00
      vertex -1.065253e+01 7.174915e+00 5.858146e+00
      vertex -7.501873e+00 4.531196e+00 4.905962e+00
    endloop
  endfacet
  facet normal 2.040289e-01 -2.084177e-01 9.552967e-01
    outer loop
      vertex -9.304861e+00 8.570472e+00 5.858146e+00
      vertex -1.288724e+01 1.254911e+01 7.593581e+00
      vertex -1.065253e+01 7.174915e+00 5.858146e+00
    endloop
  endfacet
  facet normal 2.027495e-01 -2.496043e-01 9.455835e-01
    outer loop
      vertex -1.076987e+01 1.420337e+01 7.593581e+00
      vertex -1.288724e+01 1.254911e+01 7.593581e+00
      vertex -9.304861e+00 8.570472e+00 5.858146e+00
    endloop
  endfacet
  facet normal 2.211377e-01 -2.986194e-01 9.275789e-01
    outer loop
      vertex -1.076987e+01 1.420337e+01 7.593581e+00
      vertex -1.295070e+01 1.743658e+01 9.210488e+00
      vertex -1.288724e+01 1.254911e+01 7.593581e+00
    endloop
  endfacet
  facet normal 2.028131e-01 -3.348970e-01 9.192874e-01
    outer loop
      vertex -1.015251e+01 1.905211e+01 9.210488e+00
      vertex -1.295070e+01 1.743658e+01 9.210488e+00
      vertex -1.076987e+01 1.420337e+01 7.593581e+00
    endloop
  endfacet
  facet normal 2.052469e-01 -3.771743e-01 9.022393e-01
    outer loop
      vertex -1.015251e+01 1.905211e+01 9.210488e+00
      vertex -1.181466e+01 2.246001e+01 1.106754e+01
      vertex -1.295070e+01 1.743658e+01 9.210488e+00
    endloop
  endfacet
  facet normal 1.763859e-01 -4.109714e-01 8.934824e-01
    outer loop
      vertex -8.328398e+00 2.386855e+01 1.106754e+01
      vertex -1.181466e+01 2.246001e+01 1.106754e+01
      vertex -1.015251e+01 1.905211e+01 9.210488e+00
    endloop
  endfacet
  facet normal 1.705374e-01 -4.548853e-01 8.728418e-01
    outer loop
      vertex -8.328398e+00 2.386855e+01 1.106754e+01
      vertex -9.836625e+00 2.851040e+01 1.387168e+01
      vertex -1.181466e+01 2.246001e+01 1.106754e+01
    endloop
  endfacet
  facet normal 1.330053e-01 -4.886550e-01 8.609580e-01
    outer loop
      vertex -5.527567e+00 2.958477e+01 1.387168e+01
      vertex -9.836625e+00 2.851040e+01 1.387168e+01
      vertex -8.328398e+00 2.386855e+01 1.106754e+01
    endloop
  endfacet
  facet normal 1.186199e-01 -5.315956e-01 8.373633e-01
    outer loop
      vertex -5.527567e+00 2.958477e+01 1.387168e+01
      vertex -6.340365e+00 3.419437e+01 1.699803e+01
      vertex -9.836625e+00 2.851040e+01 1.387168e+01
    endloop
  endfacet
  facet normal 7.096295e-02 -5.576539e-01 8.256524e-01
    outer loop
      vertex -1.274275e+00 3.472684e+01 1.699803e+01
      vertex -6.340365e+00 3.419437e+01 1.699803e+01
      vertex -5.527567e+00 2.958477e+01 1.387168e+01
    endloop
  endfacet
  facet normal -5.282026e-01 -3.052959e-01 7.915254e-01
    outer loop
      vertex 3.594108e+01 1.796551e+01 2.039784e+01
      vertex 3.409026e+01 2.101476e+01 2.039784e+01
      vertex 3.223881e+01 1.537806e+01 1.699803e+01
    endloop
  endfacet
  facet normal -5.375679e-01 -2.894919e-01 7.915254e-01
    outer loop
      vertex 3.223881e+01 1.537806e+01 1.699803e+01
      vertex 3.615877e+01 1.756364e+01 2.039784e+01
      vertex 3.594108e+01 1.796551e+01 2.039784e+01
    endloop
  endfacet
  facet normal -5.474214e-01 -2.689553e-01 7.915254e-01
    outer loop
      vertex 3.223881e+01 1.537806e+01 1.699803e+01
      vertex 3.787906e+01 1.392640e+01 2.039784e+01
      vertex 3.615877e+01 1.756364e+01 2.039784e+01
    endloop
  endfacet
  facet normal -5.455455e-01 -2.369192e-01 8.027334e-01
    outer loop
      vertex 3.431072e+01 1.072446e+01 1.699803e+01
      vertex 3.787906e+01 1.392640e+01 2.039784e+01
      vertex 3.223881e+01 1.537806e+01 1.699803e+01
    endloop
  endfacet
  facet normal -5.692893e-01 -2.204242e-01 7.915254e-01
    outer loop
      vertex 3.431072e+01 1.072446e+01 1.699803e+01
      vertex 3.829851e+01 1.287278e+01 2.039784e+01
      vertex 3.787906e+01 1.392640e+01 2.039784e+01
    endloop
  endfacet
  facet normal -5.771107e-01 -1.980093e-01 7.915254e-01
    outer loop
      vertex 3.923455e+01 1.013805e+01 2.039784e+01
      vertex 3.829851e+01 1.287278e+01 2.039784e+01
      vertex 3.431072e+01 1.072446e+01 1.699803e+01
    endloop
  endfacet
  facet normal -5.718022e-01 -1.638535e-01 8.027334e-01
    outer loop
      vertex 3.571482e+01 5.827796e+00 1.699803e+01
      vertex 3.923455e+01 1.013805e+01 2.039784e+01
      vertex 3.431072e+01 1.072446e+01 1.699803e+01
    endloop
  endfacet
  facet normal -5.930969e-01 -1.438751e-01 7.915254e-01
    outer loop
      vertex 3.997803e+01 7.333459e+00 2.039784e+01
      vertex 3.923455e+01 1.013805e+01 2.039784e+01
      vertex 3.571482e+01 5.827796e+00 1.699803e+01
    endloop
  endfacet
  facet normal -5.976635e-01 -1.244475e-01 7.915254e-01
    outer loop
      vertex 3.571482e+01 5.827796e+00 1.699803e+01
      vertex 4.021220e+01 6.235080e+00 2.039784e+01
      vertex 3.997803e+01 7.333459e+00 2.039784e+01
    endloop
  endfacet
  facet normal -6.020164e-01 -9.692530e-02 7.915254e-01
    outer loop
      vertex 3.571482e+01 5.827796e+00 1.699803e+01
      vertex 4.080257e+01 2.255080e+00 2.039784e+01
      vertex 4.021220e+01 6.235080e+00 2.039784e+01
    endloop
  endfacet
  facet normal -5.902125e-01 -7.250132e-02 8.027334e-01
    outer loop
      vertex 3.642376e+01 7.833749e-01 1.699803e+01
      vertex 4.080257e+01 2.255080e+00 2.039784e+01
      vertex 3.571482e+01 5.827796e+00 1.699803e+01
    endloop
  endfacet
  facet normal -6.087487e-01 -4.678096e-02 7.915254e-01
    outer loop
      vertex 3.642376e+01 7.833749e-01 1.699803e+01
      vertex 4.088019e+01 1.368525e+00 2.039784e+01
      vertex 4.080257e+01 2.255080e+00 2.039784e+01
    endloop
  endfacet
  facet normal -6.095920e-01 -2.804979e-02 7.915254e-01
    outer loop
      vertex 3.642376e+01 7.833749e-01 1.699803e+01
      vertex 4.100000e+01 -1.763623e+00 2.039784e+01
      vertex 4.088019e+01 1.368525e+00 2.039784e+01
    endloop
  endfacet
  facet normal -5.952874e-01 -1.350827e-02 8.027334e-01
    outer loop
      vertex 3.651271e+01 -1.763623e+00 1.699803e+01
      vertex 4.100000e+01 -1.763623e+00 2.039784e+01
      vertex 3.642376e+01 7.833749e-01 1.699803e+01
    endloop
  endfacet
  facet normal -5.084317e-01 -2.398143e-01 8.256524e-01
    outer loop
      vertex 2.810598e+01 1.318059e+01 1.387168e+01
      vertex 3.431072e+01 1.072446e+01 1.699803e+01
      vertex 3.223881e+01 1.537806e+01 1.699803e+01
    endloop
  endfacet
  facet normal -5.029213e-01 -2.091284e-01 8.373633e-01
    outer loop
      vertex 2.991228e+01 9.123559e+00 1.387168e+01
      vertex 3.431072e+01 1.072446e+01 1.699803e+01
      vertex 2.810598e+01 1.318059e+01 1.387168e+01
    endloop
  endfacet
  facet normal -5.368593e-01 -1.667204e-01 8.256524e-01
    outer loop
      vertex 2.991228e+01 9.123559e+00 1.387168e+01
      vertex 3.571482e+01 5.827796e+00 1.699803e+01
      vertex 3.431072e+01 1.072446e+01 1.699803e+01
    endloop
  endfacet
  facet normal -5.271320e-01 -1.371000e-01 8.373633e-01
    outer loop
      vertex 3.113638e+01 4.854620e+00 1.387168e+01
      vertex 3.571482e+01 5.827796e+00 1.699803e+01
      vertex 2.991228e+01 9.123559e+00 1.387168e+01
    endloop
  endfacet
  facet normal -5.548376e-01 -9.038156e-02 8.256524e-01
    outer loop
      vertex 3.113638e+01 4.854620e+00 1.387168e+01
      vertex 3.642376e+01 7.833749e-01 1.699803e+01
      vertex 3.571482e+01 5.827796e+00 1.699803e+01
    endloop
  endfacet
  facet normal -5.410826e-01 -6.240318e-02 8.373633e-01
    outer loop
      vertex 3.175445e+01 4.568647e-01 1.387168e+01
      vertex 3.642376e+01 7.833749e-01 1.699803e+01
      vertex 3.113638e+01 4.854620e+00 1.387168e+01
    endloop
  endfacet
  facet normal -5.624884e-01 -2.579177e-02 8.256524e-01
    outer loop
      vertex 3.175445e+01 4.568647e-01 1.387168e+01
      vertex 3.651271e+01 -1.763623e+00 1.699803e+01
      vertex 3.642376e+01 7.833749e-01 1.699803e+01
    endloop
  endfacet
  facet normal -5.454023e-01 -1.228350e-02 8.373633e-01
    outer loop
      vertex 3.183199e+01 -1.763623e+00 1.387168e+01
      vertex 3.651271e+01 -1.763623e+00 1.699803e+01
      vertex 3.175445e+01 4.568647e-01 1.387168e+01
    endloop
  endfacet
  facet normal -4.581351e-01 -2.158387e-01 8.609581e-01
    outer loop
      vertex 2.379655e+01 1.088923e+01 1.106754e+01
      vertex 2.991228e+01 9.123559e+00 1.387168e+01
      vertex 2.810598e+01 1.318059e+01 1.387168e+01
    endloop
  endfacet
  facet normal -4.486566e-01 -1.863088e-01 8.728418e-01
    outer loop
      vertex 2.532590e+01 7.454252e+00 1.106754e+01
      vertex 2.991228e+01 9.123559e+00 1.387168e+01
      vertex 2.379655e+01 1.088923e+01 1.106754e+01
    endloop
  endfacet
  facet normal -4.837155e-01 -1.499781e-01 8.609581e-01
    outer loop
      vertex 2.532590e+01 7.454252e+00 1.106754e+01
      vertex 3.113638e+01 4.854620e+00 1.387168e+01
      vertex 2.991228e+01 9.123559e+00 1.387168e+01
    endloop
  endfacet
  facet normal -4.702194e-01 -1.220547e-01 8.728418e-01
    outer loop
      vertex 2.636231e+01 3.839860e+00 1.106754e+01
      vertex 3.113638e+01 4.854620e+00 1.387168e+01
      vertex 2.532590e+01 7.454252e+00 1.106754e+01
    endloop
  endfacet
  facet normal -4.998809e-01 -8.119830e-02 8.609581e-01
    outer loop
      vertex 2.636231e+01 3.839860e+00 1.106754e+01
      vertex 3.175445e+01 4.568647e-01 1.387168e+01
      vertex 3.113638e+01 4.854620e+00 1.387168e+01
    endloop
  endfacet
  facet normal -4.826300e-01 -5.542501e-02 8.728418e-01
    outer loop
      vertex 2.688561e+01 1.164024e-01 1.106754e+01
      vertex 3.175445e+01 4.568647e-01 1.387168e+01
      vertex 2.636231e+01 3.839860e+00 1.106754e+01
    endloop
  endfacet
  facet normal -5.067456e-01 -2.312162e-02 8.609581e-01
    outer loop
      vertex 2.688561e+01 1.164024e-01 1.106754e+01
      vertex 3.183199e+01 -1.763623e+00 1.387168e+01
      vertex 3.175445e+01 4.568647e-01 1.387168e+01
    endloop
  endfacet
  facet normal -4.864542e-01 -1.083811e-02 8.728418e-01
    outer loop
      vertex 2.695126e+01 -1.763623e+00 1.106754e+01
      vertex 3.183199e+01 -1.763623e+00 1.387168e+01
      vertex 2.688561e+01 1.164024e-01 1.106754e+01
    endloop
  endfacet
  facet normal -4.045653e-01 -1.906211e-01 8.934824e-01
    outer loop
      vertex 2.044874e+01 9.109165e+00 9.210488e+00
      vertex 2.532590e+01 7.454252e+00 1.106754e+01
      vertex 2.379655e+01 1.088923e+01 1.106754e+01
    endloop
  endfacet
  facet normal -3.965622e-01 -1.646971e-01 9.022393e-01
    outer loop
      vertex 2.176293e+01 6.157437e+00 9.210488e+00
      vertex 2.532590e+01 7.454252e+00 1.106754e+01
      vertex 2.044874e+01 9.109165e+00 9.210488e+00
    endloop
  endfacet
  facet normal -4.271574e-01 -1.324614e-01 8.934824e-01
    outer loop
      vertex 2.176293e+01 6.157437e+00 9.210488e+00
      vertex 2.636231e+01 3.839860e+00 1.106754e+01
      vertex 2.532590e+01 7.454252e+00 1.106754e+01
    endloop
  endfacet
  facet normal -4.156244e-01 -1.079035e-01 9.022393e-01
    outer loop
      vertex 2.265354e+01 3.051535e+00 9.210488e+00
      vertex 2.636231e+01 3.839860e+00 1.106754e+01
      vertex 2.176293e+01 6.157437e+00 9.210488e+00
    endloop
  endfacet
  facet normal -4.414354e-01 -7.172349e-02 8.934824e-01
    outer loop
      vertex 2.265354e+01 3.051535e+00 9.210488e+00
      vertex 2.688561e+01 1.164024e-01 1.106754e+01
      vertex 2.636231e+01 3.839860e+00 1.106754e+01
    endloop
  endfacet
  facet normal -4.265968e-01 -4.900964e-02 9.022393e-01
    outer loop
      vertex 2.310321e+01 -1.480886e-01 9.210488e+00
      vertex 2.688561e+01 1.164024e-01 1.106754e+01
      vertex 2.265354e+01 3.051535e+00 9.210488e+00
    endloop
  endfacet
  facet normal -4.474999e-01 -2.042766e-02 8.934824e-01
    outer loop
      vertex 2.310321e+01 -1.480886e-01 9.210488e+00
      vertex 2.695126e+01 -1.763623e+00 1.106754e+01
      vertex 2.688561e+01 1.164024e-01 1.106754e+01
    endloop
  endfacet
  facet normal -4.299793e-01 -9.589544e-03 9.022393e-01
    outer loop
      vertex 2.315963e+01 -1.763623e+00 9.210488e+00
      vertex 2.695126e+01 -1.763623e+00 1.106754e+01
      vertex 2.310321e+01 -1.480886e-01 9.210488e+00
    endloop
  endfacet
  facet normal -3.542622e-01 -1.666958e-01 9.192874e-01
    outer loop
      vertex 1.700528e+01 7.278247e+00 7.593581e+00
      vertex 2.176293e+01 6.157437e+00 9.210488e+00
      vertex 2.044874e+01 9.109165e+00 9.210488e+00
    endloop
  endfacet
  facet normal -3.432471e-01 -1.423264e-01 9.275789e-01
    outer loop
      vertex 1.809818e+01 4.823574e+00 7.593581e+00
      vertex 2.176293e+01 6.157437e+00 9.210488e+00
      vertex 1.700528e+01 7.278247e+00 7.593581e+00
    endloop
  endfacet
  facet normal -3.740141e-01 -1.157698e-01 9.192874e-01
    outer loop
      vertex 1.809818e+01 4.823574e+00 7.593581e+00
      vertex 2.265354e+01 3.051535e+00 9.210488e+00
      vertex 2.176293e+01 6.157437e+00 9.210488e+00
    endloop
  endfacet
  facet normal -3.597147e-01 -9.317055e-02 9.275789e-01
    outer loop
      vertex 1.883880e+01 2.240689e+00 7.593581e+00
      vertex 2.265354e+01 3.051535e+00 9.210488e+00
      vertex 1.809818e+01 4.823574e+00 7.593581e+00
    endloop
  endfacet
  facet normal -3.864863e-01 -6.259040e-02 9.192874e-01
    outer loop
      vertex 1.883880e+01 2.240689e+00 7.593581e+00
      vertex 2.310321e+01 -1.480886e-01 9.210488e+00
      vertex 2.265354e+01 3.051535e+00 9.210488e+00
    endloop
  endfacet
  facet normal -3.691808e-01 -4.220119e-02 9.275789e-01
    outer loop
      vertex 1.921276e+01 -4.201356e-01 7.593581e+00
      vertex 2.310321e+01 -1.480886e-01 9.210488e+00
      vertex 1.883880e+01 2.240689e+00 7.593581e+00
    endloop
  endfacet
  facet normal -3.917708e-01 -1.778232e-02 9.192874e-01
    outer loop
      vertex 1.921276e+01 -4.201356e-01 7.593581e+00
      vertex 2.315963e+01 -1.763623e+00 9.210488e+00
      vertex 2.310321e+01 -1.480886e-01 9.210488e+00
    endloop
  endfacet
  facet normal -3.720822e-01 -8.192779e-03 9.275789e-01
    outer loop
      vertex 1.925967e+01 -1.763623e+00 7.593581e+00
      vertex 2.315963e+01 -1.763623e+00 9.210488e+00
      vertex 1.921276e+01 -4.201356e-01 7.593581e+00
    endloop
  endfacet
  facet normal -2.912395e-01 -1.363422e-01 9.455834e-01
    outer loop
      vertex 1.227818e+01 4.764800e+00 5.858146e+00
      vertex 1.809818e+01 4.823574e+00 7.593581e+00
      vertex 1.700528e+01 7.278247e+00 7.593581e+00
    endloop
  endfacet
  facet normal -2.696721e-01 -1.110976e-01 9.552967e-01
    outer loop
      vertex 1.306727e+01 2.992474e+00 5.858146e+00
      vertex 1.809818e+01 4.823574e+00 7.593581e+00
      vertex 1.227818e+01 4.764800e+00 5.858146e+00
    endloop
  endfacet
  facet normal -3.073803e-01 -9.448262e-02 9.455834e-01
    outer loop
      vertex 1.306727e+01 2.992474e+00 5.858146e+00
      vertex 1.883880e+01 2.240689e+00 7.593581e+00
      vertex 1.809818e+01 4.823574e+00 7.593581e+00
    endloop
  endfacet
  facet normal -2.825095e-01 -7.248535e-02 9.552967e-01
    outer loop
      vertex 1.360202e+01 1.127576e+00 5.858146e+00
      vertex 1.883880e+01 2.240689e+00 7.593581e+00
      vertex 1.306727e+01 2.992474e+00 5.858146e+00
    endloop
  endfacet
  facet normal -3.175384e-01 -5.078405e-02 9.455834e-01
    outer loop
      vertex 1.360202e+01 1.127576e+00 5.858146e+00
      vertex 1.921276e+01 -4.201356e-01 7.593581e+00
      vertex 1.883880e+01 2.240689e+00 7.593581e+00
    endloop
  endfacet
  facet normal -2.898481e-01 -3.246221e-02 9.552967e-01
    outer loop
      vertex 1.387202e+01 -7.935964e-01 5.858146e+00
      vertex 1.921276e+01 -4.201356e-01 7.593581e+00
      vertex 1.360202e+01 1.127576e+00 5.858146e+00
    endloop
  endfacet
  facet normal -3.218020e-01 -1.428980e-02 9.455834e-01
    outer loop
      vertex 1.387202e+01 -7.935964e-01 5.858146e+00
      vertex 1.925967e+01 -1.763623e+00 7.593581e+00
      vertex 1.921276e+01 -4.201356e-01 7.593581e+00
    endloop
  endfacet
  facet normal -2.920442e-01 -6.097024e-03 9.552967e-01
    outer loop
      vertex 1.390590e+01 -1.763623e+00 5.858146e+00
      vertex 1.925967e+01 -1.763623e+00 7.593581e+00
      vertex 1.387202e+01 -7.935964e-01 5.858146e+00
    endloop
  endfacet
  facet normal -2.146443e-01 -1.003514e-01 9.707283e-01
    outer loop
      vertex 8.646706e+00 2.833912e+00 4.905962e+00
      vertex 1.306727e+01 2.992474e+00 5.858146e+00
      vertex 1.227818e+01 4.764800e+00 5.858146e+00
    endloop
  endfacet
  facet normal -1.963647e-01 -8.075318e-02 9.764467e-01
    outer loop
      vertex 9.202410e+00 1.585781e+00 4.905962e+00
      vertex 1.306727e+01 2.992474e+00 5.858146e+00
      vertex 8.646706e+00 2.833912e+00 4.905962e+00
    endloop
  endfacet
  facet normal -2.265216e-01 -6.950211e-02 9.707283e-01
    outer loop
      vertex 9.202410e+00 1.585781e+00 4.905962e+00
      vertex 1.360202e+01 1.127576e+00 5.858146e+00
      vertex 1.306727e+01 2.992474e+00 5.858146e+00
    endloop
  endfacet
  facet normal -2.056924e-01 -5.263861e-02 9.764467e-01
    outer loop
      vertex 9.579000e+00 2.724565e-01 4.905962e+00
      vertex 1.360202e+01 1.127576e+00 5.858146e+00
      vertex 9.202410e+00 1.585781e+00 4.905962e+00
    endloop
  endfacet
  facet normal -2.339900e-01 -3.730000e-02 9.707283e-01
    outer loop
      vertex 9.579000e+00 2.724565e-01 4.905962e+00
      vertex 1.387202e+01 -7.935964e-01 5.858146e+00
      vertex 1.360202e+01 1.127576e+00 5.858146e+00
    endloop
  endfacet
  facet normal -2.110165e-01 -2.349949e-02 9.764467e-01
    outer loop
      vertex 9.769145e+00 -1.080498e+00 4.905962e+00
      vertex 1.387202e+01 -7.935964e-01 5.858146e+00
      vertex 9.579000e+00 2.724565e-01 4.905962e+00
    endloop
  endfacet
  facet normal -2.371169e-01 -1.046891e-02 9.707283e-01
    outer loop
      vertex 9.769145e+00 -1.080498e+00 4.905962e+00
      vertex 1.390590e+01 -1.763623e+00 5.858146e+00
      vertex 1.387202e+01 -7.935964e-01 5.858146e+00
    endloop
  endfacet
  facet normal -2.125989e-01 -4.371889e-03 9.764467e-01
    outer loop
      vertex 9.793000e+00 -1.763623e+00 4.905962e+00
      vertex 1.390590e+01 -1.763623e+00 5.858146e+00
      vertex 9.769145e+00 -1.080498e+00 4.905962e+00
    endloop
  endfacet
  facet normal -1.548272e-01 -1.596993e-03 9.876512e-01
    outer loop
      vertex 9.793000e+00 -1.763623e+00 4.905962e+00
      vertex 7.149996e+00 -1.490987e+00 4.468746e+00
      vertex 7.112860e+00 -1.763623e+00 4.462836e+00
    endloop
  endfacet
  facet normal -1.713915e-01 -5.968882e-03 9.848894e-01
    outer loop
      vertex 9.769145e+00 -1.080498e+00 4.905962e+00
      vertex 7.149996e+00 -1.490987e+00 4.468746e+00
      vertex 9.793000e+00 -1.763623e+00 4.905962e+00
    endloop
  endfacet
  facet normal -1.546855e-01 -9.183251e-03 9.876340e-01
    outer loop
      vertex 9.769145e+00 -1.080498e+00 4.905962e+00
      vertex 7.111483e+00 -1.218759e+00 4.465549e+00
      vertex 7.149996e+00 -1.490987e+00 4.468746e+00
    endloop
  endfacet
  facet normal -1.697925e-01 -2.061683e-02 9.849096e-01
    outer loop
      vertex 9.579000e+00 2.724565e-01 4.905962e+00
      vertex 7.111483e+00 -1.218759e+00 4.465549e+00
      vertex 9.769145e+00 -1.080498e+00 4.905962e+00
    endloop
  endfacet
  facet normal -1.517174e-01 -2.202753e-02 9.878276e-01
    outer loop
      vertex 9.579000e+00 2.724565e-01 4.905962e+00
      vertex 6.865604e+00 -7.951164e-01 4.438194e+00
      vertex 7.111483e+00 -1.218759e+00 4.465549e+00
    endloop
  endfacet
  facet normal -1.646437e-01 -4.024880e-02 9.850830e-01
    outer loop
      vertex 9.202410e+00 1.585781e+00 4.905962e+00
      vertex 6.865604e+00 -7.951164e-01 4.438194e+00
      vertex 9.579000e+00 2.724565e-01 4.905962e+00
    endloop
  endfacet
  facet normal -1.451703e-01 -3.459424e-02 9.883106e-01
    outer loop
      vertex 9.202410e+00 1.585781e+00 4.905962e+00
      vertex 6.449695e+00 -5.395876e-01 4.389486e+00
      vertex 6.865604e+00 -7.951164e-01 4.438194e+00
    endloop
  endfacet
  facet normal -1.349455e-01 -4.126707e-02 9.893424e-01
    outer loop
      vertex 5.279976e+00 1.581314e-01 4.276726e+00
      vertex 6.449695e+00 -5.395876e-01 4.389486e+00
      vertex 9.202410e+00 1.585781e+00 4.905962e+00
    endloop
  endfacet
  facet normal -1.147816e-01 -2.741089e-02 9.929429e-01
    outer loop
      vertex 5.279976e+00 1.581314e-01 4.276726e+00
      vertex 5.963291e+00 -5.112076e-01 4.331097e+00
      vertex 6.449695e+00 -5.395876e-01 4.389486e+00
    endloop
  endfacet
  facet normal -1.085723e-01 -2.760643e-02 9.936650e-01
    outer loop
      vertex 5.496048e+00 -5.954016e-01 4.276726e+00
      vertex 5.963291e+00 -5.112076e-01 4.331097e+00
      vertex 5.279976e+00 1.581314e-01 4.276726e+00
    endloop
  endfacet
  facet normal -1.102161e-01 -2.147024e-02 9.936650e-01
    outer loop
      vertex 5.496048e+00 -5.954016e-01 4.276726e+00
      vertex 5.520437e+00 -7.166730e-01 4.276726e+00
      vertex 5.963291e+00 -5.112076e-01 4.331097e+00
    endloop
  endfacet
  facet normal -1.057463e-01 -1.842188e-02 9.942131e-01
    outer loop
      vertex 5.276270e+00 -1.007212e+00 4.245823e+00
      vertex 5.520437e+00 -7.166730e-01 4.276726e+00
      vertex 5.496048e+00 -5.954016e-01 4.276726e+00
    endloop
  endfacet
  facet normal -9.006707e-02 -1.973462e-03 9.959001e-01
    outer loop
      vertex 4.345248e+00 -1.430699e+00 4.153750e+00
      vertex 4.345248e+00 -1.763623e+00 4.152667e+00
      vertex 5.187140e+00 -1.763623e+00 4.231110e+00
    endloop
  endfacet
  facet normal -9.532255e-02 -4.313495e-03 9.954035e-01
    outer loop
      vertex 5.157870e+00 -1.368415e+00 4.229677e+00
      vertex 4.345248e+00 -1.430699e+00 4.153750e+00
      vertex 5.187140e+00 -1.763623e+00 4.231110e+00
    endloop
  endfacet
  facet normal -8.997902e-02 -1.032739e-02 9.958476e-01
    outer loop
      vertex 4.345248e+00 -7.748526e-01 4.162222e+00
      vertex 4.345248e+00 -1.430699e+00 4.153750e+00
      vertex 5.157870e+00 -1.368415e+00 4.229677e+00
    endloop
  endfacet
  facet normal -9.601732e-02 -1.288503e-02 9.952540e-01
    outer loop
      vertex 5.276270e+00 -1.007212e+00 4.245823e+00
      vertex 4.345248e+00 -7.748526e-01 4.162222e+00
      vertex 5.157870e+00 -1.368415e+00 4.229677e+00
    endloop
  endfacet
  facet normal -9.817469e-02 -1.811656e-02 9.949511e-01
    outer loop
      vertex 5.496048e+00 -5.954016e-01 4.276726e+00
      vertex 4.345248e+00 -7.748526e-01 4.162222e+00
      vertex 5.276270e+00 -1.007212e+00 4.245823e+00
    endloop
  endfacet
  facet normal -9.227989e-02 -2.390960e-02 9.953777e-01
    outer loop
      vertex 5.496048e+00 -5.954016e-01 4.276726e+00
      vertex 4.345248e+00 -1.030146e-01 4.179618e+00
      vertex 4.345248e+00 -7.748526e-01 4.162222e+00
    endloop
  endfacet
  facet normal -9.820770e-02 -3.035112e-02 9.946399e-01
    outer loop
      vertex 5.279976e+00 1.581314e-01 4.276726e+00
      vertex 4.345248e+00 -1.030146e-01 4.179618e+00
      vertex 5.496048e+00 -5.954016e-01 4.276726e+00
    endloop
  endfacet
  facet normal -9.097534e-02 -3.625520e-02 9.951506e-01
    outer loop
      vertex 5.279976e+00 1.581314e-01 4.276726e+00
      vertex 4.345248e+00 3.770975e-01 4.197456e+00
      vertex 4.345248e+00 -1.030146e-01 4.179618e+00
    endloop
  endfacet
  facet normal -9.476448e-02 -4.302790e-02 9.945248e-01
    outer loop
      vertex 4.961135e+00 8.742596e-01 4.276726e+00
      vertex 4.345248e+00 3.770975e-01 4.197456e+00
      vertex 5.279976e+00 1.581314e-01 4.276726e+00
    endloop
  endfacet
  facet normal -7.389646e-02 -4.872216e-02 9.959287e-01
    outer loop
      vertex 4.545732e+00 1.539044e+00 4.276726e+00
      vertex 2.898062e+00 3.770975e-01 4.095013e+00
      vertex 3.899172e+00 3.770975e-01 4.161512e+00
    endloop
  endfacet
  facet normal -7.460042e-02 -6.046514e-02 9.951862e-01
    outer loop
      vertex 4.041850e+00 2.139547e+00 4.276726e+00
      vertex 2.898062e+00 3.770975e-01 4.095013e+00
      vertex 4.545732e+00 1.539044e+00 4.276726e+00
    endloop
  endfacet
  facet normal -5.954149e-02 -5.296865e-02 9.965795e-01
    outer loop
      vertex 4.041850e+00 2.139547e+00 4.276726e+00
      vertex 2.212761e+00 3.770975e-01 4.060786e+00
      vertex 2.898062e+00 3.770975e-01 4.095013e+00
    endloop
  endfacet
  facet normal -6.302021e-02 -6.790367e-02 9.954076e-01
    outer loop
      vertex 3.459299e+00 2.664078e+00 4.276726e+00
      vertex 2.212761e+00 3.770975e-01 4.060786e+00
      vertex 4.041850e+00 2.139547e+00 4.276726e+00
    endloop
  endfacet
  facet normal -3.402364e-02 -4.243237e-02 9.985191e-01
    outer loop
      vertex 1.732266e+00 4.535769e-01 4.045518e+00
      vertex 1.701093e+00 3.770975e-01 4.041214e+00
      vertex 1.826602e+00 3.770975e-01 4.045542e+00
    endloop
  endfacet
  facet normal -3.137300e-02 -4.429358e-02 9.985191e-01
    outer loop
      vertex 1.406833e+00 6.730841e-01 4.045518e+00
      vertex 1.701093e+00 3.770975e-01 4.041214e+00
      vertex 1.732266e+00 4.535769e-01 4.045518e+00
    endloop
  endfacet
  facet normal -2.822104e-02 -4.392941e-02 9.986265e-01
    outer loop
      vertex 1.406833e+00 6.730841e-01 4.045518e+00
      vertex 1.282151e+00 3.770975e-01 4.028999e+00
      vertex 1.701093e+00 3.770975e-01 4.041214e+00
    endloop
  endfacet
  facet normal -2.412769e-02 -4.688558e-02 9.985983e-01
    outer loop
      vertex 1.054018e+00 8.451635e-01 4.045518e+00
      vertex 1.282151e+00 3.770975e-01 4.028999e+00
      vertex 1.406833e+00 6.730841e-01 4.045518e+00
    endloop
  endfacet
  facet normal -2.064843e-02 -4.507481e-02 9.987571e-01
    outer loop
      vertex 1.054018e+00 8.451635e-01 4.045518e+00
      vertex 9.119945e-01 3.770975e-01 4.021061e+00
      vertex 1.282151e+00 3.770975e-01 4.028999e+00
    endloop
  endfacet
  facet normal -1.695901e-02 -4.877574e-02 9.986498e-01
    outer loop
      vertex 6.806875e-01 9.664661e-01 4.045518e+00
      vertex 9.119945e-01 3.770975e-01 4.021061e+00
      vertex 1.054018e+00 8.451635e-01 4.045518e+00
    endloop
  endfacet
  facet normal -1.359062e-02 -4.579648e-02 9.988406e-01
    outer loop
      vertex 6.806875e-01 9.664661e-01 4.045518e+00
      vertex 5.704135e-01 3.770975e-01 4.016112e+00
      vertex 9.119945e-01 3.770975e-01 4.021061e+00
    endloop
  endfacet
  facet normal -9.830695e-03 -4.995940e-02 9.986818e-01
    outer loop
      vertex 2.941082e-01 1.034630e+00 4.045518e+00
      vertex 5.704135e-01 3.770975e-01 4.016112e+00
      vertex 6.806875e-01 9.664661e-01 4.045518e+00
    endloop
  endfacet
  facet normal -6.868505e-03 -4.614827e-02 9.988896e-01
    outer loop
      vertex 2.941082e-01 1.034630e+00 4.045518e+00
      vertex 2.448708e-01 3.770975e-01 4.013518e+00
      vertex 5.704135e-01 3.770975e-01 4.016112e+00
    endloop
  endfacet
  facet normal -3.386485e-03 -4.609859e-02 9.989100e-01
    outer loop
      vertex 2.941082e-01 1.034630e+00 4.045518e+00
      vertex 3.671039e-05 3.770975e-01 4.012932e+00
      vertex 2.448708e-01 3.770975e-01 4.013518e+00
    endloop
  endfacet
  facet normal -1.281405e-03 -5.044231e-02 9.987023e-01
    outer loop
      vertex -9.819555e-02 1.048330e+00 4.045518e+00
      vertex 3.671039e-05 3.770975e-01 4.012932e+00
      vertex 2.941082e-01 1.034630e+00 4.045518e+00
    endloop
  endfacet
  facet normal 1.119079e-03 -4.618523e-02 9.989130e-01
    outer loop
      vertex -9.819555e-02 1.048330e+00 4.045518e+00
      vertex -8.401068e-02 3.770975e-01 4.013001e+00
      vertex 3.671039e-05 3.770975e-01 4.012932e+00
    endloop
  endfacet
  facet normal 3.591594e-03 -4.622546e-02 9.989021e-01
    outer loop
      vertex -9.819555e-02 1.048330e+00 4.045518e+00
      vertex -4.087677e-01 3.770975e-01 4.014565e+00
      vertex -8.401068e-02 3.770975e-01 4.013001e+00
    endloop
  endfacet
  facet normal 6.283188e-03 -5.030473e-02 9.986914e-01
    outer loop
      vertex -4.885881e-01 1.007298e+00 4.045518e+00
      vertex -4.087677e-01 3.770975e-01 4.014565e+00
      vertex -9.819555e-02 1.048330e+00 4.045518e+00
    endloop
  endfacet
  facet normal 1.019847e-02 -4.602684e-02 9.988685e-01
    outer loop
      vertex -4.885881e-01 1.007298e+00 4.045518e+00
      vertex -7.349249e-01 3.770975e-01 4.018211e+00
      vertex -4.087677e-01 3.770975e-01 4.014565e+00
    endloop
  endfacet
  facet normal 1.338941e-02 -4.945253e-02 9.986680e-01
    outer loop
      vertex -8.694708e-01 9.123334e-01 4.045518e+00
      vertex -7.349249e-01 3.770975e-01 4.018211e+00
      vertex -4.885881e-01 1.007298e+00 4.045518e+00
    endloop
  endfacet
  facet normal 1.705488e-02 -4.545800e-02 9.988052e-01
    outer loop
      vertex -8.694708e-01 9.123334e-01 4.045518e+00
      vertex -1.082414e+00 3.770975e-01 4.024383e+00
      vertex -7.349249e-01 3.770975e-01 4.018211e+00
    endloop
  endfacet
  facet normal 2.052523e-02 -4.789445e-02 9.986281e-01
    outer loop
      vertex -1.233430e+00 7.652842e-01 4.045518e+00
      vertex -1.082414e+00 3.770975e-01 4.024383e+00
      vertex -8.694708e-01 9.123334e-01 4.045518e+00
    endloop
  endfacet
  facet normal 2.432568e-02 -4.450585e-02 9.987019e-01
    outer loop
      vertex -1.233430e+00 7.652842e-01 4.045518e+00
      vertex -1.475553e+00 3.770975e-01 4.034212e+00
      vertex -1.082414e+00 3.770975e-01 4.024383e+00
    endloop
  endfacet
  facet normal 2.771767e-02 -4.564897e-02 9.985647e-01
    outer loop
      vertex -1.573382e+00 5.690125e-01 4.045518e+00
      vertex -1.475553e+00 3.770975e-01 4.034212e+00
      vertex -1.233430e+00 7.652842e-01 4.045518e+00
    endloop
  endfacet
  facet normal 3.151146e-02 -4.317525e-02 9.985647e-01
    outer loop
      vertex -1.573382e+00 5.690125e-01 4.045518e+00
      vertex -1.828724e+00 3.770975e-01 4.045617e+00
      vertex -1.475553e+00 3.770975e-01 4.034212e+00
    endloop
  endfacet
  facet normal 3.462468e-02 -4.311530e-02 9.984642e-01
    outer loop
      vertex -1.940979e+00 3.770975e-01 4.049753e+00
      vertex -1.828724e+00 3.770975e-01 4.045617e+00
      vertex -1.573382e+00 5.690125e-01 4.045518e+00
    endloop
  endfacet
  facet normal 3.862484e-02 6.181952e-02 9.969987e-01
    outer loop
      vertex -1.573382e+00 -4.096258e+00 4.045518e+00
      vertex -3.142011e+00 -6.421846e+00 4.276726e+00
      vertex -1.233430e+00 -4.292529e+00 4.045518e+00
    endloop
  endfacet
  facet normal 4.317623e-02 5.933383e-02 9.969714e-01
    outer loop
      vertex -1.940591e+00 -3.904343e+00 4.049738e+00
      vertex -3.142011e+00 -6.421846e+00 4.276726e+00
      vertex -1.573382e+00 -4.096258e+00 4.045518e+00
    endloop
  endfacet
  facet normal 5.730796e-02 7.122138e-02 9.954791e-01
    outer loop
      vertex -1.940591e+00 -3.904343e+00 4.049738e+00
      vertex -3.759733e+00 -5.939229e+00 4.276726e+00
      vertex -3.142011e+00 -6.421846e+00 4.276726e+00
    endloop
  endfacet
  facet normal 5.344046e-02 5.487257e-02 9.967781e-01
    outer loop
      vertex -2.527903e+00 -3.904343e+00 4.075386e+00
      vertex -3.759733e+00 -5.939229e+00 4.276726e+00
      vertex -1.940591e+00 -3.904343e+00 4.049738e+00
    endloop
  endfacet
  facet normal 6.876180e-02 6.431419e-02 9.953130e-01
    outer loop
      vertex -2.527903e+00 -3.904343e+00 4.075386e+00
      vertex -4.304276e+00 -5.375339e+00 4.276726e+00
      vertex -3.759733e+00 -5.939229e+00 4.276726e+00
    endloop
  endfacet
  facet normal 6.626648e-02 5.091841e-02 9.963090e-01
    outer loop
      vertex -3.344433e+00 -3.904343e+00 4.122243e+00
      vertex -4.304276e+00 -5.375339e+00 4.276726e+00
      vertex -2.527903e+00 -3.904343e+00 4.075386e+00
    endloop
  endfacet
  facet normal 8.065326e-02 5.637417e-02 9.950101e-01
    outer loop
      vertex -3.344433e+00 -3.904343e+00 4.122243e+00
      vertex -4.765040e+00 -4.741150e+00 4.276726e+00
      vertex -4.304276e+00 -5.375339e+00 4.276726e+00
    endloop
  endfacet
  facet normal 8.094574e-02 4.685351e-02 9.955208e-01
    outer loop
      vertex -4.345248e+00 -3.904343e+00 4.197456e+00
      vertex -4.765040e+00 -4.741150e+00 4.276726e+00
      vertex -3.344433e+00 -3.904343e+00 4.122243e+00
    endloop
  endfacet
  facet normal 9.234197e-02 4.799824e-02 9.945248e-01
    outer loop
      vertex -4.345248e+00 -3.904343e+00 4.197456e+00
      vertex -5.133060e+00 -4.049008e+00 4.276726e+00
      vertex -4.765040e+00 -4.741150e+00 4.276726e+00
    endloop
  endfacet
  facet normal 8.965012e-02 4.176813e-02 9.950687e-01
    outer loop
      vertex -4.345248e+00 -3.777834e+00 4.192319e+00
      vertex -5.133060e+00 -4.049008e+00 4.276726e+00
      vertex -4.345248e+00 -3.904343e+00 4.197456e+00
    endloop
  endfacet
  facet normal 9.646690e-02 3.791822e-02 9.945580e-01
    outer loop
      vertex -4.345248e+00 -3.777834e+00 4.192319e+00
      vertex -5.401169e+00 -3.312383e+00 4.276726e+00
      vertex -5.133060e+00 -4.049008e+00 4.276726e+00
    endloop
  endfacet
  facet normal 9.155476e-02 3.123714e-02 9.952454e-01
    outer loop
      vertex -4.345248e+00 -3.089015e+00 4.169835e+00
      vertex -5.401169e+00 -3.312383e+00 4.276726e+00
      vertex -4.345248e+00 -3.777834e+00 4.192319e+00
    endloop
  endfacet
  facet normal 9.942586e-02 2.323736e-02 9.947016e-01
    outer loop
      vertex -4.345248e+00 -3.089015e+00 4.169835e+00
      vertex -5.564151e+00 -2.545613e+00 4.276726e+00
      vertex -5.401169e+00 -3.312383e+00 4.276726e+00
    endloop
  endfacet
  facet normal 9.269946e-02 1.717393e-02 9.954712e-01
    outer loop
      vertex -4.345248e+00 -2.429862e+00 4.157005e+00
      vertex -5.564151e+00 -2.545613e+00 4.276726e+00
      vertex -4.345248e+00 -3.089015e+00 4.169835e+00
    endloop
  endfacet
  facet normal 3.461524e-02 4.313416e-02 9.984637e-01
    outer loop
      vertex -1.573382e+00 -4.096258e+00 4.045518e+00
      vertex -1.826602e+00 -3.904343e+00 4.045542e+00
      vertex -1.940591e+00 -3.904343e+00 4.049738e+00
    endloop
  endfacet
  facet normal 3.151461e-02 4.321487e-02 9.985631e-01
    outer loop
      vertex -1.573382e+00 -4.096258e+00 4.045518e+00
      vertex -1.483674e+00 -3.904343e+00 4.034447e+00
      vertex -1.826602e+00 -3.904343e+00 4.045542e+00
    endloop
  endfacet
  facet normal 2.773584e-02 4.567591e-02 9.985631e-01
    outer loop
      vertex -1.233430e+00 -4.292529e+00 4.045518e+00
      vertex -1.483674e+00 -3.904343e+00 4.034447e+00
      vertex -1.573382e+00 -4.096258e+00 4.045518e+00
    endloop
  endfacet
  facet normal 2.435593e-02 4.455756e-02 9.986989e-01
    outer loop
      vertex -1.233430e+00 -4.292529e+00 4.045518e+00
      vertex -1.092523e+00 -3.904343e+00 4.024598e+00
      vertex -1.483674e+00 -3.904343e+00 4.034447e+00
    endloop
  endfacet
  facet normal 2.053731e-02 4.791922e-02 9.986269e-01
    outer loop
      vertex -8.694708e-01 -4.439579e+00 4.045518e+00
      vertex -1.092523e+00 -3.904343e+00 4.024598e+00
      vertex -1.233430e+00 -4.292529e+00 4.045518e+00
    endloop
  endfacet
  facet normal 1.706790e-02 4.548563e-02 9.988038e-01
    outer loop
      vertex -8.694708e-01 -4.439579e+00 4.045518e+00
      vertex -7.384941e-01 -3.904343e+00 4.018262e+00
      vertex -1.092523e+00 -3.904343e+00 4.024598e+00
    endloop
  endfacet
  facet normal 1.339033e-02 4.945539e-02 9.986680e-01
    outer loop
      vertex -4.885881e-01 -4.534543e+00 4.045518e+00
      vertex -7.384941e-01 -3.904343e+00 4.018262e+00
      vertex -8.694708e-01 -4.439579e+00 4.045518e+00
    endloop
  endfacet
  facet normal 1.019676e-02 4.601471e-02 9.988690e-01
    outer loop
      vertex -4.885881e-01 -4.534543e+00 4.045518e+00
      vertex -4.064526e-01 -3.904343e+00 4.014547e+00
      vertex -7.384941e-01 -3.904343e+00 4.018262e+00
    endloop
  endfacet
  facet normal 6.280547e-03 5.028975e-02 9.986921e-01
    outer loop
      vertex -9.819555e-02 -4.575575e+00 4.045518e+00
      vertex -4.064526e-01 -3.904343e+00 4.014547e+00
      vertex -4.885881e-01 -4.534543e+00 4.045518e+00
    endloop
  endfacet
  facet normal 3.588766e-03 4.620513e-02 9.989030e-01
    outer loop
      vertex -9.819555e-02 -4.575575e+00 4.045518e+00
      vertex -8.173101e-02 -3.904343e+00 4.012997e+00
      vertex -4.064526e-01 -3.904343e+00 4.014547e+00
    endloop
  endfacet
  facet normal 1.132557e-03 4.617988e-02 9.989132e-01
    outer loop
      vertex -3.671039e-05 -3.904343e+00 4.012932e+00
      vertex -8.173101e-02 -3.904343e+00 4.012997e+00
      vertex -9.819555e-02 -4.575575e+00 4.045518e+00
    endloop
  endfacet
  facet normal -6.872165e-03 4.617077e-02 9.988887e-01
    outer loop
      vertex 2.941082e-01 -4.561876e+00 4.045518e+00
      vertex 5.706029e-01 -3.904343e+00 4.016114e+00
      vertex 2.472372e-01 -3.904343e+00 4.013529e+00
    endloop
  endfacet
  facet normal -9.832934e-03 4.996838e-02 9.986815e-01
    outer loop
      vertex 6.806875e-01 -4.493711e+00 4.045518e+00
      vertex 5.706029e-01 -3.904343e+00 4.016114e+00
      vertex 2.941082e-01 -4.561876e+00 4.045518e+00
    endloop
  endfacet
  facet normal -1.358624e-02 4.578909e-02 9.988410e-01
    outer loop
      vertex 6.806875e-01 -4.493711e+00 4.045518e+00
      vertex 9.043788e-01 -3.904343e+00 4.020926e+00
      vertex 5.706029e-01 -3.904343e+00 4.016114e+00
    endloop
  endfacet
  facet normal -1.695240e-02 4.875936e-02 9.986506e-01
    outer loop
      vertex 1.054018e+00 -4.372409e+00 4.045518e+00
      vertex 9.043788e-01 -3.904343e+00 4.020926e+00
      vertex 6.806875e-01 -4.493711e+00 4.045518e+00
    endloop
  endfacet
  facet normal -2.062526e-02 4.502976e-02 9.987596e-01
    outer loop
      vertex 1.054018e+00 -4.372409e+00 4.045518e+00
      vertex 1.271913e+00 -3.904343e+00 4.028743e+00
      vertex 9.043788e-01 -3.904343e+00 4.020926e+00
    endloop
  endfacet
  facet normal -2.411114e-02 4.685690e-02 9.986000e-01
    outer loop
      vertex 1.406833e+00 -4.200329e+00 4.045518e+00
      vertex 1.271913e+00 -3.904343e+00 4.028743e+00
      vertex 1.054018e+00 -4.372409e+00 4.045518e+00
    endloop
  endfacet
  facet normal -2.818991e-02 4.388208e-02 9.986293e-01
    outer loop
      vertex 1.406833e+00 -4.200329e+00 4.045518e+00
      vertex 1.696933e+00 -3.904343e+00 4.041076e+00
      vertex 1.271913e+00 -3.904343e+00 4.028743e+00
    endloop
  endfacet
  facet normal -3.135842e-02 4.427492e-02 9.985204e-01
    outer loop
      vertex 1.732266e+00 -3.980822e+00 4.045518e+00
      vertex 1.696933e+00 -3.904343e+00 4.041076e+00
      vertex 1.406833e+00 -4.200329e+00 4.045518e+00
    endloop
  endfacet
  facet normal -3.402407e-02 4.240103e-02 9.985204e-01
    outer loop
      vertex 1.732266e+00 -3.980822e+00 4.045518e+00
      vertex 1.828724e+00 -3.904343e+00 4.045617e+00
      vertex 1.696933e+00 -3.904343e+00 4.041076e+00
    endloop
  endfacet
  facet normal -3.749188e-02 4.231318e-02 9.983920e-01
    outer loop
      vertex 1.732266e+00 -3.980822e+00 4.045518e+00
      vertex 2.214703e+00 -3.904343e+00 4.060870e+00
      vertex 1.828724e+00 -3.904343e+00 4.045617e+00
    endloop
  endfacet
  facet normal -4.809429e-02 5.703144e-02 9.968998e-01
    outer loop
      vertex 3.459299e+00 -6.191324e+00 4.276726e+00
      vertex 2.214703e+00 -3.904343e+00 4.060870e+00
      vertex 1.732266e+00 -3.980822e+00 4.045518e+00
    endloop
  endfacet
  facet normal 1.991461e-01 5.256943e-01 8.256524e-01
    outer loop
      vertex -1.128305e+01 -3.648927e+01 1.699803e+01
      vertex -9.836625e+00 -3.203764e+01 1.387168e+01
      vertex -1.600612e+01 -3.458102e+01 1.699803e+01
    endloop
  endfacet
  facet normal 1.448339e-01 5.250597e-01 8.373633e-01
    outer loop
      vertex -5.527567e+00 -3.311201e+01 1.387168e+01
      vertex -9.836625e+00 -3.203764e+01 1.387168e+01
      vertex -1.128305e+01 -3.648927e+01 1.699803e+01
    endloop
  endfacet
  facet normal 1.119729e-01 4.938990e-01 8.609581e-01
    outer loop
      vertex -5.527567e+00 -3.311201e+01 1.387168e+01
      vertex -4.680037e+00 -2.830544e+01 1.106754e+01
      vertex -9.836625e+00 -3.203764e+01 1.387168e+01
    endloop
  endfacet
  facet normal 6.370325e-02 5.024102e-01 8.609581e-01
    outer loop
      vertex -1.110920e+00 -3.357622e+01 1.387168e+01
      vertex -4.680037e+00 -2.830544e+01 1.106754e+01
      vertex -5.527567e+00 -3.311201e+01 1.387168e+01
    endloop
  endfacet
  facet normal 3.854770e-02 4.842703e-01 8.728418e-01
    outer loop
      vertex -1.110920e+00 -3.357622e+01 1.387168e+01
      vertex -9.405855e-01 -2.869847e+01 1.106754e+01
      vertex -4.680037e+00 -2.830544e+01 1.106754e+01
    endloop
  endfacet
  facet normal -4.672809e-03 4.857796e-01 8.728418e-01
    outer loop
      vertex 2.817174e+00 -2.856724e+01 1.106754e+01
      vertex -9.405855e-01 -2.869847e+01 1.106754e+01
      vertex -1.110920e+00 -3.357622e+01 1.387168e+01
    endloop
  endfacet
  facet normal -2.518801e-02 4.465143e-01 8.934824e-01
    outer loop
      vertex 2.817174e+00 -2.856724e+01 1.106754e+01
      vertex 2.420841e+00 -2.479638e+01 9.210488e+00
      vertex -9.405855e-01 -2.869847e+01 1.106754e+01
    endloop
  endfacet
  facet normal -6.386780e-02 4.246265e-01 9.022393e-01
    outer loop
      vertex 5.602821e+00 -2.423531e+01 9.210488e+00
      vertex 2.420841e+00 -2.479638e+01 9.210488e+00
      vertex 2.817174e+00 -2.856724e+01 1.106754e+01
    endloop
  endfacet
  facet normal -7.604045e-02 3.840665e-01 9.192874e-01
    outer loop
      vertex 5.602821e+00 -2.423531e+01 9.210488e+00
      vertex 4.659337e+00 -2.045120e+01 7.593581e+00
      vertex 2.420841e+00 -2.479638e+01 9.210488e+00
    endloop
  endfacet
  facet normal -1.056676e-01 3.562440e-01 9.275789e-01
    outer loop
      vertex 7.214801e+00 -1.962088e+01 7.593581e+00
      vertex 4.659337e+00 -2.045120e+01 7.593581e+00
      vertex 5.602821e+00 -2.423531e+01 9.210488e+00
    endloop
  endfacet
  facet normal -1.051525e-01 3.038957e-01 9.455834e-01
    outer loop
      vertex 7.214801e+00 -1.962088e+01 7.593581e+00
      vertex 5.209240e+00 -1.465694e+01 5.858146e+00
      vertex 4.659337e+00 -2.045120e+01 7.593581e+00
    endloop
  endfacet
  facet normal -1.204414e-01 2.656306e-01 9.552967e-01
    outer loop
      vertex 6.952948e+00 -1.380648e+01 5.858146e+00
      vertex 5.209240e+00 -1.465694e+01 5.858146e+00
      vertex 7.214801e+00 -1.962088e+01 7.593581e+00
    endloop
  endfacet
  facet normal -1.077813e-01 2.110114e-01 9.707283e-01
    outer loop
      vertex 6.952948e+00 -1.380648e+01 5.858146e+00
      vertex 4.896500e+00 -1.024461e+01 4.905962e+00
      vertex 5.209240e+00 -1.465694e+01 5.858146e+00
    endloop
  endfacet
  facet normal -1.136247e-01 1.793588e-01 9.764466e-01
    outer loop
      vertex 6.029173e+00 -9.480612e+00 4.905962e+00
      vertex 4.896500e+00 -1.024461e+01 4.905962e+00
      vertex 6.952948e+00 -1.380648e+01 5.858146e+00
    endloop
  endfacet
  facet normal -9.234319e-02 1.323615e-01 9.861147e-01
    outer loop
      vertex 6.029173e+00 -9.480612e+00 4.905962e+00
      vertex 3.459299e+00 -6.191324e+00 4.276726e+00
      vertex 4.896500e+00 -1.024461e+01 4.905962e+00
    endloop
  endfacet
  facet normal -8.720273e-02 1.033821e-01 9.900644e-01
    outer loop
      vertex 4.041850e+00 -5.666792e+00 4.276726e+00
      vertex 3.459299e+00 -6.191324e+00 4.276726e+00
      vertex 6.029173e+00 -9.480612e+00 4.905962e+00
    endloop
  endfacet
  facet normal -6.302082e-02 6.790426e-02 9.954074e-01
    outer loop
      vertex 4.041850e+00 -5.666792e+00 4.276726e+00
      vertex 2.214703e+00 -3.904343e+00 4.060870e+00
      vertex 3.459299e+00 -6.191324e+00 4.276726e+00
    endloop
  endfacet
  facet normal -5.954211e-02 5.296925e-02 9.965795e-01
    outer loop
      vertex 2.898020e+00 -3.904343e+00 4.095011e+00
      vertex 2.214703e+00 -3.904343e+00 4.060870e+00
      vertex 4.041850e+00 -5.666792e+00 4.276726e+00
    endloop
  endfacet
  facet normal -3.189012e-02 5.612456e-01 8.256524e-01
    outer loop
      vertex 3.816617e+00 -3.807631e+01 1.699803e+01
      vertex 3.327349e+00 -3.342123e+01 1.387168e+01
      vertex -1.274275e+00 -3.825409e+01 1.699803e+01
    endloop
  endfacet
  facet normal -8.124868e-02 5.385752e-01 8.373633e-01
    outer loop
      vertex 7.700855e+00 -3.265006e+01 1.387168e+01
      vertex 3.327349e+00 -3.342123e+01 1.387168e+01
      vertex 3.816617e+00 -3.807631e+01 1.699803e+01
    endloop
  endfacet
  facet normal -9.859443e-02 4.967426e-01 8.609581e-01
    outer loop
      vertex 7.700855e+00 -3.265006e+01 1.387168e+01
      vertex 6.520101e+00 -2.791432e+01 1.106754e+01
      vertex 3.327349e+00 -3.342123e+01 1.387168e+01
    endloop
  endfacet
  facet normal -1.383908e-01 4.656733e-01 8.728418e-01
    outer loop
      vertex 1.009612e+01 -2.675240e+01 1.106754e+01
      vertex 6.520101e+00 -2.791432e+01 1.106754e+01
      vertex 7.700855e+00 -3.265006e+01 1.387168e+01
    endloop
  endfacet
  facet normal -1.472883e-01 4.222744e-01 8.934824e-01
    outer loop
      vertex 1.009612e+01 -2.675240e+01 1.106754e+01
      vertex 8.675750e+00 -2.323686e+01 9.210488e+00
      vertex 6.520101e+00 -2.791432e+01 1.106754e+01
    endloop
  endfacet
  facet normal -1.784366e-01 3.905728e-01 9.022393e-01
    outer loop
      vertex 1.157981e+01 -2.182045e+01 9.210488e+00
      vertex 8.675750e+00 -2.323686e+01 9.210488e+00
      vertex 1.009612e+01 -2.675240e+01 1.106754e+01
    endloop
  endfacet
  facet normal -1.789578e-01 3.482288e-01 9.192874e-01
    outer loop
      vertex 1.157981e+01 -2.182045e+01 9.210488e+00
      vertex 9.629837e+00 -1.844299e+01 7.593581e+00
      vertex 8.675750e+00 -2.323686e+01 9.210488e+00
    endloop
  endfacet
  facet normal -1.997684e-01 3.133177e-01 9.275789e-01
    outer loop
      vertex 1.185744e+01 -1.694045e+01 7.593581e+00
      vertex 9.629837e+00 -1.844299e+01 7.593581e+00
      vertex 1.157981e+01 -2.182045e+01 9.210488e+00
    endloop
  endfacet
  facet normal -1.848441e-01 2.631393e-01 9.455834e-01
    outer loop
      vertex 1.185744e+01 -1.694045e+01 7.593581e+00
      vertex 8.561324e+00 -1.272162e+01 5.858146e+00
      vertex 9.629837e+00 -1.844299e+01 7.593581e+00
    endloop
  endfacet
  facet normal -1.889934e-01 2.221424e-01 9.552967e-01
    outer loop
      vertex 1.000306e+01 -1.142347e+01 5.858146e+00
      vertex 8.561324e+00 -1.272162e+01 5.858146e+00
      vertex 1.185744e+01 -1.694045e+01 7.593581e+00
    endloop
  endfacet
  facet normal -1.617686e-01 1.731286e-01 9.707283e-01
    outer loop
      vertex 1.000306e+01 -1.142347e+01 5.858146e+00
      vertex 7.044495e+00 -8.566412e+00 4.905962e+00
      vertex 8.561324e+00 -1.272162e+01 5.858146e+00
    endloop
  endfacet
  facet normal -1.586611e-01 1.410916e-01 9.764466e-01
    outer loop
      vertex 7.922703e+00 -7.519804e+00 4.905962e+00
      vertex 7.044495e+00 -8.566412e+00 4.905962e+00
      vertex 1.000306e+01 -1.142347e+01 5.858146e+00
    endloop
  endfacet
  facet normal -1.252498e-01 1.017809e-01 9.861147e-01
    outer loop
      vertex 7.922703e+00 -7.519804e+00 4.905962e+00
      vertex 4.545732e+00 -5.066290e+00 4.276726e+00
      vertex 7.044495e+00 -8.566412e+00 4.905962e+00
    endloop
  endfacet
  facet normal -1.123206e-01 7.534095e-02 9.900644e-01
    outer loop
      vertex 4.961135e+00 -4.401505e+00 4.276726e+00
      vertex 4.545732e+00 -5.066290e+00 4.276726e+00
      vertex 7.922703e+00 -7.519804e+00 4.905962e+00
    endloop
  endfacet
  facet normal -8.709986e-02 5.205202e-02 9.947577e-01
    outer loop
      vertex 4.961135e+00 -4.401505e+00 4.276726e+00
      vertex 3.897688e+00 -3.904343e+00 4.161399e+00
      vertex 4.545732e+00 -5.066290e+00 4.276726e+00
    endloop
  endfacet
  facet normal -8.602677e-02 4.412203e-02 9.952683e-01
    outer loop
      vertex 4.345248e+00 -3.904343e+00 4.197456e+00
      vertex 3.897688e+00 -3.904343e+00 4.161399e+00
      vertex 4.961135e+00 -4.401505e+00 4.276726e+00
    endloop
  endfacet
  facet normal -9.006707e-02 1.973462e-03 9.959001e-01
    outer loop
      vertex 5.187140e+00 -1.763623e+00 4.231110e+00
      vertex 4.345248e+00 -1.763623e+00 4.152667e+00
      vertex 4.345248e+00 -2.096546e+00 4.153750e+00
    endloop
  endfacet
  facet normal -9.820770e-02 3.035112e-02 9.946399e-01
    outer loop
      vertex 5.496048e+00 -2.931844e+00 4.276726e+00
      vertex 4.345248e+00 -3.424231e+00 4.179618e+00
      vertex 5.279976e+00 -3.685377e+00 4.276726e+00
    endloop
  endfacet
  facet normal -9.227989e-02 2.390960e-02 9.953778e-01
    outer loop
      vertex 5.496048e+00 -2.931844e+00 4.276726e+00
      vertex 4.345248e+00 -2.752393e+00 4.162222e+00
      vertex 4.345248e+00 -3.424231e+00 4.179618e+00
    endloop
  endfacet
  facet normal -9.907990e-02 1.604446e-02 9.948781e-01
    outer loop
      vertex 5.421883e+00 -2.179075e+00 4.257148e+00
      vertex 4.345248e+00 -2.752393e+00 4.162222e+00
      vertex 5.496048e+00 -2.931844e+00 4.276726e+00
    endloop
  endfacet
  facet normal -9.168032e-02 1.044636e-02 9.956706e-01
    outer loop
      vertex 5.421883e+00 -2.179075e+00 4.257148e+00
      vertex 4.345248e+00 -2.096546e+00 4.153750e+00
      vertex 4.345248e+00 -2.752393e+00 4.162222e+00
    endloop
  endfacet
  facet normal -9.702385e-02 4.432462e-03 9.952266e-01
    outer loop
      vertex 5.187140e+00 -1.763623e+00 4.231110e+00
      vertex 4.345248e+00 -2.096546e+00 4.153750e+00
      vertex 5.421883e+00 -2.179075e+00 4.257148e+00
    endloop
  endfacet
  facet normal -1.070520e-01 1.335348e-02 9.941402e-01
    outer loop
      vertex 5.496048e+00 -2.931844e+00 4.276726e+00
      vertex 5.590954e+00 -2.322759e+00 4.276727e+00
      vertex 5.421883e+00 -2.179075e+00 4.257148e+00
    endloop
  endfacet
  facet normal -1.099876e-01 1.501472e-02 9.937990e-01
    outer loop
      vertex 5.496048e+00 -2.931844e+00 4.276726e+00
      vertex 5.874783e+00 -2.455005e+00 4.310177e+00
      vertex 5.590954e+00 -2.322759e+00 4.276727e+00
    endloop
  endfacet
  facet normal -1.138136e-01 1.603633e-02 9.933462e-01
    outer loop
      vertex 6.185117e+00 -2.493006e+00 4.347322e+00
      vertex 5.874783e+00 -2.455005e+00 4.310177e+00
      vertex 5.496048e+00 -2.931844e+00 4.276726e+00
    endloop
  endfacet
  facet normal -1.471164e-01 2.006803e-02 9.884687e-01
    outer loop
      vertex 6.765260e+00 -2.281947e+00 4.418260e+00
      vertex 6.491651e+00 -2.433450e+00 4.384529e+00
      vertex 9.579000e+00 -3.799702e+00 4.905962e+00
    endloop
  endfacet
  facet normal -3.175384e-01 5.078405e-02 9.455834e-01
    outer loop
      vertex 1.921276e+01 -3.107110e+00 7.593581e+00
      vertex 1.360202e+01 -4.654821e+00 5.858146e+00
      vertex 1.883880e+01 -5.767934e+00 7.593581e+00
    endloop
  endfacet
  facet normal -2.898481e-01 3.246221e-02 9.552967e-01
    outer loop
      vertex 1.387202e+01 -2.733649e+00 5.858146e+00
      vertex 1.360202e+01 -4.654821e+00 5.858146e+00
      vertex 1.921276e+01 -3.107110e+00 7.593581e+00
    endloop
  endfacet
  facet normal -2.339900e-01 3.730000e-02 9.707283e-01
    outer loop
      vertex 1.387202e+01 -2.733649e+00 5.858146e+00
      vertex 9.579000e+00 -3.799702e+00 4.905962e+00
      vertex 1.360202e+01 -4.654821e+00 5.858146e+00
    endloop
  endfacet
  facet normal -2.110165e-01 2.349949e-02 9.764466e-01
    outer loop
      vertex 9.769145e+00 -2.446748e+00 4.905962e+00
      vertex 9.579000e+00 -3.799702e+00 4.905962e+00
      vertex 1.387202e+01 -2.733649e+00 5.858146e+00
    endloop
  endfacet
  facet normal -1.675956e-01 2.046320e-02 9.852095e-01
    outer loop
      vertex 9.769145e+00 -2.446748e+00 4.905962e+00
      vertex 6.765260e+00 -2.281947e+00 4.418260e+00
      vertex 9.579000e+00 -3.799702e+00 4.905962e+00
    endloop
  endfacet
  facet normal -1.514146e-01 9.117217e-03 9.880820e-01
    outer loop
      vertex 6.980337e+00 -2.050884e+00 4.445368e+00
      vertex 6.765260e+00 -2.281947e+00 4.418260e+00
      vertex 9.769145e+00 -2.446748e+00 4.905962e+00
    endloop
  endfacet
  facet normal -1.536005e-01 6.056476e-03 9.877993e-01
    outer loop
      vertex 9.769145e+00 -2.446748e+00 4.905962e+00
      vertex 7.112860e+00 -1.763623e+00 4.462836e+00
      vertex 6.980337e+00 -2.050884e+00 4.445368e+00
    endloop
  endfacet
  facet normal -1.711511e-01 4.371889e-03 9.849269e-01
    outer loop
      vertex 9.769145e+00 -2.446748e+00 4.905962e+00
      vertex 9.793000e+00 -1.763623e+00 4.905962e+00
      vertex 7.112860e+00 -1.763623e+00 4.462836e+00
    endloop
  endfacet
  facet normal -2.123860e-01 1.046891e-02 9.764467e-01
    outer loop
      vertex 1.387202e+01 -2.733649e+00 5.858146e+00
      vertex 9.793000e+00 -1.763623e+00 4.905962e+00
      vertex 9.769145e+00 -2.446748e+00 4.905962e+00
    endloop
  endfacet
  facet normal -2.372695e-01 6.097024e-03 9.707283e-01
    outer loop
      vertex 1.387202e+01 -2.733649e+00 5.858146e+00
      vertex 1.390590e+01 -1.763623e+00 5.858146e+00
      vertex 9.793000e+00 -1.763623e+00 4.905962e+00
    endloop
  endfacet
  facet normal -2.917581e-01 1.428980e-02 9.552967e-01
    outer loop
      vertex 1.921276e+01 -3.107110e+00 7.593581e+00
      vertex 1.390590e+01 -1.763623e+00 5.858146e+00
      vertex 1.387202e+01 -2.733649e+00 5.858146e+00
    endloop
  endfacet
  facet normal -3.920569e-01 9.589544e-03 9.192874e-01
    outer loop
      vertex 2.310321e+01 -3.379157e+00 9.210488e+00
      vertex 2.315963e+01 -1.763623e+00 9.210488e+00
      vertex 1.925967e+01 -1.763623e+00 7.593581e+00
    endloop
  endfacet
  facet normal -4.296009e-01 2.042766e-02 9.022393e-01
    outer loop
      vertex 2.688561e+01 -3.643648e+00 1.106754e+01
      vertex 2.315963e+01 -1.763623e+00 9.210488e+00
      vertex 2.310321e+01 -3.379157e+00 9.210488e+00
    endloop
  endfacet
  facet normal -5.071241e-01 1.228350e-02 8.609581e-01
    outer loop
      vertex 3.183199e+01 -1.763623e+00 1.387168e+01
      vertex 2.695126e+01 -1.763623e+00 1.106754e+01
      vertex 3.175445e+01 -3.984110e+00 1.387168e+01
    endloop
  endfacet
  facet normal -5.449306e-01 2.579177e-02 8.373633e-01
    outer loop
      vertex 3.642376e+01 -4.310620e+00 1.699803e+01
      vertex 3.183199e+01 -1.763623e+00 1.387168e+01
      vertex 3.175445e+01 -3.984110e+00 1.387168e+01
    endloop
  endfacet
  facet normal -5.629174e-01 1.350827e-02 8.256524e-01
    outer loop
      vertex 3.651271e+01 -1.763623e+00 1.699803e+01
      vertex 3.183199e+01 -1.763623e+00 1.387168e+01
      vertex 3.642376e+01 -4.310620e+00 1.699803e+01
    endloop
  endfacet
  facet normal -5.952875e-01 1.350827e-02 8.027334e-01
    outer loop
      vertex 3.642376e+01 -4.310620e+00 1.699803e+01
      vertex 4.100000e+01 -1.763623e+00 2.039784e+01
      vertex 3.651271e+01 -1.763623e+00 1.699803e+01
    endloop
  endfacet
  facet normal -6.095920e-01 2.804979e-02 7.915254e-01
    outer loop
      vertex 3.642376e+01 -4.310620e+00 1.699803e+01
      vertex 4.088019e+01 -4.895771e+00 2.039784e+01
      vertex 4.100000e+01 -1.763623e+00 2.039784e+01
    endloop
  endfacet
  facet normal -6.087487e-01 4.678096e-02 7.915254e-01
    outer loop
      vertex 4.080257e+01 -5.782326e+00 2.039784e+01
      vertex 4.088019e+01 -4.895771e+00 2.039784e+01
      vertex 3.642376e+01 -4.310620e+00 1.699803e+01
    endloop
  endfacet
  facet normal -5.410826e-01 6.240318e-02 8.373633e-01
    outer loop
      vertex 3.113638e+01 -8.381865e+00 1.387168e+01
      vertex 3.642376e+01 -4.310620e+00 1.699803e+01
      vertex 3.175445e+01 -3.984110e+00 1.387168e+01
    endloop
  endfacet
  facet normal -5.548376e-01 9.038156e-02 8.256524e-01
    outer loop
      vertex 3.571482e+01 -9.355041e+00 1.699803e+01
      vertex 3.642376e+01 -4.310620e+00 1.699803e+01
      vertex 3.113638e+01 -8.381865e+00 1.387168e+01
    endloop
  endfacet
  facet normal -5.902125e-01 7.250132e-02 8.027334e-01
    outer loop
      vertex 3.571482e+01 -9.355041e+00 1.699803e+01
      vertex 4.080257e+01 -5.782326e+00 2.039784e+01
      vertex 3.642376e+01 -4.310620e+00 1.699803e+01
    endloop
  endfacet
  facet normal -6.020164e-01 9.692530e-02 7.915254e-01
    outer loop
      vertex 4.021220e+01 -9.762326e+00 2.039784e+01
      vertex 4.080257e+01 -5.782326e+00 2.039784e+01
      vertex 3.571482e+01 -9.355041e+00 1.699803e+01
    endloop
  endfacet
  facet normal -5.976635e-01 1.244475e-01 7.915254e-01
    outer loop
      vertex 3.571482e+01 -9.355041e+00 1.699803e+01
      vertex 3.997803e+01 -1.086070e+01 2.039784e+01
      vertex 4.021220e+01 -9.762326e+00 2.039784e+01
    endloop
  endfacet
  facet normal -5.930969e-01 1.438751e-01 7.915254e-01
    outer loop
      vertex 3.571482e+01 -9.355041e+00 1.699803e+01
      vertex 3.923455e+01 -1.366529e+01 2.039784e+01
      vertex 3.997803e+01 -1.086070e+01 2.039784e+01
    endloop
  endfacet
  facet normal -5.718022e-01 1.638535e-01 8.027334e-01
    outer loop
      vertex 3.431072e+01 -1.425170e+01 1.699803e+01
      vertex 3.923455e+01 -1.366529e+01 2.039784e+01
      vertex 3.571482e+01 -9.355041e+00 1.699803e+01
    endloop
  endfacet
  facet normal -5.771107e-01 1.980093e-01 7.915254e-01
    outer loop
      vertex 3.431072e+01 -1.425170e+01 1.699803e+01
      vertex 3.829851e+01 -1.640003e+01 2.039784e+01
      vertex 3.923455e+01 -1.366529e+01 2.039784e+01
    endloop
  endfacet
  facet normal -5.692894e-01 2.204242e-01 7.915254e-01
    outer loop
      vertex 3.787906e+01 -1.745364e+01 2.039784e+01
      vertex 3.829851e+01 -1.640003e+01 2.039784e+01
      vertex 3.431072e+01 -1.425170e+01 1.699803e+01
    endloop
  endfacet
  facet normal -4.478347e-01 1.083811e-02 8.934824e-01
    outer loop
      vertex 2.688561e+01 -3.643648e+00 1.106754e+01
      vertex 2.695126e+01 -1.763623e+00 1.106754e+01
      vertex 2.315963e+01 -1.763623e+00 9.210488e+00
    endloop
  endfacet
  facet normal -4.860252e-01 2.312162e-02 8.728418e-01
    outer loop
      vertex 2.688561e+01 -3.643648e+00 1.106754e+01
      vertex 3.175445e+01 -3.984110e+00 1.387168e+01
      vertex 2.695126e+01 -1.763623e+00 1.106754e+01
    endloop
  endfacet
  facet normal -4.826300e-01 5.542501e-02 8.728418e-01
    outer loop
      vertex 2.636231e+01 -7.367105e+00 1.106754e+01
      vertex 3.175445e+01 -3.984110e+00 1.387168e+01
      vertex 2.688561e+01 -3.643648e+00 1.106754e+01
    endloop
  endfacet
  facet normal -4.998809e-01 8.119831e-02 8.609581e-01
    outer loop
      vertex 2.636231e+01 -7.367105e+00 1.106754e+01
      vertex 3.113638e+01 -8.381865e+00 1.387168e+01
      vertex 3.175445e+01 -3.984110e+00 1.387168e+01
    endloop
  endfacet
  facet normal -4.896903e-01 1.291415e-01 8.609580e-01
    outer loop
      vertex 2.991228e+01 -1.265080e+01 1.387168e+01
      vertex 3.113638e+01 -8.381865e+00 1.387168e+01
      vertex 2.636231e+01 -7.367105e+00 1.106754e+01
    endloop
  endfacet
  facet normal -5.196852e-01 1.630700e-01 8.373633e-01
    outer loop
      vertex 2.991228e+01 -1.265080e+01 1.387168e+01
      vertex 3.431072e+01 -1.425170e+01 1.699803e+01
      vertex 3.113638e+01 -8.381865e+00 1.387168e+01
    endloop
  endfacet
  facet normal -5.184240e-01 2.173712e-01 8.256524e-01
    outer loop
      vertex 3.223881e+01 -1.890530e+01 1.699803e+01
      vertex 3.431072e+01 -1.425170e+01 1.699803e+01
      vertex 2.991228e+01 -1.265080e+01 1.387168e+01
    endloop
  endfacet
  facet normal -5.455455e-01 2.369192e-01 8.027334e-01
    outer loop
      vertex 3.223881e+01 -1.890530e+01 1.699803e+01
      vertex 3.787906e+01 -1.745364e+01 2.039784e+01
      vertex 3.431072e+01 -1.425170e+01 1.699803e+01
    endloop
  endfacet
  facet normal -5.474214e-01 2.689553e-01 7.915254e-01
    outer loop
      vertex 3.615877e+01 -2.109089e+01 2.039784e+01
      vertex 3.787906e+01 -1.745364e+01 2.039784e+01
      vertex 3.223881e+01 -1.890530e+01 1.699803e+01
    endloop
  endfacet
  facet normal -5.375679e-01 2.894919e-01 7.915254e-01
    outer loop
      vertex 3.223881e+01 -1.890530e+01 1.699803e+01
      vertex 3.594108e+01 -2.149276e+01 2.039784e+01
      vertex 3.615877e+01 -2.109089e+01 2.039784e+01
    endloop
  endfacet
  facet normal -5.282026e-01 3.052959e-01 7.915254e-01
    outer loop
      vertex 3.223881e+01 -1.890530e+01 1.699803e+01
      vertex 3.409026e+01 -2.454200e+01 2.039784e+01
      vertex 3.594108e+01 -2.149276e+01 2.039784e+01
    endloop
  endfacet
  facet normal -5.021283e-01 3.188087e-01 8.027334e-01
    outer loop
      vertex 2.953940e+01 -2.322525e+01 1.699803e+01
      vertex 3.409026e+01 -2.454200e+01 2.039784e+01
      vertex 3.223881e+01 -1.890530e+01 1.699803e+01
    endloop
  endfacet
  facet normal -4.997951e-01 3.504265e-01 7.915254e-01
    outer loop
      vertex 2.953940e+01 -2.322525e+01 1.699803e+01
      vertex 3.297945e+01 -2.612252e+01 2.039784e+01
      vertex 3.409026e+01 -2.454200e+01 2.039784e+01
    endloop
  endfacet
  facet normal -4.871536e-01 3.677472e-01 7.915254e-01
    outer loop
      vertex 3.169343e+01 -2.777375e+01 2.039784e+01
      vertex 3.297945e+01 -2.612252e+01 2.039784e+01
      vertex 2.953940e+01 -2.322525e+01 1.699803e+01
    endloop
  endfacet
  facet normal -3.220149e-01 8.192779e-03 9.455835e-01
    outer loop
      vertex 1.921276e+01 -3.107110e+00 7.593581e+00
      vertex 1.925967e+01 -1.763623e+00 7.593581e+00
      vertex 1.390590e+01 -1.763623e+00 5.858146e+00
    endloop
  endfacet
  facet normal -3.717473e-01 1.778232e-02 9.275789e-01
    outer loop
      vertex 1.921276e+01 -3.107110e+00 7.593581e+00
      vertex 2.310321e+01 -3.379157e+00 9.210488e+00
      vertex 1.925967e+01 -1.763623e+00 7.593581e+00
    endloop
  endfacet
  facet normal -3.691808e-01 4.220119e-02 9.275789e-01
    outer loop
      vertex 1.883880e+01 -5.767934e+00 7.593581e+00
      vertex 2.310321e+01 -3.379157e+00 9.210488e+00
      vertex 1.921276e+01 -3.107110e+00 7.593581e+00
    endloop
  endfacet
  facet normal -3.864863e-01 6.259040e-02 9.192874e-01
    outer loop
      vertex 1.883880e+01 -5.767934e+00 7.593581e+00
      vertex 2.265354e+01 -6.578780e+00 9.210488e+00
      vertex 2.310321e+01 -3.379157e+00 9.210488e+00
    endloop
  endfacet
  facet normal -3.785306e-01 1.000190e-01 9.192874e-01
    outer loop
      vertex 2.176293e+01 -9.684682e+00 9.210488e+00
      vertex 2.265354e+01 -6.578780e+00 9.210488e+00
      vertex 1.883880e+01 -5.767934e+00 7.593581e+00
    endloop
  endfacet
  facet normal -4.096496e-01 1.287400e-01 9.022393e-01
    outer loop
      vertex 2.176293e+01 -9.684682e+00 9.210488e+00
      vertex 2.532590e+01 -1.098150e+01 1.106754e+01
      vertex 2.265354e+01 -6.578780e+00 9.210488e+00
    endloop
  endfacet
  facet normal -4.123662e-01 1.731002e-01 8.934824e-01
    outer loop
      vertex 2.379655e+01 -1.441647e+01 1.106754e+01
      vertex 2.532590e+01 -1.098150e+01 1.106754e+01
      vertex 2.176293e+01 -9.684682e+00 9.210488e+00
    endloop
  endfacet
  facet normal -4.386642e-01 2.087519e-01 8.728418e-01
    outer loop
      vertex 2.379655e+01 -1.441647e+01 1.106754e+01
      vertex 2.810598e+01 -1.670784e+01 1.387168e+01
      vertex 2.532590e+01 -1.098150e+01 1.106754e+01
    endloop
  endfacet
  facet normal -4.351242e-01 2.591157e-01 8.609580e-01
    outer loop
      vertex 2.575262e+01 -2.047400e+01 1.387168e+01
      vertex 2.810598e+01 -1.670784e+01 1.387168e+01
      vertex 2.379655e+01 -1.441647e+01 1.106754e+01
    endloop
  endfacet
  facet normal -4.546053e-01 2.999976e-01 8.373633e-01
    outer loop
      vertex 2.575262e+01 -2.047400e+01 1.387168e+01
      vertex 2.953940e+01 -2.322525e+01 1.699803e+01
      vertex 2.810598e+01 -1.670784e+01 1.387168e+01
    endloop
  endfacet
  facet normal -4.384254e-01 3.518476e-01 8.256524e-01
    outer loop
      vertex 2.626504e+01 -2.712748e+01 1.699803e+01
      vertex 2.953940e+01 -2.322525e+01 1.699803e+01
      vertex 2.575262e+01 -2.047400e+01 1.387168e+01
    endloop
  endfacet
  facet normal -4.578042e-01 3.797366e-01 8.027334e-01
    outer loop
      vertex 2.626504e+01 -2.712748e+01 1.699803e+01
      vertex 3.169343e+01 -2.777375e+01 2.039784e+01
      vertex 2.953940e+01 -2.322525e+01 1.699803e+01
    endloop
  endfacet
  facet normal -4.510934e-01 4.107220e-01 7.915254e-01
    outer loop
      vertex 2.946711e+01 -3.027133e+01 2.039784e+01
      vertex 3.169343e+01 -2.777375e+01 2.039784e+01
      vertex 2.626504e+01 -2.712748e+01 1.699803e+01
    endloop
  endfacet
  facet normal -4.366583e-01 4.267336e-01 7.915254e-01
    outer loop
      vertex 2.626504e+01 -2.712748e+01 1.699803e+01
      vertex 2.899138e+01 -3.075500e+01 2.039784e+01
      vertex 2.946711e+01 -3.027133e+01 2.039784e+01
    endloop
  endfacet
  facet normal -4.180965e-01 4.437638e-01 7.915254e-01
    outer loop
      vertex 2.626504e+01 -2.712748e+01 1.699803e+01
      vertex 2.601012e+01 -3.345705e+01 2.039784e+01
      vertex 2.899138e+01 -3.075500e+01 2.039784e+01
    endloop
  endfacet
  facet normal -3.899144e-01 4.489569e-01 8.027334e-01
    outer loop
      vertex 2.247947e+01 -3.053603e+01 1.699803e+01
      vertex 2.601012e+01 -3.345705e+01 2.039784e+01
      vertex 2.626504e+01 -2.712748e+01 1.699803e+01
    endloop
  endfacet
  facet normal -3.789565e-01 4.787067e-01 7.915254e-01
    outer loop
      vertex 2.247947e+01 -3.053603e+01 1.699803e+01
      vertex 2.544199e+01 -3.391491e+01 2.039784e+01
      vertex 2.601012e+01 -3.345705e+01 2.039784e+01
    endloop
  endfacet
  facet normal -3.616358e-01 4.913483e-01 7.915254e-01
    outer loop
      vertex 2.247947e+01 -3.053603e+01 1.699803e+01
      vertex 2.277838e+01 -3.585388e+01 2.039784e+01
      vertex 2.544199e+01 -3.391491e+01 2.039784e+01
    endloop
  endfacet
  facet normal -3.301187e-01 4.947835e-01 8.027334e-01
    outer loop
      vertex 1.825635e+01 -3.338455e+01 1.699803e+01
      vertex 2.277838e+01 -3.585388e+01 2.039784e+01
      vertex 2.247947e+01 -3.053603e+01 1.699803e+01
    endloop
  endfacet
  facet normal -3.151271e-01 5.227188e-01 7.915254e-01
    outer loop
      vertex 1.825635e+01 -3.338455e+01 1.699803e+01
      vertex 2.093061e+01 -3.701854e+01 2.039784e+01
      vertex 2.277838e+01 -3.585388e+01 2.039784e+01
    endloop
  endfacet
  facet normal -2.968003e-01 5.334105e-01 7.915254e-01
    outer loop
      vertex 1.932727e+01 -3.792239e+01 2.039784e+01
      vertex 2.093061e+01 -3.701854e+01 2.039784e+01
      vertex 1.825635e+01 -3.338455e+01 1.699803e+01
    endloop
  endfacet
  facet normal -1.177545e-01 1.589281e-02 9.928706e-01
    outer loop
      vertex 5.496048e+00 -2.931844e+00 4.276726e+00
      vertex 6.491651e+00 -2.433450e+00 4.384529e+00
      vertex 6.185117e+00 -2.493006e+00 4.347322e+00
    endloop
  endfacet
  facet normal -1.389672e-01 2.457885e-02 9.893739e-01
    outer loop
      vertex 5.496048e+00 -2.931844e+00 4.276726e+00
      vertex 9.579000e+00 -3.799702e+00 4.905962e+00
      vertex 6.491651e+00 -2.433450e+00 4.384529e+00
    endloop
  endfacet
  facet normal -1.558193e-01 4.203777e-02 9.861147e-01
    outer loop
      vertex 9.202410e+00 -5.113026e+00 4.905962e+00
      vertex 9.579000e+00 -3.799702e+00 4.905962e+00
      vertex 5.496048e+00 -2.931844e+00 4.276726e+00
    endloop
  endfacet
  facet normal -2.023312e-01 6.436028e-02 9.764467e-01
    outer loop
      vertex 9.202410e+00 -5.113026e+00 4.905962e+00
      vertex 1.306727e+01 -6.519719e+00 5.858146e+00
      vertex 9.579000e+00 -3.799702e+00 4.905962e+00
    endloop
  endfacet
  facet normal -2.182007e-01 9.236360e-02 9.707283e-01
    outer loop
      vertex 1.227818e+01 -8.292045e+00 5.858146e+00
      vertex 1.306727e+01 -6.519719e+00 5.858146e+00
      vertex 9.202410e+00 -5.113026e+00 4.905962e+00
    endloop
  endfacet
  facet normal -2.630075e-01 1.260666e-01 9.552967e-01
    outer loop
      vertex 1.227818e+01 -8.292045e+00 5.858146e+00
      vertex 1.700528e+01 -1.080549e+01 7.593581e+00
      vertex 1.306727e+01 -6.519719e+00 5.858146e+00
    endloop
  endfacet
  facet normal -2.758919e-01 1.652069e-01 9.455835e-01
    outer loop
      vertex 1.558140e+01 -1.308418e+01 7.593581e+00
      vertex 1.700528e+01 -1.080549e+01 7.593581e+00
      vertex 1.227818e+01 -8.292045e+00 5.858146e+00
    endloop
  endfacet
  facet normal -3.099353e-01 2.049769e-01 9.275789e-01
    outer loop
      vertex 1.558140e+01 -1.308418e+01 7.593581e+00
      vertex 1.873653e+01 -1.537651e+01 9.210488e+00
      vertex 1.700528e+01 -1.080549e+01 7.593581e+00
    endloop
  endfacet
  facet normal -3.051235e-01 2.453341e-01 9.192874e-01
    outer loop
      vertex 1.665964e+01 -1.785165e+01 9.210488e+00
      vertex 1.873653e+01 -1.537651e+01 9.210488e+00
      vertex 1.558140e+01 -1.308418e+01 7.593581e+00
    endloop
  endfacet
  facet normal -3.218702e-01 2.842294e-01 9.022393e-01
    outer loop
      vertex 1.665964e+01 -1.785165e+01 9.210488e+00
      vertex 1.938712e+01 -2.048554e+01 1.106754e+01
      vertex 1.873653e+01 -1.537651e+01 9.210488e+00
    endloop
  endfacet
  facet normal -3.063090e-01 3.258593e-01 8.934824e-01
    outer loop
      vertex 1.659285e+01 -2.300151e+01 1.106754e+01
      vertex 1.938712e+01 -2.048554e+01 1.106754e+01
      vertex 1.665964e+01 -1.785165e+01 9.210488e+00
    endloop
  endfacet
  facet normal -3.158327e-01 3.691251e-01 8.728418e-01
    outer loop
      vertex 1.659285e+01 -2.300151e+01 1.106754e+01
      vertex 1.959773e+01 -2.684757e+01 1.387168e+01
      vertex 1.938712e+01 -2.048554e+01 1.106754e+01
    endloop
  endfacet
  facet normal -2.921139e-01 4.136950e-01 8.609580e-01
    outer loop
      vertex 1.591599e+01 -2.933093e+01 1.387168e+01
      vertex 1.959773e+01 -2.684757e+01 1.387168e+01
      vertex 1.659285e+01 -2.300151e+01 1.106754e+01
    endloop
  endfacet
  facet normal -2.932826e-01 4.589661e-01 8.373633e-01
    outer loop
      vertex 1.591599e+01 -2.933093e+01 1.387168e+01
      vertex 1.825635e+01 -3.338455e+01 1.699803e+01
      vertex 1.959773e+01 -2.684757e+01 1.387168e+01
    endloop
  endfacet
  facet normal -2.574122e-01 4.997525e-01 8.256524e-01
    outer loop
      vertex 1.367790e+01 -3.561762e+01 1.699803e+01
      vertex 1.825635e+01 -3.338455e+01 1.699803e+01
      vertex 1.591599e+01 -2.933093e+01 1.387168e+01
    endloop
  endfacet
  facet normal -2.651118e-01 5.324259e-01 8.027334e-01
    outer loop
      vertex 1.367790e+01 -3.561762e+01 1.699803e+01
      vertex 1.932727e+01 -3.792239e+01 2.039784e+01
      vertex 1.825635e+01 -3.338455e+01 1.699803e+01
    endloop
  endfacet
  facet normal -2.493946e-01 5.567567e-01 7.915254e-01
    outer loop
      vertex 1.595212e+01 -3.953305e+01 2.039784e+01
      vertex 1.932727e+01 -3.792239e+01 2.039784e+01
      vertex 1.367790e+01 -3.561762e+01 1.699803e+01
    endloop
  endfacet
  facet normal -2.334241e-01 5.641770e-01 7.915254e-01
    outer loop
      vertex 1.367790e+01 -3.561762e+01 1.699803e+01
      vertex 1.569002e+01 -3.964269e+01 2.039784e+01
      vertex 1.595212e+01 -3.953305e+01 2.039784e+01
    endloop
  endfacet
  facet normal -2.096767e-01 5.725557e-01 7.915254e-01
    outer loop
      vertex 1.367790e+01 -3.561762e+01 1.699803e+01
      vertex 1.190167e+01 -4.099818e+01 2.039784e+01
      vertex 1.569002e+01 -3.964269e+01 2.039784e+01
    endloop
  endfacet
  facet normal -1.767499e-01 5.678594e-01 8.027334e-01
    outer loop
      vertex 8.833223e+00 -3.719175e+01 1.699803e+01
      vertex 1.190167e+01 -4.099818e+01 2.039784e+01
      vertex 1.367790e+01 -3.561762e+01 1.699803e+01
    endloop
  endfacet
  facet normal -1.546391e-01 5.905802e-01 7.915254e-01
    outer loop
      vertex 8.833223e+00 -3.719175e+01 1.699803e+01
      vertex 1.052278e+01 -4.139027e+01 2.039784e+01
      vertex 1.190167e+01 -4.099818e+01 2.039784e+01
    endloop
  endfacet
  facet normal -1.352115e-01 5.951469e-01 7.915254e-01
    outer loop
      vertex 7.998703e+00 -4.197582e+01 2.039784e+01
      vertex 1.052278e+01 -4.139027e+01 2.039784e+01
      vertex 8.833223e+00 -3.719175e+01 1.699803e+01
    endloop
  endfacet
  facet normal -9.097535e-02 3.625506e-02 9.951506e-01
    outer loop
      vertex 4.345248e+00 -3.904343e+00 4.197456e+00
      vertex 5.279976e+00 -3.685377e+00 4.276726e+00
      vertex 4.345248e+00 -3.424231e+00 4.179618e+00
    endloop
  endfacet
  facet normal -9.476449e-02 4.302776e-02 9.945248e-01
    outer loop
      vertex 4.961135e+00 -4.401505e+00 4.276726e+00
      vertex 5.279976e+00 -3.685377e+00 4.276726e+00
      vertex 4.345248e+00 -3.904343e+00 4.197456e+00
    endloop
  endfacet
  facet normal -1.217130e-01 5.897573e-02 9.900644e-01
    outer loop
      vertex 4.961135e+00 -4.401505e+00 4.276726e+00
      vertex 8.646706e+00 -6.361158e+00 4.905962e+00
      vertex 5.279976e+00 -3.685377e+00 4.276726e+00
    endloop
  endfacet
  facet normal -1.381960e-01 8.335892e-02 9.861147e-01
    outer loop
      vertex 7.922703e+00 -7.519804e+00 4.905962e+00
      vertex 8.646706e+00 -6.361158e+00 4.905962e+00
      vertex 4.961135e+00 -4.401505e+00 4.276726e+00
    endloop
  endfacet
  facet normal -1.767532e-01 1.176371e-01 9.764467e-01
    outer loop
      vertex 7.922703e+00 -7.519804e+00 4.905962e+00
      vertex 1.125011e+01 -9.937303e+00 5.858146e+00
      vertex 8.646706e+00 -6.361158e+00 4.905962e+00
    endloop
  endfacet
  facet normal -1.842891e-01 1.489298e-01 9.707283e-01
    outer loop
      vertex 1.000306e+01 -1.142347e+01 5.858146e+00
      vertex 1.125011e+01 -9.937303e+00 5.858146e+00
      vertex 7.922703e+00 -7.519804e+00 4.905962e+00
    endloop
  endfacet
  facet normal -2.180704e-01 1.936777e-01 9.552967e-01
    outer loop
      vertex 1.000306e+01 -1.142347e+01 5.858146e+00
      vertex 1.385425e+01 -1.514252e+01 7.593581e+00
      vertex 1.125011e+01 -9.937303e+00 5.858146e+00
    endloop
  endfacet
  facet normal -2.196671e-01 2.348532e-01 9.455835e-01
    outer loop
      vertex 1.185744e+01 -1.694045e+01 7.593581e+00
      vertex 1.385425e+01 -1.514252e+01 7.593581e+00
      vertex 1.000306e+01 -1.142347e+01 5.858146e+00
    endloop
  endfacet
  facet normal -2.414297e-01 2.824662e-01 9.275789e-01
    outer loop
      vertex 1.185744e+01 -1.694045e+01 7.593581e+00
      vertex 1.425849e+01 -2.001366e+01 9.210488e+00
      vertex 1.385425e+01 -1.514252e+01 7.593581e+00
    endloop
  endfacet
  facet normal -2.256803e-01 3.199337e-01 9.192874e-01
    outer loop
      vertex 1.157981e+01 -2.182045e+01 9.210488e+00
      vertex 1.425849e+01 -2.001366e+01 9.210488e+00
      vertex 1.185744e+01 -1.694045e+01 7.593581e+00
    endloop
  endfacet
  facet normal -2.310573e-01 3.619382e-01 9.022393e-01
    outer loop
      vertex 1.157981e+01 -2.182045e+01 9.210488e+00
      vertex 1.347563e+01 -2.510410e+01 1.106754e+01
      vertex 1.425849e+01 -2.001366e+01 9.210488e+00
    endloop
  endfacet
  facet normal -2.046241e-01 3.976662e-01 8.934824e-01
    outer loop
      vertex 1.009612e+01 -2.675240e+01 1.106754e+01
      vertex 1.347563e+01 -2.510410e+01 1.106754e+01
      vertex 1.157981e+01 -2.182045e+01 9.210488e+00
    endloop
  endfacet
  facet normal -2.018532e-01 4.418811e-01 8.728418e-01
    outer loop
      vertex 1.009612e+01 -2.675240e+01 1.106754e+01
      vertex 1.192447e+01 -3.127773e+01 1.387168e+01
      vertex 1.347563e+01 -2.510410e+01 1.106754e+01
    endloop
  endfacet
  facet normal -1.667681e-01 4.781866e-01 8.609580e-01
    outer loop
      vertex 7.700855e+00 -3.265006e+01 1.387168e+01
      vertex 1.192447e+01 -3.127773e+01 1.387168e+01
      vertex 1.009612e+01 -2.675240e+01 1.106754e+01
    endloop
  endfacet
  facet normal -1.554132e-01 5.220261e-01 8.373633e-01
    outer loop
      vertex 7.700855e+00 -3.265006e+01 1.387168e+01
      vertex 8.833223e+00 -3.719175e+01 1.699803e+01
      vertex 1.192447e+01 -3.127773e+01 1.387168e+01
    endloop
  endfacet
  facet normal -1.096900e-01 5.513453e-01 8.256524e-01
    outer loop
      vertex 3.816617e+00 -3.807631e+01 1.699803e+01
      vertex 8.833223e+00 -3.719175e+01 1.699803e+01
      vertex 7.700855e+00 -3.265006e+01 1.387168e+01
    endloop
  endfacet
  facet normal -1.050220e-01 5.854659e-01 8.027334e-01
    outer loop
      vertex 3.816617e+00 -3.807631e+01 1.699803e+01
      vertex 7.998703e+00 -4.197582e+01 2.039784e+01
      vertex 8.833223e+00 -3.719175e+01 1.699803e+01
    endloop
  endfacet
  facet normal -8.187629e-02 6.046786e-01 7.915254e-01
    outer loop
      vertex 4.661734e+00 -4.249774e+01 2.039784e+01
      vertex 7.998703e+00 -4.197582e+01 2.039784e+01
      vertex 3.816617e+00 -3.807631e+01 1.699803e+01
    endloop
  endfacet
  facet normal -6.437682e-02 6.071549e-01 7.915254e-01
    outer loop
      vertex 3.816617e+00 -3.807631e+01 1.699803e+01
      vertex 4.018703e+00 -4.256620e+01 2.039784e+01
      vertex 4.661734e+00 -4.249774e+01 2.039784e+01
    endloop
  endfacet
  facet normal -4.067460e-02 6.085069e-01 7.915254e-01
    outer loop
      vertex 3.816617e+00 -3.807631e+01 1.699803e+01
      vertex -7.531578e-15 -4.276362e+01 2.039784e+01
      vertex 4.018703e+00 -4.256620e+01 2.039784e+01
    endloop
  endfacet
  facet normal -1.348358e-02 5.945804e-01 8.027334e-01
    outer loop
      vertex -1.274275e+00 -3.825409e+01 1.699803e+01
      vertex -7.531578e-15 -4.276362e+01 2.039784e+01
      vertex 3.816617e+00 -3.807631e+01 1.699803e+01
    endloop
  endfacet
  facet normal 1.403344e-02 6.103265e-01 7.915254e-01
    outer loop
      vertex -1.274275e+00 -3.825409e+01 1.699803e+01
      vertex -1.577990e+00 -4.273325e+01 2.039784e+01
      vertex -7.531578e-15 -4.276362e+01 2.039784e+01
    endloop
  endfacet
  facet normal 3.276461e-02 6.094832e-01 7.915254e-01
    outer loop
      vertex -1.274275e+00 -3.825409e+01 1.699803e+01
      vertex -4.018703e+00 -4.256620e+01 2.039784e+01
      vertex -1.577990e+00 -4.273325e+01 2.039784e+01
    endloop
  endfacet
  facet normal 5.911621e-02 5.918560e-01 8.027334e-01
    outer loop
      vertex -6.340365e+00 -3.772162e+01 1.699803e+01
      vertex -4.018703e+00 -4.256620e+01 2.039784e+01
      vertex -1.274275e+00 -3.825409e+01 1.699803e+01
    endloop
  endfacet
  facet normal 9.122691e-02 6.031305e-01 7.915254e-01
    outer loop
      vertex -6.340365e+00 -3.772162e+01 1.699803e+01
      vertex -7.644717e+00 -4.204461e+01 2.039784e+01
      vertex -4.018703e+00 -4.256620e+01 2.039784e+01
    endloop
  endfacet
  facet normal 1.131645e-01 5.999682e-01 7.915254e-01
    outer loop
      vertex -7.998703e+00 -4.197582e+01 2.039784e+01
      vertex -7.644717e+00 -4.204461e+01 2.039784e+01
      vertex -6.340365e+00 -3.772162e+01 1.699803e+01
    endloop
  endfacet
  facet normal -7.388734e-02 4.871731e-02 9.959295e-01
    outer loop
      vertex 2.898020e+00 -3.904343e+00 4.095011e+00
      vertex 4.545732e+00 -5.066290e+00 4.276726e+00
      vertex 3.897688e+00 -3.904343e+00 4.161399e+00
    endloop
  endfacet
  facet normal -7.460042e-02 6.046513e-02 9.951862e-01
    outer loop
      vertex 4.041850e+00 -5.666792e+00 4.276726e+00
      vertex 4.545732e+00 -5.066290e+00 4.276726e+00
      vertex 2.898020e+00 -3.904343e+00 4.095011e+00
    endloop
  endfacet
  facet normal -1.007421e-01 9.023973e-02 9.900644e-01
    outer loop
      vertex 4.041850e+00 -5.666792e+00 4.276726e+00
      vertex 7.044495e+00 -8.566412e+00 4.905962e+00
      vertex 4.545732e+00 -5.066290e+00 4.276726e+00
    endloop
  endfacet
  facet normal -1.098657e-01 1.182217e-01 9.861147e-01
    outer loop
      vertex 6.029173e+00 -9.480612e+00 4.905962e+00
      vertex 7.044495e+00 -8.566412e+00 4.905962e+00
      vertex 4.041850e+00 -5.666792e+00 4.276726e+00
    endloop
  endfacet
  facet normal -1.374809e-01 1.617998e-01 9.764467e-01
    outer loop
      vertex 6.029173e+00 -9.480612e+00 4.905962e+00
      vertex 8.561324e+00 -1.272162e+01 5.858146e+00
      vertex 7.044495e+00 -8.566412e+00 4.905962e+00
    endloop
  endfacet
  facet normal -1.360995e-01 1.939576e-01 9.707283e-01
    outer loop
      vertex 6.952948e+00 -1.380648e+01 5.858146e+00
      vertex 8.561324e+00 -1.272162e+01 5.858146e+00
      vertex 6.029173e+00 -9.480612e+00 4.905962e+00
    endloop
  endfacet
  facet normal -1.562379e-01 2.462833e-01 9.552967e-01
    outer loop
      vertex 6.952948e+00 -1.380648e+01 5.858146e+00
      vertex 9.629837e+00 -1.844299e+01 7.593581e+00
      vertex 8.561324e+00 -1.272162e+01 5.858146e+00
    endloop
  endfacet
  facet normal -1.464233e-01 2.863038e-01 9.455835e-01
    outer loop
      vertex 7.214801e+00 -1.962088e+01 7.593581e+00
      vertex 9.629837e+00 -1.844299e+01 7.593581e+00
      vertex 6.952948e+00 -1.380648e+01 5.858146e+00
    endloop
  endfacet
  facet normal -1.542189e-01 3.380710e-01 9.275789e-01
    outer loop
      vertex 7.214801e+00 -1.962088e+01 7.593581e+00
      vertex 8.675750e+00 -2.323686e+01 9.210488e+00
      vertex 9.629837e+00 -1.844299e+01 7.593581e+00
    endloop
  endfacet
  facet normal -1.287522e-01 3.697460e-01 9.192874e-01
    outer loop
      vertex 5.602821e+00 -2.423531e+01 9.210488e+00
      vertex 8.675750e+00 -2.323686e+01 9.210488e+00
      vertex 7.214801e+00 -1.962088e+01 7.593581e+00
    endloop
  endfacet
  facet normal -1.223428e-01 4.116054e-01 9.022393e-01
    outer loop
      vertex 5.602821e+00 -2.423531e+01 9.210488e+00
      vertex 6.520101e+00 -2.791432e+01 1.106754e+01
      vertex 8.675750e+00 -2.323686e+01 9.210488e+00
    endloop
  endfacet
  facet normal -8.708567e-02 4.386634e-01 8.934824e-01
    outer loop
      vertex 2.817174e+00 -2.856724e+01 1.106754e+01
      vertex 6.520101e+00 -2.791432e+01 1.106754e+01
      vertex 5.602821e+00 -2.423531e+01 9.210488e+00
    endloop
  endfacet
  facet normal -7.223479e-02 4.804017e-01 8.728418e-01
    outer loop
      vertex 2.817174e+00 -2.856724e+01 1.106754e+01
      vertex 3.327349e+00 -3.342123e+01 1.387168e+01
      vertex 6.520101e+00 -2.791432e+01 1.106754e+01
    endloop
  endfacet
  facet normal -2.850171e-02 5.056301e-01 8.609580e-01
    outer loop
      vertex -1.110920e+00 -3.357622e+01 1.387168e+01
      vertex 3.327349e+00 -3.342123e+01 1.387168e+01
      vertex 2.817174e+00 -2.856724e+01 1.106754e+01
    endloop
  endfacet
  facet normal -5.502795e-03 5.446414e-01 8.373633e-01
    outer loop
      vertex -1.110920e+00 -3.357622e+01 1.387168e+01
      vertex -1.274275e+00 -3.825409e+01 1.699803e+01
      vertex 3.327349e+00 -3.342123e+01 1.387168e+01
    endloop
  endfacet
  facet normal 4.348166e-02 5.429308e-01 8.373633e-01
    outer loop
      vertex -5.527567e+00 -3.311201e+01 1.387168e+01
      vertex -1.274275e+00 -3.825409e+01 1.699803e+01
      vertex -1.110920e+00 -3.357622e+01 1.387168e+01
    endloop
  endfacet
  facet normal 7.096296e-02 5.576539e-01 8.256524e-01
    outer loop
      vertex -5.527567e+00 -3.311201e+01 1.387168e+01
      vertex -6.340365e+00 -3.772162e+01 1.699803e+01
      vertex -1.274275e+00 -3.825409e+01 1.699803e+01
    endloop
  endfacet
  facet normal 1.240455e-01 5.482941e-01 8.256524e-01
    outer loop
      vertex -1.128305e+01 -3.648927e+01 1.699803e+01
      vertex -6.340365e+00 -3.772162e+01 1.699803e+01
      vertex -5.527567e+00 -3.311201e+01 1.387168e+01
    endloop
  endfacet
  facet normal 1.341364e-01 5.793338e-01 8.027334e-01
    outer loop
      vertex -1.128305e+01 -3.648927e+01 1.699803e+01
      vertex -7.998703e+00 -4.197582e+01 2.039784e+01
      vertex -6.340365e+00 -3.772162e+01 1.699803e+01
    endloop
  endfacet
  facet normal 1.578694e-01 5.890413e-01 7.915254e-01
    outer loop
      vertex -1.190167e+01 -4.099818e+01 2.039784e+01
      vertex -7.998703e+00 -4.197582e+01 2.039784e+01
      vertex -1.128305e+01 -3.648927e+01 1.699803e+01
    endloop
  endfacet
  facet normal 1.816187e-01 5.828440e-01 7.915254e-01
    outer loop
      vertex -1.128305e+01 -3.648927e+01 1.699803e+01
      vertex -1.329276e+01 -4.054896e+01 2.039784e+01
      vertex -1.190167e+01 -4.099818e+01 2.039784e+01
    endloop
  endfacet
  facet normal 2.009924e-01 5.762544e-01 7.915254e-01
    outer loop
      vertex -1.128305e+01 -3.648927e+01 1.699803e+01
      vertex -1.569002e+01 -3.964269e+01 2.039784e+01
      vertex -1.329276e+01 -4.054896e+01 2.039784e+01
    endloop
  endfacet
  facet normal 2.214644e-01 5.520465e-01 8.027334e-01
    outer loop
      vertex -1.600612e+01 -3.458102e+01 1.699803e+01
      vertex -1.569002e+01 -3.964269e+01 2.039784e+01
      vertex -1.128305e+01 -3.648927e+01 1.699803e+01
    endloop
  endfacet
  facet normal 2.556789e-01 5.539122e-01 7.915254e-01
    outer loop
      vertex -1.600612e+01 -3.458102e+01 1.699803e+01
      vertex -1.849873e+01 -3.835320e+01 2.039784e+01
      vertex -1.569002e+01 -3.964269e+01 2.039784e+01
    endloop
  endfacet
  facet normal 2.772134e-01 5.439338e-01 7.915254e-01
    outer loop
      vertex -1.600612e+01 -3.458102e+01 1.699803e+01
      vertex -1.932727e+01 -3.792239e+01 2.039784e+01
      vertex -1.849873e+01 -3.835320e+01 2.039784e+01
    endloop
  endfacet
  facet normal 2.914452e-01 5.184392e-01 8.027334e-01
    outer loop
      vertex -2.041765e+01 -3.203403e+01 1.699803e+01
      vertex -1.932727e+01 -3.792239e+01 2.039784e+01
      vertex -1.600612e+01 -3.458102e+01 1.699803e+01
    endloop
  endfacet
  facet normal 3.223699e-01 5.177178e-01 7.915254e-01
    outer loop
      vertex -2.041765e+01 -3.203403e+01 1.699803e+01
      vertex -2.277838e+01 -3.585388e+01 2.039784e+01
      vertex -1.932727e+01 -3.792239e+01 2.039784e+01
    endloop
  endfacet
  facet normal 3.448869e-01 5.019084e-01 7.927349e-01
    outer loop
      vertex -2.364467e+01 -3.465830e+01 2.000815e+01
      vertex -2.277838e+01 -3.585388e+01 2.039784e+01
      vertex -2.041765e+01 -3.203403e+01 1.699803e+01
    endloop
  endfacet
  facet normal 3.547910e-01 5.130837e-01 7.815269e-01
    outer loop
      vertex -2.364467e+01 -3.465830e+01 2.000815e+01
      vertex -2.324577e+01 -3.553690e+01 2.039784e+01
      vertex -2.277838e+01 -3.585388e+01 2.039784e+01
    endloop
  endfacet
  facet normal 3.595570e-01 5.098026e-01 7.815269e-01
    outer loop
      vertex -2.399509e+01 -3.500871e+01 2.039784e+01
      vertex -2.324577e+01 -3.553690e+01 2.039784e+01
      vertex -2.364467e+01 -3.465830e+01 2.000815e+01
    endloop
  endfacet
  facet normal 3.888332e-01 4.657348e-01 7.939445e-01
    outer loop
      vertex -2.443177e+01 -2.889785e+01 1.699803e+01
      vertex -2.718848e+01 -3.179555e+01 2.000815e+01
      vertex -2.364467e+01 -3.465830e+01 2.000815e+01
    endloop
  endfacet
  facet normal 4.143791e-01 4.440286e-01 7.939445e-01
    outer loop
      vertex -2.443177e+01 -2.889785e+01 1.699803e+01
      vertex -2.864550e+01 -3.040913e+01 2.000815e+01
      vertex -2.718848e+01 -3.179555e+01 2.000815e+01
    endloop
  endfacet
  facet normal 4.242509e-01 4.147151e-01 8.039430e-01
    outer loop
      vertex -2.797036e+01 -2.523354e+01 1.699803e+01
      vertex -2.864550e+01 -3.040913e+01 2.000815e+01
      vertex -2.443177e+01 -2.889785e+01 1.699803e+01
    endloop
  endfacet
  facet normal 4.532020e-01 4.038263e-01 7.939445e-01
    outer loop
      vertex -2.797036e+01 -2.523354e+01 1.699803e+01
      vertex -3.091616e+01 -2.794226e+01 2.000815e+01
      vertex -2.864550e+01 -3.040913e+01 2.000815e+01
    endloop
  endfacet
  facet normal 4.759251e-01 3.768529e-01 7.939445e-01
    outer loop
      vertex -2.797036e+01 -2.523354e+01 1.699803e+01
      vertex -3.289468e+01 -2.540830e+01 2.000815e+01
      vertex -3.091616e+01 -2.794226e+01 2.000815e+01
    endloop
  endfacet
  facet normal 4.816212e-01 3.464508e-01 8.039430e-01
    outer loop
      vertex -3.096453e+01 -2.111241e+01 1.699803e+01
      vertex -3.289468e+01 -2.540830e+01 2.000815e+01
      vertex -2.797036e+01 -2.523354e+01 1.699803e+01
    endloop
  endfacet
  facet normal 5.114151e-01 3.571734e-01 7.815269e-01
    outer loop
      vertex -3.289468e+01 -2.540830e+01 2.000815e+01
      vertex -3.409026e+01 -2.454200e+01 2.039784e+01
      vertex -3.324509e+01 -2.575871e+01 2.039784e+01
    endloop
  endfacet
  facet normal 5.179585e-01 3.475528e-01 7.815269e-01
    outer loop
      vertex -3.289468e+01 -2.540830e+01 2.000815e+01
      vertex -3.453203e+01 -2.386653e+01 2.039784e+01
      vertex -3.409026e+01 -2.454200e+01 2.039784e+01
    endloop
  endfacet
  facet normal 5.088529e-01 3.343562e-01 7.927349e-01
    outer loop
      vertex -3.096453e+01 -2.111241e+01 1.699803e+01
      vertex -3.453203e+01 -2.386653e+01 2.039784e+01
      vertex -3.289468e+01 -2.540830e+01 2.000815e+01
    endloop
  endfacet
  facet normal 5.249718e-01 3.107439e-01 7.915254e-01
    outer loop
      vertex -3.096453e+01 -2.111241e+01 1.699803e+01
      vertex -3.615877e+01 -2.109089e+01 2.039784e+01
      vertex -3.453203e+01 -2.386653e+01 2.039784e+01
    endloop
  endfacet
  facet normal 5.263036e-01 2.771275e-01 8.027334e-01
    outer loop
      vertex -3.335602e+01 -1.661468e+01 1.699803e+01
      vertex -3.615877e+01 -2.109089e+01 2.039784e+01
      vertex -3.096453e+01 -2.111241e+01 1.699803e+01
    endloop
  endfacet
  facet normal 5.525188e-01 2.592981e-01 7.915254e-01
    outer loop
      vertex -3.335602e+01 -1.661468e+01 1.699803e+01
      vertex -3.719939e+01 -1.900327e+01 2.039784e+01
      vertex -3.615877e+01 -2.109089e+01 2.039784e+01
    endloop
  endfacet
  facet normal 5.611708e-01 2.402865e-01 7.915254e-01
    outer loop
      vertex -3.787906e+01 -1.745364e+01 2.039784e+01
      vertex -3.719939e+01 -1.900327e+01 2.039784e+01
      vertex -3.335602e+01 -1.661468e+01 1.699803e+01
    endloop
  endfacet
  facet normal 8.515707e-02 1.944954e-01 9.764467e-01
    outer loop
      vertex -4.292969e+00 -1.056551e+01 4.905962e+00
      vertex -6.095943e+00 -1.426216e+01 5.858146e+00
      vertex -3.026203e+00 -1.107732e+01 4.905962e+00
    endloop
  endfacet
  facet normal 1.146658e-01 2.073508e-01 9.707283e-01
    outer loop
      vertex -7.776078e+00 -1.329213e+01 5.858146e+00
      vertex -6.095943e+00 -1.426216e+01 5.858146e+00
      vertex -4.292969e+00 -1.056551e+01 4.905962e+00
    endloop
  endfacet
  facet normal 1.528677e-01 2.483892e-01 9.552967e-01
    outer loop
      vertex -7.776078e+00 -1.329213e+01 5.858146e+00
      vertex -1.076987e+01 -1.773062e+01 7.593581e+00
      vertex -6.095943e+00 -1.426216e+01 5.858146e+00
    endloop
  endfacet
  facet normal 1.931404e-01 2.571117e-01 9.455835e-01
    outer loop
      vertex -1.288724e+01 -1.607635e+01 7.593581e+00
      vertex -1.076987e+01 -1.773062e+01 7.593581e+00
      vertex -7.776078e+00 -1.329213e+01 5.858146e+00
    endloop
  endfacet
  facet normal 2.362510e-01 2.868116e-01 9.275789e-01
    outer loop
      vertex -1.288724e+01 -1.607635e+01 7.593581e+00
      vertex -1.549682e+01 -1.897458e+01 9.210488e+00
      vertex -1.076987e+01 -1.773062e+01 7.593581e+00
    endloop
  endfacet
  facet normal 2.758842e-01 2.778076e-01 9.192874e-01
    outer loop
      vertex -1.774130e+01 -1.665035e+01 9.210488e+00
      vertex -1.549682e+01 -1.897458e+01 9.210488e+00
      vertex -1.288724e+01 -1.607635e+01 7.593581e+00
    endloop
  endfacet
  facet normal 3.163169e-01 2.903969e-01 9.022393e-01
    outer loop
      vertex -1.774130e+01 -1.665035e+01 9.210488e+00
      vertex -2.064586e+01 -1.908756e+01 1.106754e+01
      vertex -1.549682e+01 -1.897458e+01 9.210488e+00
    endloop
  endfacet
  facet normal 3.560922e-01 2.705694e-01 8.934824e-01
    outer loop
      vertex -2.285597e+01 -1.604562e+01 1.106754e+01
      vertex -2.064586e+01 -1.908756e+01 1.106754e+01
      vertex -1.774130e+01 -1.665035e+01 9.210488e+00
    endloop
  endfacet
  facet normal 4.001165e-01 2.755184e-01 8.728418e-01
    outer loop
      vertex -2.285597e+01 -1.604562e+01 1.106754e+01
      vertex -2.699506e+01 -1.863201e+01 1.387168e+01
      vertex -2.064586e+01 -1.908756e+01 1.106754e+01
    endloop
  endfacet
  facet normal 4.419630e-01 2.472708e-01 8.609580e-01
    outer loop
      vertex -2.907997e+01 -1.471086e+01 1.387168e+01
      vertex -2.699506e+01 -1.863201e+01 1.387168e+01
      vertex -2.285597e+01 -1.604562e+01 1.106754e+01
    endloop
  endfacet
  facet normal 4.871082e-01 2.437010e-01 8.373633e-01
    outer loop
      vertex -2.907997e+01 -1.471086e+01 1.387168e+01
      vertex -3.335602e+01 -1.661468e+01 1.699803e+01
      vertex -2.699506e+01 -1.863201e+01 1.387168e+01
    endloop
  endfacet
  facet normal 5.239217e-01 2.037637e-01 8.256524e-01
    outer loop
      vertex -3.509827e+01 -1.182789e+01 1.699803e+01
      vertex -3.335602e+01 -1.661468e+01 1.699803e+01
      vertex -2.907997e+01 -1.471086e+01 1.387168e+01
    endloop
  endfacet
  facet normal 5.568793e-01 2.088745e-01 8.027334e-01
    outer loop
      vertex -3.509827e+01 -1.182789e+01 1.699803e+01
      vertex -3.787906e+01 -1.745364e+01 2.039784e+01
      vertex -3.335602e+01 -1.661468e+01 1.699803e+01
    endloop
  endfacet
  facet normal 5.794266e-01 1.907241e-01 7.915254e-01
    outer loop
      vertex -3.922855e+01 -1.368507e+01 2.039784e+01
      vertex -3.787906e+01 -1.745364e+01 2.039784e+01
      vertex -3.509827e+01 -1.182789e+01 1.699803e+01
    endloop
  endfacet
  facet normal 5.850868e-01 1.745037e-01 7.915254e-01
    outer loop
      vertex -3.509827e+01 -1.182789e+01 1.699803e+01
      vertex -3.923455e+01 -1.366529e+01 2.039784e+01
      vertex -3.922855e+01 -1.368507e+01 2.039784e+01
    endloop
  endfacet
  facet normal 5.906134e-01 1.518222e-01 7.915254e-01
    outer loop
      vertex -3.509827e+01 -1.182789e+01 1.699803e+01
      vertex -4.021220e+01 -9.762326e+00 2.039784e+01
      vertex -3.923455e+01 -1.366529e+01 2.039784e+01
    endloop
  endfacet
  facet normal 5.828927e-01 1.182599e-01 8.027334e-01
    outer loop
      vertex -3.615737e+01 -6.845209e+00 1.699803e+01
      vertex -4.021220e+01 -9.762326e+00 2.039784e+01
      vertex -3.509827e+01 -1.182789e+01 1.699803e+01
    endloop
  endfacet
  facet normal 6.031780e-01 9.389517e-02 7.915254e-01
    outer loop
      vertex -3.615737e+01 -6.845209e+00 1.699803e+01
      vertex -4.053368e+01 -7.929730e+00 2.039784e+01
      vertex -4.021220e+01 -9.762326e+00 2.039784e+01
    endloop
  endfacet
  facet normal 6.058149e-01 7.469410e-02 7.915254e-01
    outer loop
      vertex -3.615737e+01 -6.845209e+00 1.699803e+01
      vertex -4.080257e+01 -5.782326e+00 2.039784e+01
      vertex -4.053368e+01 -7.929730e+00 2.039784e+01
    endloop
  endfacet
  facet normal 5.930313e-01 4.568189e-02 8.027334e-01
    outer loop
      vertex -3.651271e+01 -1.763623e+00 1.699803e+01
      vertex -4.080257e+01 -5.782326e+00 2.039784e+01
      vertex -3.615737e+01 -6.845209e+00 1.699803e+01
    endloop
  endfacet
  facet normal 6.097283e-01 1.873117e-02 7.915254e-01
    outer loop
      vertex -3.651271e+01 -1.763623e+00 1.699803e+01
      vertex -4.100000e+01 -1.763623e+00 2.039784e+01
      vertex -4.080257e+01 -5.782326e+00 2.039784e+01
    endloop
  endfacet
  facet normal 6.097283e-01 -1.873117e-02 7.915254e-01
    outer loop
      vertex -3.651271e+01 -1.763623e+00 1.699803e+01
      vertex -4.080257e+01 2.255080e+00 2.039784e+01
      vertex -4.100000e+01 -1.763623e+00 2.039784e+01
    endloop
  endfacet
  facet normal 5.930313e-01 -4.568189e-02 8.027334e-01
    outer loop
      vertex -3.615737e+01 3.317964e+00 1.699803e+01
      vertex -4.080257e+01 2.255080e+00 2.039784e+01
      vertex -3.651271e+01 -1.763623e+00 1.699803e+01
    endloop
  endfacet
  facet normal 6.058149e-01 -7.469410e-02 7.915254e-01
    outer loop
      vertex -3.615737e+01 3.317964e+00 1.699803e+01
      vertex -4.053368e+01 4.402485e+00 2.039784e+01
      vertex -4.080257e+01 2.255080e+00 2.039784e+01
    endloop
  endfacet
  facet normal 6.031780e-01 -9.389517e-02 7.915254e-01
    outer loop
      vertex -4.021220e+01 6.235080e+00 2.039784e+01
      vertex -4.053368e+01 4.402485e+00 2.039784e+01
      vertex -3.615737e+01 3.317964e+00 1.699803e+01
    endloop
  endfacet
  facet normal 5.850868e-01 -1.745037e-01 7.915254e-01
    outer loop
      vertex -3.509827e+01 8.300644e+00 1.699803e+01
      vertex -3.922855e+01 1.015783e+01 2.039784e+01
      vertex -3.923455e+01 1.013805e+01 2.039784e+01
    endloop
  endfacet
  facet normal 5.794266e-01 -1.907241e-01 7.915254e-01
    outer loop
      vertex -3.509827e+01 8.300644e+00 1.699803e+01
      vertex -3.787906e+01 1.392640e+01 2.039784e+01
      vertex -3.922855e+01 1.015783e+01 2.039784e+01
    endloop
  endfacet
  facet normal 5.568793e-01 -2.088745e-01 8.027334e-01
    outer loop
      vertex -3.335602e+01 1.308743e+01 1.699803e+01
      vertex -3.787906e+01 1.392640e+01 2.039784e+01
      vertex -3.509827e+01 8.300644e+00 1.699803e+01
    endloop
  endfacet
  facet normal 5.611708e-01 -2.402865e-01 7.915254e-01
    outer loop
      vertex -3.335602e+01 1.308743e+01 1.699803e+01
      vertex -3.719939e+01 1.547602e+01 2.039784e+01
      vertex -3.787906e+01 1.392640e+01 2.039784e+01
    endloop
  endfacet
  facet normal 5.525188e-01 -2.592981e-01 7.915254e-01
    outer loop
      vertex -3.335602e+01 1.308743e+01 1.699803e+01
      vertex -3.615877e+01 1.756364e+01 2.039784e+01
      vertex -3.719939e+01 1.547602e+01 2.039784e+01
    endloop
  endfacet
  facet normal 5.263035e-01 -2.771275e-01 8.027334e-01
    outer loop
      vertex -3.096453e+01 1.758516e+01 1.699803e+01
      vertex -3.615877e+01 1.756364e+01 2.039784e+01
      vertex -3.335602e+01 1.308743e+01 1.699803e+01
    endloop
  endfacet
  facet normal 5.249718e-01 -3.107439e-01 7.915254e-01
    outer loop
      vertex -3.096453e+01 1.758516e+01 1.699803e+01
      vertex -3.453203e+01 2.033929e+01 2.039784e+01
      vertex -3.615877e+01 1.756364e+01 2.039784e+01
    endloop
  endfacet
  facet normal 5.131282e-01 -3.308137e-01 7.915254e-01
    outer loop
      vertex -3.409026e+01 2.101476e+01 2.039784e+01
      vertex -3.453203e+01 2.033929e+01 2.039784e+01
      vertex -3.096453e+01 1.758516e+01 1.699803e+01
    endloop
  endfacet
  facet normal 4.234365e-01 -1.439133e-01 8.934824e-01
    outer loop
      vertex -2.462120e+01 9.198443e+00 1.106754e+01
      vertex -2.590722e+01 5.665152e+00 1.106754e+01
      vertex -2.226246e+01 4.620036e+00 9.210488e+00
    endloop
  endfacet
  facet normal 4.521575e-01 -1.776437e-01 8.728418e-01
    outer loop
      vertex -2.462120e+01 9.198443e+00 1.106754e+01
      vertex -2.907997e+01 1.118361e+01 1.387168e+01
      vertex -2.590722e+01 5.665152e+00 1.106754e+01
    endloop
  endfacet
  facet normal 4.521393e-01 -2.281318e-01 8.609580e-01
    outer loop
      vertex -2.699506e+01 1.510476e+01 1.387168e+01
      vertex -2.907997e+01 1.118361e+01 1.387168e+01
      vertex -2.462120e+01 9.198443e+00 1.106754e+01
    endloop
  endfacet
  facet normal 4.744247e-01 -2.675551e-01 8.373633e-01
    outer loop
      vertex -2.699506e+01 1.510476e+01 1.387168e+01
      vertex -3.096453e+01 1.758516e+01 1.699803e+01
      vertex -2.907997e+01 1.118361e+01 1.387168e+01
    endloop
  endfacet
  facet normal 4.619011e-01 -3.204076e-01 8.256524e-01
    outer loop
      vertex -2.797036e+01 2.170629e+01 1.699803e+01
      vertex -3.096453e+01 1.758516e+01 1.699803e+01
      vertex -2.699506e+01 1.510476e+01 1.387168e+01
    endloop
  endfacet
  facet normal 4.858966e-01 -3.429083e-01 8.027334e-01
    outer loop
      vertex -2.797036e+01 2.170629e+01 1.699803e+01
      vertex -3.409026e+01 2.101476e+01 2.039784e+01
      vertex -3.096453e+01 1.758516e+01 1.699803e+01
    endloop
  endfacet
  facet normal 4.835125e-01 -3.716828e-01 7.915254e-01
    outer loop
      vertex -3.169343e+01 2.424650e+01 2.039784e+01
      vertex -3.409026e+01 2.101476e+01 2.039784e+01
      vertex -2.797036e+01 2.170629e+01 1.699803e+01
    endloop
  endfacet
  facet normal 4.698739e-01 -3.898642e-01 7.915254e-01
    outer loop
      vertex -2.797036e+01 2.170629e+01 1.699803e+01
      vertex -3.128944e+01 2.473111e+01 2.039784e+01
      vertex -3.169343e+01 2.424650e+01 2.039784e+01
    endloop
  endfacet
  facet normal 4.554386e-01 -4.058758e-01 7.915254e-01
    outer loop
      vertex -2.797036e+01 2.170629e+01 1.699803e+01
      vertex -2.899138e+01 2.722776e+01 2.039784e+01
      vertex -3.128944e+01 2.473111e+01 2.039784e+01
    endloop
  endfacet
  facet normal 4.253245e-01 -4.157887e-01 8.027334e-01
    outer loop
      vertex -2.443177e+01 2.537061e+01 1.699803e+01
      vertex -2.899138e+01 2.722776e+01 2.039784e+01
      vertex -2.797036e+01 2.170629e+01 1.699803e+01
    endloop
  endfacet
  facet normal 4.164686e-01 -4.462305e-01 7.915254e-01
    outer loop
      vertex -2.443177e+01 2.537061e+01 1.699803e+01
      vertex -2.751677e+01 2.863090e+01 2.039784e+01
      vertex -2.899138e+01 2.722776e+01 2.039784e+01
    endloop
  endfacet
  facet normal 4.004570e-01 -4.606657e-01 7.915254e-01
    outer loop
      vertex -2.601012e+01 2.992981e+01 2.039784e+01
      vertex -2.751677e+01 2.863090e+01 2.039784e+01
      vertex -2.443177e+01 2.537061e+01 1.699803e+01
    endloop
  endfacet
  facet normal 3.042114e-01 -1.042356e-01 9.455835e-01
    outer loop
      vertex -1.759459e+01 6.069993e+00 7.593581e+00
      vertex -1.851359e+01 3.545063e+00 7.593581e+00
      vertex -1.336721e+01 2.069362e+00 5.858146e+00
    endloop
  endfacet
  facet normal 3.457796e-01 -1.360585e-01 9.275789e-01
    outer loop
      vertex -1.759459e+01 6.069993e+00 7.593581e+00
      vertex -2.115737e+01 7.656247e+00 9.210488e+00
      vertex -1.851359e+01 3.545063e+00 7.593581e+00
    endloop
  endfacet
  facet normal 3.494637e-01 -1.765342e-01 9.192874e-01
    outer loop
      vertex -1.964048e+01 1.050911e+01 9.210488e+00
      vertex -2.115737e+01 7.656247e+00 9.210488e+00
      vertex -1.759459e+01 6.069993e+00 7.593581e+00
    endloop
  endfacet
  facet normal 3.739312e-01 -2.110977e-01 9.022393e-01
    outer loop
      vertex -1.964048e+01 1.050911e+01 9.210488e+00
      vertex -2.285597e+01 1.251837e+01 1.106754e+01
      vertex -2.115737e+01 7.656247e+00 9.210488e+00
    endloop
  endfacet
  facet normal 3.673654e-01 -2.550533e-01 8.934824e-01
    outer loop
      vertex -2.064586e+01 1.556032e+01 1.106754e+01
      vertex -2.285597e+01 1.251837e+01 1.106754e+01
      vertex -1.964048e+01 1.050911e+01 9.210488e+00
    endloop
  endfacet
  facet normal 3.856764e-01 -2.953936e-01 8.728418e-01
    outer loop
      vertex -2.064586e+01 1.556032e+01 1.106754e+01
      vertex -2.438472e+01 1.869759e+01 1.387168e+01
      vertex -2.285597e+01 1.251837e+01 1.106754e+01
    endloop
  endfacet
  facet normal 3.717426e-01 -3.439209e-01 8.609580e-01
    outer loop
      vertex -2.129976e+01 2.189215e+01 1.387168e+01
      vertex -2.438472e+01 1.869759e+01 1.387168e+01
      vertex -2.064586e+01 1.556032e+01 1.106754e+01
    endloop
  endfacet
  facet normal 3.822981e-01 -3.879597e-01 8.373633e-01
    outer loop
      vertex -2.129976e+01 2.189215e+01 1.387168e+01
      vertex -2.443177e+01 2.537061e+01 1.699803e+01
      vertex -2.438472e+01 1.869759e+01 1.387168e+01
    endloop
  endfacet
  facet normal 3.556915e-01 -4.353127e-01 8.256524e-01
    outer loop
      vertex -2.041765e+01 2.850678e+01 1.699803e+01
      vertex -2.443177e+01 2.537061e+01 1.699803e+01
      vertex -2.129976e+01 2.189215e+01 1.387168e+01
    endloop
  endfacet
  facet normal 3.692563e-01 -4.662910e-01 8.027334e-01
    outer loop
      vertex -2.041765e+01 2.850678e+01 1.699803e+01
      vertex -2.601012e+01 2.992981e+01 2.039784e+01
      vertex -2.443177e+01 2.537061e+01 1.699803e+01
    endloop
  endfacet
  facet normal 3.578711e-01 -4.940994e-01 7.915254e-01
    outer loop
      vertex -2.324577e+01 3.200966e+01 2.039784e+01
      vertex -2.601012e+01 2.992981e+01 2.039784e+01
      vertex -2.041765e+01 2.850678e+01 1.699803e+01
    endloop
  endfacet
  facet normal 3.422933e-01 -5.055890e-01 7.915254e-01
    outer loop
      vertex -2.041765e+01 2.850678e+01 1.699803e+01
      vertex -2.277838e+01 3.232663e+01 2.039784e+01
      vertex -2.324577e+01 3.200966e+01 2.039784e+01
    endloop
  endfacet
  facet normal 3.223700e-01 -5.177178e-01 7.915254e-01
    outer loop
      vertex -2.041765e+01 2.850678e+01 1.699803e+01
      vertex -1.932727e+01 3.439515e+01 2.039784e+01
      vertex -2.277838e+01 3.232663e+01 2.039784e+01
    endloop
  endfacet
  facet normal 2.914452e-01 -5.184392e-01 8.027334e-01
    outer loop
      vertex -1.600612e+01 3.105378e+01 1.699803e+01
      vertex -1.932727e+01 3.439515e+01 2.039784e+01
      vertex -2.041765e+01 2.850678e+01 1.699803e+01
    endloop
  endfacet
  facet normal 2.772134e-01 -5.439337e-01 7.915254e-01
    outer loop
      vertex -1.600612e+01 3.105378e+01 1.699803e+01
      vertex -1.849873e+01 3.482595e+01 2.039784e+01
      vertex -1.932727e+01 3.439515e+01 2.039784e+01
    endloop
  endfacet
  facet normal 2.556789e-01 -5.539122e-01 7.915254e-01
    outer loop
      vertex -1.569002e+01 3.611544e+01 2.039784e+01
      vertex -1.849873e+01 3.482595e+01 2.039784e+01
      vertex -1.600612e+01 3.105378e+01 1.699803e+01
    endloop
  endfacet
  facet normal 1.525073e-01 -5.280477e-02 9.861147e-01
    outer loop
      vertex -8.946351e+00 2.219549e+00 4.905962e+00
      vertex -9.413636e+00 9.356941e-01 4.905962e+00
      vertex -5.401169e+00 -2.148623e-01 4.276726e+00
    endloop
  endfacet
  facet normal 1.973488e-01 -7.831741e-02 9.764467e-01
    outer loop
      vertex -8.946351e+00 2.219549e+00 4.905962e+00
      vertex -1.270367e+01 3.892415e+00 5.858146e+00
      vertex -9.413636e+00 9.356941e-01 4.905962e+00
    endloop
  endfacet
  facet normal 2.112262e-01 -1.073595e-01 9.707283e-01
    outer loop
      vertex -1.179287e+01 5.605380e+00 5.858146e+00
      vertex -1.270367e+01 3.892415e+00 5.858146e+00
      vertex -8.946351e+00 2.219549e+00 4.905962e+00
    endloop
  endfacet
  facet normal 2.535729e-01 -1.441060e-01 9.552967e-01
    outer loop
      vertex -1.179287e+01 5.605380e+00 5.858146e+00
      vertex -1.633313e+01 8.442450e+00 7.593581e+00
      vertex -1.270367e+01 3.892415e+00 5.858146e+00
    endloop
  endfacet
  facet normal 2.636956e-01 -1.840497e-01 9.455835e-01
    outer loop
      vertex -1.475377e+01 1.061626e+01 7.593581e+00
      vertex -1.633313e+01 8.442450e+00 7.593581e+00
      vertex -1.179287e+01 5.605380e+00 5.858146e+00
    endloop
  endfacet
  facet normal 2.948819e-01 -2.260975e-01 9.275789e-01
    outer loop
      vertex -1.475377e+01 1.061626e+01 7.593581e+00
      vertex -1.774130e+01 1.312310e+01 9.210488e+00
      vertex -1.633313e+01 8.442450e+00 7.593581e+00
    endloop
  endfacet
  facet normal 2.872666e-01 -2.660208e-01 9.192874e-01
    outer loop
      vertex -1.549682e+01 1.544734e+01 9.210488e+00
      vertex -1.774130e+01 1.312310e+01 9.210488e+00
      vertex -1.475377e+01 1.061626e+01 7.593581e+00
    endloop
  endfacet
  facet normal 3.012593e-01 -3.059895e-01 9.022393e-01
    outer loop
      vertex -1.549682e+01 1.544734e+01 9.210488e+00
      vertex -1.803391e+01 1.826507e+01 1.106754e+01
      vertex -1.774130e+01 1.312310e+01 9.210488e+00
    endloop
  endfacet
  facet normal 2.828321e-01 -3.464325e-01 8.934824e-01
    outer loop
      vertex -1.507095e+01 2.057999e+01 1.106754e+01
      vertex -1.803391e+01 1.826507e+01 1.106754e+01
      vertex -1.549682e+01 1.544734e+01 9.210488e+00
    endloop
  endfacet
  facet normal 2.893145e-01 -3.902574e-01 8.728418e-01
    outer loop
      vertex -1.507095e+01 2.057999e+01 1.106754e+01
      vertex -1.780022e+01 2.462629e+01 1.387168e+01
      vertex -1.803391e+01 1.826507e+01 1.106754e+01
    endloop
  endfacet
  facet normal 2.625445e-01 -4.330641e-01 8.609580e-01
    outer loop
      vertex -1.395423e+01 2.684678e+01 1.387168e+01
      vertex -1.780022e+01 2.462629e+01 1.387168e+01
      vertex -1.507095e+01 2.057999e+01 1.106754e+01
    endloop
  endfacet
  facet normal 2.605523e-01 -4.783064e-01 8.373633e-01
    outer loop
      vertex -1.395423e+01 2.684678e+01 1.387168e+01
      vertex -1.600612e+01 3.105378e+01 1.699803e+01
      vertex -1.780022e+01 2.462629e+01 1.387168e+01
    endloop
  endfacet
  facet normal 2.219242e-01 -5.164914e-01 8.256524e-01
    outer loop
      vertex -1.128305e+01 3.296202e+01 1.699803e+01
      vertex -1.600612e+01 3.105378e+01 1.699803e+01
      vertex -1.395423e+01 2.684678e+01 1.387168e+01
    endloop
  endfacet
  facet normal 2.214644e-01 -5.520465e-01 8.027334e-01
    outer loop
      vertex -1.128305e+01 3.296202e+01 1.699803e+01
      vertex -1.569002e+01 3.611544e+01 2.039784e+01
      vertex -1.600612e+01 3.105378e+01 1.699803e+01
    endloop
  endfacet
  facet normal 2.009924e-01 -5.762544e-01 7.915254e-01
    outer loop
      vertex -1.329276e+01 3.702172e+01 2.039784e+01
      vertex -1.569002e+01 3.611544e+01 2.039784e+01
      vertex -1.128305e+01 3.296202e+01 1.699803e+01
    endloop
  endfacet
  facet normal 1.816187e-01 -5.828440e-01 7.915254e-01
    outer loop
      vertex -1.128305e+01 3.296202e+01 1.699803e+01
      vertex -1.190167e+01 3.747093e+01 2.039784e+01
      vertex -1.329276e+01 3.702172e+01 2.039784e+01
    endloop
  endfacet
  facet normal 1.578694e-01 -5.890412e-01 7.915254e-01
    outer loop
      vertex -1.128305e+01 3.296202e+01 1.699803e+01
      vertex -7.998703e+00 3.844857e+01 2.039784e+01
      vertex -1.190167e+01 3.747093e+01 2.039784e+01
    endloop
  endfacet
  facet normal 1.341364e-01 -5.793338e-01 8.027334e-01
    outer loop
      vertex -6.340365e+00 3.419437e+01 1.699803e+01
      vertex -7.998703e+00 3.844857e+01 2.039784e+01
      vertex -1.128305e+01 3.296202e+01 1.699803e+01
    endloop
  endfacet
  facet normal 1.131645e-01 -5.999683e-01 7.915254e-01
    outer loop
      vertex -6.340365e+00 3.419437e+01 1.699803e+01
      vertex -7.644717e+00 3.851737e+01 2.039784e+01
      vertex -7.998703e+00 3.844857e+01 2.039784e+01
    endloop
  endfacet
  facet normal 9.122691e-02 -6.031305e-01 7.915254e-01
    outer loop
      vertex -6.340365e+00 3.419437e+01 1.699803e+01
      vertex -4.018703e+00 3.903895e+01 2.039784e+01
      vertex -7.644717e+00 3.851737e+01 2.039784e+01
    endloop
  endfacet
  facet normal 5.911620e-02 -5.918560e-01 8.027334e-01
    outer loop
      vertex -1.274275e+00 3.472684e+01 1.699803e+01
      vertex -4.018703e+00 3.903895e+01 2.039784e+01
      vertex -6.340365e+00 3.419437e+01 1.699803e+01
    endloop
  endfacet
  facet normal 3.276461e-02 -6.094832e-01 7.915254e-01
    outer loop
      vertex -1.274275e+00 3.472684e+01 1.699803e+01
      vertex -1.577990e+00 3.920600e+01 2.039784e+01
      vertex -4.018703e+00 3.903895e+01 2.039784e+01
    endloop
  endfacet
  facet normal 1.403344e-02 -6.103265e-01 7.915254e-01
    outer loop
      vertex 1.161435e-14 3.923638e+01 2.039784e+01
      vertex -1.577990e+00 3.920600e+01 2.039784e+01
      vertex -1.274275e+00 3.472684e+01 1.699803e+01
    endloop
  endfacet
  facet normal 1.067915e-01 -8.299250e-02 9.900644e-01
    outer loop
      vertex -4.304276e+00 1.848094e+00 4.276726e+00
      vertex -7.501873e+00 4.531196e+00 4.905962e+00
      vertex -4.765040e+00 1.213905e+00 4.276726e+00
    endloop
  endfacet
  facet normal 1.178448e-01 -1.102699e-01 9.861147e-01
    outer loop
      vertex -6.552796e+00 5.513995e+00 4.905962e+00
      vertex -7.501873e+00 4.531196e+00 4.905962e+00
      vertex -4.304276e+00 1.848094e+00 4.276726e+00
    endloop
  endfacet
  facet normal 1.484326e-01 -1.518155e-01 9.764467e-01
    outer loop
      vertex -6.552796e+00 5.513995e+00 4.905962e+00
      vertex -9.304861e+00 8.570472e+00 5.858146e+00
      vertex -7.501873e+00 4.531196e+00 4.905962e+00
    endloop
  endfacet
  facet normal 1.492977e-01 -1.839913e-01 9.707283e-01
    outer loop
      vertex -7.776078e+00 9.764887e+00 5.858146e+00
      vertex -9.304861e+00 8.570472e+00 5.858146e+00
      vertex -6.552796e+00 5.513995e+00 4.905962e+00
    endloop
  endfacet
  facet normal 1.730372e-01 -2.347847e-01 9.552967e-01
    outer loop
      vertex -7.776078e+00 9.764887e+00 5.858146e+00
      vertex -1.076987e+01 1.420337e+01 7.593581e+00
      vertex -9.304861e+00 8.570472e+00 5.858146e+00
    endloop
  endfacet
  facet normal 1.660381e-01 -2.753924e-01 9.455835e-01
    outer loop
      vertex -8.442885e+00 1.554686e+01 7.593581e+00
      vertex -1.076987e+01 1.420337e+01 7.593581e+00
      vertex -7.776078e+00 9.764887e+00 5.858146e+00
    endloop
  endfacet
  facet normal 1.774258e-01 -3.264897e-01 9.275789e-01
    outer loop
      vertex -8.442885e+00 1.554686e+01 7.593581e+00
      vertex -1.015251e+01 1.905211e+01 9.210488e+00
      vertex -1.076987e+01 1.420337e+01 7.593581e+00
    endloop
  endfacet
  facet normal 1.542307e-01 -3.598640e-01 9.192874e-01
    outer loop
      vertex -7.156719e+00 2.026249e+01 9.210488e+00
      vertex -1.015251e+01 1.905211e+01 9.210488e+00
      vertex -8.442885e+00 1.554686e+01 7.593581e+00
    endloop
  endfacet
  facet normal 1.507569e-01 -4.020685e-01 9.022393e-01
    outer loop
      vertex -7.156719e+00 2.026249e+01 9.210488e+00
      vertex -8.328398e+00 2.386855e+01 1.106754e+01
      vertex -1.015251e+01 1.905211e+01 9.210488e+00
    endloop
  endfacet
  facet normal 1.174731e-01 -4.315201e-01 8.934824e-01
    outer loop
      vertex -4.680037e+00 2.477819e+01 1.106754e+01
      vertex -8.328398e+00 2.386855e+01 1.106754e+01
      vertex -7.156719e+00 2.026249e+01 9.210488e+00
    endloop
  endfacet
  facet normal 1.055700e-01 -4.741926e-01 8.728418e-01
    outer loop
      vertex -4.680037e+00 2.477819e+01 1.106754e+01
      vertex -5.527567e+00 2.958477e+01 1.387168e+01
      vertex -8.328398e+00 2.386855e+01 1.106754e+01
    endloop
  endfacet
  facet normal 6.370325e-02 -5.024102e-01 8.609580e-01
    outer loop
      vertex -1.110920e+00 3.004897e+01 1.387168e+01
      vertex -5.527567e+00 2.958477e+01 1.387168e+01
      vertex -4.680037e+00 2.477819e+01 1.106754e+01
    endloop
  endfacet
  facet normal 4.348166e-02 -5.429308e-01 8.373633e-01
    outer loop
      vertex -1.110920e+00 3.004897e+01 1.387168e+01
      vertex -1.274275e+00 3.472684e+01 1.699803e+01
      vertex -5.527567e+00 2.958477e+01 1.387168e+01
    endloop
  endfacet
  facet normal -7.338083e-03 -5.621030e-01 8.256524e-01
    outer loop
      vertex 3.816617e+00 3.454906e+01 1.699803e+01
      vertex -1.274275e+00 3.472684e+01 1.699803e+01
      vertex -1.110920e+00 3.004897e+01 1.387168e+01
    endloop
  endfacet
  facet normal -1.348358e-02 -5.945804e-01 8.027334e-01
    outer loop
      vertex 3.816617e+00 3.454906e+01 1.699803e+01
      vertex 1.161435e-14 3.923638e+01 2.039784e+01
      vertex -1.274275e+00 3.472684e+01 1.699803e+01
    endloop
  endfacet
  facet normal -4.067460e-02 -6.085069e-01 7.915254e-01
    outer loop
      vertex 4.018703e+00 3.903895e+01 2.039784e+01
      vertex 1.161435e-14 3.923638e+01 2.039784e+01
      vertex 3.816617e+00 3.454906e+01 1.699803e+01
    endloop
  endfacet
  facet normal -6.437682e-02 -6.071550e-01 7.915254e-01
    outer loop
      vertex 3.816617e+00 3.454906e+01 1.699803e+01
      vertex 4.661734e+00 3.897049e+01 2.039784e+01
      vertex 4.018703e+00 3.903895e+01 2.039784e+01
    endloop
  endfacet
  facet normal -8.187629e-02 -6.046786e-01 7.915254e-01
    outer loop
      vertex 3.816617e+00 3.454906e+01 1.699803e+01
      vertex 7.998703e+00 3.844857e+01 2.039784e+01
      vertex 4.661734e+00 3.897049e+01 2.039784e+01
    endloop
  endfacet
  facet normal -1.050220e-01 -5.854659e-01 8.027334e-01
    outer loop
      vertex 8.833223e+00 3.366450e+01 1.699803e+01
      vertex 7.998703e+00 3.844857e+01 2.039784e+01
      vertex 3.816617e+00 3.454906e+01 1.699803e+01
    endloop
  endfacet
  facet normal -1.352115e-01 -5.951469e-01 7.915254e-01
    outer loop
      vertex 8.833223e+00 3.366450e+01 1.699803e+01
      vertex 1.052278e+01 3.786302e+01 2.039784e+01
      vertex 7.998703e+00 3.844857e+01 2.039784e+01
    endloop
  endfacet
  facet normal -1.546391e-01 -5.905802e-01 7.915254e-01
    outer loop
      vertex 1.190167e+01 3.747093e+01 2.039784e+01
      vertex 1.052278e+01 3.786302e+01 2.039784e+01
      vertex 8.833223e+00 3.366450e+01 1.699803e+01
    endloop
  endfacet
  facet normal 9.420187e-02 -9.704733e-02 9.900644e-01
    outer loop
      vertex -3.759733e+00 2.411984e+00 4.276726e+00
      vertex -6.552796e+00 5.513995e+00 4.905962e+00
      vertex -4.304276e+00 1.848094e+00 4.276726e+00
    endloop
  endfacet
  facet normal 1.013513e-01 -1.255976e-01 9.861147e-01
    outer loop
      vertex -5.476176e+00 6.355142e+00 4.905962e+00
      vertex -6.552796e+00 5.513995e+00 4.905962e+00
      vertex -3.759733e+00 2.411984e+00 4.276726e+00
    endloop
  endfacet
  facet normal 1.258594e-01 -1.709959e-01 9.764467e-01
    outer loop
      vertex -5.476176e+00 6.355142e+00 4.905962e+00
      vertex -7.776078e+00 9.764887e+00 5.858146e+00
      vertex -6.552796e+00 5.513995e+00 4.905962e+00
    endloop
  endfacet
  facet normal 1.222381e-01 -2.029789e-01 9.707283e-01
    outer loop
      vertex -6.095943e+00 1.073491e+01 5.858146e+00
      vertex -7.776078e+00 9.764887e+00 5.858146e+00
      vertex -5.476176e+00 6.355142e+00 4.905962e+00
    endloop
  endfacet
  facet normal 1.386775e-01 -2.565819e-01 9.552967e-01
    outer loop
      vertex -6.095943e+00 1.073491e+01 5.858146e+00
      vertex -8.442885e+00 1.554686e+01 7.593581e+00
      vertex -7.776078e+00 9.764887e+00 5.858146e+00
    endloop
  endfacet
  facet normal 1.260950e-01 -2.958204e-01 9.455835e-01
    outer loop
      vertex -5.951567e+00 1.655342e+01 7.593581e+00
      vertex -8.442885e+00 1.554686e+01 7.593581e+00
      vertex -6.095943e+00 1.073491e+01 5.858146e+00
    endloop
  endfacet
  facet normal 1.302606e-01 -3.480052e-01 9.275789e-01
    outer loop
      vertex -5.951567e+00 1.655342e+01 7.593581e+00
      vertex -7.156719e+00 2.026249e+01 9.210488e+00
      vertex -8.442885e+00 1.554686e+01 7.593581e+00
    endloop
  endfacet
  facet normal 1.026463e-01 -3.778266e-01 9.192874e-01
    outer loop
      vertex -4.021627e+00 2.104416e+01 9.210488e+00
      vertex -7.156719e+00 2.026249e+01 9.210488e+00
      vertex -5.951567e+00 1.655342e+01 7.593581e+00
    endloop
  endfacet
  facet normal 9.333267e-02 -4.191369e-01 9.022393e-01
    outer loop
      vertex -4.021627e+00 2.104416e+01 9.210488e+00
      vertex -4.680037e+00 2.477819e+01 1.106754e+01
      vertex -7.156719e+00 2.026249e+01 9.210488e+00
    endloop
  endfacet
  facet normal 5.627393e-02 -4.436696e-01 8.934824e-01
    outer loop
      vertex -9.405855e-01 2.517122e+01 1.106754e+01
      vertex -4.680037e+00 2.477819e+01 1.106754e+01
      vertex -4.021627e+00 2.104416e+01 9.210488e+00
    endloop
  endfacet
  facet normal 3.854770e-02 -4.842703e-01 8.728418e-01
    outer loop
      vertex -9.405855e-01 2.517122e+01 1.106754e+01
      vertex -1.110920e+00 3.004897e+01 1.387168e+01
      vertex -4.680037e+00 2.477819e+01 1.106754e+01
    endloop
  endfacet
  facet normal -6.838686e-03 -5.063866e-01 8.609580e-01
    outer loop
      vertex 3.327349e+00 2.989399e+01 1.387168e+01
      vertex -1.110920e+00 3.004897e+01 1.387168e+01
      vertex -9.405855e-01 2.517122e+01 1.106754e+01
    endloop
  endfacet
  facet normal -3.250287e-02 -5.436985e-01 8.373633e-01
    outer loop
      vertex 3.327349e+00 2.989399e+01 1.387168e+01
      vertex 3.816617e+00 3.454906e+01 1.699803e+01
      vertex -1.110920e+00 3.004897e+01 1.387168e+01
    endloop
  endfacet
  facet normal -8.124868e-02 -5.385752e-01 8.373633e-01
    outer loop
      vertex 7.700855e+00 2.912282e+01 1.387168e+01
      vertex 3.816617e+00 3.454906e+01 1.699803e+01
      vertex 3.327349e+00 2.989399e+01 1.387168e+01
    endloop
  endfacet
  facet normal -1.096901e-01 -5.513453e-01 8.256524e-01
    outer loop
      vertex 7.700855e+00 2.912282e+01 1.387168e+01
      vertex 8.833223e+00 3.366450e+01 1.699803e+01
      vertex 3.816617e+00 3.454906e+01 1.699803e+01
    endloop
  endfacet
  facet normal -1.619904e-01 -5.383055e-01 8.256524e-01
    outer loop
      vertex 1.367790e+01 3.209037e+01 1.699803e+01
      vertex 8.833223e+00 3.366450e+01 1.699803e+01
      vertex 7.700855e+00 2.912282e+01 1.387168e+01
    endloop
  endfacet
  facet normal -1.767499e-01 -5.678594e-01 8.027334e-01
    outer loop
      vertex 1.367790e+01 3.209037e+01 1.699803e+01
      vertex 1.190167e+01 3.747093e+01 2.039784e+01
      vertex 8.833223e+00 3.366450e+01 1.699803e+01
    endloop
  endfacet
  facet normal -2.096767e-01 -5.725557e-01 7.915254e-01
    outer loop
      vertex 1.569002e+01 3.611544e+01 2.039784e+01
      vertex 1.190167e+01 3.747093e+01 2.039784e+01
      vertex 1.367790e+01 3.209037e+01 1.699803e+01
    endloop
  endfacet
  facet normal -2.334241e-01 -5.641770e-01 7.915254e-01
    outer loop
      vertex 1.367790e+01 3.209037e+01 1.699803e+01
      vertex 1.595212e+01 3.600581e+01 2.039784e+01
      vertex 1.569002e+01 3.611544e+01 2.039784e+01
    endloop
  endfacet
  facet normal -2.493946e-01 -5.567567e-01 7.915254e-01
    outer loop
      vertex 1.367790e+01 3.209037e+01 1.699803e+01
      vertex 1.932727e+01 3.439515e+01 2.039784e+01
      vertex 1.595212e+01 3.600581e+01 2.039784e+01
    endloop
  endfacet
  facet normal -2.651118e-01 -5.324259e-01 8.027334e-01
    outer loop
      vertex 1.825635e+01 2.985731e+01 1.699803e+01
      vertex 1.932727e+01 3.439515e+01 2.039784e+01
      vertex 1.367790e+01 3.209037e+01 1.699803e+01
    endloop
  endfacet
  facet normal -2.968002e-01 -5.334105e-01 7.915254e-01
    outer loop
      vertex 1.825635e+01 2.985731e+01 1.699803e+01
      vertex 2.093061e+01 3.349130e+01 2.039784e+01
      vertex 1.932727e+01 3.439515e+01 2.039784e+01
    endloop
  endfacet
  facet normal -3.151271e-01 -5.227188e-01 7.915254e-01
    outer loop
      vertex 2.277838e+01 3.232663e+01 2.039784e+01
      vertex 2.093061e+01 3.349130e+01 2.039784e+01
      vertex 1.825635e+01 2.985731e+01 1.699803e+01
    endloop
  endfacet
  facet normal -2.741435e-01 -4.258161e-01 8.609580e-01
    outer loop
      vertex 1.959773e+01 2.332033e+01 1.387168e+01
      vertex 1.591599e+01 2.580369e+01 1.387168e+01
      vertex 1.347563e+01 2.157686e+01 1.106754e+01
    endloop
  endfacet
  facet normal -3.156804e-01 -4.438586e-01 8.373633e-01
    outer loop
      vertex 2.247947e+01 2.700878e+01 1.699803e+01
      vertex 1.591599e+01 2.580369e+01 1.387168e+01
      vertex 1.959773e+01 2.332033e+01 1.387168e+01
    endloop
  endfacet
  facet normal -3.040923e-01 -4.728018e-01 8.256524e-01
    outer loop
      vertex 2.247947e+01 2.700878e+01 1.699803e+01
      vertex 1.825635e+01 2.985731e+01 1.699803e+01
      vertex 1.591599e+01 2.580369e+01 1.387168e+01
    endloop
  endfacet
  facet normal -3.368315e-01 -4.883393e-01 8.039430e-01
    outer loop
      vertex 2.364467e+01 3.113105e+01 2.000815e+01
      vertex 1.825635e+01 2.985731e+01 1.699803e+01
      vertex 2.247947e+01 2.700878e+01 1.699803e+01
    endloop
  endfacet
  facet normal -3.316814e-01 -5.102230e-01 7.927349e-01
    outer loop
      vertex 2.364467e+01 3.113105e+01 2.000815e+01
      vertex 2.277838e+01 3.232663e+01 2.039784e+01
      vertex 1.825635e+01 2.985731e+01 1.699803e+01
    endloop
  endfacet
  facet normal -3.554378e-01 -5.125661e-01 7.815269e-01
    outer loop
      vertex 2.399509e+01 3.148146e+01 2.039784e+01
      vertex 2.277838e+01 3.232663e+01 2.039784e+01
      vertex 2.364467e+01 3.113105e+01 2.000815e+01
    endloop
  endfacet
  facet normal -3.674138e-01 -4.837077e-01 7.939445e-01
    outer loop
      vertex 2.247947e+01 2.700878e+01 1.699803e+01
      vertex 2.513846e+01 3.000410e+01 2.000815e+01
      vertex 2.364467e+01 3.113105e+01 2.000815e+01
    endloop
  endfacet
  facet normal -3.929598e-01 -4.620015e-01 7.939445e-01
    outer loop
      vertex 2.247947e+01 2.700878e+01 1.699803e+01
      vertex 2.864550e+01 2.688188e+01 2.000815e+01
      vertex 2.513846e+01 3.000410e+01 2.000815e+01
    endloop
  endfacet
  facet normal -4.048524e-01 -4.334481e-01 8.039430e-01
    outer loop
      vertex 2.626504e+01 2.360023e+01 1.699803e+01
      vertex 2.864550e+01 2.688188e+01 2.000815e+01
      vertex 2.247947e+01 2.700878e+01 1.699803e+01
    endloop
  endfacet
  facet normal -4.344925e-01 -4.246053e-01 7.939445e-01
    outer loop
      vertex 2.626504e+01 2.360023e+01 1.699803e+01
      vertex 2.911557e+01 2.640397e+01 2.000815e+01
      vertex 2.864550e+01 2.688188e+01 2.000815e+01
    endloop
  endfacet
  facet normal -4.546219e-01 -4.012233e-01 7.939445e-01
    outer loop
      vertex 3.258601e+01 2.230467e+01 2.000815e+01
      vertex 2.911557e+01 2.640397e+01 2.000815e+01
      vertex 2.626504e+01 2.360023e+01 1.699803e+01
    endloop
  endfacet
  facet normal 1.612080e-02 -2.117080e-01 9.764467e-01
    outer loop
      vertex -3.417708e-01 8.023411e+00 4.905962e+00
      vertex -4.853088e-01 1.213380e+01 5.858146e+00
      vertex -1.700537e+00 7.880600e+00 4.905962e+00
    endloop
  endfacet
  facet normal -3.898602e-03 -2.369122e-01 9.707283e-01
    outer loop
      vertex 1.453562e+00 1.206609e+01 5.858146e+00
      vertex -4.853088e-01 1.213380e+01 5.858146e+00
      vertex -3.417708e-01 8.023411e+00 4.905962e+00
    endloop
  endfacet
  facet normal -1.836257e-02 -2.910817e-01 9.552967e-01
    outer loop
      vertex 1.453562e+00 1.206609e+01 5.858146e+00
      vertex 2.013184e+00 1.739055e+01 7.593581e+00
      vertex -4.853088e-01 1.213380e+01 5.858146e+00
    endloop
  endfacet
  facet normal -4.255798e-02 -2.885386e-01 9.552967e-01
    outer loop
      vertex 3.364141e+00 1.172921e+01 5.858146e+00
      vertex 2.013184e+00 1.739055e+01 7.593581e+00
      vertex 1.453562e+00 1.206609e+01 5.858146e+00
    endloop
  endfacet
  facet normal -6.183505e-02 -3.155726e-01 9.455834e-01
    outer loop
      vertex 3.364141e+00 1.172921e+01 5.858146e+00
      vertex 4.659337e+00 1.692396e+01 7.593581e+00
      vertex 2.013184e+00 1.739055e+01 7.593581e+00
    endloop
  endfacet
  facet normal -9.355526e-02 -3.076639e-01 9.455835e-01
    outer loop
      vertex 7.214801e+00 1.609364e+01 7.593581e+00
      vertex 4.659337e+00 1.692396e+01 7.593581e+00
      vertex 3.364141e+00 1.172921e+01 5.858146e+00
    endloop
  endfacet
  facet normal -1.239080e-01 -3.503173e-01 9.275789e-01
    outer loop
      vertex 7.214801e+00 1.609364e+01 7.593581e+00
      vertex 8.675750e+00 1.970961e+01 9.210488e+00
      vertex 4.659337e+00 1.692396e+01 7.593581e+00
    endloop
  endfacet
  facet normal -1.642306e-01 -3.554118e-01 9.192874e-01
    outer loop
      vertex 1.157981e+01 1.829320e+01 9.210488e+00
      vertex 8.675750e+00 1.970961e+01 9.210488e+00
      vertex 7.214801e+00 1.609364e+01 7.593581e+00
    endloop
  endfacet
  facet normal -1.979191e-01 -3.810706e-01 9.022393e-01
    outer loop
      vertex 1.157981e+01 1.829320e+01 9.210488e+00
      vertex 1.347563e+01 2.157686e+01 1.106754e+01
      vertex 8.675750e+00 1.970961e+01 9.210488e+00
    endloop
  endfacet
  facet normal -2.420770e-01 -3.760428e-01 8.934824e-01
    outer loop
      vertex 1.659285e+01 1.947426e+01 1.106754e+01
      vertex 1.347563e+01 2.157686e+01 1.106754e+01
      vertex 1.157981e+01 1.829320e+01 9.210488e+00
    endloop
  endfacet
  facet normal -2.817537e-01 -3.957505e-01 8.728418e-01
    outer loop
      vertex 1.659285e+01 1.947426e+01 1.106754e+01
      vertex 1.959773e+01 2.332033e+01 1.387168e+01
      vertex 1.347563e+01 2.157686e+01 1.106754e+01
    endloop
  endfacet
  facet normal -3.307377e-01 -3.835188e-01 8.609580e-01
    outer loop
      vertex 2.289802e+01 2.034874e+01 1.387168e+01
      vertex 1.959773e+01 2.332033e+01 1.387168e+01
      vertex 1.659285e+01 1.947426e+01 1.106754e+01
    endloop
  endfacet
  facet normal -3.743813e-01 -3.956048e-01 8.373633e-01
    outer loop
      vertex 2.289802e+01 2.034874e+01 1.387168e+01
      vertex 2.626504e+01 2.360023e+01 1.699803e+01
      vertex 1.959773e+01 2.332033e+01 1.387168e+01
    endloop
  endfacet
  facet normal -4.226340e-01 -3.706671e-01 8.256524e-01
    outer loop
      vertex 2.953940e+01 1.969801e+01 1.699803e+01
      vertex 2.626504e+01 2.360023e+01 1.699803e+01
      vertex 2.289802e+01 2.034874e+01 1.387168e+01
    endloop
  endfacet
  facet normal -4.624248e-01 -3.712927e-01 8.039430e-01
    outer loop
      vertex 2.953940e+01 1.969801e+01 1.699803e+01
      vertex 3.258601e+01 2.230467e+01 2.000815e+01
      vertex 2.626504e+01 2.360023e+01 1.699803e+01
    endloop
  endfacet
  facet normal -4.911624e-01 -3.575577e-01 7.939445e-01
    outer loop
      vertex 3.289468e+01 2.188105e+01 2.000815e+01
      vertex 3.258601e+01 2.230467e+01 2.000815e+01
      vertex 2.953940e+01 1.969801e+01 1.699803e+01
    endloop
  endfacet
  facet normal -8.603588e-02 -4.412702e-02 9.952674e-01
    outer loop
      vertex 4.961135e+00 8.742596e-01 4.276726e+00
      vertex 3.899172e+00 3.770975e-01 4.161512e+00
      vertex 4.345248e+00 3.770975e-01 4.197456e+00
    endloop
  endfacet
  facet normal -8.710898e-02 -5.205687e-02 9.947567e-01
    outer loop
      vertex 4.961135e+00 8.742596e-01 4.276726e+00
      vertex 4.545732e+00 1.539044e+00 4.276726e+00
      vertex 3.899172e+00 3.770975e-01 4.161512e+00
    endloop
  endfacet
  facet normal -1.169541e-01 -6.792580e-02 9.900644e-01
    outer loop
      vertex 8.646706e+00 2.833912e+00 4.905962e+00
      vertex 4.545732e+00 1.539044e+00 4.276726e+00
      vertex 4.961135e+00 8.742596e-01 4.276726e+00
    endloop
  endfacet
  facet normal -1.355036e-01 -8.766758e-02 9.861147e-01
    outer loop
      vertex 8.646706e+00 2.833912e+00 4.905962e+00
      vertex 7.922703e+00 3.992559e+00 4.905962e+00
      vertex 4.545732e+00 1.539044e+00 4.276726e+00
    endloop
  endfacet
  facet normal -1.832150e-01 -1.072960e-01 9.764467e-01
    outer loop
      vertex 1.227818e+01 4.764800e+00 5.858146e+00
      vertex 7.922703e+00 3.992559e+00 4.905962e+00
      vertex 8.646706e+00 2.833912e+00 4.905962e+00
    endloop
  endfacet
  facet normal -1.985892e-01 -1.292475e-01 9.707283e-01
    outer loop
      vertex 1.227818e+01 4.764800e+00 5.858146e+00
      vertex 1.125011e+01 6.410058e+00 5.858146e+00
      vertex 7.922703e+00 3.992559e+00 4.905962e+00
    endloop
  endfacet
  facet normal -2.515859e-01 -1.475476e-01 9.552967e-01
    outer loop
      vertex 1.700528e+01 7.278247e+00 7.593581e+00
      vertex 1.125011e+01 6.410058e+00 5.858146e+00
      vertex 1.227818e+01 4.764800e+00 5.858146e+00
    endloop
  endfacet
  facet normal -2.694300e-01 -1.755480e-01 9.455835e-01
    outer loop
      vertex 1.700528e+01 7.278247e+00 7.593581e+00
      vertex 1.558140e+01 9.556930e+00 7.593581e+00
      vertex 1.125011e+01 6.410058e+00 5.858146e+00
    endloop
  endfacet
  facet normal -3.200987e-01 -1.887121e-01 9.275789e-01
    outer loop
      vertex 2.044874e+01 9.109165e+00 9.210488e+00
      vertex 1.558140e+01 9.556930e+00 7.593581e+00
      vertex 1.700528e+01 7.278247e+00 7.593581e+00
    endloop
  endfacet
  facet normal -3.276150e-01 -2.143773e-01 9.192874e-01
    outer loop
      vertex 2.044874e+01 9.109165e+00 9.210488e+00
      vertex 1.873653e+01 1.184927e+01 9.210488e+00
      vertex 1.558140e+01 9.556930e+00 7.593581e+00
    endloop
  endfacet
  facet normal -3.697815e-01 -2.182851e-01 9.022393e-01
    outer loop
      vertex 2.379655e+01 1.088923e+01 1.106754e+01
      vertex 1.873653e+01 1.184927e+01 9.210488e+00
      vertex 2.044874e+01 9.109165e+00 9.210488e+00
    endloop
  endfacet
  facet normal -3.740988e-01 -2.450706e-01 8.934824e-01
    outer loop
      vertex 2.379655e+01 1.088923e+01 1.106754e+01
      vertex 2.180403e+01 1.407793e+01 1.106754e+01
      vertex 1.873653e+01 1.184927e+01 9.210488e+00
    endloop
  endfacet
  facet normal -4.183611e-01 -2.469366e-01 8.728418e-01
    outer loop
      vertex 2.810598e+01 1.318059e+01 1.387168e+01
      vertex 2.180403e+01 1.407793e+01 1.106754e+01
      vertex 2.379655e+01 1.088923e+01 1.106754e+01
    endloop
  endfacet
  facet normal -4.236376e-01 -2.774982e-01 8.609580e-01
    outer loop
      vertex 2.810598e+01 1.318059e+01 1.387168e+01
      vertex 2.575262e+01 1.694675e+01 1.387168e+01
      vertex 2.180403e+01 1.407793e+01 1.106754e+01
    endloop
  endfacet
  facet normal -4.689219e-01 -2.770863e-01 8.373633e-01
    outer loop
      vertex 3.223881e+01 1.537806e+01 1.699803e+01
      vertex 2.575262e+01 1.694675e+01 1.387168e+01
      vertex 2.810598e+01 1.318059e+01 1.387168e+01
    endloop
  endfacet
  facet normal -4.701079e-01 -3.082404e-01 8.256524e-01
    outer loop
      vertex 3.223881e+01 1.537806e+01 1.699803e+01
      vertex 2.953940e+01 1.969801e+01 1.699803e+01
      vertex 2.575262e+01 1.694675e+01 1.387168e+01
    endloop
  endfacet
  facet normal -5.021283e-01 -3.188087e-01 8.027334e-01
    outer loop
      vertex 3.409026e+01 2.101476e+01 2.039784e+01
      vertex 2.953940e+01 1.969801e+01 1.699803e+01
      vertex 3.223881e+01 1.537806e+01 1.699803e+01
    endloop
  endfacet
  facet normal -4.991834e-01 -3.486809e-01 7.927349e-01
    outer loop
      vertex 3.409026e+01 2.101476e+01 2.039784e+01
      vertex 3.289468e+01 2.188105e+01 2.000815e+01
      vertex 2.953940e+01 1.969801e+01 1.699803e+01
    endloop
  endfacet
  facet normal -5.115501e-01 -3.568580e-01 7.815269e-01
    outer loop
      vertex 3.324509e+01 2.223146e+01 2.039784e+01
      vertex 3.289468e+01 2.188105e+01 2.000815e+01
      vertex 3.409026e+01 2.101476e+01 2.039784e+01
    endloop
  endfacet
  facet normal 8.799589e-02 -6.267337e-03 9.960782e-01
    outer loop
      vertex -4.345248e+00 -1.102456e+00 4.156939e+00
      vertex -4.856924e+00 -1.376153e+00 4.200154e+00
      vertex -4.345248e+00 -1.765258e+00 4.152667e+00
    endloop
  endfacet
  facet normal 9.211016e-02 -1.081124e-02 9.956719e-01
    outer loop
      vertex -4.345248e+00 -1.102456e+00 4.156939e+00
      vertex -4.976641e+00 -1.006545e+00 4.215797e+00
      vertex -4.856924e+00 -1.376153e+00 4.200154e+00
    endloop
  endfacet
  facet normal 8.892274e-02 -1.664031e-02 9.958677e-01
    outer loop
      vertex -4.345248e+00 -4.418216e-01 4.169742e+00
      vertex -4.976641e+00 -1.006545e+00 4.215797e+00
      vertex -4.345248e+00 -1.102456e+00 4.156939e+00
    endloop
  endfacet
  facet normal 1.044477e-01 -2.352590e-02 9.942374e-01
    outer loop
      vertex -5.488664e+00 -5.611869e-01 4.276726e+00
      vertex -5.193926e+00 -7.389261e-01 4.242065e+00
      vertex -5.401169e+00 -2.148623e-01 4.276726e+00
    endloop
  endfacet
  facet normal 1.081333e-01 -2.500803e-02 9.938104e-01
    outer loop
      vertex -5.401169e+00 -2.148623e-01 4.276726e+00
      vertex -5.762764e+00 -4.974350e-01 4.308432e+00
      vertex -5.488664e+00 -5.611869e-01 4.276726e+00
    endloop
  endfacet
  facet normal 1.116975e-01 -2.528194e-02 9.934010e-01
    outer loop
      vertex -5.401169e+00 -2.148623e-01 4.276726e+00
      vertex -6.043652e+00 -5.125526e-01 4.340505e+00
      vertex -5.762764e+00 -4.974350e-01 4.308432e+00
    endloop
  endfacet
  facet normal 1.344958e-01 -3.487983e-02 9.896550e-01
    outer loop
      vertex -9.413636e+00 9.356941e-01 4.905962e+00
      vertex -6.043652e+00 -5.125526e-01 4.340505e+00
      vertex -5.401169e+00 -2.148623e-01 4.276726e+00
    endloop
  endfacet
  facet normal 1.404197e-01 -3.181618e-02 9.890544e-01
    outer loop
      vertex -9.413636e+00 9.356941e-01 4.905962e+00
      vertex -6.309496e+00 -6.054431e-01 4.370447e+00
      vertex -6.043652e+00 -5.125526e-01 4.340505e+00
    endloop
  endfacet
  facet normal 1.435505e-01 -3.020481e-02 9.887010e-01
    outer loop
      vertex -6.539026e+00 -7.688860e-01 4.395862e+00
      vertex -6.309496e+00 -6.054431e-01 4.370447e+00
      vertex -9.413636e+00 9.356941e-01 4.905962e+00
    endloop
  endfacet
  facet normal 5.906134e-01 -1.518222e-01 7.915254e-01
    outer loop
      vertex -4.021220e+01 6.235080e+00 2.039784e+01
      vertex -3.509827e+01 8.300644e+00 1.699803e+01
      vertex -3.923455e+01 1.013805e+01 2.039784e+01
    endloop
  endfacet
  facet normal 5.828928e-01 -1.182599e-01 8.027334e-01
    outer loop
      vertex -3.615737e+01 3.317964e+00 1.699803e+01
      vertex -3.509827e+01 8.300644e+00 1.699803e+01
      vertex -4.021220e+01 6.235080e+00 2.039784e+01
    endloop
  endfacet
  facet normal 5.471814e-01 -1.288649e-01 8.256524e-01
    outer loop
      vertex -3.615737e+01 3.317964e+00 1.699803e+01
      vertex -3.059887e+01 7.010462e+00 1.387168e+01
      vertex -3.509827e+01 8.300644e+00 1.699803e+01
    endloop
  endfacet
  facet normal 5.354115e-01 -9.999519e-02 8.373633e-01
    outer loop
      vertex -3.152220e+01 2.666534e+00 1.387168e+01
      vertex -3.059887e+01 7.010462e+00 1.387168e+01
      vertex -3.615737e+01 3.317964e+00 1.699803e+01
    endloop
  endfacet
  facet normal 4.929991e-01 -1.158704e-01 8.609581e-01
    outer loop
      vertex -3.152220e+01 2.666534e+00 1.387168e+01
      vertex -2.590722e+01 5.665152e+00 1.106754e+01
      vertex -3.059887e+01 7.010462e+00 1.387168e+01
    endloop
  endfacet
  facet normal 4.775881e-01 -8.895656e-02 8.728418e-01
    outer loop
      vertex -2.668897e+01 1.987268e+00 1.106754e+01
      vertex -2.590722e+01 5.665152e+00 1.106754e+01
      vertex -3.152220e+01 2.666534e+00 1.387168e+01
    endloop
  endfacet
  facet normal 4.353569e-01 -1.023417e-01 8.934824e-01
    outer loop
      vertex -2.668897e+01 1.987268e+00 1.106754e+01
      vertex -2.226246e+01 4.620036e+00 9.210488e+00
      vertex -2.590722e+01 5.665152e+00 1.106754e+01
    endloop
  endfacet
  facet normal 4.221388e-01 -7.864814e-02 9.022393e-01
    outer loop
      vertex -2.293424e+01 1.459575e+00 9.210488e+00
      vertex -2.226246e+01 4.620036e+00 9.210488e+00
      vertex -2.668897e+01 1.987268e+00 1.106754e+01
    endloop
  endfacet
  facet normal 3.811787e-01 -8.939785e-02 9.192874e-01
    outer loop
      vertex -2.293424e+01 1.459575e+00 9.210488e+00
      vertex -1.851359e+01 3.545063e+00 7.593581e+00
      vertex -2.226246e+01 4.620036e+00 9.210488e+00
    endloop
  endfacet
  facet normal 3.653377e-01 -6.785115e-02 9.275789e-01
    outer loop
      vertex -1.907224e+01 9.168061e-01 7.593581e+00
      vertex -1.851359e+01 3.545063e+00 7.593581e+00
      vertex -2.293424e+01 1.459575e+00 9.210488e+00
    endloop
  endfacet
  facet normal 3.132224e-01 -7.281070e-02 9.455834e-01
    outer loop
      vertex -1.907224e+01 9.168061e-01 7.593581e+00
      vertex -1.336721e+01 2.069362e+00 5.858146e+00
      vertex -1.851359e+01 3.545063e+00 7.593581e+00
    endloop
  endfacet
  facet normal 2.868776e-01 -5.260191e-02 9.552967e-01
    outer loop
      vertex -1.377057e+01 1.717041e-01 5.858146e+00
      vertex -1.336721e+01 2.069362e+00 5.858146e+00
      vertex -1.907224e+01 9.168061e-01 7.593581e+00
    endloop
  endfacet
  facet normal 2.308181e-01 -5.353145e-02 9.707283e-01
    outer loop
      vertex -1.377057e+01 1.717041e-01 5.858146e+00
      vertex -9.413636e+00 9.356941e-01 4.905962e+00
      vertex -1.336721e+01 2.069362e+00 5.858146e+00
    endloop
  endfacet
  facet normal 2.088632e-01 -3.816201e-02 9.764466e-01
    outer loop
      vertex -9.697695e+00 -4.007004e-01 4.905962e+00
      vertex -9.413636e+00 9.356941e-01 4.905962e+00
      vertex -1.377057e+01 1.717041e-01 5.858146e+00
    endloop
  endfacet
  facet normal 1.646838e-01 -3.195300e-02 9.853520e-01
    outer loop
      vertex -9.697695e+00 -4.007004e-01 4.905962e+00
      vertex -6.539026e+00 -7.688860e-01 4.395862e+00
      vertex -9.413636e+00 9.356941e-01 4.905962e+00
    endloop
  endfacet
  facet normal 1.478641e-01 -1.934263e-02 9.884233e-01
    outer loop
      vertex -6.707657e+00 -9.794013e-01 4.414055e+00
      vertex -6.539026e+00 -7.688860e-01 4.395862e+00
      vertex -9.697695e+00 -4.007004e-01 4.905962e+00
    endloop
  endfacet
  facet normal 1.495716e-01 -1.655105e-02 9.882384e-01
    outer loop
      vertex -9.697695e+00 -4.007004e-01 4.905962e+00
      vertex -6.814069e+00 -1.227973e+00 4.424925e+00
      vertex -6.707657e+00 -9.794013e-01 4.414055e+00
    endloop
  endfacet
  facet normal 1.504409e-01 -1.345543e-02 9.881523e-01
    outer loop
      vertex -9.697695e+00 -4.007004e-01 4.905962e+00
      vertex -6.849997e+00 -1.495997e+00 4.427622e+00
      vertex -6.814069e+00 -1.227973e+00 4.424925e+00
    endloop
  endfacet
  facet normal 1.690325e-01 -1.029168e-02 9.851501e-01
    outer loop
      vertex -9.793000e+00 -1.763623e+00 4.905962e+00
      vertex -6.849997e+00 -1.495997e+00 4.427622e+00
      vertex -9.697695e+00 -4.007004e-01 4.905962e+00
    endloop
  endfacet
  facet normal 1.510229e-01 -1.569196e-03 9.881711e-01
    outer loop
      vertex -9.793000e+00 -1.763623e+00 4.905962e+00
      vertex -6.812862e+00 -1.763617e+00 4.421956e+00
      vertex -6.849997e+00 -1.495997e+00 4.427622e+00
    endloop
  endfacet
  facet normal 1.687913e-01 8.722479e-03 9.851861e-01
    outer loop
      vertex -9.697695e+00 -3.126545e+00 4.905962e+00
      vertex -6.812862e+00 -1.763617e+00 4.421956e+00
      vertex -9.793000e+00 -1.763623e+00 4.905962e+00
    endloop
  endfacet
  facet normal 1.490501e-01 1.077794e-02 9.883483e-01
    outer loop
      vertex -9.697695e+00 -3.126545e+00 4.905962e+00
      vertex -6.635011e+00 -2.113105e+00 4.399748e+00
      vertex -6.812862e+00 -1.763617e+00 4.421956e+00
    endloop
  endfacet
  facet normal 1.460477e-01 1.435581e-02 9.887154e-01
    outer loop
      vertex -9.697695e+00 -3.126545e+00 4.905962e+00
      vertex -6.337223e+00 -2.366900e+00 4.364314e+00
      vertex -6.635011e+00 -2.113105e+00 4.399748e+00
    endloop
  endfacet
  facet normal 1.418013e-01 1.661292e-02 9.892175e-01
    outer loop
      vertex -5.965573e+00 -2.486921e+00 4.321136e+00
      vertex -6.337223e+00 -2.366900e+00 4.364314e+00
      vertex -9.697695e+00 -3.126545e+00 4.905962e+00
    endloop
  endfacet
  facet normal 3.657414e-02 1.571915e-01 9.861147e-01
    outer loop
      vertex -9.757001e-01 -7.297093e+00 4.276726e+00
      vertex -3.026203e+00 -1.107732e+01 4.905962e+00
      vertex -1.700537e+00 -1.140784e+01 4.905962e+00
    endloop
  endfacet
  facet normal 3.694452e-02 1.301049e-01 9.900644e-01
    outer loop
      vertex -1.736315e+00 -7.107450e+00 4.276726e+00
      vertex -3.026203e+00 -1.107732e+01 4.905962e+00
      vertex -9.757001e-01 -7.297093e+00 4.276726e+00
    endloop
  endfacet
  facet normal 5.809504e-02 1.505716e-01 9.861147e-01
    outer loop
      vertex -1.736315e+00 -7.107450e+00 4.276726e+00
      vertex -4.292969e+00 -1.056551e+01 4.905962e+00
      vertex -3.026203e+00 -1.107732e+01 4.905962e+00
    endloop
  endfacet
  facet normal 5.469207e-02 1.236970e-01 9.900644e-01
    outer loop
      vertex -2.463134e+00 -6.813796e+00 4.276726e+00
      vertex -4.292969e+00 -1.056551e+01 4.905962e+00
      vertex -1.736315e+00 -7.107450e+00 4.276726e+00
    endloop
  endfacet
  facet normal 7.848518e-02 1.410210e-01 9.861147e-01
    outer loop
      vertex -2.463134e+00 -6.813796e+00 4.276726e+00
      vertex -5.476176e+00 -9.882388e+00 4.905962e+00
      vertex -4.292969e+00 -1.056551e+01 4.905962e+00
    endloop
  endfacet
  facet normal 7.137512e-02 1.148816e-01 9.900644e-01
    outer loop
      vertex -3.142011e+00 -6.421846e+00 4.276726e+00
      vertex -5.476176e+00 -9.882388e+00 4.905962e+00
      vertex -2.463134e+00 -6.813796e+00 4.276726e+00
    endloop
  endfacet
  facet normal 9.734770e-02 1.287256e-01 9.861147e-01
    outer loop
      vertex -3.142011e+00 -6.421846e+00 4.276726e+00
      vertex -6.552796e+00 -9.041240e+00 4.905962e+00
      vertex -5.476176e+00 -9.882388e+00 4.905962e+00
    endloop
  endfacet
  facet normal 8.666892e-02 1.038300e-01 9.900644e-01
    outer loop
      vertex -3.759733e+00 -5.939229e+00 4.276726e+00
      vertex -6.552796e+00 -9.041240e+00 4.905962e+00
      vertex -3.142011e+00 -6.421846e+00 4.276726e+00
    endloop
  endfacet
  facet normal 1.143155e-01 1.139246e-01 9.861147e-01
    outer loop
      vertex -3.759733e+00 -5.939229e+00 4.276726e+00
      vertex -7.501873e+00 -8.058442e+00 4.905962e+00
      vertex -6.552796e+00 -9.041240e+00 4.905962e+00
    endloop
  endfacet
  facet normal 1.002758e-01 9.075759e-02 9.900644e-01
    outer loop
      vertex -4.304276e+00 -5.375339e+00 4.276726e+00
      vertex -7.501873e+00 -8.058442e+00 4.905962e+00
      vertex -3.759733e+00 -5.939229e+00 4.276726e+00
    endloop
  endfacet
  facet normal 1.290582e-01 9.690628e-02 9.861147e-01
    outer loop
      vertex -4.304276e+00 -5.375339e+00 4.276726e+00
      vertex -8.304935e+00 -6.953122e+00 4.905962e+00
      vertex -7.501873e+00 -8.058442e+00 4.905962e+00
    endloop
  endfacet
  facet normal 1.119309e-01 7.591864e-02 9.900644e-01
    outer loop
      vertex -4.765040e+00 -4.741150e+00 4.276726e+00
      vertex -8.304935e+00 -6.953122e+00 4.905962e+00
      vertex -4.304276e+00 -5.375339e+00 4.276726e+00
    endloop
  endfacet
  facet normal 1.412889e-01 7.800177e-02 9.861147e-01
    outer loop
      vertex -4.765040e+00 -4.741150e+00 4.276726e+00
      vertex -8.946351e+00 -5.746795e+00 4.905962e+00
      vertex -8.304935e+00 -6.953122e+00 4.905962e+00
    endloop
  endfacet
  facet normal 1.214075e-01 5.960203e-02 9.900644e-01
    outer loop
      vertex -5.133060e+00 -4.049008e+00 4.276726e+00
      vertex -8.946351e+00 -5.746795e+00 4.905962e+00
      vertex -4.765040e+00 -4.741150e+00 4.276726e+00
    endloop
  endfacet
  facet normal 1.507697e-01 5.757904e-02 9.861147e-01
    outer loop
      vertex -5.133060e+00 -4.049008e+00 4.276726e+00
      vertex -9.413636e+00 -4.462939e+00 4.905962e+00
      vertex -8.946351e+00 -5.746795e+00 4.905962e+00
    endloop
  endfacet
  facet normal 1.285210e-01 4.212533e-02 9.900644e-01
    outer loop
      vertex -5.401169e+00 -3.312383e+00 4.276726e+00
      vertex -9.413636e+00 -4.462939e+00 4.905962e+00
      vertex -5.133060e+00 -4.049008e+00 4.276726e+00
    endloop
  endfacet
  facet normal 1.573159e-01 3.603560e-02 9.861147e-01
    outer loop
      vertex -5.401169e+00 -3.312383e+00 4.276726e+00
      vertex -9.697695e+00 -3.126545e+00 4.905962e+00
      vertex -9.413636e+00 -4.462939e+00 4.905962e+00
    endloop
  endfacet
  facet normal 1.331329e-01 2.382872e-02 9.900644e-01
    outer loop
      vertex -5.564151e+00 -2.545613e+00 4.276726e+00
      vertex -9.697695e+00 -3.126545e+00 4.905962e+00
      vertex -5.401169e+00 -3.312383e+00 4.276726e+00
    endloop
  endfacet
  facet normal 1.368124e-01 1.810334e-02 9.897792e-01
    outer loop
      vertex -5.564151e+00 -2.545613e+00 4.276726e+00
      vertex -5.965573e+00 -2.486921e+00 4.321136e+00
      vertex -9.697695e+00 -3.126545e+00 4.905962e+00
    endloop
  endfacet
  facet normal 1.109312e-01 1.350963e-02 9.937288e-01
    outer loop
      vertex -5.576089e+00 -2.455378e+00 4.276726e+00
      vertex -5.965573e+00 -2.486921e+00 4.321136e+00
      vertex -5.564151e+00 -2.545613e+00 4.276726e+00
    endloop
  endfacet
  facet normal 9.144545e-02 -2.296502e-03 9.957905e-01
    outer loop
      vertex -4.887148e+00 -1.763653e+00 4.201565e+00
      vertex -4.345248e+00 -1.765258e+00 4.152667e+00
      vertex -4.856924e+00 -1.376153e+00 4.200154e+00
    endloop
  endfacet
  facet normal 9.253195e-02 1.755399e-03 9.956887e-01
    outer loop
      vertex -5.026521e+00 -2.060969e+00 4.215936e+00
      vertex -4.345248e+00 -1.765258e+00 4.152667e+00
      vertex -4.887148e+00 -1.763653e+00 4.201565e+00
    endloop
  endfacet
  facet normal 8.910847e-02 5.729901e-03 9.959742e-01
    outer loop
      vertex -5.026521e+00 -2.060969e+00 4.215936e+00
      vertex -4.345248e+00 -2.429862e+00 4.157005e+00
      vertex -4.345248e+00 -1.765258e+00 4.152667e+00
    endloop
  endfacet
  facet normal 9.498891e-02 8.902047e-03 9.954069e-01
    outer loop
      vertex -5.254549e+00 -2.297014e+00 4.240774e+00
      vertex -4.345248e+00 -2.429862e+00 4.157005e+00
      vertex -5.026521e+00 -2.060969e+00 4.215936e+00
    endloop
  endfacet
  facet normal 9.844055e-02 1.221494e-02 9.950154e-01
    outer loop
      vertex -5.254549e+00 -2.297014e+00 4.240774e+00
      vertex -5.564151e+00 -2.545613e+00 4.276726e+00
      vertex -4.345248e+00 -2.429862e+00 4.157005e+00
    endloop
  endfacet
  facet normal 1.063429e-01 1.236921e-02 9.942457e-01
    outer loop
      vertex -5.576089e+00 -2.455378e+00 4.276726e+00
      vertex -5.564151e+00 -2.545613e+00 4.276726e+00
      vertex -5.254549e+00 -2.297014e+00 4.240774e+00
    endloop
  endfacet
  facet normal 5.511292e-03 1.125367e-01 9.936266e-01
    outer loop
      vertex -4.718129e-01 -7.710457e+00 4.316012e+00
      vertex -2.234892e-01 -7.565988e+00 4.297718e+00
      vertex -1.960944e-01 -7.379033e+00 4.276726e+00
    endloop
  endfacet
  facet normal -3.374240e-03 4.611211e-02 9.989095e-01
    outer loop
      vertex -3.671039e-05 -3.904343e+00 4.012932e+00
      vertex 2.941082e-01 -4.561876e+00 4.045518e+00
      vertex 2.472372e-01 -3.904343e+00 4.013529e+00
    endloop
  endfacet
  facet normal -1.267739e-03 5.044231e-02 9.987022e-01
    outer loop
      vertex -9.819555e-02 -4.575575e+00 4.045518e+00
      vertex 2.941082e-01 -4.561876e+00 4.045518e+00
      vertex -3.671039e-05 -3.904343e+00 4.012932e+00
    endloop
  endfacet
  facet normal -3.630140e-06 7.289398e-02 9.969987e-01
    outer loop
      vertex -9.819555e-02 -4.575575e+00 4.045518e+00
      vertex -1.960944e-01 -7.379033e+00 4.276726e+00
      vertex 2.941082e-01 -4.561876e+00 4.045518e+00
    endloop
  endfacet
  facet normal 8.233563e-03 9.055299e-02 9.955065e-01
    outer loop
      vertex -9.757001e-01 -7.297093e+00 4.276726e+00
      vertex -1.960944e-01 -7.379033e+00 4.276726e+00
      vertex -9.819555e-02 -4.575575e+00 4.045518e+00
    endloop
  endfacet
  facet normal 1.038693e-02 1.108031e-01 9.937617e-01
    outer loop
      vertex -9.757001e-01 -7.297093e+00 4.276726e+00
      vertex -4.718129e-01 -7.710457e+00 4.316012e+00
      vertex -1.960944e-01 -7.379033e+00 4.276726e+00
    endloop
  endfacet
  facet normal 1.309192e-02 1.143053e-01 9.933369e-01
    outer loop
      vertex -6.685907e-01 -7.919246e+00 4.342929e+00
      vertex -4.718129e-01 -7.710457e+00 4.316012e+00
      vertex -9.757001e-01 -7.297093e+00 4.276726e+00
    endloop
  endfacet
  facet normal 1.505466e-02 1.173011e-01 9.929519e-01
    outer loop
      vertex -9.757001e-01 -7.297093e+00 4.276726e+00
      vertex -7.977896e-01 -8.174727e+00 4.376197e+00
      vertex -6.685907e-01 -7.919246e+00 4.342929e+00
    endloop
  endfacet
  facet normal 1.613955e-02 1.207382e-01 9.925045e-01
    outer loop
      vertex -9.757001e-01 -7.297093e+00 4.276726e+00
      vertex -8.492883e-01 -8.455910e+00 4.413080e+00
      vertex -7.977896e-01 -8.174727e+00 4.376197e+00
    endloop
  endfacet
  facet normal 2.226776e-02 1.409196e-01 9.891922e-01
    outer loop
      vertex -1.700537e+00 -1.140784e+01 4.905962e+00
      vertex -8.492883e-01 -8.455910e+00 4.413080e+00
      vertex -9.757001e-01 -7.297093e+00 4.276726e+00
    endloop
  endfacet
  facet normal 2.081378e-02 1.501883e-01 9.880820e-01
    outer loop
      vertex -1.700537e+00 -1.140784e+01 4.905962e+00
      vertex -8.192182e-01 -8.739826e+00 4.450563e+00
      vertex -8.492883e-01 -8.455910e+00 4.413080e+00
    endloop
  endfacet
  facet normal 1.995644e-02 1.536475e-01 9.876220e-01
    outer loop
      vertex -7.100465e-01 -9.003838e+00 4.485655e+00
      vertex -8.192182e-01 -8.739826e+00 4.450563e+00
      vertex -1.700537e+00 -1.140784e+01 4.905962e+00
    endloop
  endfacet
  facet normal 1.820753e-02 1.567025e-01 9.872112e-01
    outer loop
      vertex -1.700537e+00 -1.140784e+01 4.905962e+00
      vertex -5.300696e-01 -9.226770e+00 4.515543e+00
      vertex -7.100465e-01 -9.003838e+00 4.485655e+00
    endloop
  endfacet
  facet normal 1.572225e-02 1.591118e-01 9.868829e-01
    outer loop
      vertex -1.700537e+00 -1.140784e+01 4.905962e+00
      vertex -2.937220e-01 -9.389787e+00 4.537705e+00
      vertex -5.300696e-01 -9.226770e+00 4.515543e+00
    endloop
  endfacet
  facet normal 1.478863e-02 1.735596e-01 9.844542e-01
    outer loop
      vertex -3.417708e-01 -1.155066e+01 4.905962e+00
      vertex -2.937220e-01 -9.389787e+00 4.537705e+00
      vertex -1.700537e+00 -1.140784e+01 4.905962e+00
    endloop
  endfacet
  facet normal 3.904945e-03 1.616175e-01 9.866613e-01
    outer loop
      vertex -3.417708e-01 -1.155066e+01 4.905962e+00
      vertex 9.136629e-05 -9.482323e+00 4.550753e+00
      vertex -2.937220e-01 -9.389787e+00 4.537705e+00
    endloop
  endfacet
  facet normal 3.825111e-04 1.621917e-01 9.865746e-01
    outer loop
      vertex -3.417708e-01 -1.155066e+01 4.905962e+00
      vertex 3.084456e-01 -9.480990e+00 4.551483e+00
      vertex 9.136629e-05 -9.482323e+00 4.550753e+00
    endloop
  endfacet
  facet normal -6.168135e-03 1.747427e-01 9.843675e-01
    outer loop
      vertex 1.023647e+00 -1.150298e+01 4.905962e+00
      vertex 3.084456e-01 -9.480990e+00 4.551483e+00
      vertex -3.417708e-01 -1.155066e+01 4.905962e+00
    endloop
  endfacet
  facet normal -1.190142e-02 1.613008e-01 9.866434e-01
    outer loop
      vertex 1.023647e+00 -1.150298e+01 4.905962e+00
      vertex 6.017421e-01 -9.385771e+00 4.539805e+00
      vertex 3.084456e-01 -9.480990e+00 4.551483e+00
    endloop
  endfacet
  facet normal -1.515071e-02 1.596049e-01 9.868614e-01
    outer loop
      vertex 1.023647e+00 -1.150298e+01 4.905962e+00
      vertex 8.517072e-01 -9.206088e+00 4.516875e+00
      vertex 6.017421e-01 -9.385771e+00 4.539805e+00
    endloop
  endfacet
  facet normal -2.676681e-02 1.712232e-01 9.845855e-01
    outer loop
      vertex 2.369141e+00 -1.126573e+01 4.905962e+00
      vertex 8.517072e-01 -9.206088e+00 4.516875e+00
      vertex 1.023647e+00 -1.150298e+01 4.905962e+00
    endloop
  endfacet
  facet normal -2.675284e-02 1.546009e-01 9.873170e-01
    outer loop
      vertex 2.369141e+00 -1.126573e+01 4.905962e+00
      vertex 1.092929e+00 -8.826615e+00 4.467607e+00
      vertex 8.517072e-01 -9.206088e+00 4.516875e+00
    endloop
  endfacet
  facet normal -2.856856e-02 1.494068e-01 9.879997e-01
    outer loop
      vertex 2.369141e+00 -1.126573e+01 4.905962e+00
      vertex 1.143616e+00 -8.380807e+00 4.409039e+00
      vertex 1.092929e+00 -8.826615e+00 4.467607e+00
    endloop
  endfacet
  facet normal -3.084148e-02 1.390344e-01 9.892179e-01
    outer loop
      vertex 1.359319e+00 -7.215552e+00 4.276726e+00
      vertex 1.143616e+00 -8.380807e+00 4.409039e+00
      vertex 2.369141e+00 -1.126573e+01 4.905962e+00
    endloop
  endfacet
  facet normal -2.164309e-02 1.183951e-01 9.926795e-01
    outer loop
      vertex 1.359319e+00 -7.215552e+00 4.276726e+00
      vertex 9.939585e-01 -7.957214e+00 4.352810e+00
      vertex 1.143616e+00 -8.380807e+00 4.409039e+00
    endloop
  endfacet
  facet normal -1.878005e-02 1.136246e-01 9.933106e-01
    outer loop
      vertex 1.359319e+00 -7.215552e+00 4.276726e+00
      vertex 6.726765e-01 -7.641092e+00 4.310237e+00
      vertex 9.939585e-01 -7.957214e+00 4.352810e+00
    endloop
  endfacet
  facet normal -1.662296e-02 1.096697e-01 9.937987e-01
    outer loop
      vertex 5.873280e-01 -7.351675e+00 4.276726e+00
      vertex 6.726765e-01 -7.641092e+00 4.310237e+00
      vertex 1.359319e+00 -7.215552e+00 4.276726e+00
    endloop
  endfacet
  facet normal -9.271944e-03 1.115040e-01 9.937119e-01
    outer loop
      vertex 5.873280e-01 -7.351675e+00 4.276726e+00
      vertex 2.481195e-01 -7.498448e+00 4.290209e+00
      vertex 6.726765e-01 -7.641092e+00 4.310237e+00
    endloop
  endfacet
  facet normal -3.994794e-03 1.097824e-01 9.939273e-01
    outer loop
      vertex -1.960944e-01 -7.379033e+00 4.276726e+00
      vertex 2.481195e-01 -7.498448e+00 4.290209e+00
      vertex 5.873280e-01 -7.351675e+00 4.276726e+00
    endloop
  endfacet
  facet normal 9.677393e-04 1.111002e-01 9.938005e-01
    outer loop
      vertex -1.960944e-01 -7.379033e+00 4.276726e+00
      vertex -1.968896e-01 -7.555717e+00 4.296443e+00
      vertex 2.481195e-01 -7.498448e+00 4.290209e+00
    endloop
  endfacet
  facet normal 3.874982e-03 1.115280e-01 9.937523e-01
    outer loop
      vertex -2.234892e-01 -7.565988e+00 4.297718e+00
      vertex -1.968896e-01 -7.555717e+00 4.296443e+00
      vertex -1.960944e-01 -7.379033e+00 4.276726e+00
    endloop
  endfacet
  facet normal 2.080109e-02 -1.442336e-01 9.888512e-01
    outer loop
      vertex -1.700537e+00 7.880600e+00 4.905962e+00
      vertex -8.474439e-01 4.434924e+00 4.350771e+00
      vertex -8.145678e-01 4.770212e+00 4.392008e+00
    endloop
  endfacet
  facet normal 2.227100e-02 -1.377741e-01 9.895895e-01
    outer loop
      vertex -9.757001e-01 3.769848e+00 4.276726e+00
      vertex -8.474439e-01 4.434924e+00 4.350771e+00
      vertex -1.700537e+00 7.880600e+00 4.905962e+00
    endloop
  endfacet
  facet normal 1.596921e-02 -1.141380e-01 9.933198e-01
    outer loop
      vertex -9.757001e-01 3.769848e+00 4.276726e+00
      vertex -7.670211e-01 4.107539e+00 4.310840e+00
      vertex -8.474439e-01 4.434924e+00 4.350771e+00
    endloop
  endfacet
  facet normal 1.436612e-02 -1.102016e-01 9.937949e-01
    outer loop
      vertex -9.757001e-01 3.769848e+00 4.276726e+00
      vertex -5.819302e-01 3.824998e+00 4.276726e+00
      vertex -7.670211e-01 4.107539e+00 4.310840e+00
    endloop
  endfacet
  facet normal 1.099288e-02 -1.067121e-01 9.942071e-01
    outer loop
      vertex -2.055045e-01 3.571703e+00 4.246769e+00
      vertex -5.819302e-01 3.824998e+00 4.276726e+00
      vertex -9.757001e-01 3.769848e+00 4.276726e+00
    endloop
  endfacet
  facet normal 9.443048e-02 -1.886464e-02 9.953191e-01
    outer loop
      vertex -4.345248e+00 -4.418216e-01 4.169742e+00
      vertex -5.193926e+00 -7.389261e-01 4.242065e+00
      vertex -4.976641e+00 -1.006545e+00 4.215797e+00
    endloop
  endfacet
  facet normal 9.710538e-02 -2.435868e-02 9.949265e-01
    outer loop
      vertex -4.345248e+00 -4.418216e-01 4.169742e+00
      vertex -5.401169e+00 -2.148623e-01 4.276726e+00
      vertex -5.193926e+00 -7.389261e-01 4.242065e+00
    endloop
  endfacet
  facet normal 9.153538e-02 -3.122993e-02 9.952472e-01
    outer loop
      vertex -4.345248e+00 2.503337e-01 4.192309e+00
      vertex -5.401169e+00 -2.148623e-01 4.276726e+00
      vertex -4.345248e+00 -4.418216e-01 4.169742e+00
    endloop
  endfacet
  facet normal 9.646691e-02 -3.791657e-02 9.945580e-01
    outer loop
      vertex -4.345248e+00 2.503337e-01 4.192309e+00
      vertex -5.133060e+00 5.217625e-01 4.276726e+00
      vertex -5.401169e+00 -2.148623e-01 4.276726e+00
    endloop
  endfacet
  facet normal 8.984949e-02 -4.135413e-02 9.950687e-01
    outer loop
      vertex -4.345248e+00 3.770975e-01 4.197456e+00
      vertex -5.133060e+00 5.217625e-01 4.276726e+00
      vertex -4.345248e+00 2.503337e-01 4.192309e+00
    endloop
  endfacet
  facet normal 9.254134e-02 -4.758589e-02 9.945248e-01
    outer loop
      vertex -4.345248e+00 3.770975e-01 4.197456e+00
      vertex -4.765040e+00 1.213905e+00 4.276726e+00
      vertex -5.133060e+00 5.217625e-01 4.276726e+00
    endloop
  endfacet
  facet normal 8.113235e-02 -4.643318e-02 9.955220e-01
    outer loop
      vertex -3.342311e+00 3.770975e-01 4.122104e+00
      vertex -4.765040e+00 1.213905e+00 4.276726e+00
      vertex -4.345248e+00 3.770975e-01 4.197456e+00
    endloop
  endfacet
  facet normal 8.064049e-02 -5.636619e-02 9.950113e-01
    outer loop
      vertex -3.342311e+00 3.770975e-01 4.122104e+00
      vertex -4.304276e+00 1.848094e+00 4.276726e+00
      vertex -4.765040e+00 1.213905e+00 4.276726e+00
    endloop
  endfacet
  facet normal 6.625537e-02 -5.091183e-02 9.963101e-01
    outer loop
      vertex -2.528538e+00 3.770975e-01 4.075417e+00
      vertex -4.304276e+00 1.848094e+00 4.276726e+00
      vertex -3.342311e+00 3.770975e-01 4.122104e+00
    endloop
  endfacet
  facet normal 6.876346e-02 -6.431558e-02 9.953129e-01
    outer loop
      vertex -2.528538e+00 3.770975e-01 4.075417e+00
      vertex -3.759733e+00 2.411984e+00 4.276726e+00
      vertex -4.304276e+00 1.848094e+00 4.276726e+00
    endloop
  endfacet
  facet normal 5.343656e-02 -5.486778e-02 9.967784e-01
    outer loop
      vertex -1.940979e+00 3.770975e-01 4.049753e+00
      vertex -3.759733e+00 2.411984e+00 4.276726e+00
      vertex -2.528538e+00 3.770975e-01 4.075417e+00
    endloop
  endfacet
  facet normal 5.730239e-02 -7.121519e-02 9.954796e-01
    outer loop
      vertex -1.940979e+00 3.770975e-01 4.049753e+00
      vertex -3.142011e+00 2.894601e+00 4.276726e+00
      vertex -3.759733e+00 2.411984e+00 4.276726e+00
    endloop
  endfacet
  facet normal 4.317066e-02 -5.932764e-02 9.969719e-01
    outer loop
      vertex -1.573382e+00 5.690125e-01 4.045518e+00
      vertex -3.142011e+00 2.894601e+00 4.276726e+00
      vertex -1.940979e+00 3.770975e-01 4.049753e+00
    endloop
  endfacet
  facet normal 4.656462e-02 -7.809848e-02 9.955065e-01
    outer loop
      vertex -1.573382e+00 5.690125e-01 4.045518e+00
      vertex -2.463134e+00 3.286551e+00 4.276726e+00
      vertex -3.142011e+00 2.894601e+00 4.276726e+00
    endloop
  endfacet
  facet normal 3.422486e-02 -6.435986e-02 9.969987e-01
    outer loop
      vertex -1.233430e+00 7.652842e-01 4.045518e+00
      vertex -2.463134e+00 3.286551e+00 4.276726e+00
      vertex -1.573382e+00 5.690125e-01 4.045518e+00
    endloop
  endfacet
  facet normal 3.524225e-02 -8.381897e-02 9.955065e-01
    outer loop
      vertex -1.233430e+00 7.652842e-01 4.045518e+00
      vertex -1.736315e+00 3.580205e+00 4.276726e+00
      vertex -2.463134e+00 3.286551e+00 4.276726e+00
    endloop
  endfacet
  facet normal 2.493462e-02 -6.849670e-02 9.969987e-01
    outer loop
      vertex -8.694708e-01 9.123334e-01 4.045518e+00
      vertex -1.736315e+00 3.580205e+00 4.276726e+00
      vertex -1.233430e+00 7.652842e-01 4.045518e+00
    endloop
  endfacet
  facet normal 2.323393e-02 -8.790803e-02 9.955065e-01
    outer loop
      vertex -8.694708e-01 9.123334e-01 4.045518e+00
      vertex -9.757001e-01 3.769848e+00 4.276726e+00
      vertex -1.736315e+00 3.580205e+00 4.276726e+00
    endloop
  endfacet
  facet normal 1.515906e-02 -7.130032e-02 9.969987e-01
    outer loop
      vertex -4.885881e-01 1.007298e+00 4.045518e+00
      vertex -9.757001e-01 3.769848e+00 4.276726e+00
      vertex -8.694708e-01 9.123334e-01 4.045518e+00
    endloop
  endfacet
  facet normal 1.071056e-02 -8.848681e-02 9.956994e-01
    outer loop
      vertex -4.885881e-01 1.007298e+00 4.045518e+00
      vertex -2.055045e-01 3.571703e+00 4.246769e+00
      vertex -9.757001e-01 3.769848e+00 4.276726e+00
    endloop
  endfacet
  facet normal 5.025617e-03 -7.091692e-02 9.971917e-01
    outer loop
      vertex -9.819555e-02 1.048330e+00 4.045518e+00
      vertex -2.055045e-01 3.571703e+00 4.246769e+00
      vertex -4.885881e-01 1.007298e+00 4.045518e+00
    endloop
  endfacet
  facet normal 6.065704e-04 -8.707710e-02 9.959345e-01
    outer loop
      vertex -9.819555e-02 1.048330e+00 4.045518e+00
      vertex 2.109292e-01 3.508235e+00 4.240208e+00
      vertex -2.055045e-01 3.571703e+00 4.246769e+00
    endloop
  endfacet
  facet normal -2.514955e-03 -7.068624e-02 9.972339e-01
    outer loop
      vertex 2.941082e-01 1.034630e+00 4.045518e+00
      vertex 2.109292e-01 3.508235e+00 4.240208e+00
      vertex -9.819555e-02 1.048330e+00 4.045518e+00
    endloop
  endfacet
  facet normal -6.826966e-03 -8.734006e-02 9.958795e-01
    outer loop
      vertex 2.941082e-01 1.034630e+00 4.045518e+00
      vertex 6.163623e-01 3.621783e+00 4.255321e+00
      vertex 2.109292e-01 3.508235e+00 4.240208e+00
    endloop
  endfacet
  facet normal -1.001501e-02 -7.091424e-02 9.971366e-01
    outer loop
      vertex 6.806875e-01 9.664661e-01 4.045518e+00
      vertex 6.163623e-01 3.621783e+00 4.255321e+00
      vertex 2.941082e-01 1.034630e+00 4.045518e+00
    endloop
  endfacet
  facet normal -3.747625e-02 -4.232526e-02 9.983921e-01
    outer loop
      vertex 2.212761e+00 3.770975e-01 4.060786e+00
      vertex 1.732266e+00 4.535769e-01 4.045518e+00
      vertex 1.826602e+00 3.770975e-01 4.045542e+00
    endloop
  endfacet
  facet normal -4.809368e-02 -5.703085e-02 9.968998e-01
    outer loop
      vertex 3.459299e+00 2.664078e+00 4.276726e+00
      vertex 1.732266e+00 4.535769e-01 4.045518e+00
      vertex 2.212761e+00 3.770975e-01 4.060786e+00
    endloop
  endfacet
  facet normal -4.284307e-02 -5.897460e-02 9.969987e-01
    outer loop
      vertex 3.459299e+00 2.664078e+00 4.276726e+00
      vertex 1.406833e+00 6.730841e-01 4.045518e+00
      vertex 1.732266e+00 4.535769e-01 4.045518e+00
    endloop
  endfacet
  facet normal -4.978186e-02 -7.608812e-02 9.955065e-01
    outer loop
      vertex 2.809417e+00 3.102430e+00 4.276726e+00
      vertex 1.406833e+00 6.730841e-01 4.045518e+00
      vertex 3.459299e+00 2.664078e+00 4.276726e+00
    endloop
  endfacet
  facet normal -3.421844e-02 -6.436326e-02 9.969987e-01
    outer loop
      vertex 2.809417e+00 3.102430e+00 4.276726e+00
      vertex 1.054018e+00 8.451635e-01 4.045518e+00
      vertex 1.406833e+00 6.730841e-01 4.045518e+00
    endloop
  endfacet
  facet normal -3.870797e-02 -8.227593e-02 9.955065e-01
    outer loop
      vertex 2.104852e+00 3.446068e+00 4.276726e+00
      vertex 1.054018e+00 8.451635e-01 4.045518e+00
      vertex 2.809417e+00 3.102430e+00 4.276726e+00
    endloop
  endfacet
  facet normal -2.492780e-02 -6.849918e-02 9.969987e-01
    outer loop
      vertex 2.104852e+00 3.446068e+00 4.276726e+00
      vertex 6.806875e-01 9.664661e-01 4.045518e+00
      vertex 1.054018e+00 8.451635e-01 4.045518e+00
    endloop
  endfacet
  facet normal -2.688067e-02 -8.686235e-02 9.955065e-01
    outer loop
      vertex 1.359319e+00 3.688307e+00 4.276726e+00
      vertex 6.806875e-01 9.664661e-01 4.045518e+00
      vertex 2.104852e+00 3.446068e+00 4.276726e+00
    endloop
  endfacet
  facet normal -1.691171e-02 -8.804477e-02 9.956443e-01
    outer loop
      vertex 1.359319e+00 3.688307e+00 4.276726e+00
      vertex 6.163623e-01 3.621783e+00 4.255321e+00
      vertex 6.806875e-01 9.664661e-01 4.045518e+00
    endloop
  endfacet
  facet normal -1.757296e-02 -1.063431e-01 9.941520e-01
    outer loop
      vertex 8.485081e-01 3.790775e+00 4.276726e+00
      vertex 6.163623e-01 3.621783e+00 4.255321e+00
      vertex 1.359319e+00 3.688307e+00 4.276726e+00
    endloop
  endfacet
  facet normal -2.039257e-02 -1.096753e-01 9.937404e-01
    outer loop
      vertex 1.359319e+00 3.688307e+00 4.276726e+00
      vertex 1.077511e+00 4.132580e+00 4.319326e+00
      vertex 8.485081e-01 3.790775e+00 4.276726e+00
    endloop
  endfacet
  facet normal -2.222407e-02 -1.144858e-01 9.931483e-01
    outer loop
      vertex 1.359319e+00 3.688307e+00 4.276726e+00
      vertex 1.149541e+00 4.536645e+00 4.369114e+00
      vertex 1.077511e+00 4.132580e+00 4.319326e+00
    endloop
  endfacet
  facet normal -3.089341e-02 -1.370177e-01 9.894722e-01
    outer loop
      vertex 2.369141e+00 7.738483e+00 4.905962e+00
      vertex 1.149541e+00 4.536645e+00 4.369114e+00
      vertex 1.359319e+00 3.688307e+00 4.276726e+00
    endloop
  endfacet
  facet normal -2.839188e-02 -1.450807e-01 9.885700e-01
    outer loop
      vertex 2.369141e+00 7.738483e+00 4.905962e+00
      vertex 1.053208e+00 4.935579e+00 4.417782e+00
      vertex 1.149541e+00 4.536645e+00 4.369114e+00
    endloop
  endfacet
  facet normal -2.624761e-02 -1.496597e-01 9.880100e-01
    outer loop
      vertex 2.369141e+00 7.738483e+00 4.905962e+00
      vertex 8.040871e-01 5.262797e+00 4.457203e+00
      vertex 1.053208e+00 4.935579e+00 4.417782e+00
    endloop
  endfacet
  facet normal -2.649021e-02 -1.685915e-01 9.849625e-01
    outer loop
      vertex 1.023647e+00 7.975731e+00 4.905962e+00
      vertex 8.040871e-01 5.262797e+00 4.457203e+00
      vertex 2.369141e+00 7.738483e+00 4.905962e+00
    endloop
  endfacet
  facet normal -1.464486e-02 -1.541888e-01 9.876443e-01
    outer loop
      vertex 1.023647e+00 7.975731e+00 4.905962e+00
      vertex 5.621541e-01 5.417491e+00 4.475474e+00
      vertex 8.040871e-01 5.262797e+00 4.457203e+00
    endloop
  endfacet
  facet normal -1.154345e-02 -1.556370e-01 9.874721e-01
    outer loop
      vertex 1.023647e+00 7.975731e+00 4.905962e+00
      vertex 2.860643e-01 5.497078e+00 4.484429e+00
      vertex 5.621541e-01 5.417491e+00 4.475474e+00
    endloop
  endfacet
  facet normal -6.039399e-03 -1.718632e-01 9.847903e-01
    outer loop
      vertex -3.417708e-01 8.023411e+00 4.905962e+00
      vertex 2.860643e-01 5.497078e+00 4.484429e+00
      vertex 1.023647e+00 7.975731e+00 4.905962e+00
    endloop
  endfacet
  facet normal 5.195432e-04 -1.564108e-01 9.874225e-01
    outer loop
      vertex -3.417708e-01 8.023411e+00 4.905962e+00
      vertex -1.333701e-03 5.494860e+00 4.483313e+00
      vertex 2.860643e-01 5.497078e+00 4.484429e+00
    endloop
  endfacet
  facet normal 3.813715e-03 -1.558660e-01 9.874997e-01
    outer loop
      vertex -3.417708e-01 8.023411e+00 4.905962e+00
      vertex -2.763139e-01 5.410953e+00 4.472211e+00
      vertex -1.333701e-03 5.494860e+00 4.483313e+00
    endloop
  endfacet
  facet normal 1.468910e-02 -1.707095e-01 9.848675e-01
    outer loop
      vertex -1.700537e+00 7.880600e+00 4.905962e+00
      vertex -2.763139e-01 5.410953e+00 4.472211e+00
      vertex -3.417708e-01 8.023411e+00 4.905962e+00
    endloop
  endfacet
  facet normal 1.542876e-02 -1.535408e-01 9.876841e-01
    outer loop
      vertex -1.700537e+00 7.880600e+00 4.905962e+00
      vertex -4.965582e-01 5.269242e+00 4.454176e+00
      vertex -2.763139e-01 5.410953e+00 4.472211e+00
    endloop
  endfacet
  facet normal 1.779375e-02 -1.514401e-01 9.879522e-01
    outer loop
      vertex -1.700537e+00 7.880600e+00 4.905962e+00
      vertex -6.721604e-01 5.075633e+00 4.429903e+00
      vertex -4.965582e-01 5.269242e+00 4.454176e+00
    endloop
  endfacet
  facet normal 1.972069e-02 -1.482968e-01 9.883471e-01
    outer loop
      vertex -8.145678e-01 4.770212e+00 4.392008e+00
      vertex -6.721604e-01 5.075633e+00 4.429903e+00
      vertex -1.700537e+00 7.880600e+00 4.905962e+00
    endloop
  endfacet
endsolid waveguide:flange
