solid antenna:plate
  facet normal -1.000000e+00 -0.000000e+00 -0.000000e+00
    outer loop
      vertex -4.345248e+00 -1.729635e+00 5.213754e+00
      vertex -4.345248e+00 -2.140720e+00 5.229306e+00
      vertex -4.345248e+00 -2.140720e+00 1.069093e+01
    endloop
  endfacet
  facet normal -1.000000e+00 -0.000000e+00 -0.000000e+00
    outer loop
      vertex -4.345248e+00 -2.140720e+00 1.069093e+01
      vertex -4.345248e+00 -1.146658e+00 5.197366e+00
      vertex -4.345248e+00 -1.729635e+00 5.213754e+00
    endloop
  endfacet
  facet normal -1.000000e+00 -0.000000e+00 -0.000000e+00
    outer loop
      vertex -4.345248e+00 -2.140720e+00 1.069093e+01
      vertex -4.345248e+00 -5.777738e-01 5.187779e+00
      vertex -4.345248e+00 -1.146658e+00 5.197366e+00
    endloop
  endfacet
  facet normal -1.000000e+00 -0.000000e+00 -0.000000e+00
    outer loop
      vertex -4.345248e+00 -1.635243e-03 5.184516e+00
      vertex -4.345248e+00 -5.777738e-01 5.187779e+00
      vertex -4.345248e+00 -2.140720e+00 1.069093e+01
    endloop
  endfacet
  facet normal -1.000000e+00 -0.000000e+00 -0.000000e+00
    outer loop
      vertex -4.345248e+00 2.140720e+00 1.069093e+01
      vertex -4.345248e+00 -1.635243e-03 5.184516e+00
      vertex -4.345248e+00 -2.140720e+00 1.069093e+01
    endloop
  endfacet
  facet normal -1.000000e+00 -0.000000e+00 -0.000000e+00
    outer loop
      vertex -4.345248e+00 5.729355e-01 5.187724e+00
      vertex -4.345248e+00 -1.635243e-03 5.184516e+00
      vertex -4.345248e+00 2.140720e+00 1.069093e+01
    endloop
  endfacet
  facet normal -1.000000e+00 -0.000000e+00 -0.000000e+00
    outer loop
      vertex -4.345248e+00 2.140720e+00 1.069093e+01
      vertex -4.345248e+00 1.142251e+00 5.197267e+00
      vertex -4.345248e+00 5.729355e-01 5.187724e+00
    endloop
  endfacet
  facet normal -1.000000e+00 -0.000000e+00 -0.000000e+00
    outer loop
      vertex -4.345248e+00 2.140720e+00 1.069093e+01
      vertex -4.345248e+00 1.728217e+00 5.213706e+00
      vertex -4.345248e+00 1.142251e+00 5.197267e+00
    endloop
  endfacet
  facet normal -1.000000e+00 -0.000000e+00 -0.000000e+00
    outer loop
      vertex -4.345248e+00 2.140720e+00 5.229306e+00
      vertex -4.345248e+00 1.728217e+00 5.213706e+00
      vertex -4.345248e+00 2.140720e+00 1.069093e+01
    endloop
  endfacet
  facet normal -1.000000e+00 -0.000000e+00 -0.000000e+00
    outer loop
      vertex -4.345248e+00 -2.821796e-01 2.832126e+01
      vertex -4.345248e+00 -2.140720e+00 1.069093e+01
      vertex -4.345248e+00 -1.589772e+00 2.832126e+01
    endloop
  endfacet
  facet normal -1.000000e+00 -0.000000e+00 -0.000000e+00
    outer loop
      vertex -4.345248e+00 2.821796e-01 2.832126e+01
      vertex -4.345248e+00 -2.140720e+00 1.069093e+01
      vertex -4.345248e+00 -2.821796e-01 2.832126e+01
    endloop
  endfacet
  facet normal -1.000000e+00 -0.000000e+00 -0.000000e+00
    outer loop
      vertex -4.345248e+00 2.821796e-01 2.832126e+01
      vertex -4.345248e+00 2.140720e+00 1.069093e+01
      vertex -4.345248e+00 -2.140720e+00 1.069093e+01
    endloop
  endfacet
  facet normal -1.000000e+00 -0.000000e+00 -0.000000e+00
    outer loop
      vertex -4.345248e+00 1.589772e+00 2.832126e+01
      vertex -4.345248e+00 2.140720e+00 1.069093e+01
      vertex -4.345248e+00 2.821796e-01 2.832126e+01
    endloop
  endfacet
  facet normal -1.000000e+00 -0.000000e+00 -0.000000e+00
    outer loop
      vertex -4.345248e+00 -2.821796e-01 3.658825e+01
      vertex -4.345248e+00 2.821796e-01 2.832126e+01
      vertex -4.345248e+00 -2.821796e-01 2.832126e+01
    endloop
  endfacet
  facet normal -1.000000e+00 -0.000000e+00 -0.000000e+00
    outer loop
      vertex -4.345248e+00 2.821796e-01 3.658825e+01
      vertex -4.345248e+00 2.821796e-01 2.832126e+01
      vertex -4.345248e+00 -2.821796e-01 3.658825e+01
    endloop
  endfacet
  facet normal 0.000000e+00 0.000000e+00 1.000000e+00
    outer loop
      vertex 4.345248e+00 -2.821796e-01 3.658825e+01
      vertex -4.345248e+00 2.821796e-01 3.658825e+01
      vertex -4.345248e+00 -2.821796e-01 3.658825e+01
    endloop
  endfacet
  facet normal 0.000000e+00 0.000000e+00 1.000000e+00
    outer loop
      vertex 4.345248e+00 2.821796e-01 3.658825e+01
      vertex -4.345248e+00 2.821796e-01 3.658825e+01
      vertex 4.345248e+00 -2.821796e-01 3.658825e+01
    endloop
  endfacet
  facet normal 0.000000e+00 1.000000e+00 0.000000e+00
    outer loop
      vertex 5.000000e-01 2.821796e-01 3.107870e+01
      vertex 3.968151e+00 2.821796e-01 2.832126e+01
      vertex 5.000000e-01 2.821796e-01 2.880445e+01
    endloop
  endfacet
  facet normal 0.000000e+00 1.000000e+00 0.000000e+00
    outer loop
      vertex 4.345248e+00 2.821796e-01 2.832126e+01
      vertex 3.968151e+00 2.821796e-01 2.832126e+01
      vertex 5.000000e-01 2.821796e-01 3.107870e+01
    endloop
  endfacet
  facet normal 0.000000e+00 1.000000e+00 0.000000e+00
    outer loop
      vertex -5.000000e-01 2.821796e-01 3.319678e+01
      vertex 5.000000e-01 2.821796e-01 3.107870e+01
      vertex -5.000000e-01 2.821796e-01 3.107870e+01
    endloop
  endfacet
  facet normal 0.000000e+00 1.000000e+00 0.000000e+00
    outer loop
      vertex 5.000000e-01 2.821796e-01 3.319678e+01
      vertex 5.000000e-01 2.821796e-01 3.107870e+01
      vertex -5.000000e-01 2.821796e-01 3.319678e+01
    endloop
  endfacet
  facet normal 0.000000e+00 1.000000e+00 0.000000e+00
    outer loop
      vertex 5.000000e-01 2.821796e-01 3.319678e+01
      vertex 4.345248e+00 2.821796e-01 2.832126e+01
      vertex 5.000000e-01 2.821796e-01 3.107870e+01
    endloop
  endfacet
  facet normal 0.000000e+00 1.000000e+00 0.000000e+00
    outer loop
      vertex 4.345248e+00 2.821796e-01 3.658825e+01
      vertex 4.345248e+00 2.821796e-01 2.832126e+01
      vertex 5.000000e-01 2.821796e-01 3.319678e+01
    endloop
  endfacet
  facet normal 0.000000e+00 1.000000e+00 0.000000e+00
    outer loop
      vertex 5.000000e-01 2.821796e-01 3.548776e+01
      vertex 4.345248e+00 2.821796e-01 3.658825e+01
      vertex 5.000000e-01 2.821796e-01 3.319678e+01
    endloop
  endfacet
  facet normal 0.000000e+00 1.000000e+00 0.000000e+00
    outer loop
      vertex -4.345248e+00 2.821796e-01 3.658825e+01
      vertex 4.345248e+00 2.821796e-01 3.658825e+01
      vertex 5.000000e-01 2.821796e-01 3.548776e+01
    endloop
  endfacet
  facet normal 0.000000e+00 1.000000e+00 0.000000e+00
    outer loop
      vertex 2.768140e+00 2.821796e-01 2.520003e+01
      vertex 3.968151e+00 2.821796e-01 2.832126e+01
      vertex 3.968151e+00 2.821796e-01 2.374664e+01
    endloop
  endfacet
  facet normal 0.000000e+00 1.000000e+00 0.000000e+00
    outer loop
      vertex 9.915568e-01 2.821796e-01 2.601120e+01
      vertex 3.968151e+00 2.821796e-01 2.832126e+01
      vertex 2.768140e+00 2.821796e-01 2.520003e+01
    endloop
  endfacet
  facet normal 0.000000e+00 1.000000e+00 0.000000e+00
    outer loop
      vertex 9.915568e-01 2.821796e-01 2.601120e+01
      vertex 5.000000e-01 2.821796e-01 2.880445e+01
      vertex 3.968151e+00 2.821796e-01 2.832126e+01
    endloop
  endfacet
  facet normal 0.000000e+00 1.000000e+00 0.000000e+00
    outer loop
      vertex -9.915568e-01 2.821796e-01 2.601120e+01
      vertex 5.000000e-01 2.821796e-01 2.880445e+01
      vertex 9.915568e-01 2.821796e-01 2.601120e+01
    endloop
  endfacet
  facet normal 0.000000e+00 1.000000e+00 0.000000e+00
    outer loop
      vertex -9.915568e-01 2.821796e-01 2.601120e+01
      vertex -5.000000e-01 2.821796e-01 2.880445e+01
      vertex 5.000000e-01 2.821796e-01 2.880445e+01
    endloop
  endfacet
  facet normal 0.000000e+00 1.000000e+00 0.000000e+00
    outer loop
      vertex -3.968151e+00 2.821796e-01 2.832126e+01
      vertex -5.000000e-01 2.821796e-01 2.880445e+01
      vertex -9.915568e-01 2.821796e-01 2.601120e+01
    endloop
  endfacet
  facet normal 0.000000e+00 1.000000e+00 0.000000e+00
    outer loop
      vertex -3.968151e+00 2.821796e-01 2.832126e+01
      vertex -5.000000e-01 2.821796e-01 3.107870e+01
      vertex -5.000000e-01 2.821796e-01 2.880445e+01
    endloop
  endfacet
  facet normal 0.000000e+00 1.000000e+00 0.000000e+00
    outer loop
      vertex -4.345248e+00 2.821796e-01 2.832126e+01
      vertex -5.000000e-01 2.821796e-01 3.107870e+01
      vertex -3.968151e+00 2.821796e-01 2.832126e+01
    endloop
  endfacet
  facet normal 0.000000e+00 1.000000e+00 0.000000e+00
    outer loop
      vertex -4.345248e+00 2.821796e-01 2.832126e+01
      vertex -5.000000e-01 2.821796e-01 3.319678e+01
      vertex -5.000000e-01 2.821796e-01 3.107870e+01
    endloop
  endfacet
  facet normal 0.000000e+00 1.000000e+00 0.000000e+00
    outer loop
      vertex -4.345248e+00 2.821796e-01 3.658825e+01
      vertex -5.000000e-01 2.821796e-01 3.319678e+01
      vertex -4.345248e+00 2.821796e-01 2.832126e+01
    endloop
  endfacet
  facet normal 0.000000e+00 1.000000e+00 0.000000e+00
    outer loop
      vertex -4.345248e+00 2.821796e-01 3.658825e+01
      vertex -5.000000e-01 2.821796e-01 3.548776e+01
      vertex -5.000000e-01 2.821796e-01 3.319678e+01
    endloop
  endfacet
  facet normal 0.000000e+00 1.000000e+00 0.000000e+00
    outer loop
      vertex 5.000000e-01 2.821796e-01 3.548776e+01
      vertex -5.000000e-01 2.821796e-01 3.548776e+01
      vertex -4.345248e+00 2.821796e-01 3.658825e+01
    endloop
  endfacet
  facet normal 0.000000e+00 1.000000e+00 0.000000e+00
    outer loop
      vertex -2.768140e+00 2.821796e-01 2.520003e+01
      vertex -3.968151e+00 2.821796e-01 2.832126e+01
      vertex -9.915568e-01 2.821796e-01 2.601120e+01
    endloop
  endfacet
  facet normal 0.000000e+00 1.000000e+00 0.000000e+00
    outer loop
      vertex -3.968151e+00 2.821796e-01 2.374664e+01
      vertex -3.968151e+00 2.821796e-01 2.832126e+01
      vertex -2.768140e+00 2.821796e-01 2.520003e+01
    endloop
  endfacet
  facet normal -0.000000e+00 -1.000000e+00 -0.000000e+00
    outer loop
      vertex -5.000000e-01 -2.821796e-01 3.107870e+01
      vertex -3.968151e+00 -2.821796e-01 2.832126e+01
      vertex -5.000000e-01 -2.821796e-01 2.880445e+01
    endloop
  endfacet
  facet normal -0.000000e+00 -1.000000e+00 -0.000000e+00
    outer loop
      vertex -4.345248e+00 -2.821796e-01 2.832126e+01
      vertex -3.968151e+00 -2.821796e-01 2.832126e+01
      vertex -5.000000e-01 -2.821796e-01 3.107870e+01
    endloop
  endfacet
  facet normal -0.000000e+00 -1.000000e+00 -0.000000e+00
    outer loop
      vertex 5.000000e-01 -2.821796e-01 3.319678e+01
      vertex -5.000000e-01 -2.821796e-01 3.107870e+01
      vertex 5.000000e-01 -2.821796e-01 3.107870e+01
    endloop
  endfacet
  facet normal -0.000000e+00 -1.000000e+00 -0.000000e+00
    outer loop
      vertex -5.000000e-01 -2.821796e-01 3.319678e+01
      vertex -5.000000e-01 -2.821796e-01 3.107870e+01
      vertex 5.000000e-01 -2.821796e-01 3.319678e+01
    endloop
  endfacet
  facet normal -0.000000e+00 -1.000000e+00 -0.000000e+00
    outer loop
      vertex -5.000000e-01 -2.821796e-01 3.319678e+01
      vertex -4.345248e+00 -2.821796e-01 2.832126e+01
      vertex -5.000000e-01 -2.821796e-01 3.107870e+01
    endloop
  endfacet
  facet normal -0.000000e+00 -1.000000e+00 -0.000000e+00
    outer loop
      vertex -4.345248e+00 -2.821796e-01 3.658825e+01
      vertex -4.345248e+00 -2.821796e-01 2.832126e+01
      vertex -5.000000e-01 -2.821796e-01 3.319678e+01
    endloop
  endfacet
  facet normal -0.000000e+00 -1.000000e+00 -0.000000e+00
    outer loop
      vertex 3.968151e+00 -2.821796e-01 2.832126e+01
      vertex 2.768140e+00 -2.821796e-01 2.520003e+01
      vertex 3.968151e+00 -2.821796e-01 2.374664e+01
    endloop
  endfacet
  facet normal -0.000000e+00 -1.000000e+00 -0.000000e+00
    outer loop
      vertex 9.915568e-01 -2.821796e-01 2.601120e+01
      vertex 2.768140e+00 -2.821796e-01 2.520003e+01
      vertex 3.968151e+00 -2.821796e-01 2.832126e+01
    endloop
  endfacet
  facet normal -0.000000e+00 -1.000000e+00 -0.000000e+00
    outer loop
      vertex -5.000000e-01 -2.821796e-01 3.548776e+01
      vertex -4.345248e+00 -2.821796e-01 3.658825e+01
      vertex -5.000000e-01 -2.821796e-01 3.319678e+01
    endloop
  endfacet
  facet normal -0.000000e+00 -1.000000e+00 -0.000000e+00
    outer loop
      vertex 5.000000e-01 -2.821796e-01 3.548776e+01
      vertex -4.345248e+00 -2.821796e-01 3.658825e+01
      vertex -5.000000e-01 -2.821796e-01 3.548776e+01
    endloop
  endfacet
  facet normal -0.000000e+00 -1.000000e+00 -0.000000e+00
    outer loop
      vertex 5.000000e-01 -2.821796e-01 3.548776e+01
      vertex 4.345248e+00 -2.821796e-01 3.658825e+01
      vertex -4.345248e+00 -2.821796e-01 3.658825e+01
    endloop
  endfacet
  facet normal -0.000000e+00 -1.000000e+00 -0.000000e+00
    outer loop
      vertex 5.000000e-01 -2.821796e-01 3.319678e+01
      vertex 4.345248e+00 -2.821796e-01 3.658825e+01
      vertex 5.000000e-01 -2.821796e-01 3.548776e+01
    endloop
  endfacet
  facet normal -0.000000e+00 -1.000000e+00 -0.000000e+00
    outer loop
      vertex 5.000000e-01 -2.821796e-01 3.319678e+01
      vertex 4.345248e+00 -2.821796e-01 2.832126e+01
      vertex 4.345248e+00 -2.821796e-01 3.658825e+01
    endloop
  endfacet
  facet normal -0.000000e+00 -1.000000e+00 -0.000000e+00
    outer loop
      vertex 5.000000e-01 -2.821796e-01 3.107870e+01
      vertex 4.345248e+00 -2.821796e-01 2.832126e+01
      vertex 5.000000e-01 -2.821796e-01 3.319678e+01
    endloop
  endfacet
  facet normal -0.000000e+00 -1.000000e+00 -0.000000e+00
    outer loop
      vertex 5.000000e-01 -2.821796e-01 3.107870e+01
      vertex 3.968151e+00 -2.821796e-01 2.832126e+01
      vertex 4.345248e+00 -2.821796e-01 2.832126e+01
    endloop
  endfacet
  facet normal -0.000000e+00 -1.000000e+00 -0.000000e+00
    outer loop
      vertex 5.000000e-01 -2.821796e-01 2.880445e+01
      vertex 3.968151e+00 -2.821796e-01 2.832126e+01
      vertex 5.000000e-01 -2.821796e-01 3.107870e+01
    endloop
  endfacet
  facet normal -0.000000e+00 -1.000000e+00 -0.000000e+00
    outer loop
      vertex 5.000000e-01 -2.821796e-01 2.880445e+01
      vertex 9.915568e-01 -2.821796e-01 2.601120e+01
      vertex 3.968151e+00 -2.821796e-01 2.832126e+01
    endloop
  endfacet
  facet normal -0.000000e+00 -1.000000e+00 -0.000000e+00
    outer loop
      vertex -9.915568e-01 -2.821796e-01 2.601120e+01
      vertex 9.915568e-01 -2.821796e-01 2.601120e+01
      vertex 5.000000e-01 -2.821796e-01 2.880445e+01
    endloop
  endfacet
  facet normal -0.000000e+00 -1.000000e+00 -0.000000e+00
    outer loop
      vertex -5.000000e-01 -2.821796e-01 2.880445e+01
      vertex -9.915568e-01 -2.821796e-01 2.601120e+01
      vertex 5.000000e-01 -2.821796e-01 2.880445e+01
    endloop
  endfacet
  facet normal -0.000000e+00 -1.000000e+00 -0.000000e+00
    outer loop
      vertex -3.968151e+00 -2.821796e-01 2.832126e+01
      vertex -9.915568e-01 -2.821796e-01 2.601120e+01
      vertex -5.000000e-01 -2.821796e-01 2.880445e+01
    endloop
  endfacet
  facet normal -0.000000e+00 -1.000000e+00 -0.000000e+00
    outer loop
      vertex -3.968151e+00 -2.821796e-01 2.832126e+01
      vertex -2.768140e+00 -2.821796e-01 2.520003e+01
      vertex -9.915568e-01 -2.821796e-01 2.601120e+01
    endloop
  endfacet
  facet normal -0.000000e+00 -1.000000e+00 -0.000000e+00
    outer loop
      vertex -3.968151e+00 -2.821796e-01 2.374664e+01
      vertex -2.768140e+00 -2.821796e-01 2.520003e+01
      vertex -3.968151e+00 -2.821796e-01 2.832126e+01
    endloop
  endfacet
  facet normal -8.017357e-01 -3.404938e-17 -5.560685e-01
    outer loop
      vertex 3.968151e+00 -1.375083e-01 2.374664e+01
      vertex 3.968151e+00 -2.821796e-01 2.374664e+01
      vertex 2.768140e+00 -2.821796e-01 2.520003e+01
    endloop
  endfacet
  facet normal -7.036086e-01 -4.139086e-17 -6.759641e-01
    outer loop
      vertex 2.768140e+00 2.821796e-01 2.520003e+01
      vertex 3.968151e+00 -1.375083e-01 2.374664e+01
      vertex 2.768140e+00 -2.821796e-01 2.520003e+01
    endloop
  endfacet
  facet normal -8.017357e-01 -3.404938e-17 -5.560685e-01
    outer loop
      vertex 3.968151e+00 2.821796e-01 2.374664e+01
      vertex 3.968151e+00 -1.375083e-01 2.374664e+01
      vertex 2.768140e+00 2.821796e-01 2.520003e+01
    endloop
  endfacet
  facet normal -4.739550e-01 -5.243991e-17 -8.564088e-01
    outer loop
      vertex 9.915568e-01 -2.821796e-01 2.601120e+01
      vertex 2.768140e+00 2.821796e-01 2.520003e+01
      vertex 2.768140e+00 -2.821796e-01 2.520003e+01
    endloop
  endfacet
  facet normal -3.424285e-01 -5.614748e-17 -9.169580e-01
    outer loop
      vertex 9.915568e-01 2.821796e-01 2.601120e+01
      vertex 2.768140e+00 2.821796e-01 2.520003e+01
      vertex 9.915568e-01 -2.821796e-01 2.601120e+01
    endloop
  endfacet
  facet normal -7.030067e-02 -5.985505e-17 -9.775073e-01
    outer loop
      vertex -9.915568e-01 -2.821796e-01 2.601120e+01
      vertex 9.915568e-01 2.821796e-01 2.601120e+01
      vertex 9.915568e-01 -2.821796e-01 2.601120e+01
    endloop
  endfacet
  facet normal 7.030067e-02 -5.985505e-17 -9.775073e-01
    outer loop
      vertex -9.915568e-01 2.821796e-01 2.601120e+01
      vertex 9.915568e-01 2.821796e-01 2.601120e+01
      vertex -9.915568e-01 -2.821796e-01 2.601120e+01
    endloop
  endfacet
  facet normal 3.424285e-01 -5.614748e-17 -9.169580e-01
    outer loop
      vertex -2.768140e+00 -2.821796e-01 2.520003e+01
      vertex -9.915568e-01 2.821796e-01 2.601120e+01
      vertex -9.915568e-01 -2.821796e-01 2.601120e+01
    endloop
  endfacet
  facet normal 4.739550e-01 -5.243991e-17 -8.564088e-01
    outer loop
      vertex -2.768140e+00 2.821796e-01 2.520003e+01
      vertex -9.915568e-01 2.821796e-01 2.601120e+01
      vertex -2.768140e+00 -2.821796e-01 2.520003e+01
    endloop
  endfacet
  facet normal 7.036086e-01 -4.139086e-17 -6.759641e-01
    outer loop
      vertex -3.968151e+00 -2.821796e-01 2.374664e+01
      vertex -2.768140e+00 2.821796e-01 2.520003e+01
      vertex -2.768140e+00 -2.821796e-01 2.520003e+01
    endloop
  endfacet
  facet normal 8.017357e-01 -3.404938e-17 -5.560685e-01
    outer loop
      vertex -3.968151e+00 2.821796e-01 2.374664e+01
      vertex -2.768140e+00 2.821796e-01 2.520003e+01
      vertex -3.968151e+00 -2.821796e-01 2.374664e+01
    endloop
  endfacet
  facet normal 1.000000e+00 0.000000e+00 0.000000e+00
    outer loop
      vertex 4.345248e+00 1.727355e+00 5.213677e+00
      vertex 4.345248e+00 2.140720e+00 5.229306e+00
      vertex 4.345248e+00 2.140720e+00 1.069093e+01
    endloop
  endfacet
  facet normal 1.000000e+00 0.000000e+00 0.000000e+00
    outer loop
      vertex 4.345248e+00 2.140720e+00 1.069093e+01
      vertex 4.345248e+00 1.141125e+00 5.197242e+00
      vertex 4.345248e+00 1.727355e+00 5.213677e+00
    endloop
  endfacet
  facet normal 1.000000e+00 0.000000e+00 0.000000e+00
    outer loop
      vertex 4.345248e+00 2.140720e+00 1.069093e+01
      vertex 4.345248e+00 5.728952e-01 5.187724e+00
      vertex 4.345248e+00 1.141125e+00 5.197242e+00
    endloop
  endfacet
  facet normal 1.000000e+00 0.000000e+00 0.000000e+00
    outer loop
      vertex 4.345248e+00 1.129834e-17 5.184516e+00
      vertex 4.345248e+00 5.728952e-01 5.187724e+00
      vertex 4.345248e+00 2.140720e+00 1.069093e+01
    endloop
  endfacet
  facet normal 1.000000e+00 0.000000e+00 0.000000e+00
    outer loop
      vertex 4.345248e+00 2.821796e-01 2.832126e+01
      vertex 4.345248e+00 2.140720e+00 1.069093e+01
      vertex 4.345248e+00 1.589772e+00 2.832126e+01
    endloop
  endfacet
  facet normal 1.000000e+00 0.000000e+00 0.000000e+00
    outer loop
      vertex 4.345248e+00 -2.140720e+00 1.069093e+01
      vertex 4.345248e+00 2.140720e+00 1.069093e+01
      vertex 4.345248e+00 2.821796e-01 2.832126e+01
    endloop
  endfacet
  facet normal 1.000000e+00 0.000000e+00 0.000000e+00
    outer loop
      vertex 4.345248e+00 -2.140720e+00 1.069093e+01
      vertex 4.345248e+00 1.129834e-17 5.184516e+00
      vertex 4.345248e+00 2.140720e+00 1.069093e+01
    endloop
  endfacet
  facet normal 1.000000e+00 0.000000e+00 0.000000e+00
    outer loop
      vertex 4.345248e+00 -5.728952e-01 5.187723e+00
      vertex 4.345248e+00 1.129834e-17 5.184516e+00
      vertex 4.345248e+00 -2.140720e+00 1.069093e+01
    endloop
  endfacet
  facet normal 1.000000e+00 0.000000e+00 0.000000e+00
    outer loop
      vertex 4.345248e+00 -2.140720e+00 1.069093e+01
      vertex 4.345248e+00 -1.141125e+00 5.197242e+00
      vertex 4.345248e+00 -5.728952e-01 5.187723e+00
    endloop
  endfacet
  facet normal 1.000000e+00 0.000000e+00 0.000000e+00
    outer loop
      vertex 4.345248e+00 -2.140720e+00 1.069093e+01
      vertex 4.345248e+00 -1.727355e+00 5.213677e+00
      vertex 4.345248e+00 -1.141125e+00 5.197242e+00
    endloop
  endfacet
  facet normal 1.000000e+00 0.000000e+00 0.000000e+00
    outer loop
      vertex 4.345248e+00 -2.140720e+00 5.229306e+00
      vertex 4.345248e+00 -1.727355e+00 5.213677e+00
      vertex 4.345248e+00 -2.140720e+00 1.069093e+01
    endloop
  endfacet
  facet normal 1.000000e+00 0.000000e+00 0.000000e+00
    outer loop
      vertex 4.345248e+00 -2.821796e-01 2.832126e+01
      vertex 4.345248e+00 -2.140720e+00 1.069093e+01
      vertex 4.345248e+00 2.821796e-01 2.832126e+01
    endloop
  endfacet
  facet normal 1.000000e+00 0.000000e+00 0.000000e+00
    outer loop
      vertex 4.345248e+00 -1.589772e+00 2.832126e+01
      vertex 4.345248e+00 -2.140720e+00 1.069093e+01
      vertex 4.345248e+00 -2.821796e-01 2.832126e+01
    endloop
  endfacet
  facet normal 1.000000e+00 0.000000e+00 0.000000e+00
    outer loop
      vertex 4.345248e+00 2.821796e-01 3.658825e+01
      vertex 4.345248e+00 -2.821796e-01 2.832126e+01
      vertex 4.345248e+00 2.821796e-01 2.832126e+01
    endloop
  endfacet
  facet normal 1.000000e+00 0.000000e+00 0.000000e+00
    outer loop
      vertex 4.345248e+00 -2.821796e-01 3.658825e+01
      vertex 4.345248e+00 -2.821796e-01 2.832126e+01
      vertex 4.345248e+00 2.821796e-01 3.658825e+01
    endloop
  endfacet
  facet normal 1.000000e+00 0.000000e+00 0.000000e+00
    outer loop
      vertex 5.000000e-01 -2.500000e+00 3.057870e+01
      vertex 5.000000e-01 -2.821796e-01 3.107870e+01
      vertex 5.000000e-01 -2.500000e+00 3.107870e+01
    endloop
  endfacet
  facet normal 1.000000e+00 0.000000e+00 0.000000e+00
    outer loop
      vertex 5.000000e-01 -2.821796e-01 2.880445e+01
      vertex 5.000000e-01 -2.821796e-01 3.107870e+01
      vertex 5.000000e-01 -2.500000e+00 3.057870e+01
    endloop
  endfacet
  facet normal 0.000000e+00 1.000000e+00 0.000000e+00
    outer loop
      vertex -5.000000e-01 2.500000e+00 3.107870e+01
      vertex 5.000000e-01 2.500000e+00 3.057870e+01
      vertex -5.000000e-01 2.500000e+00 3.057870e+01
    endloop
  endfacet
  facet normal 0.000000e+00 1.000000e+00 0.000000e+00
    outer loop
      vertex 5.000000e-01 2.500000e+00 3.107870e+01
      vertex 5.000000e-01 2.500000e+00 3.057870e+01
      vertex -5.000000e-01 2.500000e+00 3.107870e+01
    endloop
  endfacet
  facet normal -0.000000e+00 -1.000000e+00 -0.000000e+00
    outer loop
      vertex 5.000000e-01 -2.500000e+00 3.107870e+01
      vertex -5.000000e-01 -2.500000e+00 3.057870e+01
      vertex 5.000000e-01 -2.500000e+00 3.057870e+01
    endloop
  endfacet
  facet normal -0.000000e+00 -1.000000e+00 -0.000000e+00
    outer loop
      vertex -5.000000e-01 -2.500000e+00 3.107870e+01
      vertex -5.000000e-01 -2.500000e+00 3.057870e+01
      vertex 5.000000e-01 -2.500000e+00 3.107870e+01
    endloop
  endfacet
  facet normal 0.000000e+00 0.000000e+00 1.000000e+00
    outer loop
      vertex 5.000000e-01 -2.500000e+00 3.107870e+01
      vertex -5.000000e-01 -2.821796e-01 3.107870e+01
      vertex -5.000000e-01 -2.500000e+00 3.107870e+01
    endloop
  endfacet
  facet normal 0.000000e+00 0.000000e+00 1.000000e+00
    outer loop
      vertex 5.000000e-01 -2.821796e-01 3.107870e+01
      vertex -5.000000e-01 -2.821796e-01 3.107870e+01
      vertex 5.000000e-01 -2.500000e+00 3.107870e+01
    endloop
  endfacet
  facet normal 0.000000e+00 6.246951e-01 -7.808688e-01
    outer loop
      vertex 5.000000e-01 2.821796e-01 2.880445e+01
      vertex -5.000000e-01 2.500000e+00 3.057870e+01
      vertex 5.000000e-01 2.500000e+00 3.057870e+01
    endloop
  endfacet
  facet normal 0.000000e+00 6.246951e-01 -7.808688e-01
    outer loop
      vertex -5.000000e-01 2.821796e-01 2.880445e+01
      vertex -5.000000e-01 2.500000e+00 3.057870e+01
      vertex 5.000000e-01 2.821796e-01 2.880445e+01
    endloop
  endfacet
  facet normal -1.000000e+00 -0.000000e+00 -0.000000e+00
    outer loop
      vertex -5.000000e-01 -2.821796e-01 3.107870e+01
      vertex -5.000000e-01 -2.500000e+00 3.057870e+01
      vertex -5.000000e-01 -2.500000e+00 3.107870e+01
    endloop
  endfacet
  facet normal -1.000000e+00 -0.000000e+00 -0.000000e+00
    outer loop
      vertex -5.000000e-01 -2.821796e-01 2.880445e+01
      vertex -5.000000e-01 -2.500000e+00 3.057870e+01
      vertex -5.000000e-01 -2.821796e-01 3.107870e+01
    endloop
  endfacet
  facet normal -1.000000e+00 -0.000000e+00 -0.000000e+00
    outer loop
      vertex -5.000000e-01 2.500000e+00 3.057870e+01
      vertex -5.000000e-01 2.821796e-01 3.107870e+01
      vertex -5.000000e-01 2.500000e+00 3.107870e+01
    endloop
  endfacet
  facet normal -1.000000e+00 -0.000000e+00 -0.000000e+00
    outer loop
      vertex -5.000000e-01 2.821796e-01 2.880445e+01
      vertex -5.000000e-01 2.821796e-01 3.107870e+01
      vertex -5.000000e-01 2.500000e+00 3.057870e+01
    endloop
  endfacet
  facet normal 1.000000e+00 0.000000e+00 0.000000e+00
    outer loop
      vertex 5.000000e-01 2.821796e-01 3.107870e+01
      vertex 5.000000e-01 2.500000e+00 3.057870e+01
      vertex 5.000000e-01 2.500000e+00 3.107870e+01
    endloop
  endfacet
  facet normal 1.000000e+00 0.000000e+00 0.000000e+00
    outer loop
      vertex 5.000000e-01 2.821796e-01 2.880445e+01
      vertex 5.000000e-01 2.500000e+00 3.057870e+01
      vertex 5.000000e-01 2.821796e-01 3.107870e+01
    endloop
  endfacet
  facet normal 0.000000e+00 0.000000e+00 1.000000e+00
    outer loop
      vertex -5.000000e-01 2.500000e+00 3.107870e+01
      vertex 5.000000e-01 2.821796e-01 3.107870e+01
      vertex 5.000000e-01 2.500000e+00 3.107870e+01
    endloop
  endfacet
  facet normal 0.000000e+00 0.000000e+00 1.000000e+00
    outer loop
      vertex -5.000000e-01 2.821796e-01 3.107870e+01
      vertex 5.000000e-01 2.821796e-01 3.107870e+01
      vertex -5.000000e-01 2.500000e+00 3.107870e+01
    endloop
  endfacet
  facet normal 0.000000e+00 -6.246951e-01 -7.808688e-01
    outer loop
      vertex -5.000000e-01 -2.821796e-01 2.880445e+01
      vertex 5.000000e-01 -2.500000e+00 3.057870e+01
      vertex -5.000000e-01 -2.500000e+00 3.057870e+01
    endloop
  endfacet
  facet normal 0.000000e+00 -6.246951e-01 -7.808688e-01
    outer loop
      vertex 5.000000e-01 -2.821796e-01 2.880445e+01
      vertex 5.000000e-01 -2.500000e+00 3.057870e+01
      vertex -5.000000e-01 -2.821796e-01 2.880445e+01
    endloop
  endfacet
  facet normal 1.000000e+00 0.000000e+00 0.000000e+00
    outer loop
      vertex 5.000000e-01 -2.700000e+00 3.498776e+01
      vertex 5.000000e-01 -2.821796e-01 3.548776e+01
      vertex 5.000000e-01 -2.700000e+00 3.548776e+01
    endloop
  endfacet
  facet normal 1.000000e+00 0.000000e+00 0.000000e+00
    outer loop
      vertex 5.000000e-01 -2.821796e-01 3.319678e+01
      vertex 5.000000e-01 -2.821796e-01 3.548776e+01
      vertex 5.000000e-01 -2.700000e+00 3.498776e+01
    endloop
  endfacet
  facet normal 0.000000e+00 1.000000e+00 0.000000e+00
    outer loop
      vertex -5.000000e-01 2.700000e+00 3.548776e+01
      vertex 5.000000e-01 2.700000e+00 3.498776e+01
      vertex -5.000000e-01 2.700000e+00 3.498776e+01
    endloop
  endfacet
  facet normal 0.000000e+00 1.000000e+00 0.000000e+00
    outer loop
      vertex 5.000000e-01 2.700000e+00 3.548776e+01
      vertex 5.000000e-01 2.700000e+00 3.498776e+01
      vertex -5.000000e-01 2.700000e+00 3.548776e+01
    endloop
  endfacet
  facet normal -0.000000e+00 -1.000000e+00 -0.000000e+00
    outer loop
      vertex 5.000000e-01 -2.700000e+00 3.548776e+01
      vertex -5.000000e-01 -2.700000e+00 3.498776e+01
      vertex 5.000000e-01 -2.700000e+00 3.498776e+01
    endloop
  endfacet
  facet normal -0.000000e+00 -1.000000e+00 -0.000000e+00
    outer loop
      vertex -5.000000e-01 -2.700000e+00 3.548776e+01
      vertex -5.000000e-01 -2.700000e+00 3.498776e+01
      vertex 5.000000e-01 -2.700000e+00 3.548776e+01
    endloop
  endfacet
  facet normal 0.000000e+00 0.000000e+00 1.000000e+00
    outer loop
      vertex 5.000000e-01 -2.700000e+00 3.548776e+01
      vertex -5.000000e-01 -2.821796e-01 3.548776e+01
      vertex -5.000000e-01 -2.700000e+00 3.548776e+01
    endloop
  endfacet
  facet normal 0.000000e+00 0.000000e+00 1.000000e+00
    outer loop
      vertex 5.000000e-01 -2.821796e-01 3.548776e+01
      vertex -5.000000e-01 -2.821796e-01 3.548776e+01
      vertex 5.000000e-01 -2.700000e+00 3.548776e+01
    endloop
  endfacet
  facet normal 0.000000e+00 5.952275e-01 -8.035572e-01
    outer loop
      vertex 5.000000e-01 2.821796e-01 3.319678e+01
      vertex -5.000000e-01 2.700000e+00 3.498776e+01
      vertex 5.000000e-01 2.700000e+00 3.498776e+01
    endloop
  endfacet
  facet normal 0.000000e+00 5.952275e-01 -8.035572e-01
    outer loop
      vertex -5.000000e-01 2.821796e-01 3.319678e+01
      vertex -5.000000e-01 2.700000e+00 3.498776e+01
      vertex 5.000000e-01 2.821796e-01 3.319678e+01
    endloop
  endfacet
  facet normal -1.000000e+00 -0.000000e+00 -0.000000e+00
    outer loop
      vertex -5.000000e-01 -2.821796e-01 3.548776e+01
      vertex -5.000000e-01 -2.700000e+00 3.498776e+01
      vertex -5.000000e-01 -2.700000e+00 3.548776e+01
    endloop
  endfacet
  facet normal -1.000000e+00 -0.000000e+00 -0.000000e+00
    outer loop
      vertex -5.000000e-01 -2.821796e-01 3.319678e+01
      vertex -5.000000e-01 -2.700000e+00 3.498776e+01
      vertex -5.000000e-01 -2.821796e-01 3.548776e+01
    endloop
  endfacet
  facet normal -1.000000e+00 -0.000000e+00 -0.000000e+00
    outer loop
      vertex -5.000000e-01 2.700000e+00 3.498776e+01
      vertex -5.000000e-01 2.821796e-01 3.548776e+01
      vertex -5.000000e-01 2.700000e+00 3.548776e+01
    endloop
  endfacet
  facet normal -1.000000e+00 -0.000000e+00 -0.000000e+00
    outer loop
      vertex -5.000000e-01 2.821796e-01 3.319678e+01
      vertex -5.000000e-01 2.821796e-01 3.548776e+01
      vertex -5.000000e-01 2.700000e+00 3.498776e+01
    endloop
  endfacet
  facet normal 1.000000e+00 0.000000e+00 0.000000e+00
    outer loop
      vertex 5.000000e-01 2.821796e-01 3.548776e+01
      vertex 5.000000e-01 2.700000e+00 3.498776e+01
      vertex 5.000000e-01 2.700000e+00 3.548776e+01
    endloop
  endfacet
  facet normal 1.000000e+00 0.000000e+00 0.000000e+00
    outer loop
      vertex 5.000000e-01 2.821796e-01 3.319678e+01
      vertex 5.000000e-01 2.700000e+00 3.498776e+01
      vertex 5.000000e-01 2.821796e-01 3.548776e+01
    endloop
  endfacet
  facet normal 0.000000e+00 0.000000e+00 1.000000e+00
    outer loop
      vertex -5.000000e-01 2.700000e+00 3.548776e+01
      vertex 5.000000e-01 2.821796e-01 3.548776e+01
      vertex 5.000000e-01 2.700000e+00 3.548776e+01
    endloop
  endfacet
  facet normal 0.000000e+00 0.000000e+00 1.000000e+00
    outer loop
      vertex -5.000000e-01 2.821796e-01 3.548776e+01
      vertex 5.000000e-01 2.821796e-01 3.548776e+01
      vertex -5.000000e-01 2.700000e+00 3.548776e+01
    endloop
  endfacet
  facet normal 0.000000e+00 -5.952275e-01 -8.035572e-01
    outer loop
      vertex -5.000000e-01 -2.821796e-01 3.319678e+01
      vertex 5.000000e-01 -2.700000e+00 3.498776e+01
      vertex -5.000000e-01 -2.700000e+00 3.498776e+01
    endloop
  endfacet
  facet normal 0.000000e+00 -5.952275e-01 -8.035572e-01
    outer loop
      vertex 5.000000e-01 -2.821796e-01 3.319678e+01
      vertex 5.000000e-01 -2.700000e+00 3.498776e+01
      vertex -5.000000e-01 -2.821796e-01 3.319678e+01
    endloop
  endfacet
  facet normal 7.798606e-01 -1.540715e-02 6.253838e-01
    outer loop
      vertex 4.100000e+01 1.006028e-15 2.142969e+01
      vertex 4.155228e+01 -2.465796e+00 2.064937e+01
      vertex 4.162539e+01 9.447858e-16 2.064937e+01
    endloop
  endfacet
  facet normal 7.786052e-01 -4.093359e-02 6.253836e-01
    outer loop
      vertex 4.080257e+01 -4.018703e+00 2.142969e+01
      vertex 4.155228e+01 -2.465796e+00 2.064937e+01
      vertex 4.100000e+01 1.006028e-15 2.142969e+01
    endloop
  endfacet
  facet normal 7.773497e-01 -6.646003e-02 6.253834e-01
    outer loop
      vertex 4.080257e+01 -4.018703e+00 2.142969e+01
      vertex 4.142489e+01 -4.079989e+00 2.064937e+01
      vertex 4.155228e+01 -2.465796e+00 2.064937e+01
    endloop
  endfacet
  facet normal 7.755687e-01 -8.510410e-02 6.253825e-01
    outer loop
      vertex 4.064823e+01 -5.359229e+00 2.142969e+01
      vertex 4.142489e+01 -4.079989e+00 2.064937e+01
      vertex 4.080257e+01 -4.018703e+00 2.142969e+01
    endloop
  endfacet
  facet normal 7.727177e-01 -1.056235e-01 6.253807e-01
    outer loop
      vertex 4.064823e+01 -5.359229e+00 2.142969e+01
      vertex 4.096842e+01 -7.362473e+00 2.064937e+01
      vertex 4.142489e+01 -4.079989e+00 2.064937e+01
    endloop
  endfacet
  facet normal 7.689722e-01 -1.308661e-01 6.253785e-01
    outer loop
      vertex 4.021220e+01 -7.998703e+00 2.142969e+01
      vertex 4.096842e+01 -7.362473e+00 2.064937e+01
      vertex 4.064823e+01 -5.359229e+00 2.142969e+01
    endloop
  endfacet
  facet normal 7.662089e-01 -1.475840e-01 6.253771e-01
    outer loop
      vertex 4.021220e+01 -7.998703e+00 2.142969e+01
      vertex 4.082482e+01 -8.120544e+00 2.064937e+01
      vertex 4.096842e+01 -7.362473e+00 2.064937e+01
    endloop
  endfacet
  facet normal 7.617941e-01 -1.675777e-01 6.253769e-01
    outer loop
      vertex 3.965535e+01 -1.041407e+01 2.142969e+01
      vertex 4.082482e+01 -8.120544e+00 2.064937e+01
      vertex 4.021220e+01 -7.998703e+00 2.142969e+01
    endloop
  endfacet
  facet normal 7.556109e-01 -1.922649e-01 6.253777e-01
    outer loop
      vertex 3.965535e+01 -1.041407e+01 2.142969e+01
      vertex 3.983254e+01 -1.208310e+01 2.064937e+01
      vertex 4.082482e+01 -8.120544e+00 2.064937e+01
    endloop
  endfacet
  facet normal 7.494277e-01 -2.169521e-01 6.253785e-01
    outer loop
      vertex 3.923455e+01 -1.190167e+01 2.142969e+01
      vertex 3.983254e+01 -1.208310e+01 2.064937e+01
      vertex 3.965535e+01 -1.041407e+01 2.142969e+01
    endloop
  endfacet
  facet normal 7.466266e-01 -2.268237e-01 6.253794e-01
    outer loop
      vertex 3.923455e+01 -1.190167e+01 2.142969e+01
      vertex 3.981038e+01 -1.215595e+01 2.064937e+01
      vertex 3.983254e+01 -1.208310e+01 2.064937e+01
    endloop
  endfacet
  facet normal 7.394082e-01 -2.474640e-01 6.253808e-01
    outer loop
      vertex 3.809995e+01 -1.514577e+01 2.142969e+01
      vertex 3.981038e+01 -1.215595e+01 2.064937e+01
      vertex 3.923455e+01 -1.190167e+01 2.142969e+01
    endloop
  endfacet
  facet normal 7.307809e-01 -2.715751e-01 6.253822e-01
    outer loop
      vertex 3.809995e+01 -1.514577e+01 2.142969e+01
      vertex 3.845679e+01 -1.592932e+01 2.064937e+01
      vertex 3.981038e+01 -1.215595e+01 2.064937e+01
    endloop
  endfacet
  facet normal 7.222921e-01 -2.952314e-01 6.253834e-01
    outer loop
      vertex 3.787906e+01 -1.569002e+01 2.142969e+01
      vertex 3.845679e+01 -1.592932e+01 2.064937e+01
      vertex 3.809995e+01 -1.514577e+01 2.142969e+01
    endloop
  endfacet
  facet normal 7.186072e-01 -3.040278e-01 6.253828e-01
    outer loop
      vertex 3.787906e+01 -1.569002e+01 2.142969e+01
      vertex 3.809357e+01 -1.677900e+01 2.064937e+01
      vertex 3.845679e+01 -1.592932e+01 2.064937e+01
    endloop
  endfacet
  facet normal 7.076954e-01 -3.270965e-01 6.253807e-01
    outer loop
      vertex 3.615877e+01 -1.932727e+01 2.142969e+01
      vertex 3.809357e+01 -1.677900e+01 2.064937e+01
      vertex 3.787906e+01 -1.569002e+01 2.142969e+01
    endloop
  endfacet
  facet normal 6.967835e-01 -3.501652e-01 6.253785e-01
    outer loop
      vertex 3.615877e+01 -1.932727e+01 2.142969e+01
      vertex 3.670965e+01 -1.962170e+01 2.064937e+01
      vertex 3.809357e+01 -1.677900e+01 2.064937e+01
    endloop
  endfacet
  facet normal 6.874177e-01 -3.692643e-01 6.253768e-01
    outer loop
      vertex 3.604332e+01 -1.954172e+01 2.142969e+01
      vertex 3.670965e+01 -1.962170e+01 2.064937e+01
      vertex 3.615877e+01 -1.932727e+01 2.142969e+01
    endloop
  endfacet
  facet normal 6.820108e-01 -3.788813e-01 6.253767e-01
    outer loop
      vertex 3.604332e+01 -1.954172e+01 2.142969e+01
      vertex 3.584133e+01 -2.116613e+01 2.064937e+01
      vertex 3.670965e+01 -1.962170e+01 2.064937e+01
    endloop
  endfacet
  facet normal 6.689276e-01 -4.007106e-01 6.253775e-01
    outer loop
      vertex 3.409026e+01 -2.277838e+01 2.142969e+01
      vertex 3.584133e+01 -2.116613e+01 2.064937e+01
      vertex 3.604332e+01 -1.954172e+01 2.142969e+01
    endloop
  endfacet
  facet normal 6.565744e-01 -4.211839e-01 6.253784e-01
    outer loop
      vertex 3.409026e+01 -2.277838e+01 2.142969e+01
      vertex 3.460982e+01 -2.312558e+01 2.064937e+01
      vertex 3.584133e+01 -2.116613e+01 2.064937e+01
    endloop
  endfacet
  facet normal 6.453622e-01 -4.385537e-01 6.253800e-01
    outer loop
      vertex 3.353273e+01 -2.359145e+01 2.142969e+01
      vertex 3.460982e+01 -2.312558e+01 2.064937e+01
      vertex 3.409026e+01 -2.277838e+01 2.142969e+01
    endloop
  endfacet
  facet normal 6.358302e-01 -4.518931e-01 6.253814e-01
    outer loop
      vertex 3.353273e+01 -2.359145e+01 2.142969e+01
      vertex 3.308726e+01 -2.525675e+01 2.064937e+01
      vertex 3.460982e+01 -2.312558e+01 2.064937e+01
    endloop
  endfacet
  facet normal 6.205755e-01 -4.724615e-01 6.253827e-01
    outer loop
      vertex 3.169343e+01 -2.601012e+01 2.142969e+01
      vertex 3.308726e+01 -2.525675e+01 2.064937e+01
      vertex 3.353273e+01 -2.359145e+01 2.142969e+01
    endloop
  endfacet
  facet normal 6.088565e-01 -4.878724e-01 6.253834e-01
    outer loop
      vertex 3.169343e+01 -2.601012e+01 2.142969e+01
      vertex 3.217682e+01 -2.640682e+01 2.064937e+01
      vertex 3.308726e+01 -2.525675e+01 2.064937e+01
    endloop
  endfacet
  facet normal 5.962072e-01 -5.031967e-01 6.253823e-01
    outer loop
      vertex 3.060395e+01 -2.728366e+01 2.142969e+01
      vertex 3.217682e+01 -2.640682e+01 2.064937e+01
      vertex 3.169343e+01 -2.601012e+01 2.142969e+01
    endloop
  endfacet
  facet normal 5.817750e-01 -5.193581e-01 6.253804e-01
    outer loop
      vertex 3.060395e+01 -2.728366e+01 2.142969e+01
      vertex 2.986749e+01 -2.899221e+01 2.064937e+01
      vertex 3.217682e+01 -2.640682e+01 2.064937e+01
    endloop
  endfacet
  facet normal 5.646363e-01 -5.382662e-01 6.253783e-01
    outer loop
      vertex 2.899138e+01 -2.899138e+01 2.142969e+01
      vertex 2.986749e+01 -2.899221e+01 2.064937e+01
      vertex 3.060395e+01 -2.728366e+01 2.142969e+01
    endloop
  endfacet
  facet normal 5.544242e-01 -5.490789e-01 6.253771e-01
    outer loop
      vertex 2.899138e+01 -2.899138e+01 2.142969e+01
      vertex 2.943307e+01 -2.943304e+01 2.064937e+01
      vertex 2.986749e+01 -2.899221e+01 2.064937e+01
    endloop
  endfacet
  facet normal 5.409214e-01 -5.620202e-01 6.253768e-01
    outer loop
      vertex 2.728366e+01 -3.060395e+01 2.142969e+01
      vertex 2.943307e+01 -2.943304e+01 2.064937e+01
      vertex 2.899138e+01 -2.899138e+01 2.142969e+01
    endloop
  endfacet
  facet normal 5.220651e-01 -5.791115e-01 6.253777e-01
    outer loop
      vertex 2.728366e+01 -3.060395e+01 2.142969e+01
      vertex 2.640653e+01 -3.217649e+01 2.064937e+01
      vertex 2.943307e+01 -2.943304e+01 2.064937e+01
    endloop
  endfacet
  facet normal 5.032086e-01 -5.962028e-01 6.253785e-01
    outer loop
      vertex 2.601012e+01 -3.169343e+01 2.142969e+01
      vertex 2.640653e+01 -3.217649e+01 2.064937e+01
      vertex 2.728366e+01 -3.060395e+01 2.142969e+01
    endloop
  endfacet
  facet normal 4.940411e-01 -6.040032e-01 6.253795e-01
    outer loop
      vertex 2.601012e+01 -3.169343e+01 2.142969e+01
      vertex 2.622916e+01 -3.232130e+01 2.064937e+01
      vertex 2.640653e+01 -3.217649e+01 2.064937e+01
    endloop
  endfacet
  facet normal 4.786614e-01 -6.156998e-01 6.253809e-01
    outer loop
      vertex 2.359145e+01 -3.353273e+01 2.142969e+01
      vertex 2.622916e+01 -3.232130e+01 2.064937e+01
      vertex 2.601012e+01 -3.169343e+01 2.142969e+01
    endloop
  endfacet
  facet normal 4.580932e-01 -6.309542e-01 6.253822e-01
    outer loop
      vertex 2.359145e+01 -3.353273e+01 2.142969e+01
      vertex 2.312580e+01 -3.461019e+01 2.064937e+01
      vertex 2.622916e+01 -3.232130e+01 2.064937e+01
    endloop
  endfacet
  facet normal 4.386323e-01 -6.453046e-01 6.253834e-01
    outer loop
      vertex 2.277838e+01 -3.409026e+01 2.142969e+01
      vertex 2.312580e+01 -3.461019e+01 2.064937e+01
      vertex 2.359145e+01 -3.353273e+01 2.142969e+01
    endloop
  endfacet
  facet normal 4.277843e-01 -6.525381e-01 6.253827e-01
    outer loop
      vertex 2.277838e+01 -3.409026e+01 2.142969e+01
      vertex 2.222264e+01 -3.519670e+01 2.064937e+01
      vertex 2.312580e+01 -3.461019e+01 2.064937e+01
    endloop
  endfacet
  facet normal 4.072507e-01 -6.649271e-01 6.253807e-01
    outer loop
      vertex 1.954172e+01 -3.604332e+01 2.142969e+01
      vertex 2.222264e+01 -3.519670e+01 2.064937e+01
      vertex 2.277838e+01 -3.409026e+01 2.142969e+01
    endloop
  endfacet
  facet normal 3.853608e-01 -6.780462e-01 6.253785e-01
    outer loop
      vertex 1.954172e+01 -3.604332e+01 2.142969e+01
      vertex 1.962173e+01 -3.670964e+01 2.064937e+01
      vertex 2.222264e+01 -3.519670e+01 2.064937e+01
    endloop
  endfacet
  facet normal 3.691304e-01 -6.874893e-01 6.253769e-01
    outer loop
      vertex 1.932727e+01 -3.615877e+01 2.142969e+01
      vertex 1.962173e+01 -3.670964e+01 2.064937e+01
      vertex 1.954172e+01 -3.604332e+01 2.142969e+01
    endloop
  endfacet
  facet normal 3.570760e-01 -6.936234e-01 6.253768e-01
    outer loop
      vertex 1.932727e+01 -3.615877e+01 2.142969e+01
      vertex 1.790367e+01 -3.757746e+01 2.064937e+01
      vertex 1.962173e+01 -3.670964e+01 2.064937e+01
    endloop
  endfacet
  facet normal 3.340701e-01 -7.045050e-01 6.253776e-01
    outer loop
      vertex 1.569002e+01 -3.787906e+01 2.142969e+01
      vertex 1.790367e+01 -3.757746e+01 2.064937e+01
      vertex 1.932727e+01 -3.615877e+01 2.142969e+01
    endloop
  endfacet
  facet normal 3.110643e-01 -7.153866e-01 6.253784e-01
    outer loop
      vertex 1.569002e+01 -3.787906e+01 2.142969e+01
      vertex 1.592913e+01 -3.845640e+01 2.064937e+01
      vertex 1.790367e+01 -3.757746e+01 2.064937e+01
    endloop
  endfacet
  facet normal 2.953061e-01 -7.222651e-01 6.253797e-01
    outer loop
      vertex 1.514577e+01 -3.809995e+01 2.142969e+01
      vertex 1.592913e+01 -3.845640e+01 2.064937e+01
      vertex 1.569002e+01 -3.787906e+01 2.142969e+01
    endloop
  endfacet
  facet normal 2.790588e-01 -7.283705e-01 6.253811e-01
    outer loop
      vertex 1.514577e+01 -3.809995e+01 2.142969e+01
      vertex 1.333410e+01 -3.943188e+01 2.064937e+01
      vertex 1.592913e+01 -3.845640e+01 2.064937e+01
    endloop
  endfacet
  facet normal 2.549484e-01 -7.369973e-01 6.253824e-01
    outer loop
      vertex 1.190167e+01 -3.923455e+01 2.142969e+01
      vertex 1.333410e+01 -3.943188e+01 2.064937e+01
      vertex 1.514577e+01 -3.809995e+01 2.142969e+01
    endloop
  endfacet
  facet normal 2.342884e-01 -7.442232e-01 6.253834e-01
    outer loop
      vertex 1.190167e+01 -3.923455e+01 2.142969e+01
      vertex 1.208320e+01 -3.983295e+01 2.064937e+01
      vertex 1.333410e+01 -3.943188e+01 2.064937e+01
    endloop
  endfacet
  facet normal 2.169664e-01 -7.494192e-01 6.253824e-01
    outer loop
      vertex 1.041407e+01 -3.965535e+01 2.142969e+01
      vertex 1.208320e+01 -3.983295e+01 2.064937e+01
      vertex 1.190167e+01 -3.923455e+01 2.142969e+01
    endloop
  endfacet
  facet normal 1.950521e-01 -7.550375e-01 6.253805e-01
    outer loop
      vertex 1.041407e+01 -3.965535e+01 2.142969e+01
      vertex 8.576690e+00 -4.073149e+01 2.064937e+01
      vertex 1.208320e+01 -3.983295e+01 2.064937e+01
    endloop
  endfacet
  facet normal 1.702964e-01 -7.612374e-01 6.253783e-01
    outer loop
      vertex 7.998703e+00 -4.021220e+01 2.142969e+01
      vertex 8.576690e+00 -4.073149e+01 2.064937e+01
      vertex 1.041407e+01 -3.965535e+01 2.142969e+01
    endloop
  endfacet
  facet normal 1.549994e-01 -7.647626e-01 6.253770e-01
    outer loop
      vertex 7.998703e+00 -4.021220e+01 2.142969e+01
      vertex 8.120579e+00 -4.082482e+01 2.064937e+01
      vertex 8.576690e+00 -4.073149e+01 2.064937e+01
    endloop
  endfacet
  facet normal 1.354702e-01 -7.681010e-01 6.253770e-01
    outer loop
      vertex 5.359229e+00 -4.064823e+01 2.142969e+01
      vertex 8.120579e+00 -4.082482e+01 2.064937e+01
      vertex 7.998703e+00 -4.021220e+01 2.142969e+01
    endloop
  endfacet
  facet normal 1.102964e-01 -7.718359e-01 6.253778e-01
    outer loop
      vertex 5.359229e+00 -4.064823e+01 2.142969e+01
      vertex 4.079926e+00 -4.142446e+01 2.064937e+01
      vertex 8.120579e+00 -4.082482e+01 2.064937e+01
    endloop
  endfacet
  facet normal 8.512252e-02 -7.755706e-01 6.253786e-01
    outer loop
      vertex 4.018703e+00 -4.080257e+01 2.142969e+01
      vertex 4.079926e+00 -4.142446e+01 2.064937e+01
      vertex 5.359229e+00 -4.064823e+01 2.142969e+01
    endloop
  endfacet
  facet normal 7.425682e-02 -7.767722e-01 6.253796e-01
    outer loop
      vertex 4.018703e+00 -4.080257e+01 2.142969e+01
      vertex 3.698807e+00 -4.146030e+01 2.064937e+01
      vertex 4.079926e+00 -4.142446e+01 2.064937e+01
    endloop
  endfacet
  facet normal 4.868049e-02 -7.780285e-01 6.253808e-01
    outer loop
      vertex -7.531578e-15 -4.100000e+01 2.142969e+01
      vertex 3.698807e+00 -4.146030e+01 2.064937e+01
      vertex 4.018703e+00 -4.080257e+01 2.142969e+01
    endloop
  endfacet
  facet normal 2.310416e-02 -7.792850e-01 6.253822e-01
    outer loop
      vertex -7.531578e-15 -4.100000e+01 2.142969e+01
      vertex 5.604633e-06 -4.162533e+01 2.064937e+01
      vertex 3.698807e+00 -4.146030e+01 2.064937e+01
    endloop
  endfacet
  facet normal -7.802019e-03 -7.802030e-01 6.253826e-01
    outer loop
      vertex -1.230433e+00 -4.160693e+01 2.064937e+01
      vertex 5.604633e-06 -4.162533e+01 2.064937e+01
      vertex -7.531578e-15 -4.100000e+01 2.142969e+01
    endloop
  endfacet
  facet normal -3.329191e-02 -7.789497e-01 6.253805e-01
    outer loop
      vertex -4.018703e+00 -4.080257e+01 2.142969e+01
      vertex -1.230433e+00 -4.160693e+01 2.064937e+01
      vertex -7.531578e-15 -4.100000e+01 2.142969e+01
    endloop
  endfacet
  facet normal -5.878180e-02 -7.776964e-01 6.253784e-01
    outer loop
      vertex -4.079910e+00 -4.142419e+01 2.064937e+01
      vertex -1.230433e+00 -4.160693e+01 2.064937e+01
      vertex -4.018703e+00 -4.080257e+01 2.142969e+01
    endloop
  endfacet
  facet normal -8.503693e-02 -7.755818e-01 6.253767e-01
    outer loop
      vertex -5.359229e+00 -4.064823e+01 2.142969e+01
      vertex -4.079910e+00 -4.142419e+01 2.064937e+01
      vertex -4.018703e+00 -4.080257e+01 2.142969e+01
    endloop
  endfacet
  facet normal -9.788082e-02 -7.739921e-01 6.253766e-01
    outer loop
      vertex -6.142548e+00 -4.116888e+01 2.064937e+01
      vertex -4.079910e+00 -4.142419e+01 2.064937e+01
      vertex -5.359229e+00 -4.064823e+01 2.142969e+01
    endloop
  endfacet
  facet normal -1.230546e-01 -7.702584e-01 6.253774e-01
    outer loop
      vertex -7.998703e+00 -4.021220e+01 2.142969e+01
      vertex -6.142548e+00 -4.116888e+01 2.064937e+01
      vertex -5.359229e+00 -4.064823e+01 2.142969e+01
    endloop
  endfacet
  facet normal -1.397538e-01 -7.675008e-01 6.253784e-01
    outer loop
      vertex -8.120640e+00 -4.082507e+01 2.064937e+01
      vertex -6.142548e+00 -4.116888e+01 2.064937e+01
      vertex -7.998703e+00 -4.021220e+01 2.142969e+01
    endloop
  endfacet
  facet normal -1.674304e-01 -7.618203e-01 6.253807e-01
    outer loop
      vertex -1.041407e+01 -3.965535e+01 2.142969e+01
      vertex -8.120640e+00 -4.082507e+01 2.064937e+01
      vertex -7.998703e+00 -4.021220e+01 2.142969e+01
    endloop
  endfacet
  facet normal -1.852664e-01 -7.576167e-01 6.253821e-01
    outer loop
      vertex -1.096912e+01 -4.015408e+01 2.064937e+01
      vertex -8.120640e+00 -4.082507e+01 2.064937e+01
      vertex -1.041407e+01 -3.965535e+01 2.142969e+01
    endloop
  endfacet
  facet normal -2.101058e-01 -7.513947e-01 6.253834e-01
    outer loop
      vertex -1.190167e+01 -3.923455e+01 2.142969e+01
      vertex -1.096912e+01 -4.015408e+01 2.064937e+01
      vertex -1.041407e+01 -3.965535e+01 2.142969e+01
    endloop
  endfacet
  facet normal -2.195986e-01 -7.487094e-01 6.253834e-01
    outer loop
      vertex -1.208319e+01 -3.983296e+01 2.064937e+01
      vertex -1.096912e+01 -4.015408e+01 2.064937e+01
      vertex -1.190167e+01 -3.923455e+01 2.142969e+01
    endloop
  endfacet
  facet normal -2.471886e-01 -7.394894e-01 6.253814e-01
    outer loop
      vertex -1.514577e+01 -3.809995e+01 2.142969e+01
      vertex -1.208319e+01 -3.983296e+01 2.064937e+01
      vertex -1.190167e+01 -3.923455e+01 2.142969e+01
    endloop
  endfacet
  facet normal -2.694239e-01 -7.316259e-01 6.253794e-01
    outer loop
      vertex -1.564110e+01 -3.857420e+01 2.064937e+01
      vertex -1.208319e+01 -3.983296e+01 2.064937e+01
      vertex -1.514577e+01 -3.809995e+01 2.142969e+01
    endloop
  endfacet
  facet normal -2.934530e-01 -7.230270e-01 6.253772e-01
    outer loop
      vertex -1.569002e+01 -3.787906e+01 2.142969e+01
      vertex -1.564110e+01 -3.857420e+01 2.064937e+01
      vertex -1.514577e+01 -3.809995e+01 2.142969e+01
    endloop
  endfacet
  facet normal -2.968955e-01 -7.216296e-01 6.253770e-01
    outer loop
      vertex -1.592904e+01 -3.845615e+01 2.064937e+01
      vertex -1.564110e+01 -3.857420e+01 2.064937e+01
      vertex -1.569002e+01 -3.787906e+01 2.142969e+01
    endloop
  endfacet
  facet normal -3.216950e-01 -7.100139e-01 6.253777e-01
    outer loop
      vertex -1.932727e+01 -3.615877e+01 2.142969e+01
      vertex -1.592904e+01 -3.845615e+01 2.064937e+01
      vertex -1.569002e+01 -3.787906e+01 2.142969e+01
    endloop
  endfacet
  facet normal -3.447008e-01 -6.991336e-01 6.253784e-01
    outer loop
      vertex -1.962186e+01 -3.670986e+01 2.064937e+01
      vertex -1.592904e+01 -3.845615e+01 2.064937e+01
      vertex -1.932727e+01 -3.615877e+01 2.142969e+01
    endloop
  endfacet
  facet normal -3.690659e-01 -6.875219e-01 6.253794e-01
    outer loop
      vertex -1.954172e+01 -3.604332e+01 2.142969e+01
      vertex -1.962186e+01 -3.670986e+01 2.064937e+01
      vertex -1.932727e+01 -3.615877e+01 2.142969e+01
    endloop
  endfacet
  facet normal -3.720134e-01 -6.859222e-01 6.253797e-01
    outer loop
      vertex -2.009394e+01 -3.645372e+01 2.064937e+01
      vertex -1.962186e+01 -3.670986e+01 2.064937e+01
      vertex -1.954172e+01 -3.604332e+01 2.142969e+01
    endloop
  endfacet
  facet normal -3.939787e-01 -6.727565e-01 6.253811e-01
    outer loop
      vertex -2.277838e+01 -3.409026e+01 2.142969e+01
      vertex -2.009394e+01 -3.645372e+01 2.064937e+01
      vertex -1.954172e+01 -3.604332e+01 2.142969e+01
    endloop
  endfacet
  facet normal -4.145848e-01 -6.603224e-01 6.253822e-01
    outer loop
      vertex -2.312579e+01 -3.461020e+01 2.064937e+01
      vertex -2.009394e+01 -3.645372e+01 2.064937e+01
      vertex -2.277838e+01 -3.409026e+01 2.142969e+01
    endloop
  endfacet
  facet normal -4.387780e-01 -6.452066e-01 6.253827e-01
    outer loop
      vertex -2.359145e+01 -3.353273e+01 2.142969e+01
      vertex -2.312579e+01 -3.461020e+01 2.064937e+01
      vertex -2.277838e+01 -3.409026e+01 2.142969e+01
    endloop
  endfacet
  facet normal -4.459153e-01 -6.402628e-01 6.253819e-01
    outer loop
      vertex -2.426459e+01 -3.382124e+01 2.064937e+01
      vertex -2.312579e+01 -3.461020e+01 2.064937e+01
      vertex -2.359145e+01 -3.353273e+01 2.142969e+01
    endloop
  endfacet
  facet normal -4.664175e-01 -6.250556e-01 6.253796e-01
    outer loop
      vertex -2.601012e+01 -3.169343e+01 2.142969e+01
      vertex -2.426459e+01 -3.382124e+01 2.064937e+01
      vertex -2.359145e+01 -3.353273e+01 2.142969e+01
    endloop
  endfacet
  facet normal -4.817443e-01 -6.133981e-01 6.253777e-01
    outer loop
      vertex -2.640631e+01 -3.217622e+01 2.064937e+01
      vertex -2.426459e+01 -3.382124e+01 2.064937e+01
      vertex -2.601012e+01 -3.169343e+01 2.142969e+01
    endloop
  endfacet
  facet normal -5.031585e-01 -5.962485e-01 6.253757e-01
    outer loop
      vertex -2.728366e+01 -3.060395e+01 2.142969e+01
      vertex -2.640631e+01 -3.217622e+01 2.064937e+01
      vertex -2.601012e+01 -3.169343e+01 2.142969e+01
    endloop
  endfacet
  facet normal -5.136663e-01 -5.871421e-01 6.253755e-01
    outer loop
      vertex -2.809416e+01 -3.071343e+01 2.064937e+01
      vertex -2.640631e+01 -3.217622e+01 2.064937e+01
      vertex -2.728366e+01 -3.060395e+01 2.142969e+01
    endloop
  endfacet
  facet normal -5.325161e-01 -5.700583e-01 6.253761e-01
    outer loop
      vertex -2.899138e+01 -2.899138e+01 2.142969e+01
      vertex -2.809416e+01 -3.071343e+01 2.064937e+01
      vertex -2.728366e+01 -3.060395e+01 2.142969e+01
    endloop
  endfacet
  facet normal -5.433167e-01 -5.598608e-01 6.253770e-01
    outer loop
      vertex -2.943316e+01 -2.943311e+01 2.064937e+01
      vertex -2.809416e+01 -3.071343e+01 2.064937e+01
      vertex -2.899138e+01 -2.899138e+01 2.142969e+01
    endloop
  endfacet
  facet normal -5.618950e-01 -5.410454e-01 6.253794e-01
    outer loop
      vertex -3.060395e+01 -2.728366e+01 2.142969e+01
      vertex -2.943316e+01 -2.943311e+01 2.064937e+01
      vertex -2.899138e+01 -2.899138e+01 2.142969e+01
    endloop
  endfacet
  facet normal -5.750167e-01 -5.269163e-01 6.253813e-01
    outer loop
      vertex -3.153040e+01 -2.717542e+01 2.064937e+01
      vertex -2.943316e+01 -2.943311e+01 2.064937e+01
      vertex -3.060395e+01 -2.728366e+01 2.142969e+01
    endloop
  endfacet
  facet normal -5.922045e-01 -5.079530e-01 6.253833e-01
    outer loop
      vertex -3.169343e+01 -2.601012e+01 2.142969e+01
      vertex -3.153040e+01 -2.717542e+01 2.064937e+01
      vertex -3.060395e+01 -2.728366e+01 2.142969e+01
    endloop
  endfacet
  facet normal -5.991558e-01 -4.998279e-01 6.253836e-01
    outer loop
      vertex -3.217685e+01 -2.640686e+01 2.064937e+01
      vertex -3.153040e+01 -2.717542e+01 2.064937e+01
      vertex -3.169343e+01 -2.601012e+01 2.142969e+01
    endloop
  endfacet
  facet normal -6.149101e-01 -4.796216e-01 6.253821e-01
    outer loop
      vertex -3.353273e+01 -2.359145e+01 2.142969e+01
      vertex -3.217685e+01 -2.640686e+01 2.064937e+01
      vertex -3.169343e+01 -2.601012e+01 2.142969e+01
    endloop
  endfacet
  facet normal -6.295862e-01 -4.599091e-01 6.253800e-01
    outer loop
      vertex -3.452285e+01 -2.325488e+01 2.064937e+01
      vertex -3.217685e+01 -2.640686e+01 2.064937e+01
      vertex -3.353273e+01 -2.359145e+01 2.142969e+01
    endloop
  endfacet
  facet normal -6.448032e-01 -4.393901e-01 6.253780e-01
    outer loop
      vertex -3.409026e+01 -2.277838e+01 2.142969e+01
      vertex -3.452285e+01 -2.325488e+01 2.064937e+01
      vertex -3.353273e+01 -2.359145e+01 2.142969e+01
    endloop
  endfacet
  facet normal -6.483319e-01 -4.342430e-01 6.253775e-01
    outer loop
      vertex -3.460965e+01 -2.312546e+01 2.064937e+01
      vertex -3.452285e+01 -2.325488e+01 2.064937e+01
      vertex -3.409026e+01 -2.277838e+01 2.142969e+01
    endloop
  endfacet
  facet normal -6.612234e-01 -4.129694e-01 6.253777e-01
    outer loop
      vertex -3.604332e+01 -1.954172e+01 2.142969e+01
      vertex -3.460965e+01 -2.312546e+01 2.064937e+01
      vertex -3.409026e+01 -2.277838e+01 2.142969e+01
    endloop
  endfacet
  facet normal -6.743049e-01 -3.911446e-01 6.253780e-01
    outer loop
      vertex -3.670981e+01 -1.962177e+01 2.064937e+01
      vertex -3.460965e+01 -2.312546e+01 2.064937e+01
      vertex -3.604332e+01 -1.954172e+01 2.142969e+01
    endloop
  endfacet
  facet normal -6.873863e-01 -3.693199e-01 6.253783e-01
    outer loop
      vertex -3.615877e+01 -1.932727e+01 2.142969e+01
      vertex -3.670981e+01 -1.962177e+01 2.064937e+01
      vertex -3.604332e+01 -1.954172e+01 2.142969e+01
    endloop
  endfacet
  facet normal -6.901230e-01 -3.641349e-01 6.253788e-01
    outer loop
      vertex -3.703127e+01 -1.900842e+01 2.064937e+01
      vertex -3.670981e+01 -1.962177e+01 2.064937e+01
      vertex -3.615877e+01 -1.932727e+01 2.142969e+01
    endloop
  endfacet
  facet normal -7.010626e-01 -3.410054e-01 6.253806e-01
    outer loop
      vertex -3.787906e+01 -1.569002e+01 2.142969e+01
      vertex -3.703127e+01 -1.900842e+01 2.064937e+01
      vertex -3.615877e+01 -1.932727e+01 2.142969e+01
    endloop
  endfacet
  facet normal -7.120022e-01 -3.178758e-01 6.253824e-01
    outer loop
      vertex -3.845683e+01 -1.592934e+01 2.064937e+01
      vertex -3.703127e+01 -1.900842e+01 2.064937e+01
      vertex -3.787906e+01 -1.569002e+01 2.142969e+01
    endloop
  endfacet
  facet normal -7.223442e-01 -2.951036e-01 6.253836e-01
    outer loop
      vertex -3.809995e+01 -1.514577e+01 2.142969e+01
      vertex -3.845683e+01 -1.592934e+01 2.064937e+01
      vertex -3.787906e+01 -1.569002e+01 2.142969e+01
    endloop
  endfacet
  facet normal -7.258762e-01 -2.861078e-01 6.253829e-01
    outer loop
      vertex -3.901988e+01 -1.449493e+01 2.064937e+01
      vertex -3.845683e+01 -1.592934e+01 2.064937e+01
      vertex -3.809995e+01 -1.514577e+01 2.142969e+01
    endloop
  endfacet
  facet normal -7.344816e-01 -2.620547e-01 6.253808e-01
    outer loop
      vertex -3.923455e+01 -1.190167e+01 2.142969e+01
      vertex -3.901988e+01 -1.449493e+01 2.064937e+01
      vertex -3.809995e+01 -1.514577e+01 2.142969e+01
    endloop
  endfacet
  facet normal -7.416790e-01 -2.414718e-01 6.253788e-01
    outer loop
      vertex -3.983234e+01 -1.208303e+01 2.064937e+01
      vertex -3.901988e+01 -1.449493e+01 2.064937e+01
      vertex -3.923455e+01 -1.190167e+01 2.142969e+01
    endloop
  endfacet
  facet normal -7.494130e-01 -2.170083e-01 6.253771e-01
    outer loop
      vertex -3.965535e+01 -1.041407e+01 2.142969e+01
      vertex -3.983234e+01 -1.208303e+01 2.064937e+01
      vertex -3.923455e+01 -1.190167e+01 2.142969e+01
    endloop
  endfacet
  facet normal -7.533216e-01 -2.026511e-01 6.253768e-01
    outer loop
      vertex -4.045992e+01 -9.777576e+00 2.064937e+01
      vertex -3.983234e+01 -1.208303e+01 2.064937e+01
      vertex -3.965535e+01 -1.041407e+01 2.142969e+01
    endloop
  endfacet
  facet normal -7.595045e-01 -1.779689e-01 6.253771e-01
    outer loop
      vertex -4.021220e+01 -7.998703e+00 2.142969e+01
      vertex -4.045992e+01 -9.777576e+00 2.064937e+01
      vertex -3.965535e+01 -1.041407e+01 2.142969e+01
    endloop
  endfacet
  facet normal -7.630269e-01 -1.626929e-01 6.253778e-01
    outer loop
      vertex -4.082500e+01 -8.120569e+00 2.064937e+01
      vertex -4.045992e+01 -9.777576e+00 2.064937e+01
      vertex -4.021220e+01 -7.998703e+00 2.142969e+01
    endloop
  endfacet
  facet normal -7.680705e-01 -1.356125e-01 6.253800e-01
    outer loop
      vertex -4.064823e+01 -5.359229e+00 2.142969e+01
      vertex -4.082500e+01 -8.120569e+00 2.064937e+01
      vertex -4.021220e+01 -7.998703e+00 2.142969e+01
    endloop
  endfacet
  facet normal -7.712476e-01 -1.156091e-01 6.253817e-01
    outer loop
      vertex -4.133315e+01 -4.923624e+00 2.064937e+01
      vertex -4.082500e+01 -8.120569e+00 2.064937e+01
      vertex -4.064823e+01 -5.359229e+00 2.142969e+01
    endloop
  endfacet
  facet normal -7.750019e-01 -9.030024e-02 6.253834e-01
    outer loop
      vertex -4.080257e+01 -4.018703e+00 2.142969e+01
      vertex -4.133315e+01 -4.923624e+00 2.064937e+01
      vertex -4.064823e+01 -5.359229e+00 2.142969e+01
    endloop
  endfacet
  facet normal -7.759869e-01 -8.174679e-02 6.253836e-01
    outer loop
      vertex -4.142493e+01 -4.080001e+00 2.064937e+01
      vertex -4.133315e+01 -4.923624e+00 2.064937e+01
      vertex -4.080257e+01 -4.018703e+00 2.142969e+01
    endloop
  endfacet
  facet normal -7.790742e-01 2.552012e-02 6.253777e-01
    outer loop
      vertex -4.162469e+01 -2.270096e-05 2.064937e+01
      vertex -4.100000e+01 5.021052e-15 2.142969e+01
      vertex -4.080257e+01 4.018703e+00 2.142969e+01
    endloop
  endfacet
  facet normal -7.790697e-01 -2.540977e-02 6.253795e-01
    outer loop
      vertex -4.162469e+01 -2.270096e-05 2.064937e+01
      vertex -4.080257e+01 -4.018703e+00 2.142969e+01
      vertex -4.100000e+01 5.021052e-15 2.142969e+01
    endloop
  endfacet
  facet normal -7.778170e-01 -5.092553e-02 6.253816e-01
    outer loop
      vertex -4.142493e+01 -4.080001e+00 2.064937e+01
      vertex -4.080257e+01 -4.018703e+00 2.142969e+01
      vertex -4.162469e+01 -2.270096e-05 2.064937e+01
    endloop
  endfacet
  facet normal -7.778258e-01 5.093426e-02 6.253781e-01
    outer loop
      vertex -4.080257e+01 4.018703e+00 2.142969e+01
      vertex -4.142436e+01 4.079970e+00 2.064937e+01
      vertex -4.162469e+01 -2.270096e-05 2.064937e+01
    endloop
  endfacet
  facet normal -7.760053e-01 8.161388e-02 6.253789e-01
    outer loop
      vertex -4.080257e+01 4.018703e+00 2.142969e+01
      vertex -4.133273e+01 4.923711e+00 2.064937e+01
      vertex -4.142436e+01 4.079970e+00 2.064937e+01
    endloop
  endfacet
  facet normal -7.750279e-01 9.011129e-02 6.253797e-01
    outer loop
      vertex -4.064823e+01 5.359229e+00 2.142969e+01
      vertex -4.133273e+01 4.923711e+00 2.064937e+01
      vertex -4.080257e+01 4.018703e+00 2.142969e+01
    endloop
  endfacet
  facet normal -7.712739e-01 1.154198e-01 6.253815e-01
    outer loop
      vertex -4.064823e+01 5.359229e+00 2.142969e+01
      vertex -4.082555e+01 8.120707e+00 2.064937e+01
      vertex -4.133273e+01 4.923711e+00 2.064937e+01
    endloop
  endfacet
  facet normal -7.680922e-01 1.354629e-01 6.253827e-01
    outer loop
      vertex -4.021220e+01 7.998703e+00 2.142969e+01
      vertex -4.082555e+01 8.120707e+00 2.064937e+01
      vertex -4.064823e+01 5.359229e+00 2.142969e+01
    endloop
  endfacet
  facet normal -7.630264e-01 1.626663e-01 6.253829e-01
    outer loop
      vertex -4.021220e+01 7.998703e+00 2.142969e+01
      vertex -4.046038e+01 9.777984e+00 2.064937e+01
      vertex -4.082555e+01 8.120707e+00 2.064937e+01
    endloop
  endfacet
  facet normal -7.594841e-01 1.780269e-01 6.253817e-01
    outer loop
      vertex -3.965535e+01 1.041407e+01 2.142969e+01
      vertex -4.046038e+01 9.777984e+00 2.064937e+01
      vertex -4.021220e+01 7.998703e+00 2.142969e+01
    endloop
  endfacet
  facet normal -7.532759e-01 2.028081e-01 6.253796e-01
    outer loop
      vertex -3.965535e+01 1.041407e+01 2.142969e+01
      vertex -3.983235e+01 1.208299e+01 2.064937e+01
      vertex -4.046038e+01 9.777984e+00 2.064937e+01
    endloop
  endfacet
  facet normal -7.493569e-01 2.171970e-01 6.253783e-01
    outer loop
      vertex -3.923455e+01 1.190167e+01 2.142969e+01
      vertex -3.983235e+01 1.208299e+01 2.064937e+01
      vertex -3.965535e+01 1.041407e+01 2.142969e+01
    endloop
  endfacet
  facet normal -7.416289e-01 2.416354e-01 6.253771e-01
    outer loop
      vertex -3.923455e+01 1.190167e+01 2.142969e+01
      vertex -3.901944e+01 1.449449e+01 2.064937e+01
      vertex -3.983235e+01 1.208299e+01 2.064937e+01
    endloop
  endfacet
  facet normal -7.344547e-01 2.621480e-01 6.253772e-01
    outer loop
      vertex -3.809995e+01 1.514577e+01 2.142969e+01
      vertex -3.901944e+01 1.449449e+01 2.064937e+01
      vertex -3.923455e+01 1.190167e+01 2.142969e+01
    endloop
  endfacet
  facet normal -7.258829e-01 2.861054e-01 6.253775e-01
    outer loop
      vertex -3.809995e+01 1.514577e+01 2.142969e+01
      vertex -3.845628e+01 1.592914e+01 2.064937e+01
      vertex -3.901944e+01 1.449449e+01 2.064937e+01
    endloop
  endfacet
  facet normal -7.223732e-01 2.950449e-01 6.253781e-01
    outer loop
      vertex -3.787906e+01 1.569002e+01 2.142969e+01
      vertex -3.845628e+01 1.592914e+01 2.064937e+01
      vertex -3.809995e+01 1.514577e+01 2.142969e+01
    endloop
  endfacet
  facet normal -7.120585e-01 3.177591e-01 6.253801e-01
    outer loop
      vertex -3.787906e+01 1.569002e+01 2.142969e+01
      vertex -3.703172e+01 1.900851e+01 2.064937e+01
      vertex -3.845628e+01 1.592914e+01 2.064937e+01
    endloop
  endfacet
  facet normal -7.011196e-01 3.408876e-01 6.253819e-01
    outer loop
      vertex -3.615877e+01 1.932727e+01 2.142969e+01
      vertex -3.703172e+01 1.900851e+01 2.064937e+01
      vertex -3.787906e+01 1.569002e+01 2.142969e+01
    endloop
  endfacet
  facet normal -6.901808e-01 3.640162e-01 6.253837e-01
    outer loop
      vertex -3.615877e+01 1.932727e+01 2.142969e+01
      vertex -3.671030e+01 1.962206e+01 2.064937e+01
      vertex -3.703172e+01 1.900851e+01 2.064937e+01
    endloop
  endfacet
  facet normal -6.874225e-01 3.692435e-01 6.253837e-01
    outer loop
      vertex -3.604332e+01 1.954172e+01 2.142969e+01
      vertex -3.671030e+01 1.962206e+01 2.064937e+01
      vertex -3.615877e+01 1.932727e+01 2.142969e+01
    endloop
  endfacet
  facet normal -6.742877e-01 3.911561e-01 6.253816e-01
    outer loop
      vertex -3.604332e+01 1.954172e+01 2.142969e+01
      vertex -3.460968e+01 2.312542e+01 2.064937e+01
      vertex -3.671030e+01 1.962206e+01 2.064937e+01
    endloop
  endfacet
  facet normal -6.611529e-01 4.130687e-01 6.253795e-01
    outer loop
      vertex -3.409026e+01 2.277838e+01 2.142969e+01
      vertex -3.460968e+01 2.312542e+01 2.064937e+01
      vertex -3.604332e+01 1.954172e+01 2.142969e+01
    endloop
  endfacet
  facet normal -6.482136e-01 4.344198e-01 6.253774e-01
    outer loop
      vertex -3.409026e+01 2.277838e+01 2.142969e+01
      vertex -3.452280e+01 2.325487e+01 2.064937e+01
      vertex -3.460968e+01 2.312542e+01 2.064937e+01
    endloop
  endfacet
  facet normal -6.446874e-01 4.395614e-01 6.253771e-01
    outer loop
      vertex -3.353273e+01 2.359145e+01 2.142969e+01
      vertex -3.452280e+01 2.325487e+01 2.064937e+01
      vertex -3.409026e+01 2.277838e+01 2.142969e+01
    endloop
  endfacet
  facet normal -6.295303e-01 4.599988e-01 6.253774e-01
    outer loop
      vertex -3.353273e+01 2.359145e+01 2.142969e+01
      vertex -3.217638e+01 2.640651e+01 2.064937e+01
      vertex -3.452280e+01 2.325487e+01 2.064937e+01
    endloop
  endfacet
  facet normal -6.149144e-01 4.796296e-01 6.253777e-01
    outer loop
      vertex -3.169343e+01 2.601012e+01 2.142969e+01
      vertex -3.217638e+01 2.640651e+01 2.064937e+01
      vertex -3.353273e+01 2.359145e+01 2.142969e+01
    endloop
  endfacet
  facet normal -5.992494e-01 4.997227e-01 6.253790e-01
    outer loop
      vertex -3.169343e+01 2.601012e+01 2.142969e+01
      vertex -3.153011e+01 2.717521e+01 2.064937e+01
      vertex -3.217638e+01 2.640651e+01 2.064937e+01
    endloop
  endfacet
  facet normal -5.923424e-01 5.077984e-01 6.253800e-01
    outer loop
      vertex -3.060395e+01 2.728366e+01 2.142969e+01
      vertex -3.153011e+01 2.717521e+01 2.064937e+01
      vertex -3.169343e+01 2.601012e+01 2.142969e+01
    endloop
  endfacet
  facet normal -5.751612e-01 5.267552e-01 6.253818e-01
    outer loop
      vertex -3.060395e+01 2.728366e+01 2.142969e+01
      vertex -2.943359e+01 2.943358e+01 2.064937e+01
      vertex -3.153011e+01 2.717521e+01 2.064937e+01
    endloop
  endfacet
  facet normal -5.620139e-01 5.409146e-01 6.253830e-01
    outer loop
      vertex -2.899138e+01 2.899138e+01 2.142969e+01
      vertex -2.943359e+01 2.943358e+01 2.064937e+01
      vertex -3.060395e+01 2.728366e+01 2.142969e+01
    endloop
  endfacet
  facet normal -5.433452e-01 5.598235e-01 6.253829e-01
    outer loop
      vertex -2.899138e+01 2.899138e+01 2.142969e+01
      vertex -2.809461e+01 3.071388e+01 2.064937e+01
      vertex -2.943359e+01 2.943358e+01 2.064937e+01
    endloop
  endfacet
  facet normal -5.324816e-01 5.700805e-01 6.253818e-01
    outer loop
      vertex -2.728366e+01 3.060395e+01 2.142969e+01
      vertex -2.809461e+01 3.071388e+01 2.064937e+01
      vertex -2.899138e+01 2.899138e+01 2.142969e+01
    endloop
  endfacet
  facet normal -5.135509e-01 5.872373e-01 6.253796e-01
    outer loop
      vertex -2.728366e+01 3.060395e+01 2.142969e+01
      vertex -2.640644e+01 3.217631e+01 2.064937e+01
      vertex -2.809461e+01 3.071388e+01 2.064937e+01
    endloop
  endfacet
  facet normal -5.030148e-01 5.963662e-01 6.253784e-01
    outer loop
      vertex -2.601012e+01 3.169343e+01 2.142969e+01
      vertex -2.640644e+01 3.217631e+01 2.064937e+01
      vertex -2.728366e+01 3.060395e+01 2.142969e+01
    endloop
  endfacet
  facet normal -4.816076e-01 6.135077e-01 6.253772e-01
    outer loop
      vertex -2.601012e+01 3.169343e+01 2.142969e+01
      vertex -2.426431e+01 3.382087e+01 2.064937e+01
      vertex -2.640644e+01 3.217631e+01 2.064937e+01
    endloop
  endfacet
  facet normal -4.663149e-01 6.251369e-01 6.253770e-01
    outer loop
      vertex -2.359145e+01 3.353273e+01 2.142969e+01
      vertex -2.426431e+01 3.382087e+01 2.064937e+01
      vertex -2.601012e+01 3.169343e+01 2.142969e+01
    endloop
  endfacet
  facet normal -4.458779e-01 6.402944e-01 6.253774e-01
    outer loop
      vertex -2.359145e+01 3.353273e+01 2.142969e+01
      vertex -2.312547e+01 3.460976e+01 2.064937e+01
      vertex -2.426431e+01 3.382087e+01 2.064937e+01
    endloop
  endfacet
  facet normal -4.387809e-01 6.452100e-01 6.253779e-01
    outer loop
      vertex -2.277838e+01 3.409026e+01 2.142969e+01
      vertex -2.312547e+01 3.460976e+01 2.064937e+01
      vertex -2.359145e+01 3.353273e+01 2.142969e+01
    endloop
  endfacet
  facet normal -4.146624e-01 6.602790e-01 6.253801e-01
    outer loop
      vertex -2.277838e+01 3.409026e+01 2.142969e+01
      vertex -2.009410e+01 3.645407e+01 2.064937e+01
      vertex -2.312547e+01 3.460976e+01 2.064937e+01
    endloop
  endfacet
  facet normal -3.940883e-01 6.726945e-01 6.253819e-01
    outer loop
      vertex -1.954172e+01 3.604332e+01 2.142969e+01
      vertex -2.009410e+01 3.645407e+01 2.064937e+01
      vertex -2.277838e+01 3.409026e+01 2.142969e+01
    endloop
  endfacet
  facet normal -3.721447e-01 6.858471e-01 6.253837e-01
    outer loop
      vertex -1.954172e+01 3.604332e+01 2.142969e+01
      vertex -1.962207e+01 3.671030e+01 2.064937e+01
      vertex -2.009410e+01 3.645407e+01 2.064937e+01
    endloop
  endfacet
  facet normal -3.691753e-01 6.874590e-01 6.253838e-01
    outer loop
      vertex -1.932727e+01 3.615877e+01 2.142969e+01
      vertex -1.962207e+01 3.671030e+01 2.064937e+01
      vertex -1.954172e+01 3.604332e+01 2.142969e+01
    endloop
  endfacet
  facet normal -3.447091e-01 6.991193e-01 6.253816e-01
    outer loop
      vertex -1.932727e+01 3.615877e+01 2.142969e+01
      vertex -1.592910e+01 3.845619e+01 2.064937e+01
      vertex -1.962207e+01 3.671030e+01 2.064937e+01
    endloop
  endfacet
  facet normal -3.216124e-01 7.100425e-01 6.253796e-01
    outer loop
      vertex -1.569002e+01 3.787906e+01 2.142969e+01
      vertex -1.592910e+01 3.845619e+01 2.064937e+01
      vertex -1.932727e+01 3.615877e+01 2.142969e+01
    endloop
  endfacet
  facet normal -2.967214e-01 7.217008e-01 6.253774e-01
    outer loop
      vertex -1.569002e+01 3.787906e+01 2.142969e+01
      vertex -1.564113e+01 3.857417e+01 2.064937e+01
      vertex -1.592910e+01 3.845619e+01 2.064937e+01
    endloop
  endfacet
  facet normal -2.932788e-01 7.230976e-01 6.253771e-01
    outer loop
      vertex -1.514577e+01 3.809995e+01 2.142969e+01
      vertex -1.564113e+01 3.857417e+01 2.064937e+01
      vertex -1.569002e+01 3.787906e+01 2.142969e+01
    endloop
  endfacet
  facet normal -2.693219e-01 7.316698e-01 6.253774e-01
    outer loop
      vertex -1.514577e+01 3.809995e+01 2.142969e+01
      vertex -1.208301e+01 3.983244e+01 2.064937e+01
      vertex -1.564113e+01 3.857417e+01 2.064937e+01
    endloop
  endfacet
  facet normal -2.471593e-01 7.395067e-01 6.253778e-01
    outer loop
      vertex -1.190167e+01 3.923455e+01 2.142969e+01
      vertex -1.208301e+01 3.983244e+01 2.064937e+01
      vertex -1.514577e+01 3.809995e+01 2.142969e+01
    endloop
  endfacet
  facet normal -2.196914e-01 7.486870e-01 6.253790e-01
    outer loop
      vertex -1.190167e+01 3.923455e+01 2.142969e+01
      vertex -1.096901e+01 4.015373e+01 2.064937e+01
      vertex -1.208301e+01 3.983244e+01 2.064937e+01
    endloop
  endfacet
  facet normal -2.102613e-01 7.513555e-01 6.253800e-01
    outer loop
      vertex -1.041407e+01 3.965535e+01 2.142969e+01
      vertex -1.096901e+01 4.015373e+01 2.064937e+01
      vertex -1.190167e+01 3.923455e+01 2.142969e+01
    endloop
  endfacet
  facet normal -1.854451e-01 7.575719e-01 6.253817e-01
    outer loop
      vertex -1.041407e+01 3.965535e+01 2.142969e+01
      vertex -8.120709e+00 4.082556e+01 2.064937e+01
      vertex -1.096901e+01 4.015373e+01 2.064937e+01
    endloop
  endfacet
  facet normal -1.675825e-01 7.617833e-01 6.253828e-01
    outer loop
      vertex -7.998703e+00 4.021220e+01 2.142969e+01
      vertex -8.120709e+00 4.082556e+01 2.064937e+01
      vertex -1.041407e+01 3.965535e+01 2.142969e+01
    endloop
  endfacet
  facet normal -1.397946e-01 7.674875e-01 6.253828e-01
    outer loop
      vertex -7.998703e+00 4.021220e+01 2.142969e+01
      vertex -6.142846e+00 4.116931e+01 2.064937e+01
      vertex -8.120709e+00 4.082556e+01 2.064937e+01
    endloop
  endfacet
  facet normal -1.230066e-01 7.702597e-01 6.253814e-01
    outer loop
      vertex -5.359229e+00 4.064823e+01 2.142969e+01
      vertex -6.142846e+00 4.116931e+01 2.064937e+01
      vertex -7.998703e+00 4.021220e+01 2.142969e+01
    endloop
  endfacet
  facet normal -9.772936e-02 7.740083e-01 6.253791e-01
    outer loop
      vertex -5.359229e+00 4.064823e+01 2.142969e+01
      vertex -4.079956e+00 4.142422e+01 2.064937e+01
      vertex -6.142846e+00 4.116931e+01 2.064937e+01
    endloop
  endfacet
  facet normal -8.485397e-02 7.756006e-01 6.253779e-01
    outer loop
      vertex -4.018703e+00 4.080257e+01 2.142969e+01
      vertex -4.079956e+00 4.142422e+01 2.064937e+01
      vertex -5.359229e+00 4.064823e+01 2.142969e+01
    endloop
  endfacet
  facet normal -5.862127e-02 7.777116e-01 6.253768e-01
    outer loop
      vertex -4.018703e+00 4.080257e+01 2.142969e+01
      vertex -1.230491e+00 4.160635e+01 2.064937e+01
      vertex -4.079956e+00 4.142422e+01 2.064937e+01
    endloop
  endfacet
  facet normal -3.321154e-02 7.789599e-01 6.253769e-01
    outer loop
      vertex 2.510526e-15 4.100000e+01 2.142969e+01
      vertex -1.230491e+00 4.160635e+01 2.064937e+01
      vertex -4.018703e+00 4.080257e+01 2.142969e+01
    endloop
  endfacet
  facet normal -7.801820e-03 7.802083e-01 6.253771e-01
    outer loop
      vertex 2.510526e-15 4.100000e+01 2.142969e+01
      vertex 2.867664e-05 4.162471e+01 2.064937e+01
      vertex -1.230491e+00 4.160635e+01 2.064937e+01
    endloop
  endfacet
  facet normal 2.300945e-02 7.792929e-01 6.253796e-01
    outer loop
      vertex 3.699145e+00 4.146068e+01 2.064937e+01
      vertex 2.867664e-05 4.162471e+01 2.064937e+01
      vertex 2.510526e-15 4.100000e+01 2.142969e+01
    endloop
  endfacet
  facet normal 4.855065e-02 7.780387e-01 6.253817e-01
    outer loop
      vertex 4.018703e+00 4.080257e+01 2.142969e+01
      vertex 3.699145e+00 4.146068e+01 2.064937e+01
      vertex 2.510526e-15 4.100000e+01 2.142969e+01
    endloop
  endfacet
  facet normal 7.409186e-02 7.767844e-01 6.253838e-01
    outer loop
      vertex 4.080001e+00 4.142495e+01 2.064937e+01
      vertex 3.699145e+00 4.146068e+01 2.064937e+01
      vertex 4.018703e+00 4.080257e+01 2.142969e+01
    endloop
  endfacet
  facet normal 8.503383e-02 7.755752e-01 6.253834e-01
    outer loop
      vertex 5.359229e+00 4.064823e+01 2.142969e+01
      vertex 4.080001e+00 4.142495e+01 2.064937e+01
      vertex 4.018703e+00 4.080257e+01 2.142969e+01
    endloop
  endfacet
  facet normal 1.103220e-01 7.718236e-01 6.253814e-01
    outer loop
      vertex 8.120559e+00 4.082493e+01 2.064937e+01
      vertex 4.080001e+00 4.142495e+01 2.064937e+01
      vertex 5.359229e+00 4.064823e+01 2.142969e+01
    endloop
  endfacet
  facet normal 1.356102e-01 7.680719e-01 6.253794e-01
    outer loop
      vertex 7.998703e+00 4.021220e+01 2.142969e+01
      vertex 8.120559e+00 4.082493e+01 2.064937e+01
      vertex 5.359229e+00 4.064823e+01 2.142969e+01
    endloop
  endfacet
  facet normal 1.551952e-01 7.647225e-01 6.253777e-01
    outer loop
      vertex 8.576687e+00 4.073148e+01 2.064937e+01
      vertex 8.120559e+00 4.082493e+01 2.064937e+01
      vertex 7.998703e+00 4.021220e+01 2.142969e+01
    endloop
  endfacet
  facet normal 1.704680e-01 7.612009e-01 6.253772e-01
    outer loop
      vertex 1.041407e+01 3.965535e+01 2.142969e+01
      vertex 8.576687e+00 4.073148e+01 2.064937e+01
      vertex 7.998703e+00 4.021220e+01 2.142969e+01
    endloop
  endfacet
  facet normal 1.951495e-01 7.550185e-01 6.253772e-01
    outer loop
      vertex 1.208305e+01 3.983239e+01 2.064937e+01
      vertex 8.576687e+00 4.073148e+01 2.064937e+01
      vertex 1.041407e+01 3.965535e+01 2.142969e+01
    endloop
  endfacet
  facet normal 2.169883e-01 7.494184e-01 6.253774e-01
    outer loop
      vertex 1.190167e+01 3.923455e+01 2.142969e+01
      vertex 1.208305e+01 3.983239e+01 2.064937e+01
      vertex 1.041407e+01 3.965535e+01 2.142969e+01
    endloop
  endfacet
  facet normal 2.342020e-01 7.442557e-01 6.253787e-01
    outer loop
      vertex 1.333390e+01 3.943155e+01 2.064937e+01
      vertex 1.208305e+01 3.983239e+01 2.064937e+01
      vertex 1.190167e+01 3.923455e+01 2.142969e+01
    endloop
  endfacet
  facet normal 2.548011e-01 7.370524e-01 6.253805e-01
    outer loop
      vertex 1.514577e+01 3.809995e+01 2.142969e+01
      vertex 1.333390e+01 3.943155e+01 2.064937e+01
      vertex 1.190167e+01 3.923455e+01 2.142969e+01
    endloop
  endfacet
  facet normal 2.788746e-01 7.284393e-01 6.253825e-01
    outer loop
      vertex 1.592935e+01 3.845684e+01 2.064937e+01
      vertex 1.333390e+01 3.943155e+01 2.064937e+01
      vertex 1.514577e+01 3.809995e+01 2.142969e+01
    endloop
  endfacet
  facet normal 2.951431e-01 7.223279e-01 6.253837e-01
    outer loop
      vertex 1.569002e+01 3.787906e+01 2.142969e+01
      vertex 1.592935e+01 3.845684e+01 2.064937e+01
      vertex 1.514577e+01 3.809995e+01 2.142969e+01
    endloop
  endfacet
  facet normal 3.110034e-01 7.154059e-01 6.253830e-01
    outer loop
      vertex 1.790395e+01 3.757789e+01 2.064937e+01
      vertex 1.592935e+01 3.845684e+01 2.064937e+01
      vertex 1.569002e+01 3.787906e+01 2.142969e+01
    endloop
  endfacet
  facet normal 3.341137e-01 7.044749e-01 6.253810e-01
    outer loop
      vertex 1.932727e+01 3.615877e+01 2.142969e+01
      vertex 1.790395e+01 3.757789e+01 2.064937e+01
      vertex 1.569002e+01 3.787906e+01 2.142969e+01
    endloop
  endfacet
  facet normal 3.572242e-01 6.935440e-01 6.253790e-01
    outer loop
      vertex 1.962174e+01 3.670975e+01 2.064937e+01
      vertex 1.790395e+01 3.757789e+01 2.064937e+01
      vertex 1.932727e+01 3.615877e+01 2.142969e+01
    endloop
  endfacet
  facet normal 3.693057e-01 6.873946e-01 6.253777e-01
    outer loop
      vertex 1.954172e+01 3.604332e+01 2.142969e+01
      vertex 1.962174e+01 3.670975e+01 2.064937e+01
      vertex 1.932727e+01 3.615877e+01 2.142969e+01
    endloop
  endfacet
  facet normal 3.855030e-01 6.779684e-01 6.253774e-01
    outer loop
      vertex 2.222239e+01 3.519622e+01 2.064937e+01
      vertex 1.962174e+01 3.670975e+01 2.064937e+01
      vertex 1.954172e+01 3.604332e+01 2.142969e+01
    endloop
  endfacet
  facet normal 4.073270e-01 6.648876e-01 6.253774e-01
    outer loop
      vertex 2.277838e+01 3.409026e+01 2.142969e+01
      vertex 2.222239e+01 3.519622e+01 2.064937e+01
      vertex 1.954172e+01 3.604332e+01 2.142969e+01
    endloop
  endfacet
  facet normal 4.277941e-01 6.525375e-01 6.253775e-01
    outer loop
      vertex 2.312549e+01 3.460970e+01 2.064937e+01
      vertex 2.222239e+01 3.519622e+01 2.064937e+01
      vertex 2.277838e+01 3.409026e+01 2.142969e+01
    endloop
  endfacet
  facet normal 4.385706e-01 6.453523e-01 6.253784e-01
    outer loop
      vertex 2.359145e+01 3.353273e+01 2.142969e+01
      vertex 2.312549e+01 3.460970e+01 2.064937e+01
      vertex 2.277838e+01 3.409026e+01 2.142969e+01
    endloop
  endfacet
  facet normal 4.579906e-01 6.310331e-01 6.253805e-01
    outer loop
      vertex 2.622940e+01 3.232168e+01 2.064937e+01
      vertex 2.312549e+01 3.460970e+01 2.064937e+01
      vertex 2.359145e+01 3.353273e+01 2.142969e+01
    endloop
  endfacet
  facet normal 4.785270e-01 6.158028e-01 6.253824e-01
    outer loop
      vertex 2.601012e+01 3.169343e+01 2.142969e+01
      vertex 2.622940e+01 3.232168e+01 2.064937e+01
      vertex 2.359145e+01 3.353273e+01 2.142969e+01
    endloop
  endfacet
  facet normal 4.939135e-01 6.041029e-01 6.253838e-01
    outer loop
      vertex 2.640686e+01 3.217686e+01 2.064937e+01
      vertex 2.622940e+01 3.232168e+01 2.064937e+01
      vertex 2.601012e+01 3.169343e+01 2.142969e+01
    endloop
  endfacet
  facet normal 5.031448e-01 5.962492e-01 6.253832e-01
    outer loop
      vertex 2.728366e+01 3.060395e+01 2.142969e+01
      vertex 2.640686e+01 3.217686e+01 2.064937e+01
      vertex 2.601012e+01 3.169343e+01 2.142969e+01
    endloop
  endfacet
  facet normal 5.220873e-01 5.790801e-01 6.253813e-01
    outer loop
      vertex 2.943312e+01 2.943315e+01 2.064937e+01
      vertex 2.640686e+01 3.217686e+01 2.064937e+01
      vertex 2.728366e+01 3.060395e+01 2.142969e+01
    endloop
  endfacet
  facet normal 5.410297e-01 5.619110e-01 6.253793e-01
    outer loop
      vertex 2.899138e+01 2.899138e+01 2.142969e+01
      vertex 2.943312e+01 2.943315e+01 2.064937e+01
      vertex 2.728366e+01 3.060395e+01 2.142969e+01
    endloop
  endfacet
  facet normal 5.545641e-01 5.489369e-01 6.253777e-01
    outer loop
      vertex 2.986744e+01 2.899220e+01 2.064937e+01
      vertex 2.943312e+01 2.943315e+01 2.064937e+01
      vertex 2.899138e+01 2.899138e+01 2.142969e+01
    endloop
  endfacet
  facet normal 5.647605e-01 5.381381e-01 6.253771e-01
    outer loop
      vertex 3.060395e+01 2.728366e+01 2.142969e+01
      vertex 2.986744e+01 2.899220e+01 2.064937e+01
      vertex 2.899138e+01 2.899138e+01 2.142969e+01
    endloop
  endfacet
  facet normal 5.818476e-01 5.192854e-01 6.253772e-01
    outer loop
      vertex 3.217638e+01 2.640644e+01 2.064937e+01
      vertex 2.986744e+01 2.899220e+01 2.064937e+01
      vertex 3.060395e+01 2.728366e+01 2.142969e+01
    endloop
  endfacet
  facet normal 5.962280e-01 5.031804e-01 6.253774e-01
    outer loop
      vertex 3.169343e+01 2.601012e+01 2.142969e+01
      vertex 3.217638e+01 2.640644e+01 2.064937e+01
      vertex 3.060395e+01 2.728366e+01 2.142969e+01
    endloop
  endfacet
  facet normal 6.088011e-01 4.879499e-01 6.253788e-01
    outer loop
      vertex 3.308700e+01 2.525653e+01 2.064937e+01
      vertex 3.217638e+01 2.640644e+01 2.064937e+01
      vertex 3.169343e+01 2.601012e+01 2.142969e+01
    endloop
  endfacet
  facet normal 6.204750e-01 4.726009e-01 6.253805e-01
    outer loop
      vertex 3.353273e+01 2.359145e+01 2.142969e+01
      vertex 3.308700e+01 2.525653e+01 2.064937e+01
      vertex 3.169343e+01 2.601012e+01 2.142969e+01
    endloop
  endfacet
  facet normal 6.357058e-01 4.520652e-01 6.253825e-01
    outer loop
      vertex 3.461024e+01 2.312582e+01 2.064937e+01
      vertex 3.308700e+01 2.525653e+01 2.064937e+01
      vertex 3.353273e+01 2.359145e+01 2.142969e+01
    endloop
  endfacet
  facet normal 6.452543e-01 4.387062e-01 6.253836e-01
    outer loop
      vertex 3.409026e+01 2.277838e+01 2.142969e+01
      vertex 3.461024e+01 2.312582e+01 2.064937e+01
      vertex 3.353273e+01 2.359145e+01 2.142969e+01
    endloop
  endfacet
  facet normal 6.565351e-01 4.212322e-01 6.253829e-01
    outer loop
      vertex 3.584172e+01 2.116644e+01 2.064937e+01
      vertex 3.461024e+01 2.312582e+01 2.064937e+01
      vertex 3.409026e+01 2.277838e+01 2.142969e+01
    endloop
  endfacet
  facet normal 6.689475e-01 4.006610e-01 6.253810e-01
    outer loop
      vertex 3.604332e+01 1.954172e+01 2.142969e+01
      vertex 3.584172e+01 2.116644e+01 2.064937e+01
      vertex 3.409026e+01 2.277838e+01 2.142969e+01
    endloop
  endfacet
  facet normal 6.820906e-01 3.787323e-01 6.253790e-01
    outer loop
      vertex 3.670973e+01 1.962179e+01 2.064937e+01
      vertex 3.584172e+01 2.116644e+01 2.064937e+01
      vertex 3.604332e+01 1.954172e+01 2.142969e+01
    endloop
  endfacet
  facet normal 6.875097e-01 3.690909e-01 6.253780e-01
    outer loop
      vertex 3.615877e+01 1.932727e+01 2.142969e+01
      vertex 3.670973e+01 1.962179e+01 2.064937e+01
      vertex 3.604332e+01 1.954172e+01 2.142969e+01
    endloop
  endfacet
  facet normal 6.968563e-01 3.500267e-01 6.253775e-01
    outer loop
      vertex 3.809309e+01 1.677874e+01 2.064937e+01
      vertex 3.670973e+01 1.962179e+01 2.064937e+01
      vertex 3.615877e+01 1.932727e+01 2.142969e+01
    endloop
  endfacet
  facet normal 7.077351e-01 3.270257e-01 6.253775e-01
    outer loop
      vertex 3.787906e+01 1.569002e+01 2.142969e+01
      vertex 3.809309e+01 1.677874e+01 2.064937e+01
      vertex 3.615877e+01 1.932727e+01 2.142969e+01
    endloop
  endfacet
  facet normal 7.186137e-01 3.040246e-01 6.253775e-01
    outer loop
      vertex 3.845626e+01 1.592908e+01 2.064937e+01
      vertex 3.809309e+01 1.677874e+01 2.064937e+01
      vertex 3.787906e+01 1.569002e+01 2.142969e+01
    endloop
  endfacet
  facet normal 7.222753e-01 2.952845e-01 6.253782e-01
    outer loop
      vertex 3.809995e+01 1.514577e+01 2.142969e+01
      vertex 3.845626e+01 1.592908e+01 2.064937e+01
      vertex 3.787906e+01 1.569002e+01 2.142969e+01
    endloop
  endfacet
  facet normal 7.307494e-01 2.716703e-01 6.253802e-01
    outer loop
      vertex 3.981086e+01 1.215600e+01 2.064937e+01
      vertex 3.845626e+01 1.592908e+01 2.064937e+01
      vertex 3.809995e+01 1.514577e+01 2.142969e+01
    endloop
  endfacet
  facet normal 7.393631e-01 2.475979e-01 6.253821e-01
    outer loop
      vertex 3.923455e+01 1.190167e+01 2.142969e+01
      vertex 3.981086e+01 1.215600e+01 2.064937e+01
      vertex 3.809995e+01 1.514577e+01 2.142969e+01
    endloop
  endfacet
  facet normal 7.465780e-01 2.269713e-01 6.253838e-01
    outer loop
      vertex 3.983301e+01 1.208321e+01 2.064937e+01
      vertex 3.981086e+01 1.215600e+01 2.064937e+01
      vertex 3.923455e+01 1.190167e+01 2.142969e+01
    endloop
  endfacet
  facet normal 7.493989e-01 2.170318e-01 6.253833e-01
    outer loop
      vertex 3.965535e+01 1.041407e+01 2.142969e+01
      vertex 3.983301e+01 1.208321e+01 2.064937e+01
      vertex 3.923455e+01 1.190167e+01 2.142969e+01
    endloop
  endfacet
  facet normal 7.556105e-01 1.922317e-01 6.253814e-01
    outer loop
      vertex 4.082492e+01 8.120608e+00 2.064937e+01
      vertex 3.983301e+01 1.208321e+01 2.064937e+01
      vertex 3.965535e+01 1.041407e+01 2.142969e+01
    endloop
  endfacet
  facet normal 7.618222e-01 1.674316e-01 6.253794e-01
    outer loop
      vertex 4.021220e+01 7.998703e+00 2.142969e+01
      vertex 4.082492e+01 8.120608e+00 2.064937e+01
      vertex 3.965535e+01 1.041407e+01 2.142969e+01
    endloop
  endfacet
  facet normal 7.662461e-01 1.473893e-01 6.253776e-01
    outer loop
      vertex 4.096832e+01 7.362546e+00 2.064937e+01
      vertex 4.082492e+01 8.120608e+00 2.064937e+01
      vertex 4.021220e+01 7.998703e+00 2.142969e+01
    endloop
  endfacet
  facet normal 7.690027e-01 1.306994e-01 6.253771e-01
    outer loop
      vertex 4.064823e+01 5.359229e+00 2.142969e+01
      vertex 4.096832e+01 7.362546e+00 2.064937e+01
      vertex 4.021220e+01 7.998703e+00 2.142969e+01
    endloop
  endfacet
  facet normal 7.727361e-01 1.055308e-01 6.253771e-01
    outer loop
      vertex 4.142431e+01 4.079913e+00 2.064937e+01
      vertex 4.096832e+01 7.362546e+00 2.064937e+01
      vertex 4.064823e+01 5.359229e+00 2.142969e+01
    endloop
  endfacet
  facet normal 7.755758e-01 8.508598e-02 6.253774e-01
    outer loop
      vertex 4.080257e+01 4.018703e+00 2.142969e+01
      vertex 4.142431e+01 4.079913e+00 2.064937e+01
      vertex 4.064823e+01 5.359229e+00 2.142969e+01
    endloop
  endfacet
  facet normal 7.773483e-01 6.653284e-02 6.253788e-01
    outer loop
      vertex 4.155195e+01 2.465777e+00 2.064937e+01
      vertex 4.142431e+01 4.079913e+00 2.064937e+01
      vertex 4.080257e+01 4.018703e+00 2.142969e+01
    endloop
  endfacet
  facet normal 7.786033e-01 4.099704e-02 6.253808e-01
    outer loop
      vertex 4.100000e+01 1.006028e-15 2.142969e+01
      vertex 4.155195e+01 2.465777e+00 2.064937e+01
      vertex 4.080257e+01 4.018703e+00 2.142969e+01
    endloop
  endfacet
  facet normal 7.798582e-01 1.546125e-02 6.253827e-01
    outer loop
      vertex 4.162539e+01 9.447858e-16 2.064937e+01
      vertex 4.155195e+01 2.465777e+00 2.064937e+01
      vertex 4.100000e+01 1.006028e-15 2.142969e+01
    endloop
  endfacet
  facet normal -9.964129e-01 -3.158721e-04 -8.462238e-02
    outer loop
      vertex 4.360919e+00 9.419944e-18 5.000000e+00
      vertex 4.345248e+00 -5.728952e-01 5.187723e+00
      vertex 4.345248e+00 1.129834e-17 5.184516e+00
    endloop
  endfacet
  facet normal -9.964135e-01 -9.447430e-04 -8.460961e-02
    outer loop
      vertex 4.360919e+00 9.419944e-18 5.000000e+00
      vertex 4.345248e+00 -1.141125e+00 5.197242e+00
      vertex 4.345248e+00 -5.728952e-01 5.187723e+00
    endloop
  endfacet
  facet normal -9.964149e-01 -1.803843e-03 -8.456951e-02
    outer loop
      vertex 4.364727e+00 -2.150316e+00 5.000000e+00
      vertex 4.345248e+00 -1.141125e+00 5.197242e+00
      vertex 4.360919e+00 9.419944e-18 5.000000e+00
    endloop
  endfacet
  facet normal -9.964159e-01 -2.755303e-03 -8.454078e-02
    outer loop
      vertex 4.364727e+00 -2.150316e+00 5.000000e+00
      vertex 4.345248e+00 -1.727355e+00 5.213677e+00
      vertex 4.345248e+00 -1.141125e+00 5.197242e+00
    endloop
  endfacet
  facet normal -9.964170e-01 -3.305137e-03 -8.451002e-02
    outer loop
      vertex 4.345248e+00 -2.140720e+00 5.229306e+00
      vertex 4.345248e+00 -1.727355e+00 5.213677e+00
      vertex 4.364727e+00 -2.150316e+00 5.000000e+00
    endloop
  endfacet
  facet normal 3.415948e-03 9.991314e-01 -4.152964e-02
    outer loop
      vertex 3.946511e+00 -2.140720e+00 5.196991e+00
      vertex 4.345248e+00 -2.140720e+00 5.229306e+00
      vertex 4.364727e+00 -2.150316e+00 5.000000e+00
    endloop
  endfacet
  facet normal 3.065936e-03 9.991305e-01 -4.157663e-02
    outer loop
      vertex 4.364727e+00 -2.150316e+00 5.000000e+00
      vertex 3.041946e+00 -2.140720e+00 5.135214e+00
      vertex 3.946511e+00 -2.140720e+00 5.196991e+00
    endloop
  endfacet
  facet normal 2.650118e-03 9.991295e-01 -4.162744e-02
    outer loop
      vertex 4.364727e+00 -2.150316e+00 5.000000e+00
      vertex 2.402216e+00 -2.140720e+00 5.101180e+00
      vertex 3.041946e+00 -2.140720e+00 5.135214e+00
    endloop
  endfacet
  facet normal 2.344583e-03 9.991288e-01 -4.165881e-02
    outer loop
      vertex 1.911462e+00 -2.140720e+00 5.080491e+00
      vertex 2.402216e+00 -2.140720e+00 5.101180e+00
      vertex 4.364727e+00 -2.150316e+00 5.000000e+00
    endloop
  endfacet
  facet normal 3.853860e-04 9.991255e-01 -4.180826e-02
    outer loop
      vertex -4.756825e-05 -2.142594e+00 5.000000e+00
      vertex 5.643474e-01 -2.140720e+00 5.047894e+00
      vertex 8.515027e-01 -2.140720e+00 5.051867e+00
    endloop
  endfacet
  facet normal 2.311058e-04 9.991255e-01 -4.181210e-02
    outer loop
      vertex 2.845921e-01 -2.140720e+00 5.045573e+00
      vertex 5.643474e-01 -2.140720e+00 5.047894e+00
      vertex -4.756825e-05 -2.142594e+00 5.000000e+00
    endloop
  endfacet
  facet normal 7.749437e-05 9.991254e-01 -4.181401e-02
    outer loop
      vertex -4.756825e-05 -2.142594e+00 5.000000e+00
      vertex -3.671039e-05 -2.140720e+00 5.044781e+00
      vertex 2.845921e-01 -2.140720e+00 5.045573e+00
    endloop
  endfacet
  facet normal -7.677356e-05 9.991254e-01 -4.181401e-02
    outer loop
      vertex -4.756825e-05 -2.142594e+00 5.000000e+00
      vertex -2.821933e-01 -2.140720e+00 5.045559e+00
      vertex -3.671039e-05 -2.140720e+00 5.044781e+00
    endloop
  endfacet
  facet normal -2.302758e-04 9.991255e-01 -4.181212e-02
    outer loop
      vertex -5.640386e-01 -2.140720e+00 5.047890e+00
      vertex -2.821933e-01 -2.140720e+00 5.045559e+00
      vertex -4.756825e-05 -2.142594e+00 5.000000e+00
    endloop
  endfacet
  facet normal -2.188728e-03 9.991285e-01 -4.167296e-02
    outer loop
      vertex -4.364727e+00 -2.150316e+00 5.000000e+00
      vertex -1.911549e+00 -2.140720e+00 5.080494e+00
      vertex -1.826602e+00 -2.140720e+00 5.077391e+00
    endloop
  endfacet
  facet normal -2.344319e-03 9.991288e-01 -4.165884e-02
    outer loop
      vertex -2.401122e+00 -2.140720e+00 5.101128e+00
      vertex -1.911549e+00 -2.140720e+00 5.080494e+00
      vertex -4.364727e+00 -2.150316e+00 5.000000e+00
    endloop
  endfacet
  facet normal -2.650018e-03 9.991295e-01 -4.162745e-02
    outer loop
      vertex -4.364727e+00 -2.150316e+00 5.000000e+00
      vertex -3.042683e+00 -2.140720e+00 5.135258e+00
      vertex -2.401122e+00 -2.140720e+00 5.101128e+00
    endloop
  endfacet
  facet normal -3.066462e-03 9.991305e-01 -4.157656e-02
    outer loop
      vertex -4.364727e+00 -2.150316e+00 5.000000e+00
      vertex -3.947807e+00 -2.140720e+00 5.197091e+00
      vertex -3.042683e+00 -2.140720e+00 5.135258e+00
    endloop
  endfacet
  facet normal -3.416283e-03 9.991314e-01 -4.152960e-02
    outer loop
      vertex -4.345248e+00 -2.140720e+00 5.229306e+00
      vertex -3.947807e+00 -2.140720e+00 5.197091e+00
      vertex -4.364727e+00 -2.150316e+00 5.000000e+00
    endloop
  endfacet
  facet normal -3.869655e-04 9.991255e-01 -4.180820e-02
    outer loop
      vertex -4.756825e-05 -2.142594e+00 5.000000e+00
      vertex -8.579432e-01 -2.140720e+00 5.051975e+00
      vertex -5.640386e-01 -2.140720e+00 5.047890e+00
    endloop
  endfacet
  facet normal -5.522656e-04 9.991257e-01 -4.180191e-02
    outer loop
      vertex -4.756825e-05 -2.142594e+00 5.000000e+00
      vertex -1.171498e+00 -2.140720e+00 5.058195e+00
      vertex -8.579432e-01 -2.140720e+00 5.051975e+00
    endloop
  endfacet
  facet normal -1.490588e-03 9.991277e-01 -4.170647e-02
    outer loop
      vertex -4.364727e+00 -2.150316e+00 5.000000e+00
      vertex -1.171498e+00 -2.140720e+00 5.058195e+00
      vertex -4.756825e-05 -2.142594e+00 5.000000e+00
    endloop
  endfacet
  facet normal -1.903087e-03 9.991280e-01 -4.169275e-02
    outer loop
      vertex -4.364727e+00 -2.150316e+00 5.000000e+00
      vertex -1.515966e+00 -2.140720e+00 5.067243e+00
      vertex -1.171498e+00 -2.140720e+00 5.058195e+00
    endloop
  endfacet
  facet normal -2.081236e-03 9.991283e-01 -4.168104e-02
    outer loop
      vertex -1.826602e+00 -2.140720e+00 5.077391e+00
      vertex -1.515966e+00 -2.140720e+00 5.067243e+00
      vertex -4.364727e+00 -2.150316e+00 5.000000e+00
    endloop
  endfacet
  facet normal 2.189277e-03 9.991285e-01 -4.167292e-02
    outer loop
      vertex 4.364727e+00 -2.150316e+00 5.000000e+00
      vertex 1.828724e+00 -2.140720e+00 5.077466e+00
      vertex 1.911462e+00 -2.140720e+00 5.080491e+00
    endloop
  endfacet
  facet normal 2.079746e-03 9.991283e-01 -4.168113e-02
    outer loop
      vertex 4.364727e+00 -2.150316e+00 5.000000e+00
      vertex 1.508352e+00 -2.140720e+00 5.067017e+00
      vertex 1.828724e+00 -2.140720e+00 5.077466e+00
    endloop
  endfacet
  facet normal 1.582233e-03 9.991278e-01 -4.170108e-02
    outer loop
      vertex -4.756825e-05 -2.142594e+00 5.000000e+00
      vertex 1.508352e+00 -2.140720e+00 5.067017e+00
      vertex 4.364727e+00 -2.150316e+00 5.000000e+00
    endloop
  endfacet
  facet normal 7.264034e-04 9.991260e-01 -4.179287e-02
    outer loop
      vertex -4.756825e-05 -2.142594e+00 5.000000e+00
      vertex 1.161051e+00 -2.140720e+00 5.057956e+00
      vertex 1.508352e+00 -2.140720e+00 5.067017e+00
    endloop
  endfacet
  facet normal 5.477377e-04 9.991257e-01 -4.180212e-02
    outer loop
      vertex 8.515027e-01 -2.140720e+00 5.051867e+00
      vertex 1.161051e+00 -2.140720e+00 5.057956e+00
      vertex -4.756825e-05 -2.142594e+00 5.000000e+00
    endloop
  endfacet
  facet normal -9.964170e-01 3.305200e-03 -8.451001e-02
    outer loop
      vertex 4.364727e+00 2.150316e+00 5.000000e+00
      vertex 4.345248e+00 1.727355e+00 5.213677e+00
      vertex 4.345248e+00 2.140720e+00 5.229306e+00
    endloop
  endfacet
  facet normal -9.964160e-01 2.755399e-03 -8.454078e-02
    outer loop
      vertex 4.364727e+00 2.150316e+00 5.000000e+00
      vertex 4.345248e+00 1.141125e+00 5.197242e+00
      vertex 4.345248e+00 1.727355e+00 5.213677e+00
    endloop
  endfacet
  facet normal -9.964150e-01 1.803876e-03 -8.456951e-02
    outer loop
      vertex 4.360919e+00 9.419944e-18 5.000000e+00
      vertex 4.345248e+00 1.141125e+00 5.197242e+00
      vertex 4.364727e+00 2.150316e+00 5.000000e+00
    endloop
  endfacet
  facet normal -9.964134e-01 9.447383e-04 -8.460961e-02
    outer loop
      vertex 4.360919e+00 9.419944e-18 5.000000e+00
      vertex 4.345248e+00 5.728952e-01 5.187724e+00
      vertex 4.345248e+00 1.141125e+00 5.197242e+00
    endloop
  endfacet
  facet normal -9.964129e-01 3.158350e-04 -8.462238e-02
    outer loop
      vertex 4.345248e+00 1.129834e-17 5.184516e+00
      vertex 4.345248e+00 5.728952e-01 5.187724e+00
      vertex 4.360919e+00 9.419944e-18 5.000000e+00
    endloop
  endfacet
  facet normal -4.800978e-02 7.728148e-02 9.955065e-01
    outer loop
      vertex 3.191861e+00 -4.624209e+00 5.308575e+00
      vertex 1.598345e+00 -2.315602e+00 5.077367e+00
      vertex 2.611202e+00 -4.975229e+00 5.308575e+00
    endloop
  endfacet
  facet normal -3.834448e-02 8.250495e-02 9.955065e-01
    outer loop
      vertex 2.611202e+00 -4.975229e+00 5.308575e+00
      vertex 1.307576e+00 -2.491378e+00 5.077367e+00
      vertex 1.992466e+00 -5.253700e+00 5.308575e+00
    endloop
  endfacet
  facet normal -3.582930e-02 6.351916e-02 9.969987e-01
    outer loop
      vertex 1.598345e+00 -2.315602e+00 5.077367e+00
      vertex 1.307576e+00 -2.491378e+00 5.077367e+00
      vertex 2.611202e+00 -4.975229e+00 5.308575e+00
    endloop
  endfacet
  facet normal -2.812003e-02 8.652530e-02 9.955065e-01
    outer loop
      vertex 1.992466e+00 -5.253700e+00 5.308575e+00
      vertex 9.977399e-01 -2.630824e+00 5.077367e+00
      vertex 1.344675e+00 -5.455560e+00 5.308575e+00
    endloop
  endfacet
  facet normal -2.791168e-02 6.737477e-02 9.969987e-01
    outer loop
      vertex 1.307576e+00 -2.491378e+00 5.077367e+00
      vertex 9.977399e-01 -2.630824e+00 5.077367e+00
      vertex 1.992466e+00 -5.253700e+00 5.308575e+00
    endloop
  endfacet
  facet normal -1.748553e-02 8.928394e-02 9.955065e-01
    outer loop
      vertex 1.344675e+00 -5.455560e+00 5.308575e+00
      vertex 6.733545e-01 -2.731906e+00 5.077367e+00
      vertex 6.772755e-01 -5.577865e+00 5.308575e+00
    endloop
  endfacet
  facet normal -1.958704e-02 7.024792e-02 9.969987e-01
    outer loop
      vertex 9.977399e-01 -2.630824e+00 5.077367e+00
      vertex 6.733545e-01 -2.731906e+00 5.077367e+00
      vertex 1.344675e+00 -5.455560e+00 5.308575e+00
    endloop
  endfacet
  facet normal -6.596055e-03 9.074060e-02 9.955065e-01
    outer loop
      vertex 6.772755e-01 -5.577865e+00 5.308575e+00
      vertex 3.391500e-01 -2.793152e+00 5.077367e+00
      vertex 1.889476e-17 -5.618833e+00 5.308575e+00
    endloop
  endfacet
  facet normal -1.097678e-02 7.209668e-02 9.969987e-01
    outer loop
      vertex 6.733545e-01 -2.731906e+00 5.077367e+00
      vertex 3.391500e-01 -2.793152e+00 5.077367e+00
      vertex 6.772755e-01 -5.577865e+00 5.308575e+00
    endloop
  endfacet
  facet normal 4.389608e-03 9.087407e-02 9.955065e-01
    outer loop
      vertex 1.889476e-17 -5.618833e+00 5.308575e+00
      vertex 4.737344e-18 -2.813667e+00 5.077367e+00
      vertex -6.772755e-01 -5.577865e+00 5.308575e+00
    endloop
  endfacet
  facet normal -2.206448e-03 7.289413e-02 9.969987e-01
    outer loop
      vertex 3.391500e-01 -2.793152e+00 5.077367e+00
      vertex 4.737344e-18 -2.813667e+00 5.077367e+00
      vertex 1.889476e-17 -5.618833e+00 5.308575e+00
    endloop
  endfacet
  facet normal 1.531126e-02 8.968238e-02 9.955065e-01
    outer loop
      vertex -6.772755e-01 -5.577865e+00 5.308575e+00
      vertex -3.391500e-01 -2.793152e+00 5.077367e+00
      vertex -1.344675e+00 -5.455560e+00 5.308575e+00
    endloop
  endfacet
  facet normal 6.596055e-03 7.262861e-02 9.969987e-01
    outer loop
      vertex 4.737344e-18 -2.813667e+00 5.077367e+00
      vertex -3.391500e-01 -2.793152e+00 5.077367e+00
      vertex -6.772755e-01 -5.577865e+00 5.308575e+00
    endloop
  endfacet
  facet normal 2.600964e-02 8.718293e-02 9.955065e-01
    outer loop
      vertex -1.344675e+00 -5.455560e+00 5.308575e+00
      vertex -6.733545e-01 -2.731906e+00 5.077367e+00
      vertex -1.992466e+00 -5.253700e+00 5.308575e+00
    endloop
  endfacet
  facet normal 1.530237e-02 7.130399e-02 9.969987e-01
    outer loop
      vertex -3.391500e-01 -2.793152e+00 5.077367e+00
      vertex -6.733545e-01 -2.731906e+00 5.077367e+00
      vertex -1.344675e+00 -5.455560e+00 5.308575e+00
    endloop
  endfacet
  facet normal 3.632874e-02 8.341215e-02 9.955065e-01
    outer loop
      vertex -1.992466e+00 -5.253700e+00 5.308575e+00
      vertex -9.977399e-01 -2.630824e+00 5.077367e+00
      vertex -2.611202e+00 -4.975229e+00 5.308575e+00
    endloop
  endfacet
  facet normal 2.378555e-02 6.893960e-02 9.969987e-01
    outer loop
      vertex -6.733545e-01 -2.731906e+00 5.077367e+00
      vertex -9.977399e-01 -2.630824e+00 5.077367e+00
      vertex -1.992466e+00 -5.253700e+00 5.308575e+00
    endloop
  endfacet
  facet normal 4.611809e-02 7.842504e-02 9.955065e-01
    outer loop
      vertex -2.611202e+00 -4.975229e+00 5.308575e+00
      vertex -1.307576e+00 -2.491378e+00 5.077367e+00
      vertex -3.191861e+00 -4.624209e+00 5.308575e+00
    endloop
  endfacet
  facet normal 3.192188e-02 6.556993e-02 9.969987e-01
    outer loop
      vertex -9.977399e-01 -2.630824e+00 5.077367e+00
      vertex -1.307576e+00 -2.491378e+00 5.077367e+00
      vertex -2.611202e+00 -4.975229e+00 5.308575e+00
    endloop
  endfacet
  facet normal 4.800978e-02 -7.728148e-02 9.955065e-01
    outer loop
      vertex -3.191861e+00 4.624209e+00 5.308575e+00
      vertex -1.598345e+00 2.315602e+00 5.077367e+00
      vertex -2.611202e+00 4.975229e+00 5.308575e+00
    endloop
  endfacet
  facet normal 3.834448e-02 -8.250495e-02 9.955065e-01
    outer loop
      vertex -2.611202e+00 4.975229e+00 5.308575e+00
      vertex -1.307576e+00 2.491378e+00 5.077367e+00
      vertex -1.992466e+00 5.253700e+00 5.308575e+00
    endloop
  endfacet
  facet normal 3.582930e-02 -6.351916e-02 9.969987e-01
    outer loop
      vertex -1.598345e+00 2.315602e+00 5.077367e+00
      vertex -1.307576e+00 2.491378e+00 5.077367e+00
      vertex -2.611202e+00 4.975229e+00 5.308575e+00
    endloop
  endfacet
  facet normal 2.812003e-02 -8.652530e-02 9.955065e-01
    outer loop
      vertex -1.992466e+00 5.253700e+00 5.308575e+00
      vertex -9.977399e-01 2.630824e+00 5.077367e+00
      vertex -1.344675e+00 5.455560e+00 5.308575e+00
    endloop
  endfacet
  facet normal 2.791168e-02 -6.737477e-02 9.969987e-01
    outer loop
      vertex -1.307576e+00 2.491378e+00 5.077367e+00
      vertex -9.977399e-01 2.630824e+00 5.077367e+00
      vertex -1.992466e+00 5.253700e+00 5.308575e+00
    endloop
  endfacet
  facet normal 1.748553e-02 -8.928394e-02 9.955065e-01
    outer loop
      vertex -1.344675e+00 5.455560e+00 5.308575e+00
      vertex -6.733545e-01 2.731906e+00 5.077367e+00
      vertex -6.772755e-01 5.577865e+00 5.308575e+00
    endloop
  endfacet
  facet normal 1.958704e-02 -7.024792e-02 9.969987e-01
    outer loop
      vertex -9.977399e-01 2.630824e+00 5.077367e+00
      vertex -6.733545e-01 2.731906e+00 5.077367e+00
      vertex -1.344675e+00 5.455560e+00 5.308575e+00
    endloop
  endfacet
  facet normal 6.596055e-03 -9.074060e-02 9.955065e-01
    outer loop
      vertex -6.772755e-01 5.577865e+00 5.308575e+00
      vertex -3.391500e-01 2.793152e+00 5.077367e+00
      vertex -1.889476e-17 5.618833e+00 5.308575e+00
    endloop
  endfacet
  facet normal 1.097678e-02 -7.209668e-02 9.969987e-01
    outer loop
      vertex -6.733545e-01 2.731906e+00 5.077367e+00
      vertex -3.391500e-01 2.793152e+00 5.077367e+00
      vertex -6.772755e-01 5.577865e+00 5.308575e+00
    endloop
  endfacet
  facet normal -4.389608e-03 -9.087407e-02 9.955065e-01
    outer loop
      vertex -1.889476e-17 5.618833e+00 5.308575e+00
      vertex -4.737344e-18 2.813667e+00 5.077367e+00
      vertex 6.772755e-01 5.577865e+00 5.308575e+00
    endloop
  endfacet
  facet normal 2.206448e-03 -7.289413e-02 9.969987e-01
    outer loop
      vertex -3.391500e-01 2.793152e+00 5.077367e+00
      vertex -4.737344e-18 2.813667e+00 5.077367e+00
      vertex -1.889476e-17 5.618833e+00 5.308575e+00
    endloop
  endfacet
  facet normal -1.531126e-02 -8.968238e-02 9.955065e-01
    outer loop
      vertex 6.772755e-01 5.577865e+00 5.308575e+00
      vertex 3.391500e-01 2.793152e+00 5.077367e+00
      vertex 1.344675e+00 5.455560e+00 5.308575e+00
    endloop
  endfacet
  facet normal -6.596055e-03 -7.262861e-02 9.969987e-01
    outer loop
      vertex -4.737344e-18 2.813667e+00 5.077367e+00
      vertex 3.391500e-01 2.793152e+00 5.077367e+00
      vertex 6.772755e-01 5.577865e+00 5.308575e+00
    endloop
  endfacet
  facet normal -2.600964e-02 -8.718293e-02 9.955065e-01
    outer loop
      vertex 1.344675e+00 5.455560e+00 5.308575e+00
      vertex 6.733545e-01 2.731906e+00 5.077367e+00
      vertex 1.992466e+00 5.253700e+00 5.308575e+00
    endloop
  endfacet
  facet normal -1.530237e-02 -7.130399e-02 9.969987e-01
    outer loop
      vertex 3.391500e-01 2.793152e+00 5.077367e+00
      vertex 6.733545e-01 2.731906e+00 5.077367e+00
      vertex 1.344675e+00 5.455560e+00 5.308575e+00
    endloop
  endfacet
  facet normal -3.632874e-02 -8.341215e-02 9.955065e-01
    outer loop
      vertex 1.992466e+00 5.253700e+00 5.308575e+00
      vertex 9.977399e-01 2.630824e+00 5.077367e+00
      vertex 2.611202e+00 4.975229e+00 5.308575e+00
    endloop
  endfacet
  facet normal -2.378555e-02 -6.893960e-02 9.969987e-01
    outer loop
      vertex 6.733545e-01 2.731906e+00 5.077367e+00
      vertex 9.977399e-01 2.630824e+00 5.077367e+00
      vertex 1.992466e+00 5.253700e+00 5.308575e+00
    endloop
  endfacet
  facet normal -4.611809e-02 -7.842504e-02 9.955065e-01
    outer loop
      vertex 2.611202e+00 4.975229e+00 5.308575e+00
      vertex 1.307576e+00 2.491378e+00 5.077367e+00
      vertex 3.191861e+00 4.624209e+00 5.308575e+00
    endloop
  endfacet
  facet normal -3.192188e-02 -6.556993e-02 9.969987e-01
    outer loop
      vertex 9.977399e-01 2.630824e+00 5.077367e+00
      vertex 1.307576e+00 2.491378e+00 5.077367e+00
      vertex 2.611202e+00 4.975229e+00 5.308575e+00
    endloop
  endfacet
  facet normal -3.458105e-02 -4.302974e-02 9.984708e-01
    outer loop
      vertex 1.598345e+00 2.315602e+00 5.077367e+00
      vertex 1.826602e+00 2.140720e+00 5.077391e+00
      vertex 1.911549e+00 2.140720e+00 5.080494e+00
    endloop
  endfacet
  facet normal -3.189566e-02 -4.310045e-02 9.985569e-01
    outer loop
      vertex 1.515966e+00 2.140720e+00 5.067243e+00
      vertex 1.826602e+00 2.140720e+00 5.077391e+00
      vertex 1.598345e+00 2.315602e+00 5.077367e+00
    endloop
  endfacet
  facet normal -2.237744e-02 -4.738453e-02 9.986156e-01
    outer loop
      vertex 9.977399e-01 2.630824e+00 5.077367e+00
      vertex 1.171498e+00 2.140720e+00 5.058195e+00
      vertex 1.307576e+00 2.491378e+00 5.077367e+00
    endloop
  endfacet
  facet normal -1.919357e-02 -4.521161e-02 9.987804e-01
    outer loop
      vertex 9.977399e-01 2.630824e+00 5.077367e+00
      vertex 8.579432e-01 2.140720e+00 5.051975e+00
      vertex 1.171498e+00 2.140720e+00 5.058195e+00
    endloop
  endfacet
  facet normal -1.619481e-02 -4.892446e-02 9.986559e-01
    outer loop
      vertex 6.733545e-01 2.731906e+00 5.077367e+00
      vertex 8.579432e-01 2.140720e+00 5.051975e+00
      vertex 9.977399e-01 2.630824e+00 5.077367e+00
    endloop
  endfacet
  facet normal -1.315242e-02 -4.580084e-02 9.988472e-01
    outer loop
      vertex 6.733545e-01 2.731906e+00 5.077367e+00
      vertex 5.640386e-01 2.140720e+00 5.047890e+00
      vertex 8.579432e-01 2.140720e+00 5.051975e+00
    endloop
  endfacet
  facet normal -1.003589e-02 -4.993704e-02 9.986823e-01
    outer loop
      vertex 3.391500e-01 2.793152e+00 5.077367e+00
      vertex 5.640386e-01 2.140720e+00 5.047890e+00
      vertex 6.733545e-01 2.731906e+00 5.077367e+00
    endloop
  endfacet
  facet normal -7.349460e-03 -4.611747e-02 9.988888e-01
    outer loop
      vertex 3.391500e-01 2.793152e+00 5.077367e+00
      vertex 2.821933e-01 2.140720e+00 5.045559e+00
      vertex 5.640386e-01 2.140720e+00 5.047890e+00
    endloop
  endfacet
  facet normal -3.900735e-03 -5.043064e-02 9.986975e-01
    outer loop
      vertex -4.737344e-18 2.813667e+00 5.077367e+00
      vertex 2.821933e-01 2.140720e+00 5.045559e+00
      vertex 3.391500e-01 2.793152e+00 5.077367e+00
    endloop
  endfacet
  facet normal -1.701120e-03 -4.620225e-02 9.989088e-01
    outer loop
      vertex -4.737344e-18 2.813667e+00 5.077367e+00
      vertex 3.671039e-05 2.140720e+00 5.044781e+00
      vertex 2.821933e-01 2.140720e+00 5.045559e+00
    endloop
  endfacet
  facet normal 1.689223e-03 -4.621682e-02 9.989081e-01
    outer loop
      vertex -4.737344e-18 2.813667e+00 5.077367e+00
      vertex -2.845921e-01 2.140720e+00 5.045573e+00
      vertex 3.671039e-05 2.140720e+00 5.044781e+00
    endloop
  endfacet
  facet normal 3.902504e-03 -5.044521e-02 9.986969e-01
    outer loop
      vertex -3.391500e-01 2.793152e+00 5.077367e+00
      vertex -2.845921e-01 2.140720e+00 5.045573e+00
      vertex -4.737344e-18 2.813667e+00 5.077367e+00
    endloop
  endfacet
  facet normal 7.353530e-03 -4.614137e-02 9.988878e-01
    outer loop
      vertex -3.391500e-01 2.793152e+00 5.077367e+00
      vertex -5.643474e-01 2.140720e+00 5.047894e+00
      vertex -2.845921e-01 2.140720e+00 5.045573e+00
    endloop
  endfacet
  facet normal 1.003820e-02 -4.994638e-02 9.986820e-01
    outer loop
      vertex -6.733545e-01 2.731906e+00 5.077367e+00
      vertex -5.643474e-01 2.140720e+00 5.047894e+00
      vertex -3.391500e-01 2.793152e+00 5.077367e+00
    endloop
  endfacet
  facet normal 1.315001e-02 -4.579775e-02 9.988473e-01
    outer loop
      vertex -6.733545e-01 2.731906e+00 5.077367e+00
      vertex -8.515027e-01 2.140720e+00 5.051867e+00
      vertex -5.643474e-01 2.140720e+00 5.047894e+00
    endloop
  endfacet
  facet normal 1.619009e-02 -4.891203e-02 9.986565e-01
    outer loop
      vertex -9.977399e-01 2.630824e+00 5.077367e+00
      vertex -8.515027e-01 2.140720e+00 5.051867e+00
      vertex -6.733545e-01 2.731906e+00 5.077367e+00
    endloop
  endfacet
  facet normal 1.917469e-02 -4.517220e-02 9.987825e-01
    outer loop
      vertex -9.977399e-01 2.630824e+00 5.077367e+00
      vertex -1.161051e+00 2.140720e+00 5.057956e+00
      vertex -8.515027e-01 2.140720e+00 5.051867e+00
    endloop
  endfacet
  facet normal 2.236328e-02 -4.735754e-02 9.986170e-01
    outer loop
      vertex -1.307576e+00 2.491378e+00 5.077367e+00
      vertex -1.161051e+00 2.140720e+00 5.057956e+00
      vertex -9.977399e-01 2.630824e+00 5.077367e+00
    endloop
  endfacet
  facet normal 2.554805e-02 -4.425982e-02 9.986845e-01
    outer loop
      vertex -1.307576e+00 2.491378e+00 5.077367e+00
      vertex -1.508352e+00 2.140720e+00 5.067017e+00
      vertex -1.161051e+00 2.140720e+00 5.057956e+00
    endloop
  endfacet
  facet normal 2.858126e-02 -4.529126e-02 9.985585e-01
    outer loop
      vertex -1.598345e+00 2.315602e+00 5.077367e+00
      vertex -1.508352e+00 2.140720e+00 5.067017e+00
      vertex -1.307576e+00 2.491378e+00 5.077367e+00
    endloop
  endfacet
  facet normal 3.189267e-02 -4.306169e-02 9.985585e-01
    outer loop
      vertex -1.598345e+00 2.315602e+00 5.077367e+00
      vertex -1.828724e+00 2.140720e+00 5.077466e+00
      vertex -1.508352e+00 2.140720e+00 5.067017e+00
    endloop
  endfacet
  facet normal 3.458930e-02 -4.300945e-02 9.984714e-01
    outer loop
      vertex -1.598345e+00 2.315602e+00 5.077367e+00
      vertex -1.911462e+00 2.140720e+00 5.080491e+00
      vertex -1.828724e+00 2.140720e+00 5.077466e+00
    endloop
  endfacet
  facet normal 4.345838e-02 -5.900133e-02 9.969792e-01
    outer loop
      vertex -3.191861e+00 4.624209e+00 5.308575e+00
      vertex -1.911462e+00 2.140720e+00 5.080491e+00
      vertex -1.598345e+00 2.315602e+00 5.077367e+00
    endloop
  endfacet
  facet normal 5.720891e-02 -7.119510e-02 9.954869e-01
    outer loop
      vertex -3.725976e+00 4.205757e+00 5.308575e+00
      vertex -1.911462e+00 2.140720e+00 5.080491e+00
      vertex -3.191861e+00 4.624209e+00 5.308575e+00
    endloop
  endfacet
  facet normal 5.217853e-02 -5.509518e-02 9.968252e-01
    outer loop
      vertex -2.402216e+00 2.140720e+00 5.101180e+00
      vertex -1.911462e+00 2.140720e+00 5.080491e+00
      vertex -3.725976e+00 4.205757e+00 5.308575e+00
    endloop
  endfacet
  facet normal 6.706467e-02 -6.527857e-02 9.953524e-01
    outer loop
      vertex -4.205757e+00 3.725976e+00 5.308575e+00
      vertex -2.402216e+00 2.140720e+00 5.101180e+00
      vertex -3.725976e+00 4.205757e+00 5.308575e+00
    endloop
  endfacet
  facet normal 6.280481e-02 -5.174844e-02 9.964705e-01
    outer loop
      vertex -3.041946e+00 2.140720e+00 5.135214e+00
      vertex -2.402216e+00 2.140720e+00 5.101180e+00
      vertex -4.205757e+00 3.725976e+00 5.308575e+00
    endloop
  endfacet
  facet normal 7.711863e-02 -5.856491e-02 9.951321e-01
    outer loop
      vertex -4.624209e+00 3.191861e+00 5.308575e+00
      vertex -3.041946e+00 2.140720e+00 5.135214e+00
      vertex -4.205757e+00 3.725976e+00 5.308575e+00
    endloop
  endfacet
  facet normal 7.566071e-02 -4.795712e-02 9.958515e-01
    outer loop
      vertex -3.946511e+00 2.140720e+00 5.196991e+00
      vertex -3.041946e+00 2.140720e+00 5.135214e+00
      vertex -4.624209e+00 3.191861e+00 5.308575e+00
    endloop
  endfacet
  facet normal 8.801734e-02 -5.115252e-02 9.947334e-01
    outer loop
      vertex -4.975229e+00 2.611202e+00 5.308575e+00
      vertex -3.946511e+00 2.140720e+00 5.196991e+00
      vertex -4.624209e+00 3.191861e+00 5.308575e+00
    endloop
  endfacet
  facet normal 8.643562e-02 -4.394069e-02 9.952441e-01
    outer loop
      vertex -4.345248e+00 2.140720e+00 5.229306e+00
      vertex -3.946511e+00 2.140720e+00 5.196991e+00
      vertex -4.975229e+00 2.611202e+00 5.308575e+00
    endloop
  endfacet
  facet normal 9.468555e-02 -4.331313e-02 9.945248e-01
    outer loop
      vertex -5.253700e+00 1.992466e+00 5.308575e+00
      vertex -4.345248e+00 2.140720e+00 5.229306e+00
      vertex -4.975229e+00 2.611202e+00 5.308575e+00
    endloop
  endfacet
  facet normal 9.081320e-02 -3.714987e-02 9.951360e-01
    outer loop
      vertex -4.345248e+00 1.728217e+00 5.213706e+00
      vertex -4.345248e+00 2.140720e+00 5.229306e+00
      vertex -5.253700e+00 1.992466e+00 5.308575e+00
    endloop
  endfacet
  facet normal 9.778314e-02 -3.238957e-02 9.946253e-01
    outer loop
      vertex -5.455560e+00 1.344675e+00 5.308575e+00
      vertex -4.345248e+00 1.728217e+00 5.213706e+00
      vertex -5.253700e+00 1.992466e+00 5.308575e+00
    endloop
  endfacet
  facet normal 9.204822e-02 -2.645506e-02 9.953424e-01
    outer loop
      vertex -4.345248e+00 1.142251e+00 5.197267e+00
      vertex -4.345248e+00 1.728217e+00 5.213706e+00
      vertex -5.455560e+00 1.344675e+00 5.308575e+00
    endloop
  endfacet
  facet normal 9.982640e-02 -2.008402e-02 9.947312e-01
    outer loop
      vertex -5.577865e+00 6.772755e-01 5.308575e+00
      vertex -4.345248e+00 1.142251e+00 5.197267e+00
      vertex -5.455560e+00 1.344675e+00 5.308575e+00
    endloop
  endfacet
  facet normal 9.271132e-02 -1.479824e-02 9.955101e-01
    outer loop
      vertex -4.345248e+00 5.729355e-01 5.187724e+00
      vertex -4.345248e+00 1.142251e+00 5.197267e+00
      vertex -5.577865e+00 6.772755e-01 5.308575e+00
    endloop
  endfacet
  facet normal 1.008128e-01 -7.819037e-03 9.947929e-01
    outer loop
      vertex -5.618833e+00 4.474157e-15 5.308575e+00
      vertex -4.345248e+00 5.729355e-01 5.187724e+00
      vertex -5.577865e+00 6.772755e-01 5.308575e+00
    endloop
  endfacet
  facet normal 9.287835e-02 -3.429428e-03 9.955918e-01
    outer loop
      vertex -4.345248e+00 -1.635243e-03 5.184516e+00
      vertex -4.345248e+00 5.729355e-01 5.187724e+00
      vertex -5.618833e+00 4.474157e-15 5.308575e+00
    endloop
  endfacet
  facet normal 3.959271e-02 6.124410e-02 9.969987e-01
    outer loop
      vertex -1.598345e+00 -2.315602e+00 5.077367e+00
      vertex -3.191861e+00 -4.624209e+00 5.308575e+00
      vertex -1.307576e+00 -2.491378e+00 5.077367e+00
    endloop
  endfacet
  facet normal 4.346513e-02 5.900896e-02 9.969785e-01
    outer loop
      vertex -1.911549e+00 -2.140720e+00 5.080494e+00
      vertex -3.191861e+00 -4.624209e+00 5.308575e+00
      vertex -1.598345e+00 -2.315602e+00 5.077367e+00
    endloop
  endfacet
  facet normal 5.721566e-02 7.120273e-02 9.954863e-01
    outer loop
      vertex -1.911549e+00 -2.140720e+00 5.080494e+00
      vertex -3.725976e+00 -4.205757e+00 5.308575e+00
      vertex -3.191861e+00 -4.624209e+00 5.308575e+00
    endloop
  endfacet
  facet normal 5.218418e-02 5.510184e-02 9.968247e-01
    outer loop
      vertex -2.401122e+00 -2.140720e+00 5.101128e+00
      vertex -3.725976e+00 -4.205757e+00 5.308575e+00
      vertex -1.911549e+00 -2.140720e+00 5.080494e+00
    endloop
  endfacet
  facet normal 6.706357e-02 6.527760e-02 9.953526e-01
    outer loop
      vertex -2.401122e+00 -2.140720e+00 5.101128e+00
      vertex -4.205757e+00 -3.725976e+00 5.308575e+00
      vertex -3.725976e+00 -4.205757e+00 5.308575e+00
    endloop
  endfacet
  facet normal 6.280798e-02 5.175041e-02 9.964702e-01
    outer loop
      vertex -3.042683e+00 -2.140720e+00 5.135258e+00
      vertex -4.205757e+00 -3.725976e+00 5.308575e+00
      vertex -2.401122e+00 -2.140720e+00 5.101128e+00
    endloop
  endfacet
  facet normal 7.712290e-02 5.856786e-02 9.951318e-01
    outer loop
      vertex -3.042683e+00 -2.140720e+00 5.135258e+00
      vertex -4.624209e+00 -3.191861e+00 5.308575e+00
      vertex -4.205757e+00 -3.725976e+00 5.308575e+00
    endloop
  endfacet
  facet normal 7.567295e-02 4.796426e-02 9.958503e-01
    outer loop
      vertex -3.947807e+00 -2.140720e+00 5.197091e+00
      vertex -4.624209e+00 -3.191861e+00 5.308575e+00
      vertex -3.042683e+00 -2.140720e+00 5.135258e+00
    endloop
  endfacet
  facet normal 8.802531e-02 5.115670e-02 9.947327e-01
    outer loop
      vertex -3.947807e+00 -2.140720e+00 5.197091e+00
      vertex -4.975229e+00 -2.611202e+00 5.308575e+00
      vertex -4.624209e+00 -3.191861e+00 5.308575e+00
    endloop
  endfacet
  facet normal 8.644377e-02 4.394485e-02 9.952433e-01
    outer loop
      vertex -4.345248e+00 -2.140720e+00 5.229306e+00
      vertex -4.975229e+00 -2.611202e+00 5.308575e+00
      vertex -3.947807e+00 -2.140720e+00 5.197091e+00
    endloop
  endfacet
  facet normal 9.468573e-02 4.331310e-02 9.945248e-01
    outer loop
      vertex -4.345248e+00 -2.140720e+00 5.229306e+00
      vertex -5.253700e+00 -1.992466e+00 5.308575e+00
      vertex -4.975229e+00 -2.611202e+00 5.308575e+00
    endloop
  endfacet
  facet normal 9.082115e-02 3.715278e-02 9.951352e-01
    outer loop
      vertex -4.345248e+00 -1.729635e+00 5.213754e+00
      vertex -5.253700e+00 -1.992466e+00 5.308575e+00
      vertex -4.345248e+00 -2.140720e+00 5.229306e+00
    endloop
  endfacet
  facet normal 9.779092e-02 3.239252e-02 9.946246e-01
    outer loop
      vertex -4.345248e+00 -1.729635e+00 5.213754e+00
      vertex -5.455560e+00 -1.344675e+00 5.308575e+00
      vertex -5.253700e+00 -1.992466e+00 5.308575e+00
    endloop
  endfacet
  facet normal 9.207951e-02 2.646380e-02 9.953396e-01
    outer loop
      vertex -4.345248e+00 -1.146658e+00 5.197366e+00
      vertex -5.455560e+00 -1.344675e+00 5.308575e+00
      vertex -4.345248e+00 -1.729635e+00 5.213754e+00
    endloop
  endfacet
  facet normal 9.984991e-02 2.008981e-02 9.947291e-01
    outer loop
      vertex -4.345248e+00 -1.146658e+00 5.197366e+00
      vertex -5.577865e+00 -6.772755e-01 5.308575e+00
      vertex -5.455560e+00 -1.344675e+00 5.308575e+00
    endloop
  endfacet
  facet normal 9.275965e-02 1.480705e-02 9.955058e-01
    outer loop
      vertex -4.345248e+00 -5.777738e-01 5.187779e+00
      vertex -5.577865e+00 -6.772755e-01 5.308575e+00
      vertex -4.345248e+00 -1.146658e+00 5.197366e+00
    endloop
  endfacet
  facet normal 1.008376e-01 7.822052e-03 9.947909e-01
    outer loop
      vertex -4.345248e+00 -5.777738e-01 5.187779e+00
      vertex -5.618833e+00 4.474157e-15 5.308575e+00
      vertex -5.577865e+00 -6.772755e-01 5.308575e+00
    endloop
  endfacet
  facet normal 9.290319e-02 3.432444e-03 9.955897e-01
    outer loop
      vertex -4.345248e+00 -1.635243e-03 5.184516e+00
      vertex -5.618833e+00 4.474157e-15 5.308575e+00
      vertex -4.345248e+00 -5.777738e-01 5.187779e+00
    endloop
  endfacet
  facet normal 3.458105e-02 4.302974e-02 9.984708e-01
    outer loop
      vertex -1.598345e+00 -2.315602e+00 5.077367e+00
      vertex -1.826602e+00 -2.140720e+00 5.077391e+00
      vertex -1.911549e+00 -2.140720e+00 5.080494e+00
    endloop
  endfacet
  facet normal 3.189566e-02 4.310045e-02 9.985569e-01
    outer loop
      vertex -1.598345e+00 -2.315602e+00 5.077367e+00
      vertex -1.515966e+00 -2.140720e+00 5.067243e+00
      vertex -1.826602e+00 -2.140720e+00 5.077391e+00
    endloop
  endfacet
  facet normal 2.859927e-02 4.531734e-02 9.985569e-01
    outer loop
      vertex -1.307576e+00 -2.491378e+00 5.077367e+00
      vertex -1.515966e+00 -2.140720e+00 5.067243e+00
      vertex -1.598345e+00 -2.315602e+00 5.077367e+00
    endloop
  endfacet
  facet normal 2.558021e-02 4.431288e-02 9.986815e-01
    outer loop
      vertex -1.307576e+00 -2.491378e+00 5.077367e+00
      vertex -1.171498e+00 -2.140720e+00 5.058195e+00
      vertex -1.515966e+00 -2.140720e+00 5.067243e+00
    endloop
  endfacet
  facet normal 2.237744e-02 4.738453e-02 9.986156e-01
    outer loop
      vertex -9.977399e-01 -2.630824e+00 5.077367e+00
      vertex -1.171498e+00 -2.140720e+00 5.058195e+00
      vertex -1.307576e+00 -2.491378e+00 5.077367e+00
    endloop
  endfacet
  facet normal 1.919357e-02 4.521161e-02 9.987804e-01
    outer loop
      vertex -9.977399e-01 -2.630824e+00 5.077367e+00
      vertex -8.579432e-01 -2.140720e+00 5.051975e+00
      vertex -1.171498e+00 -2.140720e+00 5.058195e+00
    endloop
  endfacet
  facet normal 1.619481e-02 4.892446e-02 9.986559e-01
    outer loop
      vertex -6.733545e-01 -2.731906e+00 5.077367e+00
      vertex -8.579432e-01 -2.140720e+00 5.051975e+00
      vertex -9.977399e-01 -2.630824e+00 5.077367e+00
    endloop
  endfacet
  facet normal 1.315242e-02 4.580084e-02 9.988472e-01
    outer loop
      vertex -6.733545e-01 -2.731906e+00 5.077367e+00
      vertex -5.640386e-01 -2.140720e+00 5.047890e+00
      vertex -8.579432e-01 -2.140720e+00 5.051975e+00
    endloop
  endfacet
  facet normal 1.003589e-02 4.993704e-02 9.986823e-01
    outer loop
      vertex -3.391500e-01 -2.793152e+00 5.077367e+00
      vertex -5.640386e-01 -2.140720e+00 5.047890e+00
      vertex -6.733545e-01 -2.731906e+00 5.077367e+00
    endloop
  endfacet
  facet normal 7.349460e-03 4.611747e-02 9.988888e-01
    outer loop
      vertex -3.391500e-01 -2.793152e+00 5.077367e+00
      vertex -2.821933e-01 -2.140720e+00 5.045559e+00
      vertex -5.640386e-01 -2.140720e+00 5.047890e+00
    endloop
  endfacet
  facet normal 3.900735e-03 5.043064e-02 9.986975e-01
    outer loop
      vertex 4.737344e-18 -2.813667e+00 5.077367e+00
      vertex -2.821933e-01 -2.140720e+00 5.045559e+00
      vertex -3.391500e-01 -2.793152e+00 5.077367e+00
    endloop
  endfacet
  facet normal 1.701120e-03 4.620225e-02 9.989088e-01
    outer loop
      vertex 4.737344e-18 -2.813667e+00 5.077367e+00
      vertex -3.671039e-05 -2.140720e+00 5.044781e+00
      vertex -2.821933e-01 -2.140720e+00 5.045559e+00
    endloop
  endfacet
  facet normal -1.689223e-03 4.621682e-02 9.989081e-01
    outer loop
      vertex 4.737344e-18 -2.813667e+00 5.077367e+00
      vertex 2.845921e-01 -2.140720e+00 5.045573e+00
      vertex -3.671039e-05 -2.140720e+00 5.044781e+00
    endloop
  endfacet
  facet normal -3.902504e-03 5.044521e-02 9.986969e-01
    outer loop
      vertex 3.391500e-01 -2.793152e+00 5.077367e+00
      vertex 2.845921e-01 -2.140720e+00 5.045573e+00
      vertex 4.737344e-18 -2.813667e+00 5.077367e+00
    endloop
  endfacet
  facet normal -7.353530e-03 4.614137e-02 9.988878e-01
    outer loop
      vertex 3.391500e-01 -2.793152e+00 5.077367e+00
      vertex 5.643474e-01 -2.140720e+00 5.047894e+00
      vertex 2.845921e-01 -2.140720e+00 5.045573e+00
    endloop
  endfacet
  facet normal -1.003820e-02 4.994638e-02 9.986820e-01
    outer loop
      vertex 6.733545e-01 -2.731906e+00 5.077367e+00
      vertex 5.643474e-01 -2.140720e+00 5.047894e+00
      vertex 3.391500e-01 -2.793152e+00 5.077367e+00
    endloop
  endfacet
  facet normal -1.315001e-02 4.579775e-02 9.988473e-01
    outer loop
      vertex 6.733545e-01 -2.731906e+00 5.077367e+00
      vertex 8.515027e-01 -2.140720e+00 5.051867e+00
      vertex 5.643474e-01 -2.140720e+00 5.047894e+00
    endloop
  endfacet
  facet normal -1.619009e-02 4.891203e-02 9.986565e-01
    outer loop
      vertex 9.977399e-01 -2.630824e+00 5.077367e+00
      vertex 8.515027e-01 -2.140720e+00 5.051867e+00
      vertex 6.733545e-01 -2.731906e+00 5.077367e+00
    endloop
  endfacet
  facet normal -1.917469e-02 4.517220e-02 9.987825e-01
    outer loop
      vertex 9.977399e-01 -2.630824e+00 5.077367e+00
      vertex 1.161051e+00 -2.140720e+00 5.057956e+00
      vertex 8.515027e-01 -2.140720e+00 5.051867e+00
    endloop
  endfacet
  facet normal -2.236328e-02 4.735754e-02 9.986170e-01
    outer loop
      vertex 1.307576e+00 -2.491378e+00 5.077367e+00
      vertex 1.161051e+00 -2.140720e+00 5.057956e+00
      vertex 9.977399e-01 -2.630824e+00 5.077367e+00
    endloop
  endfacet
  facet normal -2.554805e-02 4.425982e-02 9.986845e-01
    outer loop
      vertex 1.307576e+00 -2.491378e+00 5.077367e+00
      vertex 1.508352e+00 -2.140720e+00 5.067017e+00
      vertex 1.161051e+00 -2.140720e+00 5.057956e+00
    endloop
  endfacet
  facet normal -2.858126e-02 4.529126e-02 9.985585e-01
    outer loop
      vertex 1.598345e+00 -2.315602e+00 5.077367e+00
      vertex 1.508352e+00 -2.140720e+00 5.067017e+00
      vertex 1.307576e+00 -2.491378e+00 5.077367e+00
    endloop
  endfacet
  facet normal -3.189267e-02 4.306169e-02 9.985585e-01
    outer loop
      vertex 1.598345e+00 -2.315602e+00 5.077367e+00
      vertex 1.828724e+00 -2.140720e+00 5.077466e+00
      vertex 1.508352e+00 -2.140720e+00 5.067017e+00
    endloop
  endfacet
  facet normal -3.458930e-02 4.300945e-02 9.984714e-01
    outer loop
      vertex 1.598345e+00 -2.315602e+00 5.077367e+00
      vertex 1.911462e+00 -2.140720e+00 5.080491e+00
      vertex 1.828724e+00 -2.140720e+00 5.077466e+00
    endloop
  endfacet
  facet normal -4.345838e-02 5.900133e-02 9.969792e-01
    outer loop
      vertex 3.191861e+00 -4.624209e+00 5.308575e+00
      vertex 1.911462e+00 -2.140720e+00 5.080491e+00
      vertex 1.598345e+00 -2.315602e+00 5.077367e+00
    endloop
  endfacet
  facet normal -5.720891e-02 7.119510e-02 9.954869e-01
    outer loop
      vertex 3.725976e+00 -4.205757e+00 5.308575e+00
      vertex 1.911462e+00 -2.140720e+00 5.080491e+00
      vertex 3.191861e+00 -4.624209e+00 5.308575e+00
    endloop
  endfacet
  facet normal -5.217853e-02 5.509518e-02 9.968252e-01
    outer loop
      vertex 2.402216e+00 -2.140720e+00 5.101180e+00
      vertex 1.911462e+00 -2.140720e+00 5.080491e+00
      vertex 3.725976e+00 -4.205757e+00 5.308575e+00
    endloop
  endfacet
  facet normal -6.706467e-02 6.527857e-02 9.953524e-01
    outer loop
      vertex 4.205757e+00 -3.725976e+00 5.308575e+00
      vertex 2.402216e+00 -2.140720e+00 5.101180e+00
      vertex 3.725976e+00 -4.205757e+00 5.308575e+00
    endloop
  endfacet
  facet normal -6.280481e-02 5.174844e-02 9.964705e-01
    outer loop
      vertex 3.041946e+00 -2.140720e+00 5.135214e+00
      vertex 2.402216e+00 -2.140720e+00 5.101180e+00
      vertex 4.205757e+00 -3.725976e+00 5.308575e+00
    endloop
  endfacet
  facet normal -7.711863e-02 5.856491e-02 9.951321e-01
    outer loop
      vertex 4.624209e+00 -3.191861e+00 5.308575e+00
      vertex 3.041946e+00 -2.140720e+00 5.135214e+00
      vertex 4.205757e+00 -3.725976e+00 5.308575e+00
    endloop
  endfacet
  facet normal -7.566071e-02 4.795712e-02 9.958515e-01
    outer loop
      vertex 3.946511e+00 -2.140720e+00 5.196991e+00
      vertex 3.041946e+00 -2.140720e+00 5.135214e+00
      vertex 4.624209e+00 -3.191861e+00 5.308575e+00
    endloop
  endfacet
  facet normal -8.801734e-02 5.115252e-02 9.947334e-01
    outer loop
      vertex 4.975229e+00 -2.611202e+00 5.308575e+00
      vertex 3.946511e+00 -2.140720e+00 5.196991e+00
      vertex 4.624209e+00 -3.191861e+00 5.308575e+00
    endloop
  endfacet
  facet normal -8.643562e-02 4.394069e-02 9.952441e-01
    outer loop
      vertex 4.345248e+00 -2.140720e+00 5.229306e+00
      vertex 3.946511e+00 -2.140720e+00 5.196991e+00
      vertex 4.975229e+00 -2.611202e+00 5.308575e+00
    endloop
  endfacet
  facet normal -9.468555e-02 4.331313e-02 9.945248e-01
    outer loop
      vertex 5.253700e+00 -1.992466e+00 5.308575e+00
      vertex 4.345248e+00 -2.140720e+00 5.229306e+00
      vertex 4.975229e+00 -2.611202e+00 5.308575e+00
    endloop
  endfacet
  facet normal -9.081007e-02 3.714868e-02 9.951363e-01
    outer loop
      vertex 4.345248e+00 -1.727355e+00 5.213677e+00
      vertex 4.345248e+00 -2.140720e+00 5.229306e+00
      vertex 5.253700e+00 -1.992466e+00 5.308575e+00
    endloop
  endfacet
  facet normal -9.778001e-02 3.238838e-02 9.946256e-01
    outer loop
      vertex 5.455560e+00 -1.344675e+00 5.308575e+00
      vertex 4.345248e+00 -1.727355e+00 5.213677e+00
      vertex 5.253700e+00 -1.992466e+00 5.308575e+00
    endloop
  endfacet
  facet normal -9.204120e-02 2.645291e-02 9.953430e-01
    outer loop
      vertex 4.345248e+00 -1.141125e+00 5.197242e+00
      vertex 4.345248e+00 -1.727355e+00 5.213677e+00
      vertex 5.455560e+00 -1.344675e+00 5.308575e+00
    endloop
  endfacet
  facet normal -9.982252e-02 2.008306e-02 9.947316e-01
    outer loop
      vertex 5.577865e+00 -6.772755e-01 5.308575e+00
      vertex 4.345248e+00 -1.141125e+00 5.197242e+00
      vertex 5.455560e+00 -1.344675e+00 5.308575e+00
    endloop
  endfacet
  facet normal -9.270730e-02 1.479727e-02 9.955104e-01
    outer loop
      vertex 4.345248e+00 -5.728952e-01 5.187723e+00
      vertex 4.345248e+00 -1.141125e+00 5.197242e+00
      vertex 5.577865e+00 -6.772755e-01 5.308575e+00
    endloop
  endfacet
  facet normal -1.008126e-01 7.819020e-03 9.947929e-01
    outer loop
      vertex 5.618833e+00 1.889476e-17 5.308575e+00
      vertex 4.345248e+00 -5.728952e-01 5.187723e+00
      vertex 5.577865e+00 -6.772755e-01 5.308575e+00
    endloop
  endfacet
  facet normal -9.286950e-02 3.429413e-03 9.955926e-01
    outer loop
      vertex 4.345248e+00 1.129834e-17 5.184516e+00
      vertex 4.345248e+00 -5.728952e-01 5.187723e+00
      vertex 5.618833e+00 1.889476e-17 5.308575e+00
    endloop
  endfacet
  facet normal -5.935040e-01 4.207297e-02 8.027334e-01
    outer loop
      vertex 4.080257e+01 -4.018703e+00 2.142969e+01
      vertex 3.651271e+01 7.978501e-16 1.802988e+01
      vertex 3.624649e+01 -4.401120e+00 1.802988e+01
    endloop
  endfacet
  facet normal -6.097283e-01 1.873117e-02 7.915254e-01
    outer loop
      vertex 4.100000e+01 1.006028e-15 2.142969e+01
      vertex 3.651271e+01 7.978501e-16 1.802988e+01
      vertex 4.080257e+01 -4.018703e+00 2.142969e+01
    endloop
  endfacet
  facet normal -6.067964e-01 6.720021e-02 7.915254e-01
    outer loop
      vertex 3.624649e+01 -4.401120e+00 1.802988e+01
      vertex 4.064823e+01 -5.359229e+00 2.142969e+01
      vertex 4.080257e+01 -4.018703e+00 2.142969e+01
    endloop
  endfacet
  facet normal -6.041595e-01 8.640128e-02 7.915254e-01
    outer loop
      vertex 3.624649e+01 -4.401120e+00 1.802988e+01
      vertex 4.021220e+01 -7.998703e+00 2.142969e+01
      vertex 4.064823e+01 -5.359229e+00 2.142969e+01
    endloop
  endfacet
  facet normal -5.852399e-01 1.076173e-01 8.027334e-01
    outer loop
      vertex 3.545171e+01 -8.738063e+00 1.802988e+01
      vertex 4.021220e+01 -7.998703e+00 2.142969e+01
      vertex 3.624649e+01 -4.401120e+00 1.802988e+01
    endloop
  endfacet
  facet normal -5.954067e-01 1.341635e-01 7.915254e-01
    outer loop
      vertex 3.545171e+01 -8.738063e+00 1.802988e+01
      vertex 3.965535e+01 -1.041407e+01 2.142969e+01
      vertex 4.021220e+01 -7.998703e+00 2.142969e+01
    endloop
  endfacet
  facet normal -5.908401e-01 1.535911e-01 7.915254e-01
    outer loop
      vertex 3.545171e+01 -8.738063e+00 1.802988e+01
      vertex 3.923455e+01 -1.190167e+01 2.142969e+01
      vertex 3.965535e+01 -1.041407e+01 2.142969e+01
    endloop
  endfacet
  facet normal -5.695012e-01 1.723719e-01 8.027334e-01
    outer loop
      vertex 3.413997e+01 -1.294758e+01 1.802988e+01
      vertex 3.923455e+01 -1.190167e+01 2.142969e+01
      vertex 3.545171e+01 -8.738063e+00 1.802988e+01
    endloop
  endfacet
  facet normal -5.751955e-01 2.030361e-01 7.915254e-01
    outer loop
      vertex 3.413997e+01 -1.294758e+01 1.802988e+01
      vertex 3.809995e+01 -1.514577e+01 2.142969e+01
      vertex 3.923455e+01 -1.190167e+01 2.142969e+01
    endloop
  endfacet
  facet normal -5.673742e-01 2.254510e-01 7.915254e-01
    outer loop
      vertex 3.787906e+01 -1.569002e+01 2.142969e+01
      vertex 3.809995e+01 -1.514577e+01 2.142969e+01
      vertex 3.413997e+01 -1.294758e+01 1.802988e+01
    endloop
  endfacet
  facet normal -5.451257e-01 2.384367e-01 8.027334e-01
    outer loop
      vertex 3.233039e+01 -1.696830e+01 1.802988e+01
      vertex 3.787906e+01 -1.569002e+01 2.142969e+01
      vertex 3.413997e+01 -1.294758e+01 1.802988e+01
    endloop
  endfacet
  facet normal -5.479071e-01 2.680358e-01 7.915254e-01
    outer loop
      vertex 3.615877e+01 -1.932727e+01 2.142969e+01
      vertex 3.787906e+01 -1.569002e+01 2.142969e+01
      vertex 3.233039e+01 -1.696830e+01 1.802988e+01
    endloop
  endfacet
  facet normal -5.385735e-01 2.876194e-01 7.915254e-01
    outer loop
      vertex 3.233039e+01 -1.696830e+01 1.802988e+01
      vertex 3.604332e+01 -1.954172e+01 2.142969e+01
      vertex 3.615877e+01 -1.932727e+01 2.142969e+01
    endloop
  endfacet
  facet normal -5.292082e-01 3.034235e-01 7.915254e-01
    outer loop
      vertex 3.233039e+01 -1.696830e+01 1.802988e+01
      vertex 3.409026e+01 -2.277838e+01 2.142969e+01
      vertex 3.604332e+01 -1.954172e+01 2.142969e+01
    endloop
  endfacet
  facet normal -5.053187e-01 3.140703e-01 8.027334e-01
    outer loop
      vertex 3.004937e+01 -2.074158e+01 1.802988e+01
      vertex 3.409026e+01 -2.277838e+01 2.142969e+01
      vertex 3.233039e+01 -1.696830e+01 1.802988e+01
    endloop
  endfacet
  facet normal -5.054113e-01 3.424967e-01 7.915254e-01
    outer loop
      vertex 3.004937e+01 -2.074158e+01 1.802988e+01
      vertex 3.353273e+01 -2.359145e+01 2.142969e+01
      vertex 3.409026e+01 -2.277838e+01 2.142969e+01
    endloop
  endfacet
  facet normal -4.927698e-01 3.598174e-01 7.915254e-01
    outer loop
      vertex 3.004937e+01 -2.074158e+01 1.802988e+01
      vertex 3.169343e+01 -2.601012e+01 2.142969e+01
      vertex 3.353273e+01 -2.359145e+01 2.142969e+01
    endloop
  endfacet
  facet normal -4.661578e-01 3.698109e-01 8.027334e-01
    outer loop
      vertex 2.733015e+01 -2.421240e+01 1.802988e+01
      vertex 3.169343e+01 -2.601012e+01 2.142969e+01
      vertex 3.004937e+01 -2.074158e+01 1.802988e+01
    endloop
  endfacet
  facet normal -4.628234e-01 3.980411e-01 7.915254e-01
    outer loop
      vertex 2.733015e+01 -2.421240e+01 1.802988e+01
      vertex 3.060395e+01 -2.728366e+01 2.142969e+01
      vertex 3.169343e+01 -2.601012e+01 2.142969e+01
    endloop
  endfacet
  facet normal -4.483882e-01 4.140528e-01 7.915254e-01
    outer loop
      vertex 2.733015e+01 -2.421240e+01 1.802988e+01
      vertex 2.899138e+01 -2.899138e+01 2.142969e+01
      vertex 3.060395e+01 -2.728366e+01 2.142969e+01
    endloop
  endfacet
  facet normal -4.207657e-01 4.207657e-01 8.027334e-01
    outer loop
      vertex 2.421240e+01 -2.733015e+01 1.802988e+01
      vertex 2.899138e+01 -2.899138e+01 2.142969e+01
      vertex 2.733015e+01 -2.421240e+01 1.802988e+01
    endloop
  endfacet
  facet normal -4.140528e-01 4.483882e-01 7.915254e-01
    outer loop
      vertex 2.421240e+01 -2.733015e+01 1.802988e+01
      vertex 2.728366e+01 -3.060395e+01 2.142969e+01
      vertex 2.899138e+01 -2.899138e+01 2.142969e+01
    endloop
  endfacet
  facet normal -3.980412e-01 4.628234e-01 7.915254e-01
    outer loop
      vertex 2.421240e+01 -2.733015e+01 1.802988e+01
      vertex 2.601012e+01 -3.169343e+01 2.142969e+01
      vertex 2.728366e+01 -3.060395e+01 2.142969e+01
    endloop
  endfacet
  facet normal -3.698109e-01 4.661578e-01 8.027334e-01
    outer loop
      vertex 2.074158e+01 -3.004937e+01 1.802988e+01
      vertex 2.601012e+01 -3.169343e+01 2.142969e+01
      vertex 2.421240e+01 -2.733015e+01 1.802988e+01
    endloop
  endfacet
  facet normal -3.598174e-01 4.927698e-01 7.915254e-01
    outer loop
      vertex 2.074158e+01 -3.004937e+01 1.802988e+01
      vertex 2.359145e+01 -3.353273e+01 2.142969e+01
      vertex 2.601012e+01 -3.169343e+01 2.142969e+01
    endloop
  endfacet
  facet normal -3.424967e-01 5.054113e-01 7.915254e-01
    outer loop
      vertex 2.277838e+01 -3.409026e+01 2.142969e+01
      vertex 2.359145e+01 -3.353273e+01 2.142969e+01
      vertex 2.074158e+01 -3.004937e+01 1.802988e+01
    endloop
  endfacet
  facet normal -3.140703e-01 5.053187e-01 8.027334e-01
    outer loop
      vertex 1.696830e+01 -3.233039e+01 1.802988e+01
      vertex 2.277838e+01 -3.409026e+01 2.142969e+01
      vertex 2.074158e+01 -3.004937e+01 1.802988e+01
    endloop
  endfacet
  facet normal -3.034235e-01 5.292082e-01 7.915254e-01
    outer loop
      vertex 1.954172e+01 -3.604332e+01 2.142969e+01
      vertex 2.277838e+01 -3.409026e+01 2.142969e+01
      vertex 1.696830e+01 -3.233039e+01 1.802988e+01
    endloop
  endfacet
  facet normal -2.876194e-01 5.385734e-01 7.915254e-01
    outer loop
      vertex 1.696830e+01 -3.233039e+01 1.802988e+01
      vertex 1.932727e+01 -3.615877e+01 2.142969e+01
      vertex 1.954172e+01 -3.604332e+01 2.142969e+01
    endloop
  endfacet
  facet normal -2.680358e-01 5.479071e-01 7.915254e-01
    outer loop
      vertex 1.696830e+01 -3.233039e+01 1.802988e+01
      vertex 1.569002e+01 -3.787906e+01 2.142969e+01
      vertex 1.932727e+01 -3.615877e+01 2.142969e+01
    endloop
  endfacet
  facet normal -2.384367e-01 5.451257e-01 8.027334e-01
    outer loop
      vertex 1.294758e+01 -3.413997e+01 1.802988e+01
      vertex 1.569002e+01 -3.787906e+01 2.142969e+01
      vertex 1.696830e+01 -3.233039e+01 1.802988e+01
    endloop
  endfacet
  facet normal -2.254510e-01 5.673742e-01 7.915254e-01
    outer loop
      vertex 1.294758e+01 -3.413997e+01 1.802988e+01
      vertex 1.514577e+01 -3.809995e+01 2.142969e+01
      vertex 1.569002e+01 -3.787906e+01 2.142969e+01
    endloop
  endfacet
  facet normal -2.030361e-01 5.751955e-01 7.915254e-01
    outer loop
      vertex 1.294758e+01 -3.413997e+01 1.802988e+01
      vertex 1.190167e+01 -3.923455e+01 2.142969e+01
      vertex 1.514577e+01 -3.809995e+01 2.142969e+01
    endloop
  endfacet
  facet normal -1.723719e-01 5.695012e-01 8.027334e-01
    outer loop
      vertex 8.738063e+00 -3.545171e+01 1.802988e+01
      vertex 1.190167e+01 -3.923455e+01 2.142969e+01
      vertex 1.294758e+01 -3.413997e+01 1.802988e+01
    endloop
  endfacet
  facet normal -1.535911e-01 5.908400e-01 7.915254e-01
    outer loop
      vertex 8.738063e+00 -3.545171e+01 1.802988e+01
      vertex 1.041407e+01 -3.965535e+01 2.142969e+01
      vertex 1.190167e+01 -3.923455e+01 2.142969e+01
    endloop
  endfacet
  facet normal -1.341635e-01 5.954067e-01 7.915254e-01
    outer loop
      vertex 8.738063e+00 -3.545171e+01 1.802988e+01
      vertex 7.998703e+00 -4.021220e+01 2.142969e+01
      vertex 1.041407e+01 -3.965535e+01 2.142969e+01
    endloop
  endfacet
  facet normal -1.076173e-01 5.852400e-01 8.027334e-01
    outer loop
      vertex 4.401120e+00 -3.624649e+01 1.802988e+01
      vertex 7.998703e+00 -4.021220e+01 2.142969e+01
      vertex 8.738063e+00 -3.545171e+01 1.802988e+01
    endloop
  endfacet
  facet normal -8.640128e-02 6.041595e-01 7.915254e-01
    outer loop
      vertex 4.401120e+00 -3.624649e+01 1.802988e+01
      vertex 5.359229e+00 -4.064823e+01 2.142969e+01
      vertex 7.998703e+00 -4.021220e+01 2.142969e+01
    endloop
  endfacet
  facet normal -6.720021e-02 6.067964e-01 7.915254e-01
    outer loop
      vertex 4.401120e+00 -3.624649e+01 1.802988e+01
      vertex 4.018703e+00 -4.080257e+01 2.142969e+01
      vertex 5.359229e+00 -4.064823e+01 2.142969e+01
    endloop
  endfacet
  facet normal -4.207297e-02 5.935040e-01 8.027334e-01
    outer loop
      vertex 7.978501e-16 -3.651271e+01 1.802988e+01
      vertex 4.018703e+00 -4.080257e+01 2.142969e+01
      vertex 4.401120e+00 -3.624649e+01 1.802988e+01
    endloop
  endfacet
  facet normal -1.873117e-02 6.097283e-01 7.915254e-01
    outer loop
      vertex 7.978501e-16 -3.651271e+01 1.802988e+01
      vertex -7.531578e-15 -4.100000e+01 2.142969e+01
      vertex 4.018703e+00 -4.080257e+01 2.142969e+01
    endloop
  endfacet
  facet normal 1.873117e-02 6.097283e-01 7.915254e-01
    outer loop
      vertex 7.978501e-16 -3.651271e+01 1.802988e+01
      vertex -4.018703e+00 -4.080257e+01 2.142969e+01
      vertex -7.531578e-15 -4.100000e+01 2.142969e+01
    endloop
  endfacet
  facet normal 4.207297e-02 5.935040e-01 8.027334e-01
    outer loop
      vertex -4.401120e+00 -3.624649e+01 1.802988e+01
      vertex -4.018703e+00 -4.080257e+01 2.142969e+01
      vertex 7.978501e-16 -3.651271e+01 1.802988e+01
    endloop
  endfacet
  facet normal 6.720021e-02 6.067964e-01 7.915254e-01
    outer loop
      vertex -4.401120e+00 -3.624649e+01 1.802988e+01
      vertex -5.359229e+00 -4.064823e+01 2.142969e+01
      vertex -4.018703e+00 -4.080257e+01 2.142969e+01
    endloop
  endfacet
  facet normal 8.640128e-02 6.041595e-01 7.915254e-01
    outer loop
      vertex -4.401120e+00 -3.624649e+01 1.802988e+01
      vertex -7.998703e+00 -4.021220e+01 2.142969e+01
      vertex -5.359229e+00 -4.064823e+01 2.142969e+01
    endloop
  endfacet
  facet normal 1.076173e-01 5.852399e-01 8.027334e-01
    outer loop
      vertex -8.738063e+00 -3.545171e+01 1.802988e+01
      vertex -7.998703e+00 -4.021220e+01 2.142969e+01
      vertex -4.401120e+00 -3.624649e+01 1.802988e+01
    endloop
  endfacet
  facet normal 1.341635e-01 5.954067e-01 7.915254e-01
    outer loop
      vertex -8.738063e+00 -3.545171e+01 1.802988e+01
      vertex -1.041407e+01 -3.965535e+01 2.142969e+01
      vertex -7.998703e+00 -4.021220e+01 2.142969e+01
    endloop
  endfacet
  facet normal 1.535911e-01 5.908401e-01 7.915254e-01
    outer loop
      vertex -8.738063e+00 -3.545171e+01 1.802988e+01
      vertex -1.190167e+01 -3.923455e+01 2.142969e+01
      vertex -1.041407e+01 -3.965535e+01 2.142969e+01
    endloop
  endfacet
  facet normal 1.723719e-01 5.695012e-01 8.027334e-01
    outer loop
      vertex -1.294758e+01 -3.413997e+01 1.802988e+01
      vertex -1.190167e+01 -3.923455e+01 2.142969e+01
      vertex -8.738063e+00 -3.545171e+01 1.802988e+01
    endloop
  endfacet
  facet normal 2.030361e-01 5.751955e-01 7.915254e-01
    outer loop
      vertex -1.294758e+01 -3.413997e+01 1.802988e+01
      vertex -1.514577e+01 -3.809995e+01 2.142969e+01
      vertex -1.190167e+01 -3.923455e+01 2.142969e+01
    endloop
  endfacet
  facet normal 2.254510e-01 5.673742e-01 7.915254e-01
    outer loop
      vertex -1.569002e+01 -3.787906e+01 2.142969e+01
      vertex -1.514577e+01 -3.809995e+01 2.142969e+01
      vertex -1.294758e+01 -3.413997e+01 1.802988e+01
    endloop
  endfacet
  facet normal 2.384367e-01 5.451257e-01 8.027334e-01
    outer loop
      vertex -1.696830e+01 -3.233039e+01 1.802988e+01
      vertex -1.569002e+01 -3.787906e+01 2.142969e+01
      vertex -1.294758e+01 -3.413997e+01 1.802988e+01
    endloop
  endfacet
  facet normal 2.680358e-01 5.479071e-01 7.915254e-01
    outer loop
      vertex -1.932727e+01 -3.615877e+01 2.142969e+01
      vertex -1.569002e+01 -3.787906e+01 2.142969e+01
      vertex -1.696830e+01 -3.233039e+01 1.802988e+01
    endloop
  endfacet
  facet normal 2.876194e-01 5.385735e-01 7.915254e-01
    outer loop
      vertex -1.696830e+01 -3.233039e+01 1.802988e+01
      vertex -1.954172e+01 -3.604332e+01 2.142969e+01
      vertex -1.932727e+01 -3.615877e+01 2.142969e+01
    endloop
  endfacet
  facet normal 3.034235e-01 5.292082e-01 7.915254e-01
    outer loop
      vertex -1.696830e+01 -3.233039e+01 1.802988e+01
      vertex -2.277838e+01 -3.409026e+01 2.142969e+01
      vertex -1.954172e+01 -3.604332e+01 2.142969e+01
    endloop
  endfacet
  facet normal 3.140703e-01 5.053187e-01 8.027334e-01
    outer loop
      vertex -2.074158e+01 -3.004937e+01 1.802988e+01
      vertex -2.277838e+01 -3.409026e+01 2.142969e+01
      vertex -1.696830e+01 -3.233039e+01 1.802988e+01
    endloop
  endfacet
  facet normal 3.424967e-01 5.054113e-01 7.915254e-01
    outer loop
      vertex -2.074158e+01 -3.004937e+01 1.802988e+01
      vertex -2.359145e+01 -3.353273e+01 2.142969e+01
      vertex -2.277838e+01 -3.409026e+01 2.142969e+01
    endloop
  endfacet
  facet normal 3.598174e-01 4.927698e-01 7.915254e-01
    outer loop
      vertex -2.074158e+01 -3.004937e+01 1.802988e+01
      vertex -2.601012e+01 -3.169343e+01 2.142969e+01
      vertex -2.359145e+01 -3.353273e+01 2.142969e+01
    endloop
  endfacet
  facet normal 3.698109e-01 4.661578e-01 8.027334e-01
    outer loop
      vertex -2.421240e+01 -2.733015e+01 1.802988e+01
      vertex -2.601012e+01 -3.169343e+01 2.142969e+01
      vertex -2.074158e+01 -3.004937e+01 1.802988e+01
    endloop
  endfacet
  facet normal 3.980411e-01 4.628234e-01 7.915254e-01
    outer loop
      vertex -2.421240e+01 -2.733015e+01 1.802988e+01
      vertex -2.728366e+01 -3.060395e+01 2.142969e+01
      vertex -2.601012e+01 -3.169343e+01 2.142969e+01
    endloop
  endfacet
  facet normal 4.140528e-01 4.483882e-01 7.915254e-01
    outer loop
      vertex -2.421240e+01 -2.733015e+01 1.802988e+01
      vertex -2.899138e+01 -2.899138e+01 2.142969e+01
      vertex -2.728366e+01 -3.060395e+01 2.142969e+01
    endloop
  endfacet
  facet normal 4.207657e-01 4.207657e-01 8.027334e-01
    outer loop
      vertex -2.733015e+01 -2.421240e+01 1.802988e+01
      vertex -2.899138e+01 -2.899138e+01 2.142969e+01
      vertex -2.421240e+01 -2.733015e+01 1.802988e+01
    endloop
  endfacet
  facet normal 4.483882e-01 4.140528e-01 7.915254e-01
    outer loop
      vertex -2.733015e+01 -2.421240e+01 1.802988e+01
      vertex -3.060395e+01 -2.728366e+01 2.142969e+01
      vertex -2.899138e+01 -2.899138e+01 2.142969e+01
    endloop
  endfacet
  facet normal 4.628234e-01 3.980412e-01 7.915254e-01
    outer loop
      vertex -2.733015e+01 -2.421240e+01 1.802988e+01
      vertex -3.169343e+01 -2.601012e+01 2.142969e+01
      vertex -3.060395e+01 -2.728366e+01 2.142969e+01
    endloop
  endfacet
  facet normal 4.661578e-01 3.698109e-01 8.027334e-01
    outer loop
      vertex -3.004937e+01 -2.074158e+01 1.802988e+01
      vertex -3.169343e+01 -2.601012e+01 2.142969e+01
      vertex -2.733015e+01 -2.421240e+01 1.802988e+01
    endloop
  endfacet
  facet normal 4.927698e-01 3.598174e-01 7.915254e-01
    outer loop
      vertex -3.004937e+01 -2.074158e+01 1.802988e+01
      vertex -3.353273e+01 -2.359145e+01 2.142969e+01
      vertex -3.169343e+01 -2.601012e+01 2.142969e+01
    endloop
  endfacet
  facet normal 5.054113e-01 3.424967e-01 7.915254e-01
    outer loop
      vertex -3.409026e+01 -2.277838e+01 2.142969e+01
      vertex -3.353273e+01 -2.359145e+01 2.142969e+01
      vertex -3.004937e+01 -2.074158e+01 1.802988e+01
    endloop
  endfacet
  facet normal 5.053187e-01 3.140703e-01 8.027334e-01
    outer loop
      vertex -3.233039e+01 -1.696830e+01 1.802988e+01
      vertex -3.409026e+01 -2.277838e+01 2.142969e+01
      vertex -3.004937e+01 -2.074158e+01 1.802988e+01
    endloop
  endfacet
  facet normal 5.292082e-01 3.034235e-01 7.915254e-01
    outer loop
      vertex -3.604332e+01 -1.954172e+01 2.142969e+01
      vertex -3.409026e+01 -2.277838e+01 2.142969e+01
      vertex -3.233039e+01 -1.696830e+01 1.802988e+01
    endloop
  endfacet
  facet normal 5.385734e-01 2.876194e-01 7.915254e-01
    outer loop
      vertex -3.233039e+01 -1.696830e+01 1.802988e+01
      vertex -3.615877e+01 -1.932727e+01 2.142969e+01
      vertex -3.604332e+01 -1.954172e+01 2.142969e+01
    endloop
  endfacet
  facet normal 5.479071e-01 2.680358e-01 7.915254e-01
    outer loop
      vertex -3.233039e+01 -1.696830e+01 1.802988e+01
      vertex -3.787906e+01 -1.569002e+01 2.142969e+01
      vertex -3.615877e+01 -1.932727e+01 2.142969e+01
    endloop
  endfacet
  facet normal 5.451257e-01 2.384367e-01 8.027334e-01
    outer loop
      vertex -3.413997e+01 -1.294758e+01 1.802988e+01
      vertex -3.787906e+01 -1.569002e+01 2.142969e+01
      vertex -3.233039e+01 -1.696830e+01 1.802988e+01
    endloop
  endfacet
  facet normal 5.673742e-01 2.254510e-01 7.915254e-01
    outer loop
      vertex -3.413997e+01 -1.294758e+01 1.802988e+01
      vertex -3.809995e+01 -1.514577e+01 2.142969e+01
      vertex -3.787906e+01 -1.569002e+01 2.142969e+01
    endloop
  endfacet
  facet normal 5.751955e-01 2.030361e-01 7.915254e-01
    outer loop
      vertex -3.413997e+01 -1.294758e+01 1.802988e+01
      vertex -3.923455e+01 -1.190167e+01 2.142969e+01
      vertex -3.809995e+01 -1.514577e+01 2.142969e+01
    endloop
  endfacet
  facet normal 5.695012e-01 1.723719e-01 8.027334e-01
    outer loop
      vertex -3.545171e+01 -8.738063e+00 1.802988e+01
      vertex -3.923455e+01 -1.190167e+01 2.142969e+01
      vertex -3.413997e+01 -1.294758e+01 1.802988e+01
    endloop
  endfacet
  facet normal 5.908400e-01 1.535911e-01 7.915254e-01
    outer loop
      vertex -3.545171e+01 -8.738063e+00 1.802988e+01
      vertex -3.965535e+01 -1.041407e+01 2.142969e+01
      vertex -3.923455e+01 -1.190167e+01 2.142969e+01
    endloop
  endfacet
  facet normal 5.954067e-01 1.341635e-01 7.915254e-01
    outer loop
      vertex -3.545171e+01 -8.738063e+00 1.802988e+01
      vertex -4.021220e+01 -7.998703e+00 2.142969e+01
      vertex -3.965535e+01 -1.041407e+01 2.142969e+01
    endloop
  endfacet
  facet normal 5.852400e-01 1.076173e-01 8.027334e-01
    outer loop
      vertex -3.624649e+01 -4.401120e+00 1.802988e+01
      vertex -4.021220e+01 -7.998703e+00 2.142969e+01
      vertex -3.545171e+01 -8.738063e+00 1.802988e+01
    endloop
  endfacet
  facet normal 6.041595e-01 8.640128e-02 7.915254e-01
    outer loop
      vertex -3.624649e+01 -4.401120e+00 1.802988e+01
      vertex -4.064823e+01 -5.359229e+00 2.142969e+01
      vertex -4.021220e+01 -7.998703e+00 2.142969e+01
    endloop
  endfacet
  facet normal 6.067964e-01 6.720021e-02 7.915254e-01
    outer loop
      vertex -3.624649e+01 -4.401120e+00 1.802988e+01
      vertex -4.080257e+01 -4.018703e+00 2.142969e+01
      vertex -4.064823e+01 -5.359229e+00 2.142969e+01
    endloop
  endfacet
  facet normal 5.935040e-01 4.207297e-02 8.027334e-01
    outer loop
      vertex -3.651271e+01 -7.978501e-16 1.802988e+01
      vertex -4.080257e+01 -4.018703e+00 2.142969e+01
      vertex -3.624649e+01 -4.401120e+00 1.802988e+01
    endloop
  endfacet
  facet normal 6.097283e-01 1.873117e-02 7.915254e-01
    outer loop
      vertex -3.651271e+01 -7.978501e-16 1.802988e+01
      vertex -4.100000e+01 5.021052e-15 2.142969e+01
      vertex -4.080257e+01 -4.018703e+00 2.142969e+01
    endloop
  endfacet
  facet normal 6.097283e-01 -1.873117e-02 7.915254e-01
    outer loop
      vertex -3.651271e+01 -7.978501e-16 1.802988e+01
      vertex -4.080257e+01 4.018703e+00 2.142969e+01
      vertex -4.100000e+01 5.021052e-15 2.142969e+01
    endloop
  endfacet
  facet normal 5.935040e-01 -4.207297e-02 8.027334e-01
    outer loop
      vertex -3.624649e+01 4.401120e+00 1.802988e+01
      vertex -4.080257e+01 4.018703e+00 2.142969e+01
      vertex -3.651271e+01 -7.978501e-16 1.802988e+01
    endloop
  endfacet
  facet normal 6.067964e-01 -6.720021e-02 7.915254e-01
    outer loop
      vertex -3.624649e+01 4.401120e+00 1.802988e+01
      vertex -4.064823e+01 5.359229e+00 2.142969e+01
      vertex -4.080257e+01 4.018703e+00 2.142969e+01
    endloop
  endfacet
  facet normal 6.041595e-01 -8.640128e-02 7.915254e-01
    outer loop
      vertex -3.624649e+01 4.401120e+00 1.802988e+01
      vertex -4.021220e+01 7.998703e+00 2.142969e+01
      vertex -4.064823e+01 5.359229e+00 2.142969e+01
    endloop
  endfacet
  facet normal 5.852399e-01 -1.076173e-01 8.027334e-01
    outer loop
      vertex -3.545171e+01 8.738063e+00 1.802988e+01
      vertex -4.021220e+01 7.998703e+00 2.142969e+01
      vertex -3.624649e+01 4.401120e+00 1.802988e+01
    endloop
  endfacet
  facet normal 5.954067e-01 -1.341635e-01 7.915254e-01
    outer loop
      vertex -3.545171e+01 8.738063e+00 1.802988e+01
      vertex -3.965535e+01 1.041407e+01 2.142969e+01
      vertex -4.021220e+01 7.998703e+00 2.142969e+01
    endloop
  endfacet
  facet normal 5.908401e-01 -1.535911e-01 7.915254e-01
    outer loop
      vertex -3.545171e+01 8.738063e+00 1.802988e+01
      vertex -3.923455e+01 1.190167e+01 2.142969e+01
      vertex -3.965535e+01 1.041407e+01 2.142969e+01
    endloop
  endfacet
  facet normal 5.695012e-01 -1.723719e-01 8.027334e-01
    outer loop
      vertex -3.413997e+01 1.294758e+01 1.802988e+01
      vertex -3.923455e+01 1.190167e+01 2.142969e+01
      vertex -3.545171e+01 8.738063e+00 1.802988e+01
    endloop
  endfacet
  facet normal 5.751955e-01 -2.030361e-01 7.915254e-01
    outer loop
      vertex -3.413997e+01 1.294758e+01 1.802988e+01
      vertex -3.809995e+01 1.514577e+01 2.142969e+01
      vertex -3.923455e+01 1.190167e+01 2.142969e+01
    endloop
  endfacet
  facet normal 5.673742e-01 -2.254510e-01 7.915254e-01
    outer loop
      vertex -3.787906e+01 1.569002e+01 2.142969e+01
      vertex -3.809995e+01 1.514577e+01 2.142969e+01
      vertex -3.413997e+01 1.294758e+01 1.802988e+01
    endloop
  endfacet
  facet normal 5.451257e-01 -2.384367e-01 8.027334e-01
    outer loop
      vertex -3.233039e+01 1.696830e+01 1.802988e+01
      vertex -3.787906e+01 1.569002e+01 2.142969e+01
      vertex -3.413997e+01 1.294758e+01 1.802988e+01
    endloop
  endfacet
  facet normal 5.479071e-01 -2.680358e-01 7.915254e-01
    outer loop
      vertex -3.615877e+01 1.932727e+01 2.142969e+01
      vertex -3.787906e+01 1.569002e+01 2.142969e+01
      vertex -3.233039e+01 1.696830e+01 1.802988e+01
    endloop
  endfacet
  facet normal 5.385735e-01 -2.876194e-01 7.915254e-01
    outer loop
      vertex -3.233039e+01 1.696830e+01 1.802988e+01
      vertex -3.604332e+01 1.954172e+01 2.142969e+01
      vertex -3.615877e+01 1.932727e+01 2.142969e+01
    endloop
  endfacet
  facet normal 5.292082e-01 -3.034235e-01 7.915254e-01
    outer loop
      vertex -3.233039e+01 1.696830e+01 1.802988e+01
      vertex -3.409026e+01 2.277838e+01 2.142969e+01
      vertex -3.604332e+01 1.954172e+01 2.142969e+01
    endloop
  endfacet
  facet normal 5.053187e-01 -3.140703e-01 8.027334e-01
    outer loop
      vertex -3.004937e+01 2.074158e+01 1.802988e+01
      vertex -3.409026e+01 2.277838e+01 2.142969e+01
      vertex -3.233039e+01 1.696830e+01 1.802988e+01
    endloop
  endfacet
  facet normal 5.054113e-01 -3.424967e-01 7.915254e-01
    outer loop
      vertex -3.004937e+01 2.074158e+01 1.802988e+01
      vertex -3.353273e+01 2.359145e+01 2.142969e+01
      vertex -3.409026e+01 2.277838e+01 2.142969e+01
    endloop
  endfacet
  facet normal 4.927698e-01 -3.598174e-01 7.915254e-01
    outer loop
      vertex -3.004937e+01 2.074158e+01 1.802988e+01
      vertex -3.169343e+01 2.601012e+01 2.142969e+01
      vertex -3.353273e+01 2.359145e+01 2.142969e+01
    endloop
  endfacet
  facet normal 4.661578e-01 -3.698109e-01 8.027334e-01
    outer loop
      vertex -2.733015e+01 2.421240e+01 1.802988e+01
      vertex -3.169343e+01 2.601012e+01 2.142969e+01
      vertex -3.004937e+01 2.074158e+01 1.802988e+01
    endloop
  endfacet
  facet normal 4.628234e-01 -3.980411e-01 7.915254e-01
    outer loop
      vertex -2.733015e+01 2.421240e+01 1.802988e+01
      vertex -3.060395e+01 2.728366e+01 2.142969e+01
      vertex -3.169343e+01 2.601012e+01 2.142969e+01
    endloop
  endfacet
  facet normal 4.483882e-01 -4.140528e-01 7.915254e-01
    outer loop
      vertex -2.733015e+01 2.421240e+01 1.802988e+01
      vertex -2.899138e+01 2.899138e+01 2.142969e+01
      vertex -3.060395e+01 2.728366e+01 2.142969e+01
    endloop
  endfacet
  facet normal 4.207657e-01 -4.207657e-01 8.027334e-01
    outer loop
      vertex -2.421240e+01 2.733015e+01 1.802988e+01
      vertex -2.899138e+01 2.899138e+01 2.142969e+01
      vertex -2.733015e+01 2.421240e+01 1.802988e+01
    endloop
  endfacet
  facet normal 4.140528e-01 -4.483882e-01 7.915254e-01
    outer loop
      vertex -2.421240e+01 2.733015e+01 1.802988e+01
      vertex -2.728366e+01 3.060395e+01 2.142969e+01
      vertex -2.899138e+01 2.899138e+01 2.142969e+01
    endloop
  endfacet
  facet normal 3.980412e-01 -4.628234e-01 7.915254e-01
    outer loop
      vertex -2.421240e+01 2.733015e+01 1.802988e+01
      vertex -2.601012e+01 3.169343e+01 2.142969e+01
      vertex -2.728366e+01 3.060395e+01 2.142969e+01
    endloop
  endfacet
  facet normal 3.698109e-01 -4.661578e-01 8.027334e-01
    outer loop
      vertex -2.074158e+01 3.004937e+01 1.802988e+01
      vertex -2.601012e+01 3.169343e+01 2.142969e+01
      vertex -2.421240e+01 2.733015e+01 1.802988e+01
    endloop
  endfacet
  facet normal 3.598174e-01 -4.927698e-01 7.915254e-01
    outer loop
      vertex -2.074158e+01 3.004937e+01 1.802988e+01
      vertex -2.359145e+01 3.353273e+01 2.142969e+01
      vertex -2.601012e+01 3.169343e+01 2.142969e+01
    endloop
  endfacet
  facet normal 3.424967e-01 -5.054113e-01 7.915254e-01
    outer loop
      vertex -2.277838e+01 3.409026e+01 2.142969e+01
      vertex -2.359145e+01 3.353273e+01 2.142969e+01
      vertex -2.074158e+01 3.004937e+01 1.802988e+01
    endloop
  endfacet
  facet normal 3.140703e-01 -5.053187e-01 8.027334e-01
    outer loop
      vertex -1.696830e+01 3.233039e+01 1.802988e+01
      vertex -2.277838e+01 3.409026e+01 2.142969e+01
      vertex -2.074158e+01 3.004937e+01 1.802988e+01
    endloop
  endfacet
  facet normal 3.034235e-01 -5.292082e-01 7.915254e-01
    outer loop
      vertex -1.954172e+01 3.604332e+01 2.142969e+01
      vertex -2.277838e+01 3.409026e+01 2.142969e+01
      vertex -1.696830e+01 3.233039e+01 1.802988e+01
    endloop
  endfacet
  facet normal 2.876194e-01 -5.385734e-01 7.915254e-01
    outer loop
      vertex -1.696830e+01 3.233039e+01 1.802988e+01
      vertex -1.932727e+01 3.615877e+01 2.142969e+01
      vertex -1.954172e+01 3.604332e+01 2.142969e+01
    endloop
  endfacet
  facet normal 2.680358e-01 -5.479071e-01 7.915254e-01
    outer loop
      vertex -1.696830e+01 3.233039e+01 1.802988e+01
      vertex -1.569002e+01 3.787906e+01 2.142969e+01
      vertex -1.932727e+01 3.615877e+01 2.142969e+01
    endloop
  endfacet
  facet normal 2.384367e-01 -5.451257e-01 8.027334e-01
    outer loop
      vertex -1.294758e+01 3.413997e+01 1.802988e+01
      vertex -1.569002e+01 3.787906e+01 2.142969e+01
      vertex -1.696830e+01 3.233039e+01 1.802988e+01
    endloop
  endfacet
  facet normal 2.254510e-01 -5.673742e-01 7.915254e-01
    outer loop
      vertex -1.294758e+01 3.413997e+01 1.802988e+01
      vertex -1.514577e+01 3.809995e+01 2.142969e+01
      vertex -1.569002e+01 3.787906e+01 2.142969e+01
    endloop
  endfacet
  facet normal 2.030361e-01 -5.751955e-01 7.915254e-01
    outer loop
      vertex -1.294758e+01 3.413997e+01 1.802988e+01
      vertex -1.190167e+01 3.923455e+01 2.142969e+01
      vertex -1.514577e+01 3.809995e+01 2.142969e+01
    endloop
  endfacet
  facet normal 1.723719e-01 -5.695012e-01 8.027334e-01
    outer loop
      vertex -8.738063e+00 3.545171e+01 1.802988e+01
      vertex -1.190167e+01 3.923455e+01 2.142969e+01
      vertex -1.294758e+01 3.413997e+01 1.802988e+01
    endloop
  endfacet
  facet normal 1.535911e-01 -5.908400e-01 7.915254e-01
    outer loop
      vertex -8.738063e+00 3.545171e+01 1.802988e+01
      vertex -1.041407e+01 3.965535e+01 2.142969e+01
      vertex -1.190167e+01 3.923455e+01 2.142969e+01
    endloop
  endfacet
  facet normal 1.341635e-01 -5.954067e-01 7.915254e-01
    outer loop
      vertex -8.738063e+00 3.545171e+01 1.802988e+01
      vertex -7.998703e+00 4.021220e+01 2.142969e+01
      vertex -1.041407e+01 3.965535e+01 2.142969e+01
    endloop
  endfacet
  facet normal 1.076173e-01 -5.852400e-01 8.027334e-01
    outer loop
      vertex -4.401120e+00 3.624649e+01 1.802988e+01
      vertex -7.998703e+00 4.021220e+01 2.142969e+01
      vertex -8.738063e+00 3.545171e+01 1.802988e+01
    endloop
  endfacet
  facet normal 8.640128e-02 -6.041595e-01 7.915254e-01
    outer loop
      vertex -4.401120e+00 3.624649e+01 1.802988e+01
      vertex -5.359229e+00 4.064823e+01 2.142969e+01
      vertex -7.998703e+00 4.021220e+01 2.142969e+01
    endloop
  endfacet
  facet normal 6.720021e-02 -6.067964e-01 7.915254e-01
    outer loop
      vertex -4.401120e+00 3.624649e+01 1.802988e+01
      vertex -4.018703e+00 4.080257e+01 2.142969e+01
      vertex -5.359229e+00 4.064823e+01 2.142969e+01
    endloop
  endfacet
  facet normal 4.207297e-02 -5.935040e-01 8.027334e-01
    outer loop
      vertex -7.978501e-16 3.651271e+01 1.802988e+01
      vertex -4.018703e+00 4.080257e+01 2.142969e+01
      vertex -4.401120e+00 3.624649e+01 1.802988e+01
    endloop
  endfacet
  facet normal 1.873117e-02 -6.097283e-01 7.915254e-01
    outer loop
      vertex -7.978501e-16 3.651271e+01 1.802988e+01
      vertex 2.510526e-15 4.100000e+01 2.142969e+01
      vertex -4.018703e+00 4.080257e+01 2.142969e+01
    endloop
  endfacet
  facet normal -1.873117e-02 -6.097283e-01 7.915254e-01
    outer loop
      vertex -7.978501e-16 3.651271e+01 1.802988e+01
      vertex 4.018703e+00 4.080257e+01 2.142969e+01
      vertex 2.510526e-15 4.100000e+01 2.142969e+01
    endloop
  endfacet
  facet normal -4.207297e-02 -5.935040e-01 8.027334e-01
    outer loop
      vertex 4.401120e+00 3.624649e+01 1.802988e+01
      vertex 4.018703e+00 4.080257e+01 2.142969e+01
      vertex -7.978501e-16 3.651271e+01 1.802988e+01
    endloop
  endfacet
  facet normal -6.720021e-02 -6.067964e-01 7.915254e-01
    outer loop
      vertex 4.401120e+00 3.624649e+01 1.802988e+01
      vertex 5.359229e+00 4.064823e+01 2.142969e+01
      vertex 4.018703e+00 4.080257e+01 2.142969e+01
    endloop
  endfacet
  facet normal -8.640128e-02 -6.041595e-01 7.915254e-01
    outer loop
      vertex 4.401120e+00 3.624649e+01 1.802988e+01
      vertex 7.998703e+00 4.021220e+01 2.142969e+01
      vertex 5.359229e+00 4.064823e+01 2.142969e+01
    endloop
  endfacet
  facet normal -1.076173e-01 -5.852399e-01 8.027334e-01
    outer loop
      vertex 8.738063e+00 3.545171e+01 1.802988e+01
      vertex 7.998703e+00 4.021220e+01 2.142969e+01
      vertex 4.401120e+00 3.624649e+01 1.802988e+01
    endloop
  endfacet
  facet normal -1.341635e-01 -5.954067e-01 7.915254e-01
    outer loop
      vertex 8.738063e+00 3.545171e+01 1.802988e+01
      vertex 1.041407e+01 3.965535e+01 2.142969e+01
      vertex 7.998703e+00 4.021220e+01 2.142969e+01
    endloop
  endfacet
  facet normal -1.535911e-01 -5.908401e-01 7.915254e-01
    outer loop
      vertex 8.738063e+00 3.545171e+01 1.802988e+01
      vertex 1.190167e+01 3.923455e+01 2.142969e+01
      vertex 1.041407e+01 3.965535e+01 2.142969e+01
    endloop
  endfacet
  facet normal -1.723719e-01 -5.695012e-01 8.027334e-01
    outer loop
      vertex 1.294758e+01 3.413997e+01 1.802988e+01
      vertex 1.190167e+01 3.923455e+01 2.142969e+01
      vertex 8.738063e+00 3.545171e+01 1.802988e+01
    endloop
  endfacet
  facet normal -2.030361e-01 -5.751955e-01 7.915254e-01
    outer loop
      vertex 1.294758e+01 3.413997e+01 1.802988e+01
      vertex 1.514577e+01 3.809995e+01 2.142969e+01
      vertex 1.190167e+01 3.923455e+01 2.142969e+01
    endloop
  endfacet
  facet normal -2.254510e-01 -5.673742e-01 7.915254e-01
    outer loop
      vertex 1.569002e+01 3.787906e+01 2.142969e+01
      vertex 1.514577e+01 3.809995e+01 2.142969e+01
      vertex 1.294758e+01 3.413997e+01 1.802988e+01
    endloop
  endfacet
  facet normal -2.384367e-01 -5.451257e-01 8.027334e-01
    outer loop
      vertex 1.696830e+01 3.233039e+01 1.802988e+01
      vertex 1.569002e+01 3.787906e+01 2.142969e+01
      vertex 1.294758e+01 3.413997e+01 1.802988e+01
    endloop
  endfacet
  facet normal -2.680358e-01 -5.479071e-01 7.915254e-01
    outer loop
      vertex 1.932727e+01 3.615877e+01 2.142969e+01
      vertex 1.569002e+01 3.787906e+01 2.142969e+01
      vertex 1.696830e+01 3.233039e+01 1.802988e+01
    endloop
  endfacet
  facet normal -2.876194e-01 -5.385735e-01 7.915254e-01
    outer loop
      vertex 1.696830e+01 3.233039e+01 1.802988e+01
      vertex 1.954172e+01 3.604332e+01 2.142969e+01
      vertex 1.932727e+01 3.615877e+01 2.142969e+01
    endloop
  endfacet
  facet normal -3.034235e-01 -5.292082e-01 7.915254e-01
    outer loop
      vertex 1.696830e+01 3.233039e+01 1.802988e+01
      vertex 2.277838e+01 3.409026e+01 2.142969e+01
      vertex 1.954172e+01 3.604332e+01 2.142969e+01
    endloop
  endfacet
  facet normal -3.140703e-01 -5.053187e-01 8.027334e-01
    outer loop
      vertex 2.074158e+01 3.004937e+01 1.802988e+01
      vertex 2.277838e+01 3.409026e+01 2.142969e+01
      vertex 1.696830e+01 3.233039e+01 1.802988e+01
    endloop
  endfacet
  facet normal -3.424967e-01 -5.054113e-01 7.915254e-01
    outer loop
      vertex 2.074158e+01 3.004937e+01 1.802988e+01
      vertex 2.359145e+01 3.353273e+01 2.142969e+01
      vertex 2.277838e+01 3.409026e+01 2.142969e+01
    endloop
  endfacet
  facet normal -3.598174e-01 -4.927698e-01 7.915254e-01
    outer loop
      vertex 2.074158e+01 3.004937e+01 1.802988e+01
      vertex 2.601012e+01 3.169343e+01 2.142969e+01
      vertex 2.359145e+01 3.353273e+01 2.142969e+01
    endloop
  endfacet
  facet normal -3.698109e-01 -4.661578e-01 8.027334e-01
    outer loop
      vertex 2.421240e+01 2.733015e+01 1.802988e+01
      vertex 2.601012e+01 3.169343e+01 2.142969e+01
      vertex 2.074158e+01 3.004937e+01 1.802988e+01
    endloop
  endfacet
  facet normal -3.980411e-01 -4.628234e-01 7.915254e-01
    outer loop
      vertex 2.421240e+01 2.733015e+01 1.802988e+01
      vertex 2.728366e+01 3.060395e+01 2.142969e+01
      vertex 2.601012e+01 3.169343e+01 2.142969e+01
    endloop
  endfacet
  facet normal -4.140528e-01 -4.483882e-01 7.915254e-01
    outer loop
      vertex 2.421240e+01 2.733015e+01 1.802988e+01
      vertex 2.899138e+01 2.899138e+01 2.142969e+01
      vertex 2.728366e+01 3.060395e+01 2.142969e+01
    endloop
  endfacet
  facet normal -4.207657e-01 -4.207657e-01 8.027334e-01
    outer loop
      vertex 2.733015e+01 2.421240e+01 1.802988e+01
      vertex 2.899138e+01 2.899138e+01 2.142969e+01
      vertex 2.421240e+01 2.733015e+01 1.802988e+01
    endloop
  endfacet
  facet normal -4.483882e-01 -4.140528e-01 7.915254e-01
    outer loop
      vertex 2.733015e+01 2.421240e+01 1.802988e+01
      vertex 3.060395e+01 2.728366e+01 2.142969e+01
      vertex 2.899138e+01 2.899138e+01 2.142969e+01
    endloop
  endfacet
  facet normal -4.628234e-01 -3.980412e-01 7.915254e-01
    outer loop
      vertex 2.733015e+01 2.421240e+01 1.802988e+01
      vertex 3.169343e+01 2.601012e+01 2.142969e+01
      vertex 3.060395e+01 2.728366e+01 2.142969e+01
    endloop
  endfacet
  facet normal -4.661578e-01 -3.698109e-01 8.027334e-01
    outer loop
      vertex 3.004937e+01 2.074158e+01 1.802988e+01
      vertex 3.169343e+01 2.601012e+01 2.142969e+01
      vertex 2.733015e+01 2.421240e+01 1.802988e+01
    endloop
  endfacet
  facet normal -4.927698e-01 -3.598174e-01 7.915254e-01
    outer loop
      vertex 3.004937e+01 2.074158e+01 1.802988e+01
      vertex 3.353273e+01 2.359145e+01 2.142969e+01
      vertex 3.169343e+01 2.601012e+01 2.142969e+01
    endloop
  endfacet
  facet normal -5.054113e-01 -3.424967e-01 7.915254e-01
    outer loop
      vertex 3.409026e+01 2.277838e+01 2.142969e+01
      vertex 3.353273e+01 2.359145e+01 2.142969e+01
      vertex 3.004937e+01 2.074158e+01 1.802988e+01
    endloop
  endfacet
  facet normal -5.053187e-01 -3.140703e-01 8.027334e-01
    outer loop
      vertex 3.233039e+01 1.696830e+01 1.802988e+01
      vertex 3.409026e+01 2.277838e+01 2.142969e+01
      vertex 3.004937e+01 2.074158e+01 1.802988e+01
    endloop
  endfacet
  facet normal -5.292082e-01 -3.034235e-01 7.915254e-01
    outer loop
      vertex 3.604332e+01 1.954172e+01 2.142969e+01
      vertex 3.409026e+01 2.277838e+01 2.142969e+01
      vertex 3.233039e+01 1.696830e+01 1.802988e+01
    endloop
  endfacet
  facet normal -5.385734e-01 -2.876194e-01 7.915254e-01
    outer loop
      vertex 3.233039e+01 1.696830e+01 1.802988e+01
      vertex 3.615877e+01 1.932727e+01 2.142969e+01
      vertex 3.604332e+01 1.954172e+01 2.142969e+01
    endloop
  endfacet
  facet normal -5.479071e-01 -2.680358e-01 7.915254e-01
    outer loop
      vertex 3.233039e+01 1.696830e+01 1.802988e+01
      vertex 3.787906e+01 1.569002e+01 2.142969e+01
      vertex 3.615877e+01 1.932727e+01 2.142969e+01
    endloop
  endfacet
  facet normal -5.451257e-01 -2.384367e-01 8.027334e-01
    outer loop
      vertex 3.413997e+01 1.294758e+01 1.802988e+01
      vertex 3.787906e+01 1.569002e+01 2.142969e+01
      vertex 3.233039e+01 1.696830e+01 1.802988e+01
    endloop
  endfacet
  facet normal -5.673742e-01 -2.254510e-01 7.915254e-01
    outer loop
      vertex 3.413997e+01 1.294758e+01 1.802988e+01
      vertex 3.809995e+01 1.514577e+01 2.142969e+01
      vertex 3.787906e+01 1.569002e+01 2.142969e+01
    endloop
  endfacet
  facet normal -5.751955e-01 -2.030361e-01 7.915254e-01
    outer loop
      vertex 3.413997e+01 1.294758e+01 1.802988e+01
      vertex 3.923455e+01 1.190167e+01 2.142969e+01
      vertex 3.809995e+01 1.514577e+01 2.142969e+01
    endloop
  endfacet
  facet normal -5.695012e-01 -1.723719e-01 8.027334e-01
    outer loop
      vertex 3.545171e+01 8.738063e+00 1.802988e+01
      vertex 3.923455e+01 1.190167e+01 2.142969e+01
      vertex 3.413997e+01 1.294758e+01 1.802988e+01
    endloop
  endfacet
  facet normal -5.908400e-01 -1.535911e-01 7.915254e-01
    outer loop
      vertex 3.545171e+01 8.738063e+00 1.802988e+01
      vertex 3.965535e+01 1.041407e+01 2.142969e+01
      vertex 3.923455e+01 1.190167e+01 2.142969e+01
    endloop
  endfacet
  facet normal -5.954067e-01 -1.341635e-01 7.915254e-01
    outer loop
      vertex 3.545171e+01 8.738063e+00 1.802988e+01
      vertex 4.021220e+01 7.998703e+00 2.142969e+01
      vertex 3.965535e+01 1.041407e+01 2.142969e+01
    endloop
  endfacet
  facet normal -5.852400e-01 -1.076173e-01 8.027334e-01
    outer loop
      vertex 3.624649e+01 4.401120e+00 1.802988e+01
      vertex 4.021220e+01 7.998703e+00 2.142969e+01
      vertex 3.545171e+01 8.738063e+00 1.802988e+01
    endloop
  endfacet
  facet normal -6.041595e-01 -8.640128e-02 7.915254e-01
    outer loop
      vertex 3.624649e+01 4.401120e+00 1.802988e+01
      vertex 4.064823e+01 5.359229e+00 2.142969e+01
      vertex 4.021220e+01 7.998703e+00 2.142969e+01
    endloop
  endfacet
  facet normal -6.067964e-01 -6.720021e-02 7.915254e-01
    outer loop
      vertex 4.080257e+01 4.018703e+00 2.142969e+01
      vertex 4.064823e+01 5.359229e+00 2.142969e+01
      vertex 3.624649e+01 4.401120e+00 1.802988e+01
    endloop
  endfacet
  facet normal -5.935040e-01 -4.207297e-02 8.027334e-01
    outer loop
      vertex 3.651271e+01 7.978501e-16 1.802988e+01
      vertex 4.080257e+01 4.018703e+00 2.142969e+01
      vertex 3.624649e+01 4.401120e+00 1.802988e+01
    endloop
  endfacet
  facet normal -6.097283e-01 -1.873117e-02 7.915254e-01
    outer loop
      vertex 4.100000e+01 1.006028e-15 2.142969e+01
      vertex 4.080257e+01 4.018703e+00 2.142969e+01
      vertex 3.651271e+01 7.978501e-16 1.802988e+01
    endloop
  endfacet
  facet normal -5.619771e-01 2.334180e-02 8.256524e-01
    outer loop
      vertex 3.183199e+01 6.064164e-16 1.490353e+01
      vertex 3.624649e+01 -4.401120e+00 1.802988e+01
      vertex 3.651271e+01 7.978501e-16 1.802988e+01
    endloop
  endfacet
  facet normal -5.431355e-01 4.456725e-02 8.373633e-01
    outer loop
      vertex 3.159990e+01 -3.836922e+00 1.490353e+01
      vertex 3.624649e+01 -4.401120e+00 1.802988e+01
      vertex 3.183199e+01 6.064164e-16 1.490353e+01
    endloop
  endfacet
  facet normal -5.550662e-01 9.091047e-02 8.256524e-01
    outer loop
      vertex 3.159990e+01 -3.836922e+00 1.490353e+01
      vertex 3.545171e+01 -8.738063e+00 1.802988e+01
      vertex 3.624649e+01 -4.401120e+00 1.802988e+01
    endloop
  endfacet
  facet normal -5.338034e-01 1.097100e-01 8.373633e-01
    outer loop
      vertex 3.090701e+01 -7.617894e+00 1.490353e+01
      vertex 3.545171e+01 -8.738063e+00 1.802988e+01
      vertex 3.159990e+01 -3.836922e+00 1.490353e+01
    endloop
  endfacet
  facet normal -5.400611e-01 1.571535e-01 8.256524e-01
    outer loop
      vertex 3.090701e+01 -7.617894e+00 1.490353e+01
      vertex 3.413997e+01 -1.294758e+01 1.802988e+01
      vertex 3.545171e+01 -8.738063e+00 1.802988e+01
    endloop
  endfacet
  facet normal -5.166873e-01 1.732530e-01 8.373633e-01
    outer loop
      vertex 2.976343e+01 -1.128778e+01 1.490353e+01
      vertex 3.413997e+01 -1.294758e+01 1.802988e+01
      vertex 3.090701e+01 -7.617894e+00 1.490353e+01
    endloop
  endfacet
  facet normal -5.171806e-01 2.211048e-01 8.256524e-01
    outer loop
      vertex 2.976343e+01 -1.128778e+01 1.490353e+01
      vertex 3.233039e+01 -1.696830e+01 1.802988e+01
      vertex 3.413997e+01 -1.294758e+01 1.802988e+01
    endloop
  endfacet
  facet normal -4.920367e-01 2.342696e-01 8.373633e-01
    outer loop
      vertex 2.818583e+01 -1.479306e+01 1.490353e+01
      vertex 3.233039e+01 -1.696830e+01 1.802988e+01
      vertex 2.976343e+01 -1.128778e+01 1.490353e+01
    endloop
  endfacet
  facet normal -4.867586e-01 2.818319e-01 8.256524e-01
    outer loop
      vertex 2.818583e+01 -1.479306e+01 1.490353e+01
      vertex 3.004937e+01 -2.074158e+01 1.802988e+01
      vertex 3.233039e+01 -1.696830e+01 1.802988e+01
    endloop
  endfacet
  facet normal -4.602112e-01 2.918700e-01 8.373633e-01
    outer loop
      vertex 2.619721e+01 -1.808263e+01 1.490353e+01
      vertex 3.004937e+01 -2.074158e+01 1.802988e+01
      vertex 2.818583e+01 -1.479306e+01 1.490353e+01
    endloop
  endfacet
  facet normal -4.492384e-01 3.384493e-01 8.256524e-01
    outer loop
      vertex 2.619721e+01 -1.808263e+01 1.490353e+01
      vertex 2.733015e+01 -2.421240e+01 1.802988e+01
      vertex 3.004937e+01 -2.074158e+01 1.802988e+01
    endloop
  endfacet
  facet normal -4.216746e-01 3.452142e-01 8.373633e-01
    outer loop
      vertex 2.382659e+01 -2.110851e+01 1.490353e+01
      vertex 2.733015e+01 -2.421240e+01 1.802988e+01
      vertex 2.619721e+01 -1.808263e+01 1.490353e+01
    endloop
  endfacet
  facet normal -4.051675e-01 3.901314e-01 8.256524e-01
    outer loop
      vertex 2.382659e+01 -2.110851e+01 1.490353e+01
      vertex 2.421240e+01 -2.733015e+01 1.802988e+01
      vertex 2.733015e+01 -2.421240e+01 1.802988e+01
    endloop
  endfacet
  facet normal -3.769892e-01 3.935245e-01 8.373633e-01
    outer loop
      vertex 2.110851e+01 -2.382659e+01 1.490353e+01
      vertex 2.421240e+01 -2.733015e+01 1.802988e+01
      vertex 2.382659e+01 -2.110851e+01 1.490353e+01
    endloop
  endfacet
  facet normal -3.551882e-01 4.361244e-01 8.256524e-01
    outer loop
      vertex 2.110851e+01 -2.382659e+01 1.490353e+01
      vertex 2.074158e+01 -3.004937e+01 1.802988e+01
      vertex 2.421240e+01 -2.733015e+01 1.802988e+01
    endloop
  endfacet
  facet normal -3.268064e-01 4.360963e-01 8.373633e-01
    outer loop
      vertex 1.808263e+01 -2.619721e+01 1.490353e+01
      vertex 2.074158e+01 -3.004937e+01 1.802988e+01
      vertex 2.110851e+01 -2.382659e+01 1.490353e+01
    endloop
  endfacet
  facet normal -3.000295e-01 4.757577e-01 8.256524e-01
    outer loop
      vertex 1.808263e+01 -2.619721e+01 1.490353e+01
      vertex 1.696830e+01 -3.233039e+01 1.802988e+01
      vertex 2.074158e+01 -3.004937e+01 1.802988e+01
    endloop
  endfacet
  facet normal -2.718580e-01 4.723088e-01 8.373633e-01
    outer loop
      vertex 1.479306e+01 -2.818583e+01 1.490353e+01
      vertex 1.696830e+01 -3.233039e+01 1.802988e+01
      vertex 1.808263e+01 -2.619721e+01 1.490353e+01
    endloop
  endfacet
  facet normal -2.404957e-01 5.084535e-01 8.256524e-01
    outer loop
      vertex 1.479306e+01 -2.818583e+01 1.490353e+01
      vertex 1.294758e+01 -3.413997e+01 1.802988e+01
      vertex 1.696830e+01 -3.233039e+01 1.802988e+01
    endloop
  endfacet
  facet normal -2.129453e-01 5.016340e-01 8.373633e-01
    outer loop
      vertex 1.128778e+01 -2.976343e+01 1.490353e+01
      vertex 1.294758e+01 -3.413997e+01 1.802988e+01
      vertex 1.479306e+01 -2.818583e+01 1.490353e+01
    endloop
  endfacet
  facet normal -1.774549e-01 5.337349e-01 8.256524e-01
    outer loop
      vertex 1.128778e+01 -2.976343e+01 1.490353e+01
      vertex 8.738063e+00 -3.545171e+01 1.802988e+01
      vertex 1.294758e+01 -3.413997e+01 1.802988e+01
    endloop
  endfacet
  facet normal -1.509274e-01 5.236443e-01 8.373633e-01
    outer loop
      vertex 7.617894e+00 -3.090701e+01 1.490353e+01
      vertex 8.738063e+00 -3.545171e+01 1.802988e+01
      vertex 1.128778e+01 -2.976343e+01 1.490353e+01
    endloop
  endfacet
  facet normal -1.118264e-01 5.512332e-01 8.256524e-01
    outer loop
      vertex 7.617894e+00 -3.090701e+01 1.490353e+01
      vertex 4.401120e+00 -3.624649e+01 1.802988e+01
      vertex 8.738063e+00 -3.545171e+01 1.802988e+01
    endloop
  endfacet
  facet normal -8.670863e-02 5.380186e-01 8.373633e-01
    outer loop
      vertex 3.836922e+00 -3.159990e+01 1.490353e+01
      vertex 4.401120e+00 -3.624649e+01 1.802988e+01
      vertex 7.617894e+00 -3.090701e+01 1.490353e+01
    endloop
  endfacet
  facet normal -4.456725e-02 5.606933e-01 8.256524e-01
    outer loop
      vertex 3.836922e+00 -3.159990e+01 1.490353e+01
      vertex 7.978501e-16 -3.651271e+01 1.802988e+01
      vertex 4.401120e+00 -3.624649e+01 1.802988e+01
    endloop
  endfacet
  facet normal -2.122544e-02 5.445474e-01 8.373633e-01
    outer loop
      vertex 6.064164e-16 -3.183199e+01 1.490353e+01
      vertex 7.978501e-16 -3.651271e+01 1.802988e+01
      vertex 3.836922e+00 -3.159990e+01 1.490353e+01
    endloop
  endfacet
  facet normal 2.334180e-02 5.619771e-01 8.256524e-01
    outer loop
      vertex 6.064164e-16 -3.183199e+01 1.490353e+01
      vertex -4.401120e+00 -3.624649e+01 1.802988e+01
      vertex 7.978501e-16 -3.651271e+01 1.802988e+01
    endloop
  endfacet
  facet normal 4.456725e-02 5.431355e-01 8.373633e-01
    outer loop
      vertex -3.836922e+00 -3.159990e+01 1.490353e+01
      vertex -4.401120e+00 -3.624649e+01 1.802988e+01
      vertex 6.064164e-16 -3.183199e+01 1.490353e+01
    endloop
  endfacet
  facet normal 9.091047e-02 5.550662e-01 8.256524e-01
    outer loop
      vertex -3.836922e+00 -3.159990e+01 1.490353e+01
      vertex -8.738063e+00 -3.545171e+01 1.802988e+01
      vertex -4.401120e+00 -3.624649e+01 1.802988e+01
    endloop
  endfacet
  facet normal 1.097100e-01 5.338034e-01 8.373633e-01
    outer loop
      vertex -7.617894e+00 -3.090701e+01 1.490353e+01
      vertex -8.738063e+00 -3.545171e+01 1.802988e+01
      vertex -3.836922e+00 -3.159990e+01 1.490353e+01
    endloop
  endfacet
  facet normal 1.571535e-01 5.400611e-01 8.256524e-01
    outer loop
      vertex -7.617894e+00 -3.090701e+01 1.490353e+01
      vertex -1.294758e+01 -3.413997e+01 1.802988e+01
      vertex -8.738063e+00 -3.545171e+01 1.802988e+01
    endloop
  endfacet
  facet normal 1.732530e-01 5.166873e-01 8.373633e-01
    outer loop
      vertex -1.128778e+01 -2.976343e+01 1.490353e+01
      vertex -1.294758e+01 -3.413997e+01 1.802988e+01
      vertex -7.617894e+00 -3.090701e+01 1.490353e+01
    endloop
  endfacet
  facet normal 2.211048e-01 5.171806e-01 8.256524e-01
    outer loop
      vertex -1.128778e+01 -2.976343e+01 1.490353e+01
      vertex -1.696830e+01 -3.233039e+01 1.802988e+01
      vertex -1.294758e+01 -3.413997e+01 1.802988e+01
    endloop
  endfacet
  facet normal 2.342696e-01 4.920367e-01 8.373633e-01
    outer loop
      vertex -1.479306e+01 -2.818583e+01 1.490353e+01
      vertex -1.696830e+01 -3.233039e+01 1.802988e+01
      vertex -1.128778e+01 -2.976343e+01 1.490353e+01
    endloop
  endfacet
  facet normal 2.818319e-01 4.867586e-01 8.256524e-01
    outer loop
      vertex -1.479306e+01 -2.818583e+01 1.490353e+01
      vertex -2.074158e+01 -3.004937e+01 1.802988e+01
      vertex -1.696830e+01 -3.233039e+01 1.802988e+01
    endloop
  endfacet
  facet normal 2.918700e-01 4.602112e-01 8.373633e-01
    outer loop
      vertex -1.808263e+01 -2.619721e+01 1.490353e+01
      vertex -2.074158e+01 -3.004937e+01 1.802988e+01
      vertex -1.479306e+01 -2.818583e+01 1.490353e+01
    endloop
  endfacet
  facet normal 3.384493e-01 4.492384e-01 8.256524e-01
    outer loop
      vertex -1.808263e+01 -2.619721e+01 1.490353e+01
      vertex -2.421240e+01 -2.733015e+01 1.802988e+01
      vertex -2.074158e+01 -3.004937e+01 1.802988e+01
    endloop
  endfacet
  facet normal 3.452142e-01 4.216746e-01 8.373633e-01
    outer loop
      vertex -2.110851e+01 -2.382659e+01 1.490353e+01
      vertex -2.421240e+01 -2.733015e+01 1.802988e+01
      vertex -1.808263e+01 -2.619721e+01 1.490353e+01
    endloop
  endfacet
  facet normal 3.901314e-01 4.051675e-01 8.256524e-01
    outer loop
      vertex -2.110851e+01 -2.382659e+01 1.490353e+01
      vertex -2.733015e+01 -2.421240e+01 1.802988e+01
      vertex -2.421240e+01 -2.733015e+01 1.802988e+01
    endloop
  endfacet
  facet normal 3.935245e-01 3.769892e-01 8.373633e-01
    outer loop
      vertex -2.382659e+01 -2.110851e+01 1.490353e+01
      vertex -2.733015e+01 -2.421240e+01 1.802988e+01
      vertex -2.110851e+01 -2.382659e+01 1.490353e+01
    endloop
  endfacet
  facet normal 4.361244e-01 3.551882e-01 8.256524e-01
    outer loop
      vertex -2.382659e+01 -2.110851e+01 1.490353e+01
      vertex -3.004937e+01 -2.074158e+01 1.802988e+01
      vertex -2.733015e+01 -2.421240e+01 1.802988e+01
    endloop
  endfacet
  facet normal 4.360963e-01 3.268064e-01 8.373633e-01
    outer loop
      vertex -2.619721e+01 -1.808263e+01 1.490353e+01
      vertex -3.004937e+01 -2.074158e+01 1.802988e+01
      vertex -2.382659e+01 -2.110851e+01 1.490353e+01
    endloop
  endfacet
  facet normal 4.757577e-01 3.000295e-01 8.256524e-01
    outer loop
      vertex -2.619721e+01 -1.808263e+01 1.490353e+01
      vertex -3.233039e+01 -1.696830e+01 1.802988e+01
      vertex -3.004937e+01 -2.074158e+01 1.802988e+01
    endloop
  endfacet
  facet normal 4.723088e-01 2.718580e-01 8.373633e-01
    outer loop
      vertex -2.818583e+01 -1.479306e+01 1.490353e+01
      vertex -3.233039e+01 -1.696830e+01 1.802988e+01
      vertex -2.619721e+01 -1.808263e+01 1.490353e+01
    endloop
  endfacet
  facet normal 5.084535e-01 2.404957e-01 8.256524e-01
    outer loop
      vertex -2.818583e+01 -1.479306e+01 1.490353e+01
      vertex -3.413997e+01 -1.294758e+01 1.802988e+01
      vertex -3.233039e+01 -1.696830e+01 1.802988e+01
    endloop
  endfacet
  facet normal 5.016340e-01 2.129453e-01 8.373633e-01
    outer loop
      vertex -2.976343e+01 -1.128778e+01 1.490353e+01
      vertex -3.413997e+01 -1.294758e+01 1.802988e+01
      vertex -2.818583e+01 -1.479306e+01 1.490353e+01
    endloop
  endfacet
  facet normal 5.337349e-01 1.774549e-01 8.256524e-01
    outer loop
      vertex -2.976343e+01 -1.128778e+01 1.490353e+01
      vertex -3.545171e+01 -8.738063e+00 1.802988e+01
      vertex -3.413997e+01 -1.294758e+01 1.802988e+01
    endloop
  endfacet
  facet normal 5.236443e-01 1.509274e-01 8.373633e-01
    outer loop
      vertex -3.090701e+01 -7.617894e+00 1.490353e+01
      vertex -3.545171e+01 -8.738063e+00 1.802988e+01
      vertex -2.976343e+01 -1.128778e+01 1.490353e+01
    endloop
  endfacet
  facet normal 5.512332e-01 1.118264e-01 8.256524e-01
    outer loop
      vertex -3.090701e+01 -7.617894e+00 1.490353e+01
      vertex -3.624649e+01 -4.401120e+00 1.802988e+01
      vertex -3.545171e+01 -8.738063e+00 1.802988e+01
    endloop
  endfacet
  facet normal 5.380186e-01 8.670863e-02 8.373633e-01
    outer loop
      vertex -3.159990e+01 -3.836922e+00 1.490353e+01
      vertex -3.624649e+01 -4.401120e+00 1.802988e+01
      vertex -3.090701e+01 -7.617894e+00 1.490353e+01
    endloop
  endfacet
  facet normal 5.606933e-01 4.456725e-02 8.256524e-01
    outer loop
      vertex -3.159990e+01 -3.836922e+00 1.490353e+01
      vertex -3.651271e+01 -7.978501e-16 1.802988e+01
      vertex -3.624649e+01 -4.401120e+00 1.802988e+01
    endloop
  endfacet
  facet normal 5.445474e-01 2.122544e-02 8.373633e-01
    outer loop
      vertex -3.183199e+01 -6.064164e-16 1.490353e+01
      vertex -3.651271e+01 -7.978501e-16 1.802988e+01
      vertex -3.159990e+01 -3.836922e+00 1.490353e+01
    endloop
  endfacet
  facet normal 5.619771e-01 -2.334180e-02 8.256524e-01
    outer loop
      vertex -3.183199e+01 -6.064164e-16 1.490353e+01
      vertex -3.624649e+01 4.401120e+00 1.802988e+01
      vertex -3.651271e+01 -7.978501e-16 1.802988e+01
    endloop
  endfacet
  facet normal 5.431355e-01 -4.456725e-02 8.373633e-01
    outer loop
      vertex -3.159990e+01 3.836922e+00 1.490353e+01
      vertex -3.624649e+01 4.401120e+00 1.802988e+01
      vertex -3.183199e+01 -6.064164e-16 1.490353e+01
    endloop
  endfacet
  facet normal 5.550662e-01 -9.091047e-02 8.256524e-01
    outer loop
      vertex -3.159990e+01 3.836922e+00 1.490353e+01
      vertex -3.545171e+01 8.738063e+00 1.802988e+01
      vertex -3.624649e+01 4.401120e+00 1.802988e+01
    endloop
  endfacet
  facet normal 5.338034e-01 -1.097100e-01 8.373633e-01
    outer loop
      vertex -3.090701e+01 7.617894e+00 1.490353e+01
      vertex -3.545171e+01 8.738063e+00 1.802988e+01
      vertex -3.159990e+01 3.836922e+00 1.490353e+01
    endloop
  endfacet
  facet normal 5.400611e-01 -1.571535e-01 8.256524e-01
    outer loop
      vertex -3.090701e+01 7.617894e+00 1.490353e+01
      vertex -3.413997e+01 1.294758e+01 1.802988e+01
      vertex -3.545171e+01 8.738063e+00 1.802988e+01
    endloop
  endfacet
  facet normal 5.166873e-01 -1.732530e-01 8.373633e-01
    outer loop
      vertex -2.976343e+01 1.128778e+01 1.490353e+01
      vertex -3.413997e+01 1.294758e+01 1.802988e+01
      vertex -3.090701e+01 7.617894e+00 1.490353e+01
    endloop
  endfacet
  facet normal 5.171806e-01 -2.211048e-01 8.256524e-01
    outer loop
      vertex -2.976343e+01 1.128778e+01 1.490353e+01
      vertex -3.233039e+01 1.696830e+01 1.802988e+01
      vertex -3.413997e+01 1.294758e+01 1.802988e+01
    endloop
  endfacet
  facet normal 4.920367e-01 -2.342696e-01 8.373633e-01
    outer loop
      vertex -2.818583e+01 1.479306e+01 1.490353e+01
      vertex -3.233039e+01 1.696830e+01 1.802988e+01
      vertex -2.976343e+01 1.128778e+01 1.490353e+01
    endloop
  endfacet
  facet normal 4.867586e-01 -2.818319e-01 8.256524e-01
    outer loop
      vertex -2.818583e+01 1.479306e+01 1.490353e+01
      vertex -3.004937e+01 2.074158e+01 1.802988e+01
      vertex -3.233039e+01 1.696830e+01 1.802988e+01
    endloop
  endfacet
  facet normal 4.602112e-01 -2.918700e-01 8.373633e-01
    outer loop
      vertex -2.619721e+01 1.808263e+01 1.490353e+01
      vertex -3.004937e+01 2.074158e+01 1.802988e+01
      vertex -2.818583e+01 1.479306e+01 1.490353e+01
    endloop
  endfacet
  facet normal 4.492384e-01 -3.384493e-01 8.256524e-01
    outer loop
      vertex -2.619721e+01 1.808263e+01 1.490353e+01
      vertex -2.733015e+01 2.421240e+01 1.802988e+01
      vertex -3.004937e+01 2.074158e+01 1.802988e+01
    endloop
  endfacet
  facet normal 4.216746e-01 -3.452142e-01 8.373633e-01
    outer loop
      vertex -2.382659e+01 2.110851e+01 1.490353e+01
      vertex -2.733015e+01 2.421240e+01 1.802988e+01
      vertex -2.619721e+01 1.808263e+01 1.490353e+01
    endloop
  endfacet
  facet normal 4.051675e-01 -3.901314e-01 8.256524e-01
    outer loop
      vertex -2.382659e+01 2.110851e+01 1.490353e+01
      vertex -2.421240e+01 2.733015e+01 1.802988e+01
      vertex -2.733015e+01 2.421240e+01 1.802988e+01
    endloop
  endfacet
  facet normal 3.769892e-01 -3.935245e-01 8.373633e-01
    outer loop
      vertex -2.110851e+01 2.382659e+01 1.490353e+01
      vertex -2.421240e+01 2.733015e+01 1.802988e+01
      vertex -2.382659e+01 2.110851e+01 1.490353e+01
    endloop
  endfacet
  facet normal 3.551882e-01 -4.361244e-01 8.256524e-01
    outer loop
      vertex -2.110851e+01 2.382659e+01 1.490353e+01
      vertex -2.074158e+01 3.004937e+01 1.802988e+01
      vertex -2.421240e+01 2.733015e+01 1.802988e+01
    endloop
  endfacet
  facet normal 3.268064e-01 -4.360963e-01 8.373633e-01
    outer loop
      vertex -1.808263e+01 2.619721e+01 1.490353e+01
      vertex -2.074158e+01 3.004937e+01 1.802988e+01
      vertex -2.110851e+01 2.382659e+01 1.490353e+01
    endloop
  endfacet
  facet normal 3.000295e-01 -4.757577e-01 8.256524e-01
    outer loop
      vertex -1.808263e+01 2.619721e+01 1.490353e+01
      vertex -1.696830e+01 3.233039e+01 1.802988e+01
      vertex -2.074158e+01 3.004937e+01 1.802988e+01
    endloop
  endfacet
  facet normal 2.718580e-01 -4.723088e-01 8.373633e-01
    outer loop
      vertex -1.479306e+01 2.818583e+01 1.490353e+01
      vertex -1.696830e+01 3.233039e+01 1.802988e+01
      vertex -1.808263e+01 2.619721e+01 1.490353e+01
    endloop
  endfacet
  facet normal 2.404957e-01 -5.084535e-01 8.256524e-01
    outer loop
      vertex -1.479306e+01 2.818583e+01 1.490353e+01
      vertex -1.294758e+01 3.413997e+01 1.802988e+01
      vertex -1.696830e+01 3.233039e+01 1.802988e+01
    endloop
  endfacet
  facet normal 2.129453e-01 -5.016340e-01 8.373633e-01
    outer loop
      vertex -1.128778e+01 2.976343e+01 1.490353e+01
      vertex -1.294758e+01 3.413997e+01 1.802988e+01
      vertex -1.479306e+01 2.818583e+01 1.490353e+01
    endloop
  endfacet
  facet normal 1.774549e-01 -5.337349e-01 8.256524e-01
    outer loop
      vertex -1.128778e+01 2.976343e+01 1.490353e+01
      vertex -8.738063e+00 3.545171e+01 1.802988e+01
      vertex -1.294758e+01 3.413997e+01 1.802988e+01
    endloop
  endfacet
  facet normal 1.509274e-01 -5.236443e-01 8.373633e-01
    outer loop
      vertex -7.617894e+00 3.090701e+01 1.490353e+01
      vertex -8.738063e+00 3.545171e+01 1.802988e+01
      vertex -1.128778e+01 2.976343e+01 1.490353e+01
    endloop
  endfacet
  facet normal 1.118264e-01 -5.512332e-01 8.256524e-01
    outer loop
      vertex -7.617894e+00 3.090701e+01 1.490353e+01
      vertex -4.401120e+00 3.624649e+01 1.802988e+01
      vertex -8.738063e+00 3.545171e+01 1.802988e+01
    endloop
  endfacet
  facet normal 8.670863e-02 -5.380186e-01 8.373633e-01
    outer loop
      vertex -3.836922e+00 3.159990e+01 1.490353e+01
      vertex -4.401120e+00 3.624649e+01 1.802988e+01
      vertex -7.617894e+00 3.090701e+01 1.490353e+01
    endloop
  endfacet
  facet normal 4.456725e-02 -5.606933e-01 8.256524e-01
    outer loop
      vertex -3.836922e+00 3.159990e+01 1.490353e+01
      vertex -7.978501e-16 3.651271e+01 1.802988e+01
      vertex -4.401120e+00 3.624649e+01 1.802988e+01
    endloop
  endfacet
  facet normal 2.122544e-02 -5.445474e-01 8.373633e-01
    outer loop
      vertex -6.064164e-16 3.183199e+01 1.490353e+01
      vertex -7.978501e-16 3.651271e+01 1.802988e+01
      vertex -3.836922e+00 3.159990e+01 1.490353e+01
    endloop
  endfacet
  facet normal -2.334180e-02 -5.619771e-01 8.256524e-01
    outer loop
      vertex -6.064164e-16 3.183199e+01 1.490353e+01
      vertex 4.401120e+00 3.624649e+01 1.802988e+01
      vertex -7.978501e-16 3.651271e+01 1.802988e+01
    endloop
  endfacet
  facet normal -4.456725e-02 -5.431355e-01 8.373633e-01
    outer loop
      vertex 3.836922e+00 3.159990e+01 1.490353e+01
      vertex 4.401120e+00 3.624649e+01 1.802988e+01
      vertex -6.064164e-16 3.183199e+01 1.490353e+01
    endloop
  endfacet
  facet normal -9.091047e-02 -5.550662e-01 8.256524e-01
    outer loop
      vertex 3.836922e+00 3.159990e+01 1.490353e+01
      vertex 8.738063e+00 3.545171e+01 1.802988e+01
      vertex 4.401120e+00 3.624649e+01 1.802988e+01
    endloop
  endfacet
  facet normal -1.097100e-01 -5.338034e-01 8.373633e-01
    outer loop
      vertex 7.617894e+00 3.090701e+01 1.490353e+01
      vertex 8.738063e+00 3.545171e+01 1.802988e+01
      vertex 3.836922e+00 3.159990e+01 1.490353e+01
    endloop
  endfacet
  facet normal -1.571535e-01 -5.400611e-01 8.256524e-01
    outer loop
      vertex 7.617894e+00 3.090701e+01 1.490353e+01
      vertex 1.294758e+01 3.413997e+01 1.802988e+01
      vertex 8.738063e+00 3.545171e+01 1.802988e+01
    endloop
  endfacet
  facet normal -1.732530e-01 -5.166873e-01 8.373633e-01
    outer loop
      vertex 1.128778e+01 2.976343e+01 1.490353e+01
      vertex 1.294758e+01 3.413997e+01 1.802988e+01
      vertex 7.617894e+00 3.090701e+01 1.490353e+01
    endloop
  endfacet
  facet normal -2.211048e-01 -5.171806e-01 8.256524e-01
    outer loop
      vertex 1.128778e+01 2.976343e+01 1.490353e+01
      vertex 1.696830e+01 3.233039e+01 1.802988e+01
      vertex 1.294758e+01 3.413997e+01 1.802988e+01
    endloop
  endfacet
  facet normal -2.342696e-01 -4.920367e-01 8.373633e-01
    outer loop
      vertex 1.479306e+01 2.818583e+01 1.490353e+01
      vertex 1.696830e+01 3.233039e+01 1.802988e+01
      vertex 1.128778e+01 2.976343e+01 1.490353e+01
    endloop
  endfacet
  facet normal -2.818319e-01 -4.867586e-01 8.256524e-01
    outer loop
      vertex 1.479306e+01 2.818583e+01 1.490353e+01
      vertex 2.074158e+01 3.004937e+01 1.802988e+01
      vertex 1.696830e+01 3.233039e+01 1.802988e+01
    endloop
  endfacet
  facet normal -2.918700e-01 -4.602112e-01 8.373633e-01
    outer loop
      vertex 1.808263e+01 2.619721e+01 1.490353e+01
      vertex 2.074158e+01 3.004937e+01 1.802988e+01
      vertex 1.479306e+01 2.818583e+01 1.490353e+01
    endloop
  endfacet
  facet normal -3.384493e-01 -4.492384e-01 8.256524e-01
    outer loop
      vertex 1.808263e+01 2.619721e+01 1.490353e+01
      vertex 2.421240e+01 2.733015e+01 1.802988e+01
      vertex 2.074158e+01 3.004937e+01 1.802988e+01
    endloop
  endfacet
  facet normal -3.452142e-01 -4.216746e-01 8.373633e-01
    outer loop
      vertex 2.110851e+01 2.382659e+01 1.490353e+01
      vertex 2.421240e+01 2.733015e+01 1.802988e+01
      vertex 1.808263e+01 2.619721e+01 1.490353e+01
    endloop
  endfacet
  facet normal -3.901314e-01 -4.051675e-01 8.256524e-01
    outer loop
      vertex 2.110851e+01 2.382659e+01 1.490353e+01
      vertex 2.733015e+01 2.421240e+01 1.802988e+01
      vertex 2.421240e+01 2.733015e+01 1.802988e+01
    endloop
  endfacet
  facet normal -3.935245e-01 -3.769892e-01 8.373633e-01
    outer loop
      vertex 2.382659e+01 2.110851e+01 1.490353e+01
      vertex 2.733015e+01 2.421240e+01 1.802988e+01
      vertex 2.110851e+01 2.382659e+01 1.490353e+01
    endloop
  endfacet
  facet normal -4.361244e-01 -3.551882e-01 8.256524e-01
    outer loop
      vertex 2.382659e+01 2.110851e+01 1.490353e+01
      vertex 3.004937e+01 2.074158e+01 1.802988e+01
      vertex 2.733015e+01 2.421240e+01 1.802988e+01
    endloop
  endfacet
  facet normal -4.360963e-01 -3.268064e-01 8.373633e-01
    outer loop
      vertex 2.619721e+01 1.808263e+01 1.490353e+01
      vertex 3.004937e+01 2.074158e+01 1.802988e+01
      vertex 2.382659e+01 2.110851e+01 1.490353e+01
    endloop
  endfacet
  facet normal -4.757577e-01 -3.000295e-01 8.256524e-01
    outer loop
      vertex 2.619721e+01 1.808263e+01 1.490353e+01
      vertex 3.233039e+01 1.696830e+01 1.802988e+01
      vertex 3.004937e+01 2.074158e+01 1.802988e+01
    endloop
  endfacet
  facet normal -4.723088e-01 -2.718580e-01 8.373633e-01
    outer loop
      vertex 2.818583e+01 1.479306e+01 1.490353e+01
      vertex 3.233039e+01 1.696830e+01 1.802988e+01
      vertex 2.619721e+01 1.808263e+01 1.490353e+01
    endloop
  endfacet
  facet normal -5.084535e-01 -2.404957e-01 8.256524e-01
    outer loop
      vertex 2.818583e+01 1.479306e+01 1.490353e+01
      vertex 3.413997e+01 1.294758e+01 1.802988e+01
      vertex 3.233039e+01 1.696830e+01 1.802988e+01
    endloop
  endfacet
  facet normal -5.016340e-01 -2.129453e-01 8.373633e-01
    outer loop
      vertex 2.976343e+01 1.128778e+01 1.490353e+01
      vertex 3.413997e+01 1.294758e+01 1.802988e+01
      vertex 2.818583e+01 1.479306e+01 1.490353e+01
    endloop
  endfacet
  facet normal -5.337349e-01 -1.774549e-01 8.256524e-01
    outer loop
      vertex 2.976343e+01 1.128778e+01 1.490353e+01
      vertex 3.545171e+01 8.738063e+00 1.802988e+01
      vertex 3.413997e+01 1.294758e+01 1.802988e+01
    endloop
  endfacet
  facet normal -5.236443e-01 -1.509274e-01 8.373633e-01
    outer loop
      vertex 3.090701e+01 7.617894e+00 1.490353e+01
      vertex 3.545171e+01 8.738063e+00 1.802988e+01
      vertex 2.976343e+01 1.128778e+01 1.490353e+01
    endloop
  endfacet
  facet normal -5.512332e-01 -1.118264e-01 8.256524e-01
    outer loop
      vertex 3.090701e+01 7.617894e+00 1.490353e+01
      vertex 3.624649e+01 4.401120e+00 1.802988e+01
      vertex 3.545171e+01 8.738063e+00 1.802988e+01
    endloop
  endfacet
  facet normal -5.380186e-01 -8.670863e-02 8.373633e-01
    outer loop
      vertex 3.159990e+01 3.836922e+00 1.490353e+01
      vertex 3.624649e+01 4.401120e+00 1.802988e+01
      vertex 3.090701e+01 7.617894e+00 1.490353e+01
    endloop
  endfacet
  facet normal -5.606933e-01 -4.456725e-02 8.256524e-01
    outer loop
      vertex 3.159990e+01 3.836922e+00 1.490353e+01
      vertex 3.651271e+01 7.978501e-16 1.802988e+01
      vertex 3.624649e+01 4.401120e+00 1.802988e+01
    endloop
  endfacet
  facet normal -5.445474e-01 -2.122544e-02 8.373633e-01
    outer loop
      vertex 3.183199e+01 6.064164e-16 1.490353e+01
      vertex 3.651271e+01 7.978501e-16 1.802988e+01
      vertex 3.159990e+01 3.836922e+00 1.490353e+01
    endloop
  endfacet
  facet normal -5.062692e-01 2.122544e-02 8.609581e-01
    outer loop
      vertex 2.695126e+01 4.347124e-16 1.209939e+01
      vertex 3.159990e+01 -3.836922e+00 1.490353e+01
      vertex 3.183199e+01 6.064164e-16 1.490353e+01
    endloop
  endfacet
  facet normal -4.844159e-01 3.995332e-02 8.728418e-01
    outer loop
      vertex 2.675476e+01 -3.248616e+00 1.209939e+01
      vertex 3.159990e+01 -3.836922e+00 1.490353e+01
      vertex 2.695126e+01 4.347124e-16 1.209939e+01
    endloop
  endfacet
  facet normal -5.000195e-01 8.209470e-02 8.609581e-01
    outer loop
      vertex 2.675476e+01 -3.248616e+00 1.209939e+01
      vertex 3.090701e+01 -7.617894e+00 1.490353e+01
      vertex 3.159990e+01 -3.836922e+00 1.490353e+01
    endloop
  endfacet
  facet normal -4.760681e-01 9.805190e-02 8.728418e-01
    outer loop
      vertex 2.616811e+01 -6.449859e+00 1.209939e+01
      vertex 3.090701e+01 -7.617894e+00 1.490353e+01
      vertex 2.675476e+01 -3.248616e+00 1.209939e+01
    endloop
  endfacet
  facet normal -4.864783e-01 1.417668e-01 8.609581e-01
    outer loop
      vertex 2.616811e+01 -6.449859e+00 1.209939e+01
      vertex 2.976343e+01 -1.128778e+01 1.490353e+01
      vertex 3.090701e+01 -7.617894e+00 1.490353e+01
    endloop
  endfacet
  facet normal -4.607782e-01 1.547207e-01 8.728418e-01
    outer loop
      vertex 2.519987e+01 -9.557050e+00 1.209939e+01
      vertex 2.976343e+01 -1.128778e+01 1.490353e+01
      vertex 2.616811e+01 -6.449859e+00 1.209939e+01
    endloop
  endfacet
  facet normal -4.658432e-01 1.993717e-01 8.609581e-01
    outer loop
      vertex 2.519987e+01 -9.557050e+00 1.209939e+01
      vertex 2.818583e+01 -1.479306e+01 1.490353e+01
      vertex 2.976343e+01 -1.128778e+01 1.490353e+01
    endloop
  endfacet
  facet normal -4.387691e-01 2.091333e-01 8.728418e-01
    outer loop
      vertex 2.386416e+01 -1.252488e+01 1.209939e+01
      vertex 2.818583e+01 -1.479306e+01 1.490353e+01
      vertex 2.519987e+01 -9.557050e+00 1.209939e+01
    endloop
  endfacet
  facet normal -4.384151e-01 2.540692e-01 8.609581e-01
    outer loop
      vertex 2.386416e+01 -1.252488e+01 1.209939e+01
      vertex 2.619721e+01 -1.808263e+01 1.490353e+01
      vertex 2.818583e+01 -1.479306e+01 1.490353e+01
    endloop
  endfacet
  facet normal -4.103618e-01 2.604962e-01 8.728418e-01
    outer loop
      vertex 2.218045e+01 -1.531006e+01 1.209939e+01
      vertex 2.619721e+01 -1.808263e+01 1.490353e+01
      vertex 2.386416e+01 -1.252488e+01 1.209939e+01
    endloop
  endfacet
  facet normal -4.045939e-01 3.050618e-01 8.609581e-01
    outer loop
      vertex 2.218045e+01 -1.531006e+01 1.209939e+01
      vertex 2.382659e+01 -2.110851e+01 1.490353e+01
      vertex 2.619721e+01 -1.808263e+01 1.490353e+01
    endloop
  endfacet
  facet normal -3.759704e-01 3.080606e-01 8.728418e-01
    outer loop
      vertex 2.017331e+01 -1.787199e+01 1.209939e+01
      vertex 2.382659e+01 -2.110851e+01 1.490353e+01
      vertex 2.218045e+01 -1.531006e+01 1.209939e+01
    endloop
  endfacet
  facet normal -3.648728e-01 3.516060e-01 8.609581e-01
    outer loop
      vertex 2.017331e+01 -1.787199e+01 1.209939e+01
      vertex 2.110851e+01 -2.382659e+01 1.490353e+01
      vertex 2.382659e+01 -2.110851e+01 1.490353e+01
    endloop
  endfacet
  facet normal -3.360966e-01 3.511327e-01 8.728418e-01
    outer loop
      vertex 1.787199e+01 -2.017331e+01 1.209939e+01
      vertex 2.110851e+01 -2.382659e+01 1.490353e+01
      vertex 2.017331e+01 -1.787199e+01 1.209939e+01
    endloop
  endfacet
  facet normal -3.198311e-01 3.930230e-01 8.609581e-01
    outer loop
      vertex 1.787199e+01 -2.017331e+01 1.209939e+01
      vertex 1.808263e+01 -2.619721e+01 1.490353e+01
      vertex 2.110851e+01 -2.382659e+01 1.490353e+01
    endloop
  endfacet
  facet normal -2.913217e-01 3.890845e-01 8.728418e-01
    outer loop
      vertex 1.531006e+01 -2.218045e+01 1.209939e+01
      vertex 1.808263e+01 -2.619721e+01 1.490353e+01
      vertex 1.787199e+01 -2.017331e+01 1.209939e+01
    endloop
  endfacet
  facet normal -2.701255e-01 4.287088e-01 8.609581e-01
    outer loop
      vertex 1.531006e+01 -2.218045e+01 1.209939e+01
      vertex 1.479306e+01 -2.818583e+01 1.490353e+01
      vertex 1.808263e+01 -2.619721e+01 1.490353e+01
    endloop
  endfacet
  facet normal -2.422987e-01 4.213625e-01 8.728418e-01
    outer loop
      vertex 1.252488e+01 -2.386416e+01 1.209939e+01
      vertex 1.479306e+01 -2.818583e+01 1.490353e+01
      vertex 1.531006e+01 -2.218045e+01 1.209939e+01
    endloop
  endfacet
  facet normal -2.164808e-01 4.581430e-01 8.609581e-01
    outer loop
      vertex 1.252488e+01 -2.386416e+01 1.209939e+01
      vertex 1.128778e+01 -2.976343e+01 1.490353e+01
      vertex 1.479306e+01 -2.818583e+01 1.490353e+01
    endloop
  endfacet
  facet normal -1.897424e-01 4.474962e-01 8.728418e-01
    outer loop
      vertex 9.557050e+00 -2.519987e+01 1.209939e+01
      vertex 1.128778e+01 -2.976343e+01 1.490353e+01
      vertex 1.252488e+01 -2.386416e+01 1.209939e+01
    endloop
  endfacet
  facet normal -1.596794e-01 4.808966e-01 8.609581e-01
    outer loop
      vertex 9.557050e+00 -2.519987e+01 1.209939e+01
      vertex 7.617894e+00 -3.090701e+01 1.490353e+01
      vertex 1.128778e+01 -2.976343e+01 1.490353e+01
    endloop
  endfacet
  facet normal -1.344192e-01 4.671044e-01 8.728418e-01
    outer loop
      vertex 6.449859e+00 -2.616811e+01 1.209939e+01
      vertex 7.617894e+00 -3.090701e+01 1.490353e+01
      vertex 9.557050e+00 -2.519987e+01 1.209939e+01
    endloop
  endfacet
  facet normal -1.005495e-01 4.966375e-01 8.609581e-01
    outer loop
      vertex 6.449859e+00 -2.616811e+01 1.209939e+01
      vertex 3.836922e+00 -3.159990e+01 1.490353e+01
      vertex 7.617894e+00 -3.090701e+01 1.490353e+01
    endloop
  endfacet
  facet normal -7.713597e-02 4.799011e-01 8.728418e-01
    outer loop
      vertex 3.248616e+00 -2.675476e+01 1.209939e+01
      vertex 3.836922e+00 -3.159990e+01 1.490353e+01
      vertex 6.449859e+00 -2.616811e+01 1.209939e+01
    endloop
  endfacet
  facet normal -3.995332e-02 5.051363e-01 8.609581e-01
    outer loop
      vertex 3.248616e+00 -2.675476e+01 1.209939e+01
      vertex 6.064164e-16 -3.183199e+01 1.490353e+01
      vertex 3.836922e+00 -3.159990e+01 1.490353e+01
    endloop
  endfacet
  facet normal -1.872787e-02 4.856998e-01 8.728418e-01
    outer loop
      vertex 4.347124e-16 -2.695126e+01 1.209939e+01
      vertex 6.064164e-16 -3.183199e+01 1.490353e+01
      vertex 3.248616e+00 -2.675476e+01 1.209939e+01
    endloop
  endfacet
  facet normal 2.122544e-02 5.062692e-01 8.609581e-01
    outer loop
      vertex 4.347124e-16 -2.695126e+01 1.209939e+01
      vertex -3.836922e+00 -3.159990e+01 1.490353e+01
      vertex 6.064164e-16 -3.183199e+01 1.490353e+01
    endloop
  endfacet
  facet normal 3.995332e-02 4.844159e-01 8.728418e-01
    outer loop
      vertex -3.248616e+00 -2.675476e+01 1.209939e+01
      vertex -3.836922e+00 -3.159990e+01 1.490353e+01
      vertex 4.347124e-16 -2.695126e+01 1.209939e+01
    endloop
  endfacet
  facet normal 8.209470e-02 5.000195e-01 8.609581e-01
    outer loop
      vertex -3.248616e+00 -2.675476e+01 1.209939e+01
      vertex -7.617894e+00 -3.090701e+01 1.490353e+01
      vertex -3.836922e+00 -3.159990e+01 1.490353e+01
    endloop
  endfacet
  facet normal 9.805190e-02 4.760681e-01 8.728418e-01
    outer loop
      vertex -6.449859e+00 -2.616811e+01 1.209939e+01
      vertex -7.617894e+00 -3.090701e+01 1.490353e+01
      vertex -3.248616e+00 -2.675476e+01 1.209939e+01
    endloop
  endfacet
  facet normal 1.417668e-01 4.864783e-01 8.609581e-01
    outer loop
      vertex -6.449859e+00 -2.616811e+01 1.209939e+01
      vertex -1.128778e+01 -2.976343e+01 1.490353e+01
      vertex -7.617894e+00 -3.090701e+01 1.490353e+01
    endloop
  endfacet
  facet normal 1.547207e-01 4.607782e-01 8.728418e-01
    outer loop
      vertex -9.557050e+00 -2.519987e+01 1.209939e+01
      vertex -1.128778e+01 -2.976343e+01 1.490353e+01
      vertex -6.449859e+00 -2.616811e+01 1.209939e+01
    endloop
  endfacet
  facet normal 1.993717e-01 4.658432e-01 8.609581e-01
    outer loop
      vertex -9.557050e+00 -2.519987e+01 1.209939e+01
      vertex -1.479306e+01 -2.818583e+01 1.490353e+01
      vertex -1.128778e+01 -2.976343e+01 1.490353e+01
    endloop
  endfacet
  facet normal 2.091333e-01 4.387691e-01 8.728418e-01
    outer loop
      vertex -1.252488e+01 -2.386416e+01 1.209939e+01
      vertex -1.479306e+01 -2.818583e+01 1.490353e+01
      vertex -9.557050e+00 -2.519987e+01 1.209939e+01
    endloop
  endfacet
  facet normal 2.540692e-01 4.384151e-01 8.609581e-01
    outer loop
      vertex -1.252488e+01 -2.386416e+01 1.209939e+01
      vertex -1.808263e+01 -2.619721e+01 1.490353e+01
      vertex -1.479306e+01 -2.818583e+01 1.490353e+01
    endloop
  endfacet
  facet normal 2.604962e-01 4.103618e-01 8.728418e-01
    outer loop
      vertex -1.531006e+01 -2.218045e+01 1.209939e+01
      vertex -1.808263e+01 -2.619721e+01 1.490353e+01
      vertex -1.252488e+01 -2.386416e+01 1.209939e+01
    endloop
  endfacet
  facet normal 3.050618e-01 4.045939e-01 8.609581e-01
    outer loop
      vertex -1.531006e+01 -2.218045e+01 1.209939e+01
      vertex -2.110851e+01 -2.382659e+01 1.490353e+01
      vertex -1.808263e+01 -2.619721e+01 1.490353e+01
    endloop
  endfacet
  facet normal 3.080606e-01 3.759704e-01 8.728418e-01
    outer loop
      vertex -1.787199e+01 -2.017331e+01 1.209939e+01
      vertex -2.110851e+01 -2.382659e+01 1.490353e+01
      vertex -1.531006e+01 -2.218045e+01 1.209939e+01
    endloop
  endfacet
  facet normal 3.516060e-01 3.648728e-01 8.609581e-01
    outer loop
      vertex -1.787199e+01 -2.017331e+01 1.209939e+01
      vertex -2.382659e+01 -2.110851e+01 1.490353e+01
      vertex -2.110851e+01 -2.382659e+01 1.490353e+01
    endloop
  endfacet
  facet normal 3.511327e-01 3.360966e-01 8.728418e-01
    outer loop
      vertex -2.017331e+01 -1.787199e+01 1.209939e+01
      vertex -2.382659e+01 -2.110851e+01 1.490353e+01
      vertex -1.787199e+01 -2.017331e+01 1.209939e+01
    endloop
  endfacet
  facet normal 3.930230e-01 3.198311e-01 8.609581e-01
    outer loop
      vertex -2.017331e+01 -1.787199e+01 1.209939e+01
      vertex -2.619721e+01 -1.808263e+01 1.490353e+01
      vertex -2.382659e+01 -2.110851e+01 1.490353e+01
    endloop
  endfacet
  facet normal 3.890845e-01 2.913217e-01 8.728418e-01
    outer loop
      vertex -2.218045e+01 -1.531006e+01 1.209939e+01
      vertex -2.619721e+01 -1.808263e+01 1.490353e+01
      vertex -2.017331e+01 -1.787199e+01 1.209939e+01
    endloop
  endfacet
  facet normal 4.287088e-01 2.701255e-01 8.609581e-01
    outer loop
      vertex -2.218045e+01 -1.531006e+01 1.209939e+01
      vertex -2.818583e+01 -1.479306e+01 1.490353e+01
      vertex -2.619721e+01 -1.808263e+01 1.490353e+01
    endloop
  endfacet
  facet normal 4.213625e-01 2.422987e-01 8.728418e-01
    outer loop
      vertex -2.386416e+01 -1.252488e+01 1.209939e+01
      vertex -2.818583e+01 -1.479306e+01 1.490353e+01
      vertex -2.218045e+01 -1.531006e+01 1.209939e+01
    endloop
  endfacet
  facet normal 4.581430e-01 2.164808e-01 8.609581e-01
    outer loop
      vertex -2.386416e+01 -1.252488e+01 1.209939e+01
      vertex -2.976343e+01 -1.128778e+01 1.490353e+01
      vertex -2.818583e+01 -1.479306e+01 1.490353e+01
    endloop
  endfacet
  facet normal 4.474962e-01 1.897424e-01 8.728418e-01
    outer loop
      vertex -2.519987e+01 -9.557050e+00 1.209939e+01
      vertex -2.976343e+01 -1.128778e+01 1.490353e+01
      vertex -2.386416e+01 -1.252488e+01 1.209939e+01
    endloop
  endfacet
  facet normal 4.808966e-01 1.596794e-01 8.609581e-01
    outer loop
      vertex -2.519987e+01 -9.557050e+00 1.209939e+01
      vertex -3.090701e+01 -7.617894e+00 1.490353e+01
      vertex -2.976343e+01 -1.128778e+01 1.490353e+01
    endloop
  endfacet
  facet normal 4.671044e-01 1.344192e-01 8.728418e-01
    outer loop
      vertex -2.616811e+01 -6.449859e+00 1.209939e+01
      vertex -3.090701e+01 -7.617894e+00 1.490353e+01
      vertex -2.519987e+01 -9.557050e+00 1.209939e+01
    endloop
  endfacet
  facet normal 4.966375e-01 1.005495e-01 8.609581e-01
    outer loop
      vertex -2.616811e+01 -6.449859e+00 1.209939e+01
      vertex -3.159990e+01 -3.836922e+00 1.490353e+01
      vertex -3.090701e+01 -7.617894e+00 1.490353e+01
    endloop
  endfacet
  facet normal 4.799011e-01 7.713597e-02 8.728418e-01
    outer loop
      vertex -2.675476e+01 -3.248616e+00 1.209939e+01
      vertex -3.159990e+01 -3.836922e+00 1.490353e+01
      vertex -2.616811e+01 -6.449859e+00 1.209939e+01
    endloop
  endfacet
  facet normal 5.051363e-01 3.995332e-02 8.609581e-01
    outer loop
      vertex -2.675476e+01 -3.248616e+00 1.209939e+01
      vertex -3.183199e+01 -6.064164e-16 1.490353e+01
      vertex -3.159990e+01 -3.836922e+00 1.490353e+01
    endloop
  endfacet
  facet normal 4.856998e-01 1.872787e-02 8.728418e-01
    outer loop
      vertex -2.695126e+01 -4.347124e-16 1.209939e+01
      vertex -3.183199e+01 -6.064164e-16 1.490353e+01
      vertex -2.675476e+01 -3.248616e+00 1.209939e+01
    endloop
  endfacet
  facet normal 5.062692e-01 -2.122544e-02 8.609581e-01
    outer loop
      vertex -2.695126e+01 -4.347124e-16 1.209939e+01
      vertex -3.159990e+01 3.836922e+00 1.490353e+01
      vertex -3.183199e+01 -6.064164e-16 1.490353e+01
    endloop
  endfacet
  facet normal 4.844159e-01 -3.995332e-02 8.728418e-01
    outer loop
      vertex -2.675476e+01 3.248616e+00 1.209939e+01
      vertex -3.159990e+01 3.836922e+00 1.490353e+01
      vertex -2.695126e+01 -4.347124e-16 1.209939e+01
    endloop
  endfacet
  facet normal 5.000195e-01 -8.209470e-02 8.609581e-01
    outer loop
      vertex -2.675476e+01 3.248616e+00 1.209939e+01
      vertex -3.090701e+01 7.617894e+00 1.490353e+01
      vertex -3.159990e+01 3.836922e+00 1.490353e+01
    endloop
  endfacet
  facet normal 4.760681e-01 -9.805190e-02 8.728418e-01
    outer loop
      vertex -2.616811e+01 6.449859e+00 1.209939e+01
      vertex -3.090701e+01 7.617894e+00 1.490353e+01
      vertex -2.675476e+01 3.248616e+00 1.209939e+01
    endloop
  endfacet
  facet normal 4.864783e-01 -1.417668e-01 8.609581e-01
    outer loop
      vertex -2.616811e+01 6.449859e+00 1.209939e+01
      vertex -2.976343e+01 1.128778e+01 1.490353e+01
      vertex -3.090701e+01 7.617894e+00 1.490353e+01
    endloop
  endfacet
  facet normal 4.607782e-01 -1.547207e-01 8.728418e-01
    outer loop
      vertex -2.519987e+01 9.557050e+00 1.209939e+01
      vertex -2.976343e+01 1.128778e+01 1.490353e+01
      vertex -2.616811e+01 6.449859e+00 1.209939e+01
    endloop
  endfacet
  facet normal 4.658432e-01 -1.993717e-01 8.609581e-01
    outer loop
      vertex -2.519987e+01 9.557050e+00 1.209939e+01
      vertex -2.818583e+01 1.479306e+01 1.490353e+01
      vertex -2.976343e+01 1.128778e+01 1.490353e+01
    endloop
  endfacet
  facet normal 4.387691e-01 -2.091333e-01 8.728418e-01
    outer loop
      vertex -2.386416e+01 1.252488e+01 1.209939e+01
      vertex -2.818583e+01 1.479306e+01 1.490353e+01
      vertex -2.519987e+01 9.557050e+00 1.209939e+01
    endloop
  endfacet
  facet normal 4.384151e-01 -2.540692e-01 8.609581e-01
    outer loop
      vertex -2.386416e+01 1.252488e+01 1.209939e+01
      vertex -2.619721e+01 1.808263e+01 1.490353e+01
      vertex -2.818583e+01 1.479306e+01 1.490353e+01
    endloop
  endfacet
  facet normal 4.103618e-01 -2.604962e-01 8.728418e-01
    outer loop
      vertex -2.218045e+01 1.531006e+01 1.209939e+01
      vertex -2.619721e+01 1.808263e+01 1.490353e+01
      vertex -2.386416e+01 1.252488e+01 1.209939e+01
    endloop
  endfacet
  facet normal 4.045939e-01 -3.050618e-01 8.609581e-01
    outer loop
      vertex -2.218045e+01 1.531006e+01 1.209939e+01
      vertex -2.382659e+01 2.110851e+01 1.490353e+01
      vertex -2.619721e+01 1.808263e+01 1.490353e+01
    endloop
  endfacet
  facet normal 3.759704e-01 -3.080606e-01 8.728418e-01
    outer loop
      vertex -2.017331e+01 1.787199e+01 1.209939e+01
      vertex -2.382659e+01 2.110851e+01 1.490353e+01
      vertex -2.218045e+01 1.531006e+01 1.209939e+01
    endloop
  endfacet
  facet normal 3.648728e-01 -3.516060e-01 8.609581e-01
    outer loop
      vertex -2.017331e+01 1.787199e+01 1.209939e+01
      vertex -2.110851e+01 2.382659e+01 1.490353e+01
      vertex -2.382659e+01 2.110851e+01 1.490353e+01
    endloop
  endfacet
  facet normal 3.360966e-01 -3.511327e-01 8.728418e-01
    outer loop
      vertex -1.787199e+01 2.017331e+01 1.209939e+01
      vertex -2.110851e+01 2.382659e+01 1.490353e+01
      vertex -2.017331e+01 1.787199e+01 1.209939e+01
    endloop
  endfacet
  facet normal 3.198311e-01 -3.930230e-01 8.609581e-01
    outer loop
      vertex -1.787199e+01 2.017331e+01 1.209939e+01
      vertex -1.808263e+01 2.619721e+01 1.490353e+01
      vertex -2.110851e+01 2.382659e+01 1.490353e+01
    endloop
  endfacet
  facet normal 2.913217e-01 -3.890845e-01 8.728418e-01
    outer loop
      vertex -1.531006e+01 2.218045e+01 1.209939e+01
      vertex -1.808263e+01 2.619721e+01 1.490353e+01
      vertex -1.787199e+01 2.017331e+01 1.209939e+01
    endloop
  endfacet
  facet normal 2.701255e-01 -4.287088e-01 8.609581e-01
    outer loop
      vertex -1.531006e+01 2.218045e+01 1.209939e+01
      vertex -1.479306e+01 2.818583e+01 1.490353e+01
      vertex -1.808263e+01 2.619721e+01 1.490353e+01
    endloop
  endfacet
  facet normal 2.422987e-01 -4.213625e-01 8.728418e-01
    outer loop
      vertex -1.252488e+01 2.386416e+01 1.209939e+01
      vertex -1.479306e+01 2.818583e+01 1.490353e+01
      vertex -1.531006e+01 2.218045e+01 1.209939e+01
    endloop
  endfacet
  facet normal 2.164808e-01 -4.581430e-01 8.609581e-01
    outer loop
      vertex -1.252488e+01 2.386416e+01 1.209939e+01
      vertex -1.128778e+01 2.976343e+01 1.490353e+01
      vertex -1.479306e+01 2.818583e+01 1.490353e+01
    endloop
  endfacet
  facet normal 1.897424e-01 -4.474962e-01 8.728418e-01
    outer loop
      vertex -9.557050e+00 2.519987e+01 1.209939e+01
      vertex -1.128778e+01 2.976343e+01 1.490353e+01
      vertex -1.252488e+01 2.386416e+01 1.209939e+01
    endloop
  endfacet
  facet normal 1.596794e-01 -4.808966e-01 8.609581e-01
    outer loop
      vertex -9.557050e+00 2.519987e+01 1.209939e+01
      vertex -7.617894e+00 3.090701e+01 1.490353e+01
      vertex -1.128778e+01 2.976343e+01 1.490353e+01
    endloop
  endfacet
  facet normal 1.344192e-01 -4.671044e-01 8.728418e-01
    outer loop
      vertex -6.449859e+00 2.616811e+01 1.209939e+01
      vertex -7.617894e+00 3.090701e+01 1.490353e+01
      vertex -9.557050e+00 2.519987e+01 1.209939e+01
    endloop
  endfacet
  facet normal 1.005495e-01 -4.966375e-01 8.609581e-01
    outer loop
      vertex -6.449859e+00 2.616811e+01 1.209939e+01
      vertex -3.836922e+00 3.159990e+01 1.490353e+01
      vertex -7.617894e+00 3.090701e+01 1.490353e+01
    endloop
  endfacet
  facet normal 7.713597e-02 -4.799011e-01 8.728418e-01
    outer loop
      vertex -3.248616e+00 2.675476e+01 1.209939e+01
      vertex -3.836922e+00 3.159990e+01 1.490353e+01
      vertex -6.449859e+00 2.616811e+01 1.209939e+01
    endloop
  endfacet
  facet normal 3.995332e-02 -5.051363e-01 8.609581e-01
    outer loop
      vertex -3.248616e+00 2.675476e+01 1.209939e+01
      vertex -6.064164e-16 3.183199e+01 1.490353e+01
      vertex -3.836922e+00 3.159990e+01 1.490353e+01
    endloop
  endfacet
  facet normal 1.872787e-02 -4.856998e-01 8.728418e-01
    outer loop
      vertex -4.347124e-16 2.695126e+01 1.209939e+01
      vertex -6.064164e-16 3.183199e+01 1.490353e+01
      vertex -3.248616e+00 2.675476e+01 1.209939e+01
    endloop
  endfacet
  facet normal -2.122544e-02 -5.062692e-01 8.609581e-01
    outer loop
      vertex -4.347124e-16 2.695126e+01 1.209939e+01
      vertex 3.836922e+00 3.159990e+01 1.490353e+01
      vertex -6.064164e-16 3.183199e+01 1.490353e+01
    endloop
  endfacet
  facet normal -3.995332e-02 -4.844159e-01 8.728418e-01
    outer loop
      vertex 3.248616e+00 2.675476e+01 1.209939e+01
      vertex 3.836922e+00 3.159990e+01 1.490353e+01
      vertex -4.347124e-16 2.695126e+01 1.209939e+01
    endloop
  endfacet
  facet normal -8.209470e-02 -5.000195e-01 8.609581e-01
    outer loop
      vertex 3.248616e+00 2.675476e+01 1.209939e+01
      vertex 7.617894e+00 3.090701e+01 1.490353e+01
      vertex 3.836922e+00 3.159990e+01 1.490353e+01
    endloop
  endfacet
  facet normal -9.805190e-02 -4.760681e-01 8.728418e-01
    outer loop
      vertex 6.449859e+00 2.616811e+01 1.209939e+01
      vertex 7.617894e+00 3.090701e+01 1.490353e+01
      vertex 3.248616e+00 2.675476e+01 1.209939e+01
    endloop
  endfacet
  facet normal -1.417668e-01 -4.864783e-01 8.609581e-01
    outer loop
      vertex 6.449859e+00 2.616811e+01 1.209939e+01
      vertex 1.128778e+01 2.976343e+01 1.490353e+01
      vertex 7.617894e+00 3.090701e+01 1.490353e+01
    endloop
  endfacet
  facet normal -1.547207e-01 -4.607782e-01 8.728418e-01
    outer loop
      vertex 9.557050e+00 2.519987e+01 1.209939e+01
      vertex 1.128778e+01 2.976343e+01 1.490353e+01
      vertex 6.449859e+00 2.616811e+01 1.209939e+01
    endloop
  endfacet
  facet normal -1.993717e-01 -4.658432e-01 8.609581e-01
    outer loop
      vertex 9.557050e+00 2.519987e+01 1.209939e+01
      vertex 1.479306e+01 2.818583e+01 1.490353e+01
      vertex 1.128778e+01 2.976343e+01 1.490353e+01
    endloop
  endfacet
  facet normal -2.091333e-01 -4.387691e-01 8.728418e-01
    outer loop
      vertex 1.252488e+01 2.386416e+01 1.209939e+01
      vertex 1.479306e+01 2.818583e+01 1.490353e+01
      vertex 9.557050e+00 2.519987e+01 1.209939e+01
    endloop
  endfacet
  facet normal -2.540692e-01 -4.384151e-01 8.609581e-01
    outer loop
      vertex 1.252488e+01 2.386416e+01 1.209939e+01
      vertex 1.808263e+01 2.619721e+01 1.490353e+01
      vertex 1.479306e+01 2.818583e+01 1.490353e+01
    endloop
  endfacet
  facet normal -2.604962e-01 -4.103618e-01 8.728418e-01
    outer loop
      vertex 1.531006e+01 2.218045e+01 1.209939e+01
      vertex 1.808263e+01 2.619721e+01 1.490353e+01
      vertex 1.252488e+01 2.386416e+01 1.209939e+01
    endloop
  endfacet
  facet normal -3.050618e-01 -4.045939e-01 8.609581e-01
    outer loop
      vertex 1.531006e+01 2.218045e+01 1.209939e+01
      vertex 2.110851e+01 2.382659e+01 1.490353e+01
      vertex 1.808263e+01 2.619721e+01 1.490353e+01
    endloop
  endfacet
  facet normal -3.080606e-01 -3.759704e-01 8.728418e-01
    outer loop
      vertex 1.787199e+01 2.017331e+01 1.209939e+01
      vertex 2.110851e+01 2.382659e+01 1.490353e+01
      vertex 1.531006e+01 2.218045e+01 1.209939e+01
    endloop
  endfacet
  facet normal -3.516060e-01 -3.648728e-01 8.609581e-01
    outer loop
      vertex 1.787199e+01 2.017331e+01 1.209939e+01
      vertex 2.382659e+01 2.110851e+01 1.490353e+01
      vertex 2.110851e+01 2.382659e+01 1.490353e+01
    endloop
  endfacet
  facet normal -3.511327e-01 -3.360966e-01 8.728418e-01
    outer loop
      vertex 2.017331e+01 1.787199e+01 1.209939e+01
      vertex 2.382659e+01 2.110851e+01 1.490353e+01
      vertex 1.787199e+01 2.017331e+01 1.209939e+01
    endloop
  endfacet
  facet normal -3.930230e-01 -3.198311e-01 8.609581e-01
    outer loop
      vertex 2.017331e+01 1.787199e+01 1.209939e+01
      vertex 2.619721e+01 1.808263e+01 1.490353e+01
      vertex 2.382659e+01 2.110851e+01 1.490353e+01
    endloop
  endfacet
  facet normal -3.890845e-01 -2.913217e-01 8.728418e-01
    outer loop
      vertex 2.218045e+01 1.531006e+01 1.209939e+01
      vertex 2.619721e+01 1.808263e+01 1.490353e+01
      vertex 2.017331e+01 1.787199e+01 1.209939e+01
    endloop
  endfacet
  facet normal -4.287088e-01 -2.701255e-01 8.609581e-01
    outer loop
      vertex 2.218045e+01 1.531006e+01 1.209939e+01
      vertex 2.818583e+01 1.479306e+01 1.490353e+01
      vertex 2.619721e+01 1.808263e+01 1.490353e+01
    endloop
  endfacet
  facet normal -4.213625e-01 -2.422987e-01 8.728418e-01
    outer loop
      vertex 2.386416e+01 1.252488e+01 1.209939e+01
      vertex 2.818583e+01 1.479306e+01 1.490353e+01
      vertex 2.218045e+01 1.531006e+01 1.209939e+01
    endloop
  endfacet
  facet normal -4.581430e-01 -2.164808e-01 8.609581e-01
    outer loop
      vertex 2.386416e+01 1.252488e+01 1.209939e+01
      vertex 2.976343e+01 1.128778e+01 1.490353e+01
      vertex 2.818583e+01 1.479306e+01 1.490353e+01
    endloop
  endfacet
  facet normal -4.474962e-01 -1.897424e-01 8.728418e-01
    outer loop
      vertex 2.519987e+01 9.557050e+00 1.209939e+01
      vertex 2.976343e+01 1.128778e+01 1.490353e+01
      vertex 2.386416e+01 1.252488e+01 1.209939e+01
    endloop
  endfacet
  facet normal -4.808966e-01 -1.596794e-01 8.609581e-01
    outer loop
      vertex 2.519987e+01 9.557050e+00 1.209939e+01
      vertex 3.090701e+01 7.617894e+00 1.490353e+01
      vertex 2.976343e+01 1.128778e+01 1.490353e+01
    endloop
  endfacet
  facet normal -4.671044e-01 -1.344192e-01 8.728418e-01
    outer loop
      vertex 2.616811e+01 6.449859e+00 1.209939e+01
      vertex 3.090701e+01 7.617894e+00 1.490353e+01
      vertex 2.519987e+01 9.557050e+00 1.209939e+01
    endloop
  endfacet
  facet normal -4.966375e-01 -1.005495e-01 8.609581e-01
    outer loop
      vertex 2.616811e+01 6.449859e+00 1.209939e+01
      vertex 3.159990e+01 3.836922e+00 1.490353e+01
      vertex 3.090701e+01 7.617894e+00 1.490353e+01
    endloop
  endfacet
  facet normal -4.799011e-01 -7.713597e-02 8.728418e-01
    outer loop
      vertex 2.675476e+01 3.248616e+00 1.209939e+01
      vertex 3.159990e+01 3.836922e+00 1.490353e+01
      vertex 2.616811e+01 6.449859e+00 1.209939e+01
    endloop
  endfacet
  facet normal -5.051363e-01 -3.995332e-02 8.609581e-01
    outer loop
      vertex 2.675476e+01 3.248616e+00 1.209939e+01
      vertex 3.183199e+01 6.064164e-16 1.490353e+01
      vertex 3.159990e+01 3.836922e+00 1.490353e+01
    endloop
  endfacet
  facet normal -4.856998e-01 -1.872787e-02 8.728418e-01
    outer loop
      vertex 2.695126e+01 4.347124e-16 1.209939e+01
      vertex 3.183199e+01 6.064164e-16 1.490353e+01
      vertex 2.675476e+01 3.248616e+00 1.209939e+01
    endloop
  endfacet
  facet normal -4.470804e-01 1.872787e-02 8.934824e-01
    outer loop
      vertex 2.315963e+01 3.210006e-16 1.024234e+01
      vertex 2.675476e+01 -3.248616e+00 1.209939e+01
      vertex 2.695126e+01 4.347124e-16 1.209939e+01
    endloop
  endfacet
  facet normal -4.281790e-01 3.529826e-02 9.022393e-01
    outer loop
      vertex 2.299077e+01 -2.791585e+00 1.024234e+01
      vertex 2.675476e+01 -3.248616e+00 1.209939e+01
      vertex 2.315963e+01 3.210006e-16 1.024234e+01
    endloop
  endfacet
  facet normal -4.415633e-01 7.248091e-02 8.934824e-01
    outer loop
      vertex 2.299077e+01 -2.791585e+00 1.024234e+01
      vertex 2.616811e+01 -6.449859e+00 1.209939e+01
      vertex 2.675476e+01 -3.248616e+00 1.209939e+01
    endloop
  endfacet
  facet normal -4.208024e-01 8.665218e-02 9.022393e-01
    outer loop
      vertex 2.248665e+01 -5.542462e+00 1.024234e+01
      vertex 2.616811e+01 -6.449859e+00 1.209939e+01
      vertex 2.299077e+01 -2.791585e+00 1.024234e+01
    endloop
  endfacet
  facet normal -4.296072e-01 1.251770e-01 8.934824e-01
    outer loop
      vertex 2.248665e+01 -5.542462e+00 1.024234e+01
      vertex 2.519987e+01 -9.557050e+00 1.209939e+01
      vertex 2.616811e+01 -6.449859e+00 1.209939e+01
    endloop
  endfacet
  facet normal -4.072895e-01 1.367425e-01 9.022393e-01
    outer loop
      vertex 2.165463e+01 -8.212518e+00 1.024234e+01
      vertex 2.519987e+01 -9.557050e+00 1.209939e+01
      vertex 2.248665e+01 -5.542462e+00 1.024234e+01
    endloop
  endfacet
  facet normal -4.113864e-01 1.760477e-01 8.934824e-01
    outer loop
      vertex 2.165463e+01 -8.212518e+00 1.024234e+01
      vertex 2.386416e+01 -1.252488e+01 1.209939e+01
      vertex 2.519987e+01 -9.557050e+00 1.209939e+01
    endloop
  endfacet
  facet normal -3.878374e-01 1.848388e-01 9.022393e-01
    outer loop
      vertex 2.050683e+01 -1.076282e+01 1.024234e+01
      vertex 2.386416e+01 -1.252488e+01 1.209939e+01
      vertex 2.165463e+01 -8.212518e+00 1.024234e+01
    endloop
  endfacet
  facet normal -3.871667e-01 2.243513e-01 8.934824e-01
    outer loop
      vertex 2.050683e+01 -1.076282e+01 1.024234e+01
      vertex 2.218045e+01 -1.531006e+01 1.209939e+01
      vertex 2.386416e+01 -1.252488e+01 1.209939e+01
    endloop
  endfacet
  facet normal -3.627298e-01 2.302398e-01 9.022393e-01
    outer loop
      vertex 1.906000e+01 -1.315617e+01 1.024234e+01
      vertex 2.218045e+01 -1.531006e+01 1.209939e+01
      vertex 2.050683e+01 -1.076282e+01 1.024234e+01
    endloop
  endfacet
  facet normal -3.573013e-01 2.693833e-01 8.934824e-01
    outer loop
      vertex 1.906000e+01 -1.315617e+01 1.024234e+01
      vertex 2.017331e+01 -1.787199e+01 1.209939e+01
      vertex 2.218045e+01 -1.531006e+01 1.209939e+01
    endloop
  endfacet
  facet normal -3.323328e-01 2.722833e-01 9.022393e-01
    outer loop
      vertex 1.733523e+01 -1.535767e+01 1.024234e+01
      vertex 2.017331e+01 -1.787199e+01 1.209939e+01
      vertex 1.906000e+01 -1.315617e+01 1.024234e+01
    endloop
  endfacet
  facet normal -3.222256e-01 3.104872e-01 8.934824e-01
    outer loop
      vertex 1.733523e+01 -1.535767e+01 1.024234e+01
      vertex 1.787199e+01 -2.017331e+01 1.209939e+01
      vertex 2.017331e+01 -1.787199e+01 1.209939e+01
    endloop
  endfacet
  facet normal -2.970895e-01 3.103564e-01 9.022393e-01
    outer loop
      vertex 1.535767e+01 -1.733523e+01 1.024234e+01
      vertex 1.787199e+01 -2.017331e+01 1.209939e+01
      vertex 1.733523e+01 -1.535767e+01 1.024234e+01
    endloop
  endfacet
  facet normal -2.824511e-01 3.470634e-01 8.934824e-01
    outer loop
      vertex 1.535767e+01 -1.733523e+01 1.024234e+01
      vertex 1.531006e+01 -2.218045e+01 1.209939e+01
      vertex 1.787199e+01 -2.017331e+01 1.209939e+01
    endloop
  endfacet
  facet normal -2.575141e-01 3.439037e-01 9.022393e-01
    outer loop
      vertex 1.315617e+01 -1.906000e+01 1.024234e+01
      vertex 1.531006e+01 -2.218045e+01 1.209939e+01
      vertex 1.535767e+01 -1.733523e+01 1.024234e+01
    endloop
  endfacet
  facet normal -2.385579e-01 3.785786e-01 8.934824e-01
    outer loop
      vertex 1.315617e+01 -1.906000e+01 1.024234e+01
      vertex 1.252488e+01 -2.386416e+01 1.209939e+01
      vertex 1.531006e+01 -2.218045e+01 1.209939e+01
    endloop
  endfacet
  facet normal -2.141835e-01 3.724362e-01 9.022393e-01
    outer loop
      vertex 1.076282e+01 -2.050683e+01 1.024234e+01
      vertex 1.252488e+01 -2.386416e+01 1.209939e+01
      vertex 1.315617e+01 -1.906000e+01 1.024234e+01
    endloop
  endfacet
  facet normal -1.911859e-01 4.045733e-01 8.934824e-01
    outer loop
      vertex 1.076282e+01 -2.050683e+01 1.024234e+01
      vertex 9.557050e+00 -2.519987e+01 1.209939e+01
      vertex 1.252488e+01 -2.386416e+01 1.209939e+01
    endloop
  endfacet
  facet normal -1.677297e-01 3.955376e-01 9.022393e-01
    outer loop
      vertex 8.212518e+00 -2.165463e+01 1.024234e+01
      vertex 9.557050e+00 -2.519987e+01 1.209939e+01
      vertex 1.076282e+01 -2.050683e+01 1.024234e+01
    endloop
  endfacet
  facet normal -1.410260e-01 4.246684e-01 8.934824e-01
    outer loop
      vertex 8.212518e+00 -2.165463e+01 1.024234e+01
      vertex 6.449859e+00 -2.616811e+01 1.209939e+01
      vertex 9.557050e+00 -2.519987e+01 1.209939e+01
    endloop
  endfacet
  facet normal -1.188299e-01 4.128713e-01 9.022393e-01
    outer loop
      vertex 5.542462e+00 -2.248665e+01 1.024234e+01
      vertex 6.449859e+00 -2.616811e+01 1.209939e+01
      vertex 8.212518e+00 -2.165463e+01 1.024234e+01
    endloop
  endfacet
  facet normal -8.880966e-02 4.385709e-01 8.934824e-01
    outer loop
      vertex 5.542462e+00 -2.248665e+01 1.024234e+01
      vertex 3.248616e+00 -2.675476e+01 1.209939e+01
      vertex 6.449859e+00 -2.616811e+01 1.209939e+01
    endloop
  endfacet
  facet normal -6.819740e-02 4.241844e-01 9.022393e-01
    outer loop
      vertex 2.791585e+00 -2.299077e+01 1.024234e+01
      vertex 3.248616e+00 -2.675476e+01 1.209939e+01
      vertex 5.542462e+00 -2.248665e+01 1.024234e+01
    endloop
  endfacet
  facet normal -3.529826e-02 4.460781e-01 8.934824e-01
    outer loop
      vertex 2.791585e+00 -2.299077e+01 1.024234e+01
      vertex 4.347124e-16 -2.695126e+01 1.209939e+01
      vertex 3.248616e+00 -2.675476e+01 1.209939e+01
    endloop
  endfacet
  facet normal -1.657039e-02 4.293119e-01 9.022393e-01
    outer loop
      vertex 3.210006e-16 -2.315963e+01 1.024234e+01
      vertex 4.347124e-16 -2.695126e+01 1.209939e+01
      vertex 2.791585e+00 -2.299077e+01 1.024234e+01
    endloop
  endfacet
  facet normal 1.872787e-02 4.470804e-01 8.934824e-01
    outer loop
      vertex 3.210006e-16 -2.315963e+01 1.024234e+01
      vertex -3.248616e+00 -2.675476e+01 1.209939e+01
      vertex 4.347124e-16 -2.695126e+01 1.209939e+01
    endloop
  endfacet
  facet normal 3.529826e-02 4.281790e-01 9.022393e-01
    outer loop
      vertex -2.791585e+00 -2.299077e+01 1.024234e+01
      vertex -3.248616e+00 -2.675476e+01 1.209939e+01
      vertex 3.210006e-16 -2.315963e+01 1.024234e+01
    endloop
  endfacet
  facet normal 7.248091e-02 4.415633e-01 8.934824e-01
    outer loop
      vertex -2.791585e+00 -2.299077e+01 1.024234e+01
      vertex -6.449859e+00 -2.616811e+01 1.209939e+01
      vertex -3.248616e+00 -2.675476e+01 1.209939e+01
    endloop
  endfacet
  facet normal 8.665218e-02 4.208024e-01 9.022393e-01
    outer loop
      vertex -5.542462e+00 -2.248665e+01 1.024234e+01
      vertex -6.449859e+00 -2.616811e+01 1.209939e+01
      vertex -2.791585e+00 -2.299077e+01 1.024234e+01
    endloop
  endfacet
  facet normal 1.251770e-01 4.296072e-01 8.934824e-01
    outer loop
      vertex -5.542462e+00 -2.248665e+01 1.024234e+01
      vertex -9.557050e+00 -2.519987e+01 1.209939e+01
      vertex -6.449859e+00 -2.616811e+01 1.209939e+01
    endloop
  endfacet
  facet normal 1.367425e-01 4.072895e-01 9.022393e-01
    outer loop
      vertex -8.212518e+00 -2.165463e+01 1.024234e+01
      vertex -9.557050e+00 -2.519987e+01 1.209939e+01
      vertex -5.542462e+00 -2.248665e+01 1.024234e+01
    endloop
  endfacet
  facet normal 1.760477e-01 4.113864e-01 8.934824e-01
    outer loop
      vertex -8.212518e+00 -2.165463e+01 1.024234e+01
      vertex -1.252488e+01 -2.386416e+01 1.209939e+01
      vertex -9.557050e+00 -2.519987e+01 1.209939e+01
    endloop
  endfacet
  facet normal 1.848388e-01 3.878374e-01 9.022393e-01
    outer loop
      vertex -1.076282e+01 -2.050683e+01 1.024234e+01
      vertex -1.252488e+01 -2.386416e+01 1.209939e+01
      vertex -8.212518e+00 -2.165463e+01 1.024234e+01
    endloop
  endfacet
  facet normal 2.243513e-01 3.871667e-01 8.934824e-01
    outer loop
      vertex -1.076282e+01 -2.050683e+01 1.024234e+01
      vertex -1.531006e+01 -2.218045e+01 1.209939e+01
      vertex -1.252488e+01 -2.386416e+01 1.209939e+01
    endloop
  endfacet
  facet normal 2.302398e-01 3.627298e-01 9.022393e-01
    outer loop
      vertex -1.315617e+01 -1.906000e+01 1.024234e+01
      vertex -1.531006e+01 -2.218045e+01 1.209939e+01
      vertex -1.076282e+01 -2.050683e+01 1.024234e+01
    endloop
  endfacet
  facet normal 2.693833e-01 3.573013e-01 8.934824e-01
    outer loop
      vertex -1.315617e+01 -1.906000e+01 1.024234e+01
      vertex -1.787199e+01 -2.017331e+01 1.209939e+01
      vertex -1.531006e+01 -2.218045e+01 1.209939e+01
    endloop
  endfacet
  facet normal 2.722833e-01 3.323328e-01 9.022393e-01
    outer loop
      vertex -1.535767e+01 -1.733523e+01 1.024234e+01
      vertex -1.787199e+01 -2.017331e+01 1.209939e+01
      vertex -1.315617e+01 -1.906000e+01 1.024234e+01
    endloop
  endfacet
  facet normal 3.104872e-01 3.222256e-01 8.934824e-01
    outer loop
      vertex -1.535767e+01 -1.733523e+01 1.024234e+01
      vertex -2.017331e+01 -1.787199e+01 1.209939e+01
      vertex -1.787199e+01 -2.017331e+01 1.209939e+01
    endloop
  endfacet
  facet normal 3.103564e-01 2.970895e-01 9.022393e-01
    outer loop
      vertex -1.733523e+01 -1.535767e+01 1.024234e+01
      vertex -2.017331e+01 -1.787199e+01 1.209939e+01
      vertex -1.535767e+01 -1.733523e+01 1.024234e+01
    endloop
  endfacet
  facet normal 3.470634e-01 2.824511e-01 8.934824e-01
    outer loop
      vertex -1.733523e+01 -1.535767e+01 1.024234e+01
      vertex -2.218045e+01 -1.531006e+01 1.209939e+01
      vertex -2.017331e+01 -1.787199e+01 1.209939e+01
    endloop
  endfacet
  facet normal 3.439037e-01 2.575141e-01 9.022393e-01
    outer loop
      vertex -1.906000e+01 -1.315617e+01 1.024234e+01
      vertex -2.218045e+01 -1.531006e+01 1.209939e+01
      vertex -1.733523e+01 -1.535767e+01 1.024234e+01
    endloop
  endfacet
  facet normal 3.785786e-01 2.385579e-01 8.934824e-01
    outer loop
      vertex -1.906000e+01 -1.315617e+01 1.024234e+01
      vertex -2.386416e+01 -1.252488e+01 1.209939e+01
      vertex -2.218045e+01 -1.531006e+01 1.209939e+01
    endloop
  endfacet
  facet normal 3.724362e-01 2.141835e-01 9.022393e-01
    outer loop
      vertex -2.050683e+01 -1.076282e+01 1.024234e+01
      vertex -2.386416e+01 -1.252488e+01 1.209939e+01
      vertex -1.906000e+01 -1.315617e+01 1.024234e+01
    endloop
  endfacet
  facet normal 4.045733e-01 1.911859e-01 8.934824e-01
    outer loop
      vertex -2.050683e+01 -1.076282e+01 1.024234e+01
      vertex -2.519987e+01 -9.557050e+00 1.209939e+01
      vertex -2.386416e+01 -1.252488e+01 1.209939e+01
    endloop
  endfacet
  facet normal 3.955376e-01 1.677297e-01 9.022393e-01
    outer loop
      vertex -2.165463e+01 -8.212518e+00 1.024234e+01
      vertex -2.519987e+01 -9.557050e+00 1.209939e+01
      vertex -2.050683e+01 -1.076282e+01 1.024234e+01
    endloop
  endfacet
  facet normal 4.246684e-01 1.410260e-01 8.934824e-01
    outer loop
      vertex -2.165463e+01 -8.212518e+00 1.024234e+01
      vertex -2.616811e+01 -6.449859e+00 1.209939e+01
      vertex -2.519987e+01 -9.557050e+00 1.209939e+01
    endloop
  endfacet
  facet normal 4.128713e-01 1.188299e-01 9.022393e-01
    outer loop
      vertex -2.248665e+01 -5.542462e+00 1.024234e+01
      vertex -2.616811e+01 -6.449859e+00 1.209939e+01
      vertex -2.165463e+01 -8.212518e+00 1.024234e+01
    endloop
  endfacet
  facet normal 4.385709e-01 8.880966e-02 8.934824e-01
    outer loop
      vertex -2.248665e+01 -5.542462e+00 1.024234e+01
      vertex -2.675476e+01 -3.248616e+00 1.209939e+01
      vertex -2.616811e+01 -6.449859e+00 1.209939e+01
    endloop
  endfacet
  facet normal 4.241844e-01 6.819740e-02 9.022393e-01
    outer loop
      vertex -2.299077e+01 -2.791585e+00 1.024234e+01
      vertex -2.675476e+01 -3.248616e+00 1.209939e+01
      vertex -2.248665e+01 -5.542462e+00 1.024234e+01
    endloop
  endfacet
  facet normal 4.460781e-01 3.529826e-02 8.934824e-01
    outer loop
      vertex -2.299077e+01 -2.791585e+00 1.024234e+01
      vertex -2.695126e+01 -4.347124e-16 1.209939e+01
      vertex -2.675476e+01 -3.248616e+00 1.209939e+01
    endloop
  endfacet
  facet normal 4.293119e-01 1.657039e-02 9.022393e-01
    outer loop
      vertex -2.315963e+01 -3.210006e-16 1.024234e+01
      vertex -2.695126e+01 -4.347124e-16 1.209939e+01
      vertex -2.299077e+01 -2.791585e+00 1.024234e+01
    endloop
  endfacet
  facet normal 4.470804e-01 -1.872787e-02 8.934824e-01
    outer loop
      vertex -2.315963e+01 -3.210006e-16 1.024234e+01
      vertex -2.675476e+01 3.248616e+00 1.209939e+01
      vertex -2.695126e+01 -4.347124e-16 1.209939e+01
    endloop
  endfacet
  facet normal 4.281790e-01 -3.529826e-02 9.022393e-01
    outer loop
      vertex -2.299077e+01 2.791585e+00 1.024234e+01
      vertex -2.675476e+01 3.248616e+00 1.209939e+01
      vertex -2.315963e+01 -3.210006e-16 1.024234e+01
    endloop
  endfacet
  facet normal 4.415633e-01 -7.248091e-02 8.934824e-01
    outer loop
      vertex -2.299077e+01 2.791585e+00 1.024234e+01
      vertex -2.616811e+01 6.449859e+00 1.209939e+01
      vertex -2.675476e+01 3.248616e+00 1.209939e+01
    endloop
  endfacet
  facet normal 4.208024e-01 -8.665218e-02 9.022393e-01
    outer loop
      vertex -2.248665e+01 5.542462e+00 1.024234e+01
      vertex -2.616811e+01 6.449859e+00 1.209939e+01
      vertex -2.299077e+01 2.791585e+00 1.024234e+01
    endloop
  endfacet
  facet normal 4.296072e-01 -1.251770e-01 8.934824e-01
    outer loop
      vertex -2.248665e+01 5.542462e+00 1.024234e+01
      vertex -2.519987e+01 9.557050e+00 1.209939e+01
      vertex -2.616811e+01 6.449859e+00 1.209939e+01
    endloop
  endfacet
  facet normal 4.072895e-01 -1.367425e-01 9.022393e-01
    outer loop
      vertex -2.165463e+01 8.212518e+00 1.024234e+01
      vertex -2.519987e+01 9.557050e+00 1.209939e+01
      vertex -2.248665e+01 5.542462e+00 1.024234e+01
    endloop
  endfacet
  facet normal 4.113864e-01 -1.760477e-01 8.934824e-01
    outer loop
      vertex -2.165463e+01 8.212518e+00 1.024234e+01
      vertex -2.386416e+01 1.252488e+01 1.209939e+01
      vertex -2.519987e+01 9.557050e+00 1.209939e+01
    endloop
  endfacet
  facet normal 3.878374e-01 -1.848388e-01 9.022393e-01
    outer loop
      vertex -2.050683e+01 1.076282e+01 1.024234e+01
      vertex -2.386416e+01 1.252488e+01 1.209939e+01
      vertex -2.165463e+01 8.212518e+00 1.024234e+01
    endloop
  endfacet
  facet normal 3.871667e-01 -2.243513e-01 8.934824e-01
    outer loop
      vertex -2.050683e+01 1.076282e+01 1.024234e+01
      vertex -2.218045e+01 1.531006e+01 1.209939e+01
      vertex -2.386416e+01 1.252488e+01 1.209939e+01
    endloop
  endfacet
  facet normal 3.627298e-01 -2.302398e-01 9.022393e-01
    outer loop
      vertex -1.906000e+01 1.315617e+01 1.024234e+01
      vertex -2.218045e+01 1.531006e+01 1.209939e+01
      vertex -2.050683e+01 1.076282e+01 1.024234e+01
    endloop
  endfacet
  facet normal 3.573013e-01 -2.693833e-01 8.934824e-01
    outer loop
      vertex -1.906000e+01 1.315617e+01 1.024234e+01
      vertex -2.017331e+01 1.787199e+01 1.209939e+01
      vertex -2.218045e+01 1.531006e+01 1.209939e+01
    endloop
  endfacet
  facet normal 3.323328e-01 -2.722833e-01 9.022393e-01
    outer loop
      vertex -1.733523e+01 1.535767e+01 1.024234e+01
      vertex -2.017331e+01 1.787199e+01 1.209939e+01
      vertex -1.906000e+01 1.315617e+01 1.024234e+01
    endloop
  endfacet
  facet normal 3.222256e-01 -3.104872e-01 8.934824e-01
    outer loop
      vertex -1.733523e+01 1.535767e+01 1.024234e+01
      vertex -1.787199e+01 2.017331e+01 1.209939e+01
      vertex -2.017331e+01 1.787199e+01 1.209939e+01
    endloop
  endfacet
  facet normal 2.970895e-01 -3.103564e-01 9.022393e-01
    outer loop
      vertex -1.535767e+01 1.733523e+01 1.024234e+01
      vertex -1.787199e+01 2.017331e+01 1.209939e+01
      vertex -1.733523e+01 1.535767e+01 1.024234e+01
    endloop
  endfacet
  facet normal 2.824511e-01 -3.470634e-01 8.934824e-01
    outer loop
      vertex -1.535767e+01 1.733523e+01 1.024234e+01
      vertex -1.531006e+01 2.218045e+01 1.209939e+01
      vertex -1.787199e+01 2.017331e+01 1.209939e+01
    endloop
  endfacet
  facet normal 2.575141e-01 -3.439037e-01 9.022393e-01
    outer loop
      vertex -1.315617e+01 1.906000e+01 1.024234e+01
      vertex -1.531006e+01 2.218045e+01 1.209939e+01
      vertex -1.535767e+01 1.733523e+01 1.024234e+01
    endloop
  endfacet
  facet normal 2.385579e-01 -3.785786e-01 8.934824e-01
    outer loop
      vertex -1.315617e+01 1.906000e+01 1.024234e+01
      vertex -1.252488e+01 2.386416e+01 1.209939e+01
      vertex -1.531006e+01 2.218045e+01 1.209939e+01
    endloop
  endfacet
  facet normal 2.141835e-01 -3.724362e-01 9.022393e-01
    outer loop
      vertex -1.076282e+01 2.050683e+01 1.024234e+01
      vertex -1.252488e+01 2.386416e+01 1.209939e+01
      vertex -1.315617e+01 1.906000e+01 1.024234e+01
    endloop
  endfacet
  facet normal 1.911859e-01 -4.045733e-01 8.934824e-01
    outer loop
      vertex -1.076282e+01 2.050683e+01 1.024234e+01
      vertex -9.557050e+00 2.519987e+01 1.209939e+01
      vertex -1.252488e+01 2.386416e+01 1.209939e+01
    endloop
  endfacet
  facet normal 1.677297e-01 -3.955376e-01 9.022393e-01
    outer loop
      vertex -8.212518e+00 2.165463e+01 1.024234e+01
      vertex -9.557050e+00 2.519987e+01 1.209939e+01
      vertex -1.076282e+01 2.050683e+01 1.024234e+01
    endloop
  endfacet
  facet normal 1.410260e-01 -4.246684e-01 8.934824e-01
    outer loop
      vertex -8.212518e+00 2.165463e+01 1.024234e+01
      vertex -6.449859e+00 2.616811e+01 1.209939e+01
      vertex -9.557050e+00 2.519987e+01 1.209939e+01
    endloop
  endfacet
  facet normal 1.188299e-01 -4.128713e-01 9.022393e-01
    outer loop
      vertex -5.542462e+00 2.248665e+01 1.024234e+01
      vertex -6.449859e+00 2.616811e+01 1.209939e+01
      vertex -8.212518e+00 2.165463e+01 1.024234e+01
    endloop
  endfacet
  facet normal 8.880966e-02 -4.385709e-01 8.934824e-01
    outer loop
      vertex -5.542462e+00 2.248665e+01 1.024234e+01
      vertex -3.248616e+00 2.675476e+01 1.209939e+01
      vertex -6.449859e+00 2.616811e+01 1.209939e+01
    endloop
  endfacet
  facet normal 6.819740e-02 -4.241844e-01 9.022393e-01
    outer loop
      vertex -2.791585e+00 2.299077e+01 1.024234e+01
      vertex -3.248616e+00 2.675476e+01 1.209939e+01
      vertex -5.542462e+00 2.248665e+01 1.024234e+01
    endloop
  endfacet
  facet normal 3.529826e-02 -4.460781e-01 8.934824e-01
    outer loop
      vertex -2.791585e+00 2.299077e+01 1.024234e+01
      vertex -4.347124e-16 2.695126e+01 1.209939e+01
      vertex -3.248616e+00 2.675476e+01 1.209939e+01
    endloop
  endfacet
  facet normal 1.657039e-02 -4.293119e-01 9.022393e-01
    outer loop
      vertex -3.210006e-16 2.315963e+01 1.024234e+01
      vertex -4.347124e-16 2.695126e+01 1.209939e+01
      vertex -2.791585e+00 2.299077e+01 1.024234e+01
    endloop
  endfacet
  facet normal -1.872787e-02 -4.470804e-01 8.934824e-01
    outer loop
      vertex -3.210006e-16 2.315963e+01 1.024234e+01
      vertex 3.248616e+00 2.675476e+01 1.209939e+01
      vertex -4.347124e-16 2.695126e+01 1.209939e+01
    endloop
  endfacet
  facet normal -3.529826e-02 -4.281790e-01 9.022393e-01
    outer loop
      vertex 2.791585e+00 2.299077e+01 1.024234e+01
      vertex 3.248616e+00 2.675476e+01 1.209939e+01
      vertex -3.210006e-16 2.315963e+01 1.024234e+01
    endloop
  endfacet
  facet normal -7.248091e-02 -4.415633e-01 8.934824e-01
    outer loop
      vertex 2.791585e+00 2.299077e+01 1.024234e+01
      vertex 6.449859e+00 2.616811e+01 1.209939e+01
      vertex 3.248616e+00 2.675476e+01 1.209939e+01
    endloop
  endfacet
  facet normal -8.665218e-02 -4.208024e-01 9.022393e-01
    outer loop
      vertex 5.542462e+00 2.248665e+01 1.024234e+01
      vertex 6.449859e+00 2.616811e+01 1.209939e+01
      vertex 2.791585e+00 2.299077e+01 1.024234e+01
    endloop
  endfacet
  facet normal -1.251770e-01 -4.296072e-01 8.934824e-01
    outer loop
      vertex 5.542462e+00 2.248665e+01 1.024234e+01
      vertex 9.557050e+00 2.519987e+01 1.209939e+01
      vertex 6.449859e+00 2.616811e+01 1.209939e+01
    endloop
  endfacet
  facet normal -1.367425e-01 -4.072895e-01 9.022393e-01
    outer loop
      vertex 8.212518e+00 2.165463e+01 1.024234e+01
      vertex 9.557050e+00 2.519987e+01 1.209939e+01
      vertex 5.542462e+00 2.248665e+01 1.024234e+01
    endloop
  endfacet
  facet normal -1.760477e-01 -4.113864e-01 8.934824e-01
    outer loop
      vertex 8.212518e+00 2.165463e+01 1.024234e+01
      vertex 1.252488e+01 2.386416e+01 1.209939e+01
      vertex 9.557050e+00 2.519987e+01 1.209939e+01
    endloop
  endfacet
  facet normal -1.848388e-01 -3.878374e-01 9.022393e-01
    outer loop
      vertex 1.076282e+01 2.050683e+01 1.024234e+01
      vertex 1.252488e+01 2.386416e+01 1.209939e+01
      vertex 8.212518e+00 2.165463e+01 1.024234e+01
    endloop
  endfacet
  facet normal -2.243513e-01 -3.871667e-01 8.934824e-01
    outer loop
      vertex 1.076282e+01 2.050683e+01 1.024234e+01
      vertex 1.531006e+01 2.218045e+01 1.209939e+01
      vertex 1.252488e+01 2.386416e+01 1.209939e+01
    endloop
  endfacet
  facet normal -2.302398e-01 -3.627298e-01 9.022393e-01
    outer loop
      vertex 1.315617e+01 1.906000e+01 1.024234e+01
      vertex 1.531006e+01 2.218045e+01 1.209939e+01
      vertex 1.076282e+01 2.050683e+01 1.024234e+01
    endloop
  endfacet
  facet normal -2.693833e-01 -3.573013e-01 8.934824e-01
    outer loop
      vertex 1.315617e+01 1.906000e+01 1.024234e+01
      vertex 1.787199e+01 2.017331e+01 1.209939e+01
      vertex 1.531006e+01 2.218045e+01 1.209939e+01
    endloop
  endfacet
  facet normal -2.722833e-01 -3.323328e-01 9.022393e-01
    outer loop
      vertex 1.535767e+01 1.733523e+01 1.024234e+01
      vertex 1.787199e+01 2.017331e+01 1.209939e+01
      vertex 1.315617e+01 1.906000e+01 1.024234e+01
    endloop
  endfacet
  facet normal -3.104872e-01 -3.222256e-01 8.934824e-01
    outer loop
      vertex 1.535767e+01 1.733523e+01 1.024234e+01
      vertex 2.017331e+01 1.787199e+01 1.209939e+01
      vertex 1.787199e+01 2.017331e+01 1.209939e+01
    endloop
  endfacet
  facet normal -3.103564e-01 -2.970895e-01 9.022393e-01
    outer loop
      vertex 1.733523e+01 1.535767e+01 1.024234e+01
      vertex 2.017331e+01 1.787199e+01 1.209939e+01
      vertex 1.535767e+01 1.733523e+01 1.024234e+01
    endloop
  endfacet
  facet normal -3.470634e-01 -2.824511e-01 8.934824e-01
    outer loop
      vertex 1.733523e+01 1.535767e+01 1.024234e+01
      vertex 2.218045e+01 1.531006e+01 1.209939e+01
      vertex 2.017331e+01 1.787199e+01 1.209939e+01
    endloop
  endfacet
  facet normal -3.439037e-01 -2.575141e-01 9.022393e-01
    outer loop
      vertex 1.906000e+01 1.315617e+01 1.024234e+01
      vertex 2.218045e+01 1.531006e+01 1.209939e+01
      vertex 1.733523e+01 1.535767e+01 1.024234e+01
    endloop
  endfacet
  facet normal -3.785786e-01 -2.385579e-01 8.934824e-01
    outer loop
      vertex 1.906000e+01 1.315617e+01 1.024234e+01
      vertex 2.386416e+01 1.252488e+01 1.209939e+01
      vertex 2.218045e+01 1.531006e+01 1.209939e+01
    endloop
  endfacet
  facet normal -3.724362e-01 -2.141835e-01 9.022393e-01
    outer loop
      vertex 2.050683e+01 1.076282e+01 1.024234e+01
      vertex 2.386416e+01 1.252488e+01 1.209939e+01
      vertex 1.906000e+01 1.315617e+01 1.024234e+01
    endloop
  endfacet
  facet normal -4.045733e-01 -1.911859e-01 8.934824e-01
    outer loop
      vertex 2.050683e+01 1.076282e+01 1.024234e+01
      vertex 2.519987e+01 9.557050e+00 1.209939e+01
      vertex 2.386416e+01 1.252488e+01 1.209939e+01
    endloop
  endfacet
  facet normal -3.955376e-01 -1.677297e-01 9.022393e-01
    outer loop
      vertex 2.165463e+01 8.212518e+00 1.024234e+01
      vertex 2.519987e+01 9.557050e+00 1.209939e+01
      vertex 2.050683e+01 1.076282e+01 1.024234e+01
    endloop
  endfacet
  facet normal -4.246684e-01 -1.410260e-01 8.934824e-01
    outer loop
      vertex 2.165463e+01 8.212518e+00 1.024234e+01
      vertex 2.616811e+01 6.449859e+00 1.209939e+01
      vertex 2.519987e+01 9.557050e+00 1.209939e+01
    endloop
  endfacet
  facet normal -4.128713e-01 -1.188299e-01 9.022393e-01
    outer loop
      vertex 2.248665e+01 5.542462e+00 1.024234e+01
      vertex 2.616811e+01 6.449859e+00 1.209939e+01
      vertex 2.165463e+01 8.212518e+00 1.024234e+01
    endloop
  endfacet
  facet normal -4.385709e-01 -8.880966e-02 8.934824e-01
    outer loop
      vertex 2.248665e+01 5.542462e+00 1.024234e+01
      vertex 2.675476e+01 3.248616e+00 1.209939e+01
      vertex 2.616811e+01 6.449859e+00 1.209939e+01
    endloop
  endfacet
  facet normal -4.241844e-01 -6.819740e-02 9.022393e-01
    outer loop
      vertex 2.299077e+01 2.791585e+00 1.024234e+01
      vertex 2.675476e+01 3.248616e+00 1.209939e+01
      vertex 2.248665e+01 5.542462e+00 1.024234e+01
    endloop
  endfacet
  facet normal -4.460781e-01 -3.529826e-02 8.934824e-01
    outer loop
      vertex 2.299077e+01 2.791585e+00 1.024234e+01
      vertex 2.695126e+01 4.347124e-16 1.209939e+01
      vertex 2.675476e+01 3.248616e+00 1.209939e+01
    endloop
  endfacet
  facet normal -4.293119e-01 -1.657039e-02 9.022393e-01
    outer loop
      vertex 2.315963e+01 3.210006e-16 1.024234e+01
      vertex 2.695126e+01 4.347124e-16 1.209939e+01
      vertex 2.299077e+01 2.791585e+00 1.024234e+01
    endloop
  endfacet
  facet normal -3.913895e-01 1.657039e-02 9.192874e-01
    outer loop
      vertex 1.925967e+01 2.219936e-16 8.625430e+00
      vertex 2.299077e+01 -2.791585e+00 1.024234e+01
      vertex 2.315963e+01 3.210006e-16 1.024234e+01
    endloop
  endfacet
  facet normal -3.705097e-01 3.072721e-02 9.275789e-01
    outer loop
      vertex 1.911925e+01 -2.321497e+00 8.625430e+00
      vertex 2.299077e+01 -2.791585e+00 1.024234e+01
      vertex 1.925967e+01 2.219936e-16 8.625430e+00
    endloop
  endfacet
  facet normal -3.865384e-01 6.362635e-02 9.192874e-01
    outer loop
      vertex 1.911925e+01 -2.321497e+00 8.625430e+00
      vertex 2.248665e+01 -5.542462e+00 1.024234e+01
      vertex 2.299077e+01 -2.791585e+00 1.024234e+01
    endloop
  endfacet
  facet normal -3.641045e-01 7.516319e-02 9.275789e-01
    outer loop
      vertex 1.870002e+01 -4.609142e+00 8.625430e+00
      vertex 2.248665e+01 -5.542462e+00 1.024234e+01
      vertex 1.911925e+01 -2.321497e+00 8.625430e+00
    endloop
  endfacet
  facet normal -3.760508e-01 1.097545e-01 9.192874e-01
    outer loop
      vertex 1.870002e+01 -4.609142e+00 8.625430e+00
      vertex 2.165463e+01 -8.212518e+00 1.024234e+01
      vertex 2.248665e+01 -5.542462e+00 1.024234e+01
    endloop
  endfacet
  facet normal -3.523898e-01 1.185031e-01 9.275789e-01
    outer loop
      vertex 1.800811e+01 -6.829575e+00 8.625430e+00
      vertex 2.165463e+01 -8.212518e+00 1.024234e+01
      vertex 1.870002e+01 -4.609142e+00 8.625430e+00
    endloop
  endfacet
  facet normal -3.600795e-01 1.542822e-01 9.192874e-01
    outer loop
      vertex 1.800811e+01 -6.829575e+00 8.625430e+00
      vertex 2.050683e+01 -1.076282e+01 1.024234e+01
      vertex 2.165463e+01 -8.212518e+00 1.024234e+01
    endloop
  endfacet
  facet normal -3.355366e-01 1.601150e-01 9.275789e-01
    outer loop
      vertex 1.705359e+01 -8.950418e+00 8.625430e+00
      vertex 2.050683e+01 -1.076282e+01 1.024234e+01
      vertex 1.800811e+01 -6.829575e+00 8.625430e+00
    endloop
  endfacet
  facet normal -3.388575e-01 1.965601e-01 9.192874e-01
    outer loop
      vertex 1.705359e+01 -8.950418e+00 8.625430e+00
      vertex 1.906000e+01 -1.315617e+01 1.024234e+01
      vertex 2.050683e+01 -1.076282e+01 1.024234e+01
    endloop
  endfacet
  facet normal -3.137904e-01 1.993920e-01 9.275789e-01
    outer loop
      vertex 1.585040e+01 -1.094074e+01 8.625430e+00
      vertex 1.906000e+01 -1.315617e+01 1.024234e+01
      vertex 1.705359e+01 -8.950418e+00 8.625430e+00
    endloop
  endfacet
  facet normal -3.126942e-01 2.359717e-01 9.192874e-01
    outer loop
      vertex 1.585040e+01 -1.094074e+01 8.625430e+00
      vertex 1.733523e+01 -1.535767e+01 1.024234e+01
      vertex 1.906000e+01 -1.315617e+01 1.024234e+01
    endloop
  endfacet
  facet normal -2.874684e-01 2.357615e-01 9.275789e-01
    outer loop
      vertex 1.441607e+01 -1.277153e+01 8.625430e+00
      vertex 1.733523e+01 -1.535767e+01 1.024234e+01
      vertex 1.585040e+01 -1.094074e+01 8.625430e+00
    endloop
  endfacet
  facet normal -2.819710e-01 2.719423e-01 9.192874e-01
    outer loop
      vertex 1.441607e+01 -1.277153e+01 8.625430e+00
      vertex 1.535767e+01 -1.733523e+01 1.024234e+01
      vertex 1.733523e+01 -1.535767e+01 1.024234e+01
    endloop
  endfacet
  facet normal -2.569546e-01 2.686930e-01 9.275789e-01
    outer loop
      vertex 1.277153e+01 -1.441607e+01 8.625430e+00
      vertex 1.535767e+01 -1.733523e+01 1.024234e+01
      vertex 1.441607e+01 -1.277153e+01 8.625430e+00
    endloop
  endfacet
  facet normal -2.471361e-01 3.039474e-01 9.192874e-01
    outer loop
      vertex 1.277153e+01 -1.441607e+01 8.625430e+00
      vertex 1.315617e+01 -1.906000e+01 1.024234e+01
      vertex 1.535767e+01 -1.733523e+01 1.024234e+01
    endloop
  endfacet
  facet normal -2.226937e-01 2.977064e-01 9.275789e-01
    outer loop
      vertex 1.094074e+01 -1.585040e+01 8.625430e+00
      vertex 1.315617e+01 -1.906000e+01 1.024234e+01
      vertex 1.277153e+01 -1.441607e+01 8.625430e+00
    endloop
  endfacet
  facet normal -2.086974e-01 3.315202e-01 9.192874e-01
    outer loop
      vertex 1.094074e+01 -1.585040e+01 8.625430e+00
      vertex 1.076282e+01 -2.050683e+01 1.024234e+01
      vertex 1.315617e+01 -1.906000e+01 1.024234e+01
    endloop
  endfacet
  facet normal -1.851855e-01 3.223785e-01 9.275789e-01
    outer loop
      vertex 8.950418e+00 -1.705359e+01 8.625430e+00
      vertex 1.076282e+01 -2.050683e+01 1.024234e+01
      vertex 1.094074e+01 -1.585040e+01 8.625430e+00
    endloop
  endfacet
  facet normal -1.672154e-01 3.542588e-01 9.192874e-01
    outer loop
      vertex 8.950418e+00 -1.705359e+01 8.625430e+00
      vertex 8.212518e+00 -2.165463e+01 1.024234e+01
      vertex 1.076282e+01 -2.050683e+01 1.024234e+01
    endloop
  endfacet
  facet normal -1.449768e-01 3.423496e-01 9.275789e-01
    outer loop
      vertex 6.829575e+00 -1.800811e+01 8.625430e+00
      vertex 8.212518e+00 -2.165463e+01 1.024234e+01
      vertex 8.950418e+00 -1.705359e+01 8.625430e+00
    endloop
  endfacet
  facet normal -1.232950e-01 3.718314e-01 9.192874e-01
    outer loop
      vertex 6.829575e+00 -1.800811e+01 8.625430e+00
      vertex 5.542462e+00 -2.248665e+01 1.024234e+01
      vertex 8.212518e+00 -2.165463e+01 1.024234e+01
    endloop
  endfacet
  facet normal -1.026541e-01 3.573286e-01 9.275789e-01
    outer loop
      vertex 4.609142e+00 -1.870002e+01 8.625430e+00
      vertex 5.542462e+00 -2.248665e+01 1.024234e+01
      vertex 6.829575e+00 -1.800811e+01 8.625430e+00
    endloop
  endfacet
  facet normal -7.757675e-02 3.839819e-01 9.192874e-01
    outer loop
      vertex 4.609142e+00 -1.870002e+01 8.625430e+00
      vertex 2.791585e+00 -2.299077e+01 1.024234e+01
      vertex 5.542462e+00 -2.248665e+01 1.024234e+01
    endloop
  endfacet
  facet normal -5.883443e-02 3.670968e-01 9.275789e-01
    outer loop
      vertex 2.321497e+00 -1.911925e+01 8.625430e+00
      vertex 2.791585e+00 -2.299077e+01 1.024234e+01
      vertex 4.609142e+00 -1.870002e+01 8.625430e+00
    endloop
  endfacet
  facet normal -3.072721e-02 3.905331e-01 9.192874e-01
    outer loop
      vertex 2.321497e+00 -1.911925e+01 8.625430e+00
      vertex 3.210006e-16 -2.315963e+01 1.024234e+01
      vertex 2.791585e+00 -2.299077e+01 1.024234e+01
    endloop
  endfacet
  facet normal -1.415683e-02 3.715120e-01 9.275789e-01
    outer loop
      vertex 2.219936e-16 -1.925967e+01 8.625430e+00
      vertex 3.210006e-16 -2.315963e+01 1.024234e+01
      vertex 2.321497e+00 -1.911925e+01 8.625430e+00
    endloop
  endfacet
  facet normal 1.657039e-02 3.913895e-01 9.192874e-01
    outer loop
      vertex 2.219936e-16 -1.925967e+01 8.625430e+00
      vertex -2.791585e+00 -2.299077e+01 1.024234e+01
      vertex 3.210006e-16 -2.315963e+01 1.024234e+01
    endloop
  endfacet
  facet normal 3.072721e-02 3.705097e-01 9.275789e-01
    outer loop
      vertex -2.321497e+00 -1.911925e+01 8.625430e+00
      vertex -2.791585e+00 -2.299077e+01 1.024234e+01
      vertex 2.219936e-16 -1.925967e+01 8.625430e+00
    endloop
  endfacet
  facet normal 6.362635e-02 3.865384e-01 9.192874e-01
    outer loop
      vertex -2.321497e+00 -1.911925e+01 8.625430e+00
      vertex -5.542462e+00 -2.248665e+01 1.024234e+01
      vertex -2.791585e+00 -2.299077e+01 1.024234e+01
    endloop
  endfacet
  facet normal 7.516319e-02 3.641045e-01 9.275789e-01
    outer loop
      vertex -4.609142e+00 -1.870002e+01 8.625430e+00
      vertex -5.542462e+00 -2.248665e+01 1.024234e+01
      vertex -2.321497e+00 -1.911925e+01 8.625430e+00
    endloop
  endfacet
  facet normal 1.097545e-01 3.760508e-01 9.192874e-01
    outer loop
      vertex -4.609142e+00 -1.870002e+01 8.625430e+00
      vertex -8.212518e+00 -2.165463e+01 1.024234e+01
      vertex -5.542462e+00 -2.248665e+01 1.024234e+01
    endloop
  endfacet
  facet normal 1.185031e-01 3.523898e-01 9.275789e-01
    outer loop
      vertex -6.829575e+00 -1.800811e+01 8.625430e+00
      vertex -8.212518e+00 -2.165463e+01 1.024234e+01
      vertex -4.609142e+00 -1.870002e+01 8.625430e+00
    endloop
  endfacet
  facet normal 1.542822e-01 3.600795e-01 9.192874e-01
    outer loop
      vertex -6.829575e+00 -1.800811e+01 8.625430e+00
      vertex -1.076282e+01 -2.050683e+01 1.024234e+01
      vertex -8.212518e+00 -2.165463e+01 1.024234e+01
    endloop
  endfacet
  facet normal 1.601150e-01 3.355366e-01 9.275789e-01
    outer loop
      vertex -8.950418e+00 -1.705359e+01 8.625430e+00
      vertex -1.076282e+01 -2.050683e+01 1.024234e+01
      vertex -6.829575e+00 -1.800811e+01 8.625430e+00
    endloop
  endfacet
  facet normal 1.965601e-01 3.388575e-01 9.192874e-01
    outer loop
      vertex -8.950418e+00 -1.705359e+01 8.625430e+00
      vertex -1.315617e+01 -1.906000e+01 1.024234e+01
      vertex -1.076282e+01 -2.050683e+01 1.024234e+01
    endloop
  endfacet
  facet normal 1.993920e-01 3.137904e-01 9.275789e-01
    outer loop
      vertex -1.094074e+01 -1.585040e+01 8.625430e+00
      vertex -1.315617e+01 -1.906000e+01 1.024234e+01
      vertex -8.950418e+00 -1.705359e+01 8.625430e+00
    endloop
  endfacet
  facet normal 2.359717e-01 3.126942e-01 9.192874e-01
    outer loop
      vertex -1.094074e+01 -1.585040e+01 8.625430e+00
      vertex -1.535767e+01 -1.733523e+01 1.024234e+01
      vertex -1.315617e+01 -1.906000e+01 1.024234e+01
    endloop
  endfacet
  facet normal 2.357615e-01 2.874684e-01 9.275789e-01
    outer loop
      vertex -1.277153e+01 -1.441607e+01 8.625430e+00
      vertex -1.535767e+01 -1.733523e+01 1.024234e+01
      vertex -1.094074e+01 -1.585040e+01 8.625430e+00
    endloop
  endfacet
  facet normal 2.719423e-01 2.819710e-01 9.192874e-01
    outer loop
      vertex -1.277153e+01 -1.441607e+01 8.625430e+00
      vertex -1.733523e+01 -1.535767e+01 1.024234e+01
      vertex -1.535767e+01 -1.733523e+01 1.024234e+01
    endloop
  endfacet
  facet normal 2.686930e-01 2.569546e-01 9.275789e-01
    outer loop
      vertex -1.441607e+01 -1.277153e+01 8.625430e+00
      vertex -1.733523e+01 -1.535767e+01 1.024234e+01
      vertex -1.277153e+01 -1.441607e+01 8.625430e+00
    endloop
  endfacet
  facet normal 3.039474e-01 2.471361e-01 9.192874e-01
    outer loop
      vertex -1.441607e+01 -1.277153e+01 8.625430e+00
      vertex -1.906000e+01 -1.315617e+01 1.024234e+01
      vertex -1.733523e+01 -1.535767e+01 1.024234e+01
    endloop
  endfacet
  facet normal 2.977064e-01 2.226937e-01 9.275789e-01
    outer loop
      vertex -1.585040e+01 -1.094074e+01 8.625430e+00
      vertex -1.906000e+01 -1.315617e+01 1.024234e+01
      vertex -1.441607e+01 -1.277153e+01 8.625430e+00
    endloop
  endfacet
  facet normal 3.315202e-01 2.086974e-01 9.192874e-01
    outer loop
      vertex -1.585040e+01 -1.094074e+01 8.625430e+00
      vertex -2.050683e+01 -1.076282e+01 1.024234e+01
      vertex -1.906000e+01 -1.315617e+01 1.024234e+01
    endloop
  endfacet
  facet normal 3.223785e-01 1.851855e-01 9.275789e-01
    outer loop
      vertex -1.705359e+01 -8.950418e+00 8.625430e+00
      vertex -2.050683e+01 -1.076282e+01 1.024234e+01
      vertex -1.585040e+01 -1.094074e+01 8.625430e+00
    endloop
  endfacet
  facet normal 3.542588e-01 1.672154e-01 9.192874e-01
    outer loop
      vertex -1.705359e+01 -8.950418e+00 8.625430e+00
      vertex -2.165463e+01 -8.212518e+00 1.024234e+01
      vertex -2.050683e+01 -1.076282e+01 1.024234e+01
    endloop
  endfacet
  facet normal 3.423496e-01 1.449768e-01 9.275789e-01
    outer loop
      vertex -1.800811e+01 -6.829575e+00 8.625430e+00
      vertex -2.165463e+01 -8.212518e+00 1.024234e+01
      vertex -1.705359e+01 -8.950418e+00 8.625430e+00
    endloop
  endfacet
  facet normal 3.718314e-01 1.232950e-01 9.192874e-01
    outer loop
      vertex -1.800811e+01 -6.829575e+00 8.625430e+00
      vertex -2.248665e+01 -5.542462e+00 1.024234e+01
      vertex -2.165463e+01 -8.212518e+00 1.024234e+01
    endloop
  endfacet
  facet normal 3.573286e-01 1.026541e-01 9.275789e-01
    outer loop
      vertex -1.870002e+01 -4.609142e+00 8.625430e+00
      vertex -2.248665e+01 -5.542462e+00 1.024234e+01
      vertex -1.800811e+01 -6.829575e+00 8.625430e+00
    endloop
  endfacet
  facet normal 3.839819e-01 7.757675e-02 9.192874e-01
    outer loop
      vertex -1.870002e+01 -4.609142e+00 8.625430e+00
      vertex -2.299077e+01 -2.791585e+00 1.024234e+01
      vertex -2.248665e+01 -5.542462e+00 1.024234e+01
    endloop
  endfacet
  facet normal 3.670968e-01 5.883443e-02 9.275789e-01
    outer loop
      vertex -1.911925e+01 -2.321497e+00 8.625430e+00
      vertex -2.299077e+01 -2.791585e+00 1.024234e+01
      vertex -1.870002e+01 -4.609142e+00 8.625430e+00
    endloop
  endfacet
  facet normal 3.905331e-01 3.072721e-02 9.192874e-01
    outer loop
      vertex -1.911925e+01 -2.321497e+00 8.625430e+00
      vertex -2.315963e+01 -3.210006e-16 1.024234e+01
      vertex -2.299077e+01 -2.791585e+00 1.024234e+01
    endloop
  endfacet
  facet normal 3.715120e-01 1.415683e-02 9.275789e-01
    outer loop
      vertex -1.925967e+01 -2.219936e-16 8.625430e+00
      vertex -2.315963e+01 -3.210006e-16 1.024234e+01
      vertex -1.911925e+01 -2.321497e+00 8.625430e+00
    endloop
  endfacet
  facet normal 3.913895e-01 -1.657039e-02 9.192874e-01
    outer loop
      vertex -1.925967e+01 -2.219936e-16 8.625430e+00
      vertex -2.299077e+01 2.791585e+00 1.024234e+01
      vertex -2.315963e+01 -3.210006e-16 1.024234e+01
    endloop
  endfacet
  facet normal 3.705097e-01 -3.072721e-02 9.275789e-01
    outer loop
      vertex -1.911925e+01 2.321497e+00 8.625430e+00
      vertex -2.299077e+01 2.791585e+00 1.024234e+01
      vertex -1.925967e+01 -2.219936e-16 8.625430e+00
    endloop
  endfacet
  facet normal 3.865384e-01 -6.362635e-02 9.192874e-01
    outer loop
      vertex -1.911925e+01 2.321497e+00 8.625430e+00
      vertex -2.248665e+01 5.542462e+00 1.024234e+01
      vertex -2.299077e+01 2.791585e+00 1.024234e+01
    endloop
  endfacet
  facet normal 3.641045e-01 -7.516319e-02 9.275789e-01
    outer loop
      vertex -1.870002e+01 4.609142e+00 8.625430e+00
      vertex -2.248665e+01 5.542462e+00 1.024234e+01
      vertex -1.911925e+01 2.321497e+00 8.625430e+00
    endloop
  endfacet
  facet normal 3.760508e-01 -1.097545e-01 9.192874e-01
    outer loop
      vertex -1.870002e+01 4.609142e+00 8.625430e+00
      vertex -2.165463e+01 8.212518e+00 1.024234e+01
      vertex -2.248665e+01 5.542462e+00 1.024234e+01
    endloop
  endfacet
  facet normal 3.523898e-01 -1.185031e-01 9.275789e-01
    outer loop
      vertex -1.800811e+01 6.829575e+00 8.625430e+00
      vertex -2.165463e+01 8.212518e+00 1.024234e+01
      vertex -1.870002e+01 4.609142e+00 8.625430e+00
    endloop
  endfacet
  facet normal 3.600795e-01 -1.542822e-01 9.192874e-01
    outer loop
      vertex -1.800811e+01 6.829575e+00 8.625430e+00
      vertex -2.050683e+01 1.076282e+01 1.024234e+01
      vertex -2.165463e+01 8.212518e+00 1.024234e+01
    endloop
  endfacet
  facet normal 3.355366e-01 -1.601150e-01 9.275789e-01
    outer loop
      vertex -1.705359e+01 8.950418e+00 8.625430e+00
      vertex -2.050683e+01 1.076282e+01 1.024234e+01
      vertex -1.800811e+01 6.829575e+00 8.625430e+00
    endloop
  endfacet
  facet normal 3.388575e-01 -1.965601e-01 9.192874e-01
    outer loop
      vertex -1.705359e+01 8.950418e+00 8.625430e+00
      vertex -1.906000e+01 1.315617e+01 1.024234e+01
      vertex -2.050683e+01 1.076282e+01 1.024234e+01
    endloop
  endfacet
  facet normal 3.137904e-01 -1.993920e-01 9.275789e-01
    outer loop
      vertex -1.585040e+01 1.094074e+01 8.625430e+00
      vertex -1.906000e+01 1.315617e+01 1.024234e+01
      vertex -1.705359e+01 8.950418e+00 8.625430e+00
    endloop
  endfacet
  facet normal 3.126942e-01 -2.359717e-01 9.192874e-01
    outer loop
      vertex -1.585040e+01 1.094074e+01 8.625430e+00
      vertex -1.733523e+01 1.535767e+01 1.024234e+01
      vertex -1.906000e+01 1.315617e+01 1.024234e+01
    endloop
  endfacet
  facet normal 2.874684e-01 -2.357615e-01 9.275789e-01
    outer loop
      vertex -1.441607e+01 1.277153e+01 8.625430e+00
      vertex -1.733523e+01 1.535767e+01 1.024234e+01
      vertex -1.585040e+01 1.094074e+01 8.625430e+00
    endloop
  endfacet
  facet normal 2.819710e-01 -2.719423e-01 9.192874e-01
    outer loop
      vertex -1.441607e+01 1.277153e+01 8.625430e+00
      vertex -1.535767e+01 1.733523e+01 1.024234e+01
      vertex -1.733523e+01 1.535767e+01 1.024234e+01
    endloop
  endfacet
  facet normal 2.569546e-01 -2.686930e-01 9.275789e-01
    outer loop
      vertex -1.277153e+01 1.441607e+01 8.625430e+00
      vertex -1.535767e+01 1.733523e+01 1.024234e+01
      vertex -1.441607e+01 1.277153e+01 8.625430e+00
    endloop
  endfacet
  facet normal 2.471361e-01 -3.039474e-01 9.192874e-01
    outer loop
      vertex -1.277153e+01 1.441607e+01 8.625430e+00
      vertex -1.315617e+01 1.906000e+01 1.024234e+01
      vertex -1.535767e+01 1.733523e+01 1.024234e+01
    endloop
  endfacet
  facet normal 2.226937e-01 -2.977064e-01 9.275789e-01
    outer loop
      vertex -1.094074e+01 1.585040e+01 8.625430e+00
      vertex -1.315617e+01 1.906000e+01 1.024234e+01
      vertex -1.277153e+01 1.441607e+01 8.625430e+00
    endloop
  endfacet
  facet normal 2.086974e-01 -3.315202e-01 9.192874e-01
    outer loop
      vertex -1.094074e+01 1.585040e+01 8.625430e+00
      vertex -1.076282e+01 2.050683e+01 1.024234e+01
      vertex -1.315617e+01 1.906000e+01 1.024234e+01
    endloop
  endfacet
  facet normal 1.851855e-01 -3.223785e-01 9.275789e-01
    outer loop
      vertex -8.950418e+00 1.705359e+01 8.625430e+00
      vertex -1.076282e+01 2.050683e+01 1.024234e+01
      vertex -1.094074e+01 1.585040e+01 8.625430e+00
    endloop
  endfacet
  facet normal 1.672154e-01 -3.542588e-01 9.192874e-01
    outer loop
      vertex -8.950418e+00 1.705359e+01 8.625430e+00
      vertex -8.212518e+00 2.165463e+01 1.024234e+01
      vertex -1.076282e+01 2.050683e+01 1.024234e+01
    endloop
  endfacet
  facet normal 1.449768e-01 -3.423496e-01 9.275789e-01
    outer loop
      vertex -6.829575e+00 1.800811e+01 8.625430e+00
      vertex -8.212518e+00 2.165463e+01 1.024234e+01
      vertex -8.950418e+00 1.705359e+01 8.625430e+00
    endloop
  endfacet
  facet normal 1.232950e-01 -3.718314e-01 9.192874e-01
    outer loop
      vertex -6.829575e+00 1.800811e+01 8.625430e+00
      vertex -5.542462e+00 2.248665e+01 1.024234e+01
      vertex -8.212518e+00 2.165463e+01 1.024234e+01
    endloop
  endfacet
  facet normal 1.026541e-01 -3.573286e-01 9.275789e-01
    outer loop
      vertex -4.609142e+00 1.870002e+01 8.625430e+00
      vertex -5.542462e+00 2.248665e+01 1.024234e+01
      vertex -6.829575e+00 1.800811e+01 8.625430e+00
    endloop
  endfacet
  facet normal 7.757675e-02 -3.839819e-01 9.192874e-01
    outer loop
      vertex -4.609142e+00 1.870002e+01 8.625430e+00
      vertex -2.791585e+00 2.299077e+01 1.024234e+01
      vertex -5.542462e+00 2.248665e+01 1.024234e+01
    endloop
  endfacet
  facet normal 5.883443e-02 -3.670968e-01 9.275789e-01
    outer loop
      vertex -2.321497e+00 1.911925e+01 8.625430e+00
      vertex -2.791585e+00 2.299077e+01 1.024234e+01
      vertex -4.609142e+00 1.870002e+01 8.625430e+00
    endloop
  endfacet
  facet normal 3.072721e-02 -3.905331e-01 9.192874e-01
    outer loop
      vertex -2.321497e+00 1.911925e+01 8.625430e+00
      vertex -3.210006e-16 2.315963e+01 1.024234e+01
      vertex -2.791585e+00 2.299077e+01 1.024234e+01
    endloop
  endfacet
  facet normal 1.415683e-02 -3.715120e-01 9.275789e-01
    outer loop
      vertex -2.219936e-16 1.925967e+01 8.625430e+00
      vertex -3.210006e-16 2.315963e+01 1.024234e+01
      vertex -2.321497e+00 1.911925e+01 8.625430e+00
    endloop
  endfacet
  facet normal -1.657039e-02 -3.913895e-01 9.192874e-01
    outer loop
      vertex -2.219936e-16 1.925967e+01 8.625430e+00
      vertex 2.791585e+00 2.299077e+01 1.024234e+01
      vertex -3.210006e-16 2.315963e+01 1.024234e+01
    endloop
  endfacet
  facet normal -3.072721e-02 -3.705097e-01 9.275789e-01
    outer loop
      vertex 2.321497e+00 1.911925e+01 8.625430e+00
      vertex 2.791585e+00 2.299077e+01 1.024234e+01
      vertex -2.219936e-16 1.925967e+01 8.625430e+00
    endloop
  endfacet
  facet normal -6.362635e-02 -3.865384e-01 9.192874e-01
    outer loop
      vertex 2.321497e+00 1.911925e+01 8.625430e+00
      vertex 5.542462e+00 2.248665e+01 1.024234e+01
      vertex 2.791585e+00 2.299077e+01 1.024234e+01
    endloop
  endfacet
  facet normal -7.516319e-02 -3.641045e-01 9.275789e-01
    outer loop
      vertex 4.609142e+00 1.870002e+01 8.625430e+00
      vertex 5.542462e+00 2.248665e+01 1.024234e+01
      vertex 2.321497e+00 1.911925e+01 8.625430e+00
    endloop
  endfacet
  facet normal -1.097545e-01 -3.760508e-01 9.192874e-01
    outer loop
      vertex 4.609142e+00 1.870002e+01 8.625430e+00
      vertex 8.212518e+00 2.165463e+01 1.024234e+01
      vertex 5.542462e+00 2.248665e+01 1.024234e+01
    endloop
  endfacet
  facet normal -1.185031e-01 -3.523898e-01 9.275789e-01
    outer loop
      vertex 6.829575e+00 1.800811e+01 8.625430e+00
      vertex 8.212518e+00 2.165463e+01 1.024234e+01
      vertex 4.609142e+00 1.870002e+01 8.625430e+00
    endloop
  endfacet
  facet normal -1.542822e-01 -3.600795e-01 9.192874e-01
    outer loop
      vertex 6.829575e+00 1.800811e+01 8.625430e+00
      vertex 1.076282e+01 2.050683e+01 1.024234e+01
      vertex 8.212518e+00 2.165463e+01 1.024234e+01
    endloop
  endfacet
  facet normal -1.601150e-01 -3.355366e-01 9.275789e-01
    outer loop
      vertex 8.950418e+00 1.705359e+01 8.625430e+00
      vertex 1.076282e+01 2.050683e+01 1.024234e+01
      vertex 6.829575e+00 1.800811e+01 8.625430e+00
    endloop
  endfacet
  facet normal -1.965601e-01 -3.388575e-01 9.192874e-01
    outer loop
      vertex 8.950418e+00 1.705359e+01 8.625430e+00
      vertex 1.315617e+01 1.906000e+01 1.024234e+01
      vertex 1.076282e+01 2.050683e+01 1.024234e+01
    endloop
  endfacet
  facet normal -1.993920e-01 -3.137904e-01 9.275789e-01
    outer loop
      vertex 1.094074e+01 1.585040e+01 8.625430e+00
      vertex 1.315617e+01 1.906000e+01 1.024234e+01
      vertex 8.950418e+00 1.705359e+01 8.625430e+00
    endloop
  endfacet
  facet normal -2.359717e-01 -3.126942e-01 9.192874e-01
    outer loop
      vertex 1.094074e+01 1.585040e+01 8.625430e+00
      vertex 1.535767e+01 1.733523e+01 1.024234e+01
      vertex 1.315617e+01 1.906000e+01 1.024234e+01
    endloop
  endfacet
  facet normal -2.357615e-01 -2.874684e-01 9.275789e-01
    outer loop
      vertex 1.277153e+01 1.441607e+01 8.625430e+00
      vertex 1.535767e+01 1.733523e+01 1.024234e+01
      vertex 1.094074e+01 1.585040e+01 8.625430e+00
    endloop
  endfacet
  facet normal -2.719423e-01 -2.819710e-01 9.192874e-01
    outer loop
      vertex 1.277153e+01 1.441607e+01 8.625430e+00
      vertex 1.733523e+01 1.535767e+01 1.024234e+01
      vertex 1.535767e+01 1.733523e+01 1.024234e+01
    endloop
  endfacet
  facet normal -2.686930e-01 -2.569546e-01 9.275789e-01
    outer loop
      vertex 1.441607e+01 1.277153e+01 8.625430e+00
      vertex 1.733523e+01 1.535767e+01 1.024234e+01
      vertex 1.277153e+01 1.441607e+01 8.625430e+00
    endloop
  endfacet
  facet normal -3.039474e-01 -2.471361e-01 9.192874e-01
    outer loop
      vertex 1.441607e+01 1.277153e+01 8.625430e+00
      vertex 1.906000e+01 1.315617e+01 1.024234e+01
      vertex 1.733523e+01 1.535767e+01 1.024234e+01
    endloop
  endfacet
  facet normal -2.977064e-01 -2.226937e-01 9.275789e-01
    outer loop
      vertex 1.585040e+01 1.094074e+01 8.625430e+00
      vertex 1.906000e+01 1.315617e+01 1.024234e+01
      vertex 1.441607e+01 1.277153e+01 8.625430e+00
    endloop
  endfacet
  facet normal -3.315202e-01 -2.086974e-01 9.192874e-01
    outer loop
      vertex 1.585040e+01 1.094074e+01 8.625430e+00
      vertex 2.050683e+01 1.076282e+01 1.024234e+01
      vertex 1.906000e+01 1.315617e+01 1.024234e+01
    endloop
  endfacet
  facet normal -3.223785e-01 -1.851855e-01 9.275789e-01
    outer loop
      vertex 1.705359e+01 8.950418e+00 8.625430e+00
      vertex 2.050683e+01 1.076282e+01 1.024234e+01
      vertex 1.585040e+01 1.094074e+01 8.625430e+00
    endloop
  endfacet
  facet normal -3.542588e-01 -1.672154e-01 9.192874e-01
    outer loop
      vertex 1.705359e+01 8.950418e+00 8.625430e+00
      vertex 2.165463e+01 8.212518e+00 1.024234e+01
      vertex 2.050683e+01 1.076282e+01 1.024234e+01
    endloop
  endfacet
  facet normal -3.423496e-01 -1.449768e-01 9.275789e-01
    outer loop
      vertex 1.800811e+01 6.829575e+00 8.625430e+00
      vertex 2.165463e+01 8.212518e+00 1.024234e+01
      vertex 1.705359e+01 8.950418e+00 8.625430e+00
    endloop
  endfacet
  facet normal -3.718314e-01 -1.232950e-01 9.192874e-01
    outer loop
      vertex 1.800811e+01 6.829575e+00 8.625430e+00
      vertex 2.248665e+01 5.542462e+00 1.024234e+01
      vertex 2.165463e+01 8.212518e+00 1.024234e+01
    endloop
  endfacet
  facet normal -3.573286e-01 -1.026541e-01 9.275789e-01
    outer loop
      vertex 1.870002e+01 4.609142e+00 8.625430e+00
      vertex 2.248665e+01 5.542462e+00 1.024234e+01
      vertex 1.800811e+01 6.829575e+00 8.625430e+00
    endloop
  endfacet
  facet normal -3.839819e-01 -7.757675e-02 9.192874e-01
    outer loop
      vertex 1.870002e+01 4.609142e+00 8.625430e+00
      vertex 2.299077e+01 2.791585e+00 1.024234e+01
      vertex 2.248665e+01 5.542462e+00 1.024234e+01
    endloop
  endfacet
  facet normal -3.670968e-01 -5.883443e-02 9.275789e-01
    outer loop
      vertex 1.911925e+01 2.321497e+00 8.625430e+00
      vertex 2.299077e+01 2.791585e+00 1.024234e+01
      vertex 1.870002e+01 4.609142e+00 8.625430e+00
    endloop
  endfacet
  facet normal -3.905331e-01 -3.072721e-02 9.192874e-01
    outer loop
      vertex 1.911925e+01 2.321497e+00 8.625430e+00
      vertex 2.315963e+01 3.210006e-16 1.024234e+01
      vertex 2.299077e+01 2.791585e+00 1.024234e+01
    endloop
  endfacet
  facet normal -3.715120e-01 -1.415683e-02 9.275789e-01
    outer loop
      vertex 1.925967e+01 2.219936e-16 8.625430e+00
      vertex 2.315963e+01 3.210006e-16 1.024234e+01
      vertex 1.911925e+01 2.321497e+00 8.625430e+00
    endloop
  endfacet
  facet normal -3.369474e-01 1.415683e-02 9.409643e-01
    outer loop
      vertex 1.660329e+01 1.649771e-16 7.694280e+00
      vertex 1.911925e+01 -2.321497e+00 8.625430e+00
      vertex 1.925967e+01 2.219936e-16 8.625430e+00
    endloop
  endfacet
  facet normal -3.216558e-01 2.656091e-02 9.460585e-01
    outer loop
      vertex 1.648224e+01 -2.001306e+00 7.694280e+00
      vertex 1.911925e+01 -2.321497e+00 8.625430e+00
      vertex 1.660329e+01 1.649771e-16 7.694280e+00
    endloop
  endfacet
  facet normal -3.327842e-01 5.466812e-02 9.409643e-01
    outer loop
      vertex 1.648224e+01 -2.001306e+00 7.694280e+00
      vertex 1.870002e+01 -4.609142e+00 8.625430e+00
      vertex 1.911925e+01 -2.321497e+00 8.625430e+00
    endloop
  endfacet
  facet normal -3.161091e-01 6.513857e-02 9.460585e-01
    outer loop
      vertex 1.612083e+01 -3.973428e+00 7.694280e+00
      vertex 1.870002e+01 -4.609142e+00 8.625430e+00
      vertex 1.648224e+01 -2.001306e+00 7.694280e+00
    endloop
  endfacet
  facet normal -3.237683e-01 9.438223e-02 9.409643e-01
    outer loop
      vertex 1.612083e+01 -3.973428e+00 7.694280e+00
      vertex 1.800811e+01 -6.829575e+00 8.625430e+00
      vertex 1.870002e+01 -4.609142e+00 8.625430e+00
    endloop
  endfacet
  facet normal -3.059527e-01 1.027664e-01 9.460585e-01
    outer loop
      vertex 1.552435e+01 -5.887609e+00 7.694280e+00
      vertex 1.800811e+01 -6.829575e+00 8.625430e+00
      vertex 1.612083e+01 -3.973428e+00 7.694280e+00
    endloop
  endfacet
  facet normal -3.100312e-01 1.327200e-01 9.409643e-01
    outer loop
      vertex 1.552435e+01 -5.887609e+00 7.694280e+00
      vertex 1.705359e+01 -8.950418e+00 8.625430e+00
      vertex 1.800811e+01 -6.829575e+00 8.625430e+00
    endloop
  endfacet
  facet normal -2.913348e-01 1.388956e-01 9.460585e-01
    outer loop
      vertex 1.470149e+01 -7.715935e+00 7.694280e+00
      vertex 1.705359e+01 -8.950418e+00 8.625430e+00
      vertex 1.552435e+01 -5.887609e+00 7.694280e+00
    endloop
  endfacet
  facet normal -2.917731e-01 1.691225e-01 9.409643e-01
    outer loop
      vertex 1.470149e+01 -7.715935e+00 7.694280e+00
      vertex 1.585040e+01 -1.094074e+01 8.625430e+00
      vertex 1.705359e+01 -8.950418e+00 8.625430e+00
    endloop
  endfacet
  facet normal -2.724686e-01 1.729994e-01 9.460585e-01
    outer loop
      vertex 1.366424e+01 -9.431746e+00 7.694280e+00
      vertex 1.585040e+01 -1.094074e+01 8.625430e+00
      vertex 1.470149e+01 -7.715935e+00 7.694280e+00
    endloop
  endfacet
  facet normal -2.692602e-01 2.030588e-01 9.409643e-01
    outer loop
      vertex 1.366424e+01 -9.431746e+00 7.694280e+00
      vertex 1.441607e+01 -1.277153e+01 8.625430e+00
      vertex 1.585040e+01 -1.094074e+01 8.625430e+00
    endloop
  endfacet
  facet normal -2.496293e-01 2.045805e-01 9.460585e-01
    outer loop
      vertex 1.242774e+01 -1.101002e+01 7.694280e+00
      vertex 1.441607e+01 -1.277153e+01 8.625430e+00
      vertex 1.366424e+01 -9.431746e+00 7.694280e+00
    endloop
  endfacet
  facet normal -2.428210e-01 2.340340e-01 9.409643e-01
    outer loop
      vertex 1.242774e+01 -1.101002e+01 7.694280e+00
      vertex 1.277153e+01 -1.441607e+01 8.625430e+00
      vertex 1.441607e+01 -1.277153e+01 8.625430e+00
    endloop
  endfacet
  facet normal -2.231497e-01 2.331784e-01 9.460585e-01
    outer loop
      vertex 1.101002e+01 -1.242774e+01 7.694280e+00
      vertex 1.277153e+01 -1.441607e+01 8.625430e+00
      vertex 1.242774e+01 -1.101002e+01 7.694280e+00
    endloop
  endfacet
  facet normal -2.128409e-01 2.615964e-01 9.409643e-01
    outer loop
      vertex 1.101002e+01 -1.242774e+01 7.694280e+00
      vertex 1.094074e+01 -1.585040e+01 8.625430e+00
      vertex 1.277153e+01 -1.441607e+01 8.625430e+00
    endloop
  endfacet
  facet normal -1.934162e-01 2.583760e-01 9.460585e-01
    outer loop
      vertex 9.431746e+00 -1.366424e+01 7.694280e+00
      vertex 1.094074e+01 -1.585040e+01 8.625430e+00
      vertex 1.101002e+01 -1.242774e+01 7.694280e+00
    endloop
  endfacet
  facet normal -1.797571e-01 2.853442e-01 9.409643e-01
    outer loop
      vertex 9.431746e+00 -1.366424e+01 7.694280e+00
      vertex 8.950418e+00 -1.705359e+01 8.625430e+00
      vertex 1.094074e+01 -1.585040e+01 8.625430e+00
    endloop
  endfacet
  facet normal -1.608621e-01 2.798059e-01 9.460585e-01
    outer loop
      vertex 7.715935e+00 -1.470149e+01 7.694280e+00
      vertex 8.950418e+00 -1.705359e+01 8.625430e+00
      vertex 9.431746e+00 -1.366424e+01 7.694280e+00
    endloop
  endfacet
  facet normal -1.440520e-01 3.049310e-01 9.409643e-01
    outer loop
      vertex 7.715935e+00 -1.470149e+01 7.694280e+00
      vertex 6.829575e+00 -1.800811e+01 8.625430e+00
      vertex 8.950418e+00 -1.705359e+01 8.625430e+00
    endloop
  endfacet
  facet normal -1.259624e-01 2.971556e-01 9.460585e-01
    outer loop
      vertex 5.887609e+00 -1.552435e+01 7.694280e+00
      vertex 6.829575e+00 -1.800811e+01 8.625430e+00
      vertex 7.715935e+00 -1.470149e+01 7.694280e+00
    endloop
  endfacet
  facet normal -1.062463e-01 3.200713e-01 9.409643e-01
    outer loop
      vertex 5.887609e+00 -1.552435e+01 7.694280e+00
      vertex 4.609142e+00 -1.870002e+01 8.625430e+00
      vertex 6.829575e+00 -1.800811e+01 8.625430e+00
    endloop
  endfacet
  facet normal -8.922585e-02 3.101721e-01 9.460585e-01
    outer loop
      vertex 3.973428e+00 -1.612083e+01 7.694280e+00
      vertex 4.609142e+00 -1.870002e+01 8.625430e+00
      vertex 5.887609e+00 -1.552435e+01 7.694280e+00
    endloop
  endfacet
  facet normal -6.689132e-02 3.305442e-01 9.409643e-01
    outer loop
      vertex 3.973428e+00 -1.612083e+01 7.694280e+00
      vertex 2.321497e+00 -1.911925e+01 8.625430e+00
      vertex 4.609142e+00 -1.870002e+01 8.625430e+00
    endloop
  endfacet
  facet normal -5.118819e-02 3.186655e-01 9.460585e-01
    outer loop
      vertex 2.001306e+00 -1.648224e+01 7.694280e+00
      vertex 2.321497e+00 -1.911925e+01 8.625430e+00
      vertex 3.973428e+00 -1.612083e+01 7.694280e+00
    endloop
  endfacet
  facet normal -2.656091e-02 3.361970e-01 9.409643e-01
    outer loop
      vertex 2.001306e+00 -1.648224e+01 7.694280e+00
      vertex 2.219936e-16 -1.925967e+01 8.625430e+00
      vertex 2.321497e+00 -1.911925e+01 8.625430e+00
    endloop
  endfacet
  facet normal -1.240408e-02 3.225122e-01 9.460585e-01
    outer loop
      vertex 1.649771e-16 -1.660329e+01 7.694280e+00
      vertex 2.219936e-16 -1.925967e+01 8.625430e+00
      vertex 2.001306e+00 -1.648224e+01 7.694280e+00
    endloop
  endfacet
  facet normal 1.415683e-02 3.369474e-01 9.409643e-01
    outer loop
      vertex 1.649771e-16 -1.660329e+01 7.694280e+00
      vertex -2.321497e+00 -1.911925e+01 8.625430e+00
      vertex 2.219936e-16 -1.925967e+01 8.625430e+00
    endloop
  endfacet
  facet normal 2.656091e-02 3.216558e-01 9.460585e-01
    outer loop
      vertex -2.001306e+00 -1.648224e+01 7.694280e+00
      vertex -2.321497e+00 -1.911925e+01 8.625430e+00
      vertex 1.649771e-16 -1.660329e+01 7.694280e+00
    endloop
  endfacet
  facet normal 5.466812e-02 3.327842e-01 9.409643e-01
    outer loop
      vertex -2.001306e+00 -1.648224e+01 7.694280e+00
      vertex -4.609142e+00 -1.870002e+01 8.625430e+00
      vertex -2.321497e+00 -1.911925e+01 8.625430e+00
    endloop
  endfacet
  facet normal 6.513857e-02 3.161091e-01 9.460585e-01
    outer loop
      vertex -3.973428e+00 -1.612083e+01 7.694280e+00
      vertex -4.609142e+00 -1.870002e+01 8.625430e+00
      vertex -2.001306e+00 -1.648224e+01 7.694280e+00
    endloop
  endfacet
  facet normal 9.438223e-02 3.237683e-01 9.409643e-01
    outer loop
      vertex -3.973428e+00 -1.612083e+01 7.694280e+00
      vertex -6.829575e+00 -1.800811e+01 8.625430e+00
      vertex -4.609142e+00 -1.870002e+01 8.625430e+00
    endloop
  endfacet
  facet normal 1.027664e-01 3.059527e-01 9.460585e-01
    outer loop
      vertex -5.887609e+00 -1.552435e+01 7.694280e+00
      vertex -6.829575e+00 -1.800811e+01 8.625430e+00
      vertex -3.973428e+00 -1.612083e+01 7.694280e+00
    endloop
  endfacet
  facet normal 1.327200e-01 3.100312e-01 9.409643e-01
    outer loop
      vertex -5.887609e+00 -1.552435e+01 7.694280e+00
      vertex -8.950418e+00 -1.705359e+01 8.625430e+00
      vertex -6.829575e+00 -1.800811e+01 8.625430e+00
    endloop
  endfacet
  facet normal 1.388956e-01 2.913348e-01 9.460585e-01
    outer loop
      vertex -7.715935e+00 -1.470149e+01 7.694280e+00
      vertex -8.950418e+00 -1.705359e+01 8.625430e+00
      vertex -5.887609e+00 -1.552435e+01 7.694280e+00
    endloop
  endfacet
  facet normal 1.691225e-01 2.917731e-01 9.409643e-01
    outer loop
      vertex -7.715935e+00 -1.470149e+01 7.694280e+00
      vertex -1.094074e+01 -1.585040e+01 8.625430e+00
      vertex -8.950418e+00 -1.705359e+01 8.625430e+00
    endloop
  endfacet
  facet normal 1.729994e-01 2.724686e-01 9.460585e-01
    outer loop
      vertex -9.431746e+00 -1.366424e+01 7.694280e+00
      vertex -1.094074e+01 -1.585040e+01 8.625430e+00
      vertex -7.715935e+00 -1.470149e+01 7.694280e+00
    endloop
  endfacet
  facet normal 2.030588e-01 2.692602e-01 9.409643e-01
    outer loop
      vertex -9.431746e+00 -1.366424e+01 7.694280e+00
      vertex -1.277153e+01 -1.441607e+01 8.625430e+00
      vertex -1.094074e+01 -1.585040e+01 8.625430e+00
    endloop
  endfacet
  facet normal 2.045805e-01 2.496293e-01 9.460585e-01
    outer loop
      vertex -1.101002e+01 -1.242774e+01 7.694280e+00
      vertex -1.277153e+01 -1.441607e+01 8.625430e+00
      vertex -9.431746e+00 -1.366424e+01 7.694280e+00
    endloop
  endfacet
  facet normal 2.340340e-01 2.428210e-01 9.409643e-01
    outer loop
      vertex -1.101002e+01 -1.242774e+01 7.694280e+00
      vertex -1.441607e+01 -1.277153e+01 8.625430e+00
      vertex -1.277153e+01 -1.441607e+01 8.625430e+00
    endloop
  endfacet
  facet normal 2.331784e-01 2.231497e-01 9.460585e-01
    outer loop
      vertex -1.242774e+01 -1.101002e+01 7.694280e+00
      vertex -1.441607e+01 -1.277153e+01 8.625430e+00
      vertex -1.101002e+01 -1.242774e+01 7.694280e+00
    endloop
  endfacet
  facet normal 2.615964e-01 2.128409e-01 9.409643e-01
    outer loop
      vertex -1.242774e+01 -1.101002e+01 7.694280e+00
      vertex -1.585040e+01 -1.094074e+01 8.625430e+00
      vertex -1.441607e+01 -1.277153e+01 8.625430e+00
    endloop
  endfacet
  facet normal 2.583760e-01 1.934162e-01 9.460585e-01
    outer loop
      vertex -1.366424e+01 -9.431746e+00 7.694280e+00
      vertex -1.585040e+01 -1.094074e+01 8.625430e+00
      vertex -1.242774e+01 -1.101002e+01 7.694280e+00
    endloop
  endfacet
  facet normal 2.853442e-01 1.797571e-01 9.409643e-01
    outer loop
      vertex -1.366424e+01 -9.431746e+00 7.694280e+00
      vertex -1.705359e+01 -8.950418e+00 8.625430e+00
      vertex -1.585040e+01 -1.094074e+01 8.625430e+00
    endloop
  endfacet
  facet normal 2.798059e-01 1.608621e-01 9.460585e-01
    outer loop
      vertex -1.470149e+01 -7.715935e+00 7.694280e+00
      vertex -1.705359e+01 -8.950418e+00 8.625430e+00
      vertex -1.366424e+01 -9.431746e+00 7.694280e+00
    endloop
  endfacet
  facet normal 3.049310e-01 1.440520e-01 9.409643e-01
    outer loop
      vertex -1.470149e+01 -7.715935e+00 7.694280e+00
      vertex -1.800811e+01 -6.829575e+00 8.625430e+00
      vertex -1.705359e+01 -8.950418e+00 8.625430e+00
    endloop
  endfacet
  facet normal 2.971556e-01 1.259624e-01 9.460585e-01
    outer loop
      vertex -1.552435e+01 -5.887609e+00 7.694280e+00
      vertex -1.800811e+01 -6.829575e+00 8.625430e+00
      vertex -1.470149e+01 -7.715935e+00 7.694280e+00
    endloop
  endfacet
  facet normal 3.200713e-01 1.062463e-01 9.409643e-01
    outer loop
      vertex -1.552435e+01 -5.887609e+00 7.694280e+00
      vertex -1.870002e+01 -4.609142e+00 8.625430e+00
      vertex -1.800811e+01 -6.829575e+00 8.625430e+00
    endloop
  endfacet
  facet normal 3.101721e-01 8.922585e-02 9.460585e-01
    outer loop
      vertex -1.612083e+01 -3.973428e+00 7.694280e+00
      vertex -1.870002e+01 -4.609142e+00 8.625430e+00
      vertex -1.552435e+01 -5.887609e+00 7.694280e+00
    endloop
  endfacet
  facet normal 3.305442e-01 6.689132e-02 9.409643e-01
    outer loop
      vertex -1.612083e+01 -3.973428e+00 7.694280e+00
      vertex -1.911925e+01 -2.321497e+00 8.625430e+00
      vertex -1.870002e+01 -4.609142e+00 8.625430e+00
    endloop
  endfacet
  facet normal 3.186655e-01 5.118819e-02 9.460585e-01
    outer loop
      vertex -1.648224e+01 -2.001306e+00 7.694280e+00
      vertex -1.911925e+01 -2.321497e+00 8.625430e+00
      vertex -1.612083e+01 -3.973428e+00 7.694280e+00
    endloop
  endfacet
  facet normal 3.361970e-01 2.656091e-02 9.409643e-01
    outer loop
      vertex -1.648224e+01 -2.001306e+00 7.694280e+00
      vertex -1.925967e+01 -2.219936e-16 8.625430e+00
      vertex -1.911925e+01 -2.321497e+00 8.625430e+00
    endloop
  endfacet
  facet normal 3.225122e-01 1.240408e-02 9.460585e-01
    outer loop
      vertex -1.660329e+01 -1.649771e-16 7.694280e+00
      vertex -1.925967e+01 -2.219936e-16 8.625430e+00
      vertex -1.648224e+01 -2.001306e+00 7.694280e+00
    endloop
  endfacet
  facet normal 3.369474e-01 -1.415683e-02 9.409643e-01
    outer loop
      vertex -1.660329e+01 -1.649771e-16 7.694280e+00
      vertex -1.911925e+01 2.321497e+00 8.625430e+00
      vertex -1.925967e+01 -2.219936e-16 8.625430e+00
    endloop
  endfacet
  facet normal 3.216558e-01 -2.656091e-02 9.460585e-01
    outer loop
      vertex -1.648224e+01 2.001306e+00 7.694280e+00
      vertex -1.911925e+01 2.321497e+00 8.625430e+00
      vertex -1.660329e+01 -1.649771e-16 7.694280e+00
    endloop
  endfacet
  facet normal 3.327842e-01 -5.466812e-02 9.409643e-01
    outer loop
      vertex -1.648224e+01 2.001306e+00 7.694280e+00
      vertex -1.870002e+01 4.609142e+00 8.625430e+00
      vertex -1.911925e+01 2.321497e+00 8.625430e+00
    endloop
  endfacet
  facet normal 3.161091e-01 -6.513857e-02 9.460585e-01
    outer loop
      vertex -1.612083e+01 3.973428e+00 7.694280e+00
      vertex -1.870002e+01 4.609142e+00 8.625430e+00
      vertex -1.648224e+01 2.001306e+00 7.694280e+00
    endloop
  endfacet
  facet normal 3.237683e-01 -9.438223e-02 9.409643e-01
    outer loop
      vertex -1.612083e+01 3.973428e+00 7.694280e+00
      vertex -1.800811e+01 6.829575e+00 8.625430e+00
      vertex -1.870002e+01 4.609142e+00 8.625430e+00
    endloop
  endfacet
  facet normal 3.059527e-01 -1.027664e-01 9.460585e-01
    outer loop
      vertex -1.552435e+01 5.887609e+00 7.694280e+00
      vertex -1.800811e+01 6.829575e+00 8.625430e+00
      vertex -1.612083e+01 3.973428e+00 7.694280e+00
    endloop
  endfacet
  facet normal 3.100312e-01 -1.327200e-01 9.409643e-01
    outer loop
      vertex -1.552435e+01 5.887609e+00 7.694280e+00
      vertex -1.705359e+01 8.950418e+00 8.625430e+00
      vertex -1.800811e+01 6.829575e+00 8.625430e+00
    endloop
  endfacet
  facet normal 2.913348e-01 -1.388956e-01 9.460585e-01
    outer loop
      vertex -1.470149e+01 7.715935e+00 7.694280e+00
      vertex -1.705359e+01 8.950418e+00 8.625430e+00
      vertex -1.552435e+01 5.887609e+00 7.694280e+00
    endloop
  endfacet
  facet normal 2.917731e-01 -1.691225e-01 9.409643e-01
    outer loop
      vertex -1.470149e+01 7.715935e+00 7.694280e+00
      vertex -1.585040e+01 1.094074e+01 8.625430e+00
      vertex -1.705359e+01 8.950418e+00 8.625430e+00
    endloop
  endfacet
  facet normal 2.724686e-01 -1.729994e-01 9.460585e-01
    outer loop
      vertex -1.366424e+01 9.431746e+00 7.694280e+00
      vertex -1.585040e+01 1.094074e+01 8.625430e+00
      vertex -1.470149e+01 7.715935e+00 7.694280e+00
    endloop
  endfacet
  facet normal 2.692602e-01 -2.030588e-01 9.409643e-01
    outer loop
      vertex -1.366424e+01 9.431746e+00 7.694280e+00
      vertex -1.441607e+01 1.277153e+01 8.625430e+00
      vertex -1.585040e+01 1.094074e+01 8.625430e+00
    endloop
  endfacet
  facet normal 2.496293e-01 -2.045805e-01 9.460585e-01
    outer loop
      vertex -1.242774e+01 1.101002e+01 7.694280e+00
      vertex -1.441607e+01 1.277153e+01 8.625430e+00
      vertex -1.366424e+01 9.431746e+00 7.694280e+00
    endloop
  endfacet
  facet normal 2.428210e-01 -2.340340e-01 9.409643e-01
    outer loop
      vertex -1.242774e+01 1.101002e+01 7.694280e+00
      vertex -1.277153e+01 1.441607e+01 8.625430e+00
      vertex -1.441607e+01 1.277153e+01 8.625430e+00
    endloop
  endfacet
  facet normal 2.231497e-01 -2.331784e-01 9.460585e-01
    outer loop
      vertex -1.101002e+01 1.242774e+01 7.694280e+00
      vertex -1.277153e+01 1.441607e+01 8.625430e+00
      vertex -1.242774e+01 1.101002e+01 7.694280e+00
    endloop
  endfacet
  facet normal 2.128409e-01 -2.615964e-01 9.409643e-01
    outer loop
      vertex -1.101002e+01 1.242774e+01 7.694280e+00
      vertex -1.094074e+01 1.585040e+01 8.625430e+00
      vertex -1.277153e+01 1.441607e+01 8.625430e+00
    endloop
  endfacet
  facet normal 1.934162e-01 -2.583760e-01 9.460585e-01
    outer loop
      vertex -9.431746e+00 1.366424e+01 7.694280e+00
      vertex -1.094074e+01 1.585040e+01 8.625430e+00
      vertex -1.101002e+01 1.242774e+01 7.694280e+00
    endloop
  endfacet
  facet normal 1.797571e-01 -2.853442e-01 9.409643e-01
    outer loop
      vertex -9.431746e+00 1.366424e+01 7.694280e+00
      vertex -8.950418e+00 1.705359e+01 8.625430e+00
      vertex -1.094074e+01 1.585040e+01 8.625430e+00
    endloop
  endfacet
  facet normal 1.608621e-01 -2.798059e-01 9.460585e-01
    outer loop
      vertex -7.715935e+00 1.470149e+01 7.694280e+00
      vertex -8.950418e+00 1.705359e+01 8.625430e+00
      vertex -9.431746e+00 1.366424e+01 7.694280e+00
    endloop
  endfacet
  facet normal 1.440520e-01 -3.049310e-01 9.409643e-01
    outer loop
      vertex -7.715935e+00 1.470149e+01 7.694280e+00
      vertex -6.829575e+00 1.800811e+01 8.625430e+00
      vertex -8.950418e+00 1.705359e+01 8.625430e+00
    endloop
  endfacet
  facet normal 1.259624e-01 -2.971556e-01 9.460585e-01
    outer loop
      vertex -5.887609e+00 1.552435e+01 7.694280e+00
      vertex -6.829575e+00 1.800811e+01 8.625430e+00
      vertex -7.715935e+00 1.470149e+01 7.694280e+00
    endloop
  endfacet
  facet normal 1.062463e-01 -3.200713e-01 9.409643e-01
    outer loop
      vertex -5.887609e+00 1.552435e+01 7.694280e+00
      vertex -4.609142e+00 1.870002e+01 8.625430e+00
      vertex -6.829575e+00 1.800811e+01 8.625430e+00
    endloop
  endfacet
  facet normal 8.922585e-02 -3.101721e-01 9.460585e-01
    outer loop
      vertex -3.973428e+00 1.612083e+01 7.694280e+00
      vertex -4.609142e+00 1.870002e+01 8.625430e+00
      vertex -5.887609e+00 1.552435e+01 7.694280e+00
    endloop
  endfacet
  facet normal 6.689132e-02 -3.305442e-01 9.409643e-01
    outer loop
      vertex -3.973428e+00 1.612083e+01 7.694280e+00
      vertex -2.321497e+00 1.911925e+01 8.625430e+00
      vertex -4.609142e+00 1.870002e+01 8.625430e+00
    endloop
  endfacet
  facet normal 5.118819e-02 -3.186655e-01 9.460585e-01
    outer loop
      vertex -2.001306e+00 1.648224e+01 7.694280e+00
      vertex -2.321497e+00 1.911925e+01 8.625430e+00
      vertex -3.973428e+00 1.612083e+01 7.694280e+00
    endloop
  endfacet
  facet normal 2.656091e-02 -3.361970e-01 9.409643e-01
    outer loop
      vertex -2.001306e+00 1.648224e+01 7.694280e+00
      vertex -2.219936e-16 1.925967e+01 8.625430e+00
      vertex -2.321497e+00 1.911925e+01 8.625430e+00
    endloop
  endfacet
  facet normal 1.240408e-02 -3.225122e-01 9.460585e-01
    outer loop
      vertex -1.649771e-16 1.660329e+01 7.694280e+00
      vertex -2.219936e-16 1.925967e+01 8.625430e+00
      vertex -2.001306e+00 1.648224e+01 7.694280e+00
    endloop
  endfacet
  facet normal -1.415683e-02 -3.369474e-01 9.409643e-01
    outer loop
      vertex -1.649771e-16 1.660329e+01 7.694280e+00
      vertex 2.321497e+00 1.911925e+01 8.625430e+00
      vertex -2.219936e-16 1.925967e+01 8.625430e+00
    endloop
  endfacet
  facet normal -2.656091e-02 -3.216558e-01 9.460585e-01
    outer loop
      vertex 2.001306e+00 1.648224e+01 7.694280e+00
      vertex 2.321497e+00 1.911925e+01 8.625430e+00
      vertex -1.649771e-16 1.660329e+01 7.694280e+00
    endloop
  endfacet
  facet normal -5.466812e-02 -3.327842e-01 9.409643e-01
    outer loop
      vertex 2.001306e+00 1.648224e+01 7.694280e+00
      vertex 4.609142e+00 1.870002e+01 8.625430e+00
      vertex 2.321497e+00 1.911925e+01 8.625430e+00
    endloop
  endfacet
  facet normal -6.513857e-02 -3.161091e-01 9.460585e-01
    outer loop
      vertex 3.973428e+00 1.612083e+01 7.694280e+00
      vertex 4.609142e+00 1.870002e+01 8.625430e+00
      vertex 2.001306e+00 1.648224e+01 7.694280e+00
    endloop
  endfacet
  facet normal -9.438223e-02 -3.237683e-01 9.409643e-01
    outer loop
      vertex 3.973428e+00 1.612083e+01 7.694280e+00
      vertex 6.829575e+00 1.800811e+01 8.625430e+00
      vertex 4.609142e+00 1.870002e+01 8.625430e+00
    endloop
  endfacet
  facet normal -1.027664e-01 -3.059527e-01 9.460585e-01
    outer loop
      vertex 5.887609e+00 1.552435e+01 7.694280e+00
      vertex 6.829575e+00 1.800811e+01 8.625430e+00
      vertex 3.973428e+00 1.612083e+01 7.694280e+00
    endloop
  endfacet
  facet normal -1.327200e-01 -3.100312e-01 9.409643e-01
    outer loop
      vertex 5.887609e+00 1.552435e+01 7.694280e+00
      vertex 8.950418e+00 1.705359e+01 8.625430e+00
      vertex 6.829575e+00 1.800811e+01 8.625430e+00
    endloop
  endfacet
  facet normal -1.388956e-01 -2.913348e-01 9.460585e-01
    outer loop
      vertex 7.715935e+00 1.470149e+01 7.694280e+00
      vertex 8.950418e+00 1.705359e+01 8.625430e+00
      vertex 5.887609e+00 1.552435e+01 7.694280e+00
    endloop
  endfacet
  facet normal -1.691225e-01 -2.917731e-01 9.409643e-01
    outer loop
      vertex 7.715935e+00 1.470149e+01 7.694280e+00
      vertex 1.094074e+01 1.585040e+01 8.625430e+00
      vertex 8.950418e+00 1.705359e+01 8.625430e+00
    endloop
  endfacet
  facet normal -1.729994e-01 -2.724686e-01 9.460585e-01
    outer loop
      vertex 9.431746e+00 1.366424e+01 7.694280e+00
      vertex 1.094074e+01 1.585040e+01 8.625430e+00
      vertex 7.715935e+00 1.470149e+01 7.694280e+00
    endloop
  endfacet
  facet normal -2.030588e-01 -2.692602e-01 9.409643e-01
    outer loop
      vertex 9.431746e+00 1.366424e+01 7.694280e+00
      vertex 1.277153e+01 1.441607e+01 8.625430e+00
      vertex 1.094074e+01 1.585040e+01 8.625430e+00
    endloop
  endfacet
  facet normal -2.045805e-01 -2.496293e-01 9.460585e-01
    outer loop
      vertex 1.101002e+01 1.242774e+01 7.694280e+00
      vertex 1.277153e+01 1.441607e+01 8.625430e+00
      vertex 9.431746e+00 1.366424e+01 7.694280e+00
    endloop
  endfacet
  facet normal -2.340340e-01 -2.428210e-01 9.409643e-01
    outer loop
      vertex 1.101002e+01 1.242774e+01 7.694280e+00
      vertex 1.441607e+01 1.277153e+01 8.625430e+00
      vertex 1.277153e+01 1.441607e+01 8.625430e+00
    endloop
  endfacet
  facet normal -2.331784e-01 -2.231497e-01 9.460585e-01
    outer loop
      vertex 1.242774e+01 1.101002e+01 7.694280e+00
      vertex 1.441607e+01 1.277153e+01 8.625430e+00
      vertex 1.101002e+01 1.242774e+01 7.694280e+00
    endloop
  endfacet
  facet normal -2.615964e-01 -2.128409e-01 9.409643e-01
    outer loop
      vertex 1.242774e+01 1.101002e+01 7.694280e+00
      vertex 1.585040e+01 1.094074e+01 8.625430e+00
      vertex 1.441607e+01 1.277153e+01 8.625430e+00
    endloop
  endfacet
  facet normal -2.583760e-01 -1.934162e-01 9.460585e-01
    outer loop
      vertex 1.366424e+01 9.431746e+00 7.694280e+00
      vertex 1.585040e+01 1.094074e+01 8.625430e+00
      vertex 1.242774e+01 1.101002e+01 7.694280e+00
    endloop
  endfacet
  facet normal -2.853442e-01 -1.797571e-01 9.409643e-01
    outer loop
      vertex 1.366424e+01 9.431746e+00 7.694280e+00
      vertex 1.705359e+01 8.950418e+00 8.625430e+00
      vertex 1.585040e+01 1.094074e+01 8.625430e+00
    endloop
  endfacet
  facet normal -2.798059e-01 -1.608621e-01 9.460585e-01
    outer loop
      vertex 1.470149e+01 7.715935e+00 7.694280e+00
      vertex 1.705359e+01 8.950418e+00 8.625430e+00
      vertex 1.366424e+01 9.431746e+00 7.694280e+00
    endloop
  endfacet
  facet normal -3.049310e-01 -1.440520e-01 9.409643e-01
    outer loop
      vertex 1.470149e+01 7.715935e+00 7.694280e+00
      vertex 1.800811e+01 6.829575e+00 8.625430e+00
      vertex 1.705359e+01 8.950418e+00 8.625430e+00
    endloop
  endfacet
  facet normal -2.971556e-01 -1.259624e-01 9.460585e-01
    outer loop
      vertex 1.552435e+01 5.887609e+00 7.694280e+00
      vertex 1.800811e+01 6.829575e+00 8.625430e+00
      vertex 1.470149e+01 7.715935e+00 7.694280e+00
    endloop
  endfacet
  facet normal -3.200713e-01 -1.062463e-01 9.409643e-01
    outer loop
      vertex 1.552435e+01 5.887609e+00 7.694280e+00
      vertex 1.870002e+01 4.609142e+00 8.625430e+00
      vertex 1.800811e+01 6.829575e+00 8.625430e+00
    endloop
  endfacet
  facet normal -3.101721e-01 -8.922585e-02 9.460585e-01
    outer loop
      vertex 1.612083e+01 3.973428e+00 7.694280e+00
      vertex 1.870002e+01 4.609142e+00 8.625430e+00
      vertex 1.552435e+01 5.887609e+00 7.694280e+00
    endloop
  endfacet
  facet normal -3.305442e-01 -6.689132e-02 9.409643e-01
    outer loop
      vertex 1.612083e+01 3.973428e+00 7.694280e+00
      vertex 1.911925e+01 2.321497e+00 8.625430e+00
      vertex 1.870002e+01 4.609142e+00 8.625430e+00
    endloop
  endfacet
  facet normal -3.186655e-01 -5.118819e-02 9.460585e-01
    outer loop
      vertex 1.648224e+01 2.001306e+00 7.694280e+00
      vertex 1.911925e+01 2.321497e+00 8.625430e+00
      vertex 1.612083e+01 3.973428e+00 7.694280e+00
    endloop
  endfacet
  facet normal -3.361970e-01 -2.656091e-02 9.409643e-01
    outer loop
      vertex 1.648224e+01 2.001306e+00 7.694280e+00
      vertex 1.925967e+01 2.219936e-16 8.625430e+00
      vertex 1.911925e+01 2.321497e+00 8.625430e+00
    endloop
  endfacet
  facet normal -3.225122e-01 -1.240408e-02 9.460585e-01
    outer loop
      vertex 1.660329e+01 1.649771e-16 7.694280e+00
      vertex 1.925967e+01 2.219936e-16 8.625430e+00
      vertex 1.648224e+01 2.001306e+00 7.694280e+00
    endloop
  endfacet
  facet normal -2.924683e-01 1.240408e-02 9.557717e-01
    outer loop
      vertex 1.390590e+01 1.157288e-16 6.889995e+00
      vertex 1.648224e+01 -2.001306e+00 7.694280e+00
      vertex 1.660329e+01 1.649771e-16 7.694280e+00
    endloop
  endfacet
  facet normal -2.763284e-01 2.293952e-02 9.603908e-01
    outer loop
      vertex 1.380451e+01 -1.676171e+00 6.889995e+00
      vertex 1.648224e+01 -2.001306e+00 7.694280e+00
      vertex 1.390590e+01 1.157288e-16 6.889995e+00
    endloop
  endfacet
  facet normal -2.888407e-01 4.756680e-02 9.557717e-01
    outer loop
      vertex 1.380451e+01 -1.676171e+00 6.889995e+00
      vertex 1.612083e+01 -3.973428e+00 7.694280e+00
      vertex 1.648224e+01 -2.001306e+00 7.694280e+00
    endloop
  endfacet
  facet normal -2.715485e-01 5.607997e-02 9.603908e-01
    outer loop
      vertex 1.350182e+01 -3.327899e+00 6.889995e+00
      vertex 1.612083e+01 -3.973428e+00 7.694280e+00
      vertex 1.380451e+01 -1.676171e+00 6.889995e+00
    endloop
  endfacet
  facet normal -2.810012e-01 8.203589e-02 9.557717e-01
    outer loop
      vertex 1.350182e+01 -3.327899e+00 6.889995e+00
      vertex 1.552435e+01 -5.887609e+00 7.694280e+00
      vertex 1.612083e+01 -3.973428e+00 7.694280e+00
    endloop
  endfacet
  facet normal -2.628089e-01 8.840264e-02 9.603908e-01
    outer loop
      vertex 1.300224e+01 -4.931098e+00 6.889995e+00
      vertex 1.552435e+01 -5.887609e+00 7.694280e+00
      vertex 1.350182e+01 -3.327899e+00 6.889995e+00
    endloop
  endfacet
  facet normal -2.690641e-01 1.153087e-01 9.557717e-01
    outer loop
      vertex 1.300224e+01 -4.931098e+00 6.889995e+00
      vertex 1.470149e+01 -7.715935e+00 7.694280e+00
      vertex 1.552435e+01 -5.887609e+00 7.694280e+00
    endloop
  endfacet
  facet normal -2.502370e-01 1.194362e-01 9.603908e-01
    outer loop
      vertex 1.231306e+01 -6.462392e+00 6.889995e+00
      vertex 1.470149e+01 -7.715935e+00 7.694280e+00
      vertex 1.300224e+01 -4.931098e+00 6.889995e+00
    endloop
  endfacet
  facet normal -2.532034e-01 1.469001e-01 9.557717e-01
    outer loop
      vertex 1.231306e+01 -6.462392e+00 6.889995e+00
      vertex 1.366424e+01 -9.431746e+00 7.694280e+00
      vertex 1.470149e+01 -7.715935e+00 7.694280e+00
    endloop
  endfacet
  facet normal -2.340161e-01 1.487281e-01 9.603908e-01
    outer loop
      vertex 1.144433e+01 -7.899449e+00 6.889995e+00
      vertex 1.366424e+01 -9.431746e+00 7.694280e+00
      vertex 1.231306e+01 -6.462392e+00 6.889995e+00
    endloop
  endfacet
  facet normal -2.336504e-01 1.763493e-01 9.557717e-01
    outer loop
      vertex 1.144433e+01 -7.899449e+00 6.889995e+00
      vertex 1.242774e+01 -1.101002e+01 7.694280e+00
      vertex 1.366424e+01 -9.431746e+00 7.694280e+00
    endloop
  endfacet
  facet normal -2.143826e-01 1.758512e-01 9.603908e-01
    outer loop
      vertex 1.040871e+01 -9.221314e+00 6.889995e+00
      vertex 1.242774e+01 -1.101002e+01 7.694280e+00
      vertex 1.144433e+01 -7.899449e+00 6.889995e+00
    endloop
  endfacet
  facet normal -2.106902e-01 2.032269e-01 9.557717e-01
    outer loop
      vertex 1.040871e+01 -9.221314e+00 6.889995e+00
      vertex 1.101002e+01 -1.242774e+01 7.694280e+00
      vertex 1.242774e+01 -1.101002e+01 7.694280e+00
    endloop
  endfacet
  facet normal -1.916230e-01 2.004101e-01 9.603908e-01
    outer loop
      vertex 9.221314e+00 -1.040871e+01 6.889995e+00
      vertex 1.101002e+01 -1.242774e+01 7.694280e+00
      vertex 1.040871e+01 -9.221314e+00 6.889995e+00
    endloop
  endfacet
  facet normal -1.846578e-01 2.271411e-01 9.557717e-01
    outer loop
      vertex 9.221314e+00 -1.040871e+01 6.889995e+00
      vertex 9.431746e+00 -1.366424e+01 7.694280e+00
      vertex 1.101002e+01 -1.242774e+01 7.694280e+00
    endloop
  endfacet
  facet normal -1.660691e-01 2.220464e-01 9.603908e-01
    outer loop
      vertex 7.899449e+00 -1.144433e+01 6.889995e+00
      vertex 9.431746e+00 -1.366424e+01 7.694280e+00
      vertex 9.221314e+00 -1.040871e+01 6.889995e+00
    endloop
  endfacet
  facet normal -1.559326e-01 2.477430e-01 9.557717e-01
    outer loop
      vertex 7.899449e+00 -1.144433e+01 6.889995e+00
      vertex 7.715935e+00 -1.470149e+01 7.694280e+00
      vertex 9.431746e+00 -1.366424e+01 7.694280e+00
    endloop
  endfacet
  facet normal -1.380935e-01 2.404449e-01 9.603908e-01
    outer loop
      vertex 6.462392e+00 -1.231306e+01 6.889995e+00
      vertex 7.715935e+00 -1.470149e+01 7.694280e+00
      vertex 7.899449e+00 -1.144433e+01 6.889995e+00
    endloop
  endfacet
  facet normal -1.249335e-01 2.647323e-01 9.557717e-01
    outer loop
      vertex 6.462392e+00 -1.231306e+01 6.889995e+00
      vertex 5.887609e+00 -1.552435e+01 7.694280e+00
      vertex 7.715935e+00 -1.470149e+01 7.694280e+00
    endloop
  endfacet
  facet normal -1.081043e-01 2.553371e-01 9.603908e-01
    outer loop
      vertex 4.931098e+00 -1.300224e+01 6.889995e+00
      vertex 5.887609e+00 -1.552435e+01 7.694280e+00
      vertex 6.462392e+00 -1.231306e+01 6.889995e+00
    endloop
  endfacet
  facet normal -9.211268e-02 2.778611e-01 9.557717e-01
    outer loop
      vertex 4.931098e+00 -1.300224e+01 6.889995e+00
      vertex 3.973428e+00 -1.612083e+01 7.694280e+00
      vertex 5.887609e+00 -1.552435e+01 7.694280e+00
    endloop
  endfacet
  facet normal -7.653856e-02 2.665060e-01 9.603908e-01
    outer loop
      vertex 3.327899e+00 -1.350182e+01 6.889995e+00
      vertex 3.973428e+00 -1.612083e+01 7.694280e+00
      vertex 4.931098e+00 -1.300224e+01 6.889995e+00
    endloop
  endfacet
  facet normal -5.794861e-02 2.869382e-01 9.557717e-01
    outer loop
      vertex 3.327899e+00 -1.350182e+01 6.889995e+00
      vertex 2.001306e+00 -1.648224e+01 7.694280e+00
      vertex 3.973428e+00 -1.612083e+01 7.694280e+00
    endloop
  endfacet
  facet normal -4.385677e-02 2.737885e-01 9.603908e-01
    outer loop
      vertex 1.676171e+00 -1.380451e+01 6.889995e+00
      vertex 2.001306e+00 -1.648224e+01 7.694280e+00
      vertex 3.327899e+00 -1.350182e+01 6.889995e+00
    endloop
  endfacet
  facet normal -2.293952e-02 2.918310e-01 9.557717e-01
    outer loop
      vertex 1.676171e+00 -1.380451e+01 6.889995e+00
      vertex 1.649771e-16 -1.660329e+01 7.694280e+00
      vertex 2.001306e+00 -1.648224e+01 7.694280e+00
    endloop
  endfacet
  facet normal -1.053544e-02 2.770787e-01 9.603908e-01
    outer loop
      vertex 1.157288e-16 -1.390590e+01 6.889995e+00
      vertex 1.649771e-16 -1.660329e+01 7.694280e+00
      vertex 1.676171e+00 -1.380451e+01 6.889995e+00
    endloop
  endfacet
  facet normal 1.240408e-02 2.924683e-01 9.557717e-01
    outer loop
      vertex 1.157288e-16 -1.390590e+01 6.889995e+00
      vertex -2.001306e+00 -1.648224e+01 7.694280e+00
      vertex 1.649771e-16 -1.660329e+01 7.694280e+00
    endloop
  endfacet
  facet normal 2.293952e-02 2.763284e-01 9.603908e-01
    outer loop
      vertex -1.676171e+00 -1.380451e+01 6.889995e+00
      vertex -2.001306e+00 -1.648224e+01 7.694280e+00
      vertex 1.157288e-16 -1.390590e+01 6.889995e+00
    endloop
  endfacet
  facet normal 4.756680e-02 2.888407e-01 9.557717e-01
    outer loop
      vertex -1.676171e+00 -1.380451e+01 6.889995e+00
      vertex -3.973428e+00 -1.612083e+01 7.694280e+00
      vertex -2.001306e+00 -1.648224e+01 7.694280e+00
    endloop
  endfacet
  facet normal 5.607997e-02 2.715485e-01 9.603908e-01
    outer loop
      vertex -3.327899e+00 -1.350182e+01 6.889995e+00
      vertex -3.973428e+00 -1.612083e+01 7.694280e+00
      vertex -1.676171e+00 -1.380451e+01 6.889995e+00
    endloop
  endfacet
  facet normal 8.203589e-02 2.810012e-01 9.557717e-01
    outer loop
      vertex -3.327899e+00 -1.350182e+01 6.889995e+00
      vertex -5.887609e+00 -1.552435e+01 7.694280e+00
      vertex -3.973428e+00 -1.612083e+01 7.694280e+00
    endloop
  endfacet
  facet normal 8.840264e-02 2.628089e-01 9.603908e-01
    outer loop
      vertex -4.931098e+00 -1.300224e+01 6.889995e+00
      vertex -5.887609e+00 -1.552435e+01 7.694280e+00
      vertex -3.327899e+00 -1.350182e+01 6.889995e+00
    endloop
  endfacet
  facet normal 1.153087e-01 2.690641e-01 9.557717e-01
    outer loop
      vertex -4.931098e+00 -1.300224e+01 6.889995e+00
      vertex -7.715935e+00 -1.470149e+01 7.694280e+00
      vertex -5.887609e+00 -1.552435e+01 7.694280e+00
    endloop
  endfacet
  facet normal 1.194362e-01 2.502370e-01 9.603908e-01
    outer loop
      vertex -6.462392e+00 -1.231306e+01 6.889995e+00
      vertex -7.715935e+00 -1.470149e+01 7.694280e+00
      vertex -4.931098e+00 -1.300224e+01 6.889995e+00
    endloop
  endfacet
  facet normal 1.469001e-01 2.532034e-01 9.557717e-01
    outer loop
      vertex -6.462392e+00 -1.231306e+01 6.889995e+00
      vertex -9.431746e+00 -1.366424e+01 7.694280e+00
      vertex -7.715935e+00 -1.470149e+01 7.694280e+00
    endloop
  endfacet
  facet normal 1.487281e-01 2.340161e-01 9.603908e-01
    outer loop
      vertex -7.899449e+00 -1.144433e+01 6.889995e+00
      vertex -9.431746e+00 -1.366424e+01 7.694280e+00
      vertex -6.462392e+00 -1.231306e+01 6.889995e+00
    endloop
  endfacet
  facet normal 1.763493e-01 2.336504e-01 9.557717e-01
    outer loop
      vertex -7.899449e+00 -1.144433e+01 6.889995e+00
      vertex -1.101002e+01 -1.242774e+01 7.694280e+00
      vertex -9.431746e+00 -1.366424e+01 7.694280e+00
    endloop
  endfacet
  facet normal 1.758512e-01 2.143826e-01 9.603908e-01
    outer loop
      vertex -9.221314e+00 -1.040871e+01 6.889995e+00
      vertex -1.101002e+01 -1.242774e+01 7.694280e+00
      vertex -7.899449e+00 -1.144433e+01 6.889995e+00
    endloop
  endfacet
  facet normal 2.032269e-01 2.106902e-01 9.557717e-01
    outer loop
      vertex -9.221314e+00 -1.040871e+01 6.889995e+00
      vertex -1.242774e+01 -1.101002e+01 7.694280e+00
      vertex -1.101002e+01 -1.242774e+01 7.694280e+00
    endloop
  endfacet
  facet normal 2.004101e-01 1.916230e-01 9.603908e-01
    outer loop
      vertex -1.040871e+01 -9.221314e+00 6.889995e+00
      vertex -1.242774e+01 -1.101002e+01 7.694280e+00
      vertex -9.221314e+00 -1.040871e+01 6.889995e+00
    endloop
  endfacet
  facet normal 2.271411e-01 1.846578e-01 9.557717e-01
    outer loop
      vertex -1.040871e+01 -9.221314e+00 6.889995e+00
      vertex -1.366424e+01 -9.431746e+00 7.694280e+00
      vertex -1.242774e+01 -1.101002e+01 7.694280e+00
    endloop
  endfacet
  facet normal 2.220464e-01 1.660691e-01 9.603908e-01
    outer loop
      vertex -1.144433e+01 -7.899449e+00 6.889995e+00
      vertex -1.366424e+01 -9.431746e+00 7.694280e+00
      vertex -1.040871e+01 -9.221314e+00 6.889995e+00
    endloop
  endfacet
  facet normal 2.477430e-01 1.559326e-01 9.557717e-01
    outer loop
      vertex -1.144433e+01 -7.899449e+00 6.889995e+00
      vertex -1.470149e+01 -7.715935e+00 7.694280e+00
      vertex -1.366424e+01 -9.431746e+00 7.694280e+00
    endloop
  endfacet
  facet normal 2.404449e-01 1.380935e-01 9.603908e-01
    outer loop
      vertex -1.231306e+01 -6.462392e+00 6.889995e+00
      vertex -1.470149e+01 -7.715935e+00 7.694280e+00
      vertex -1.144433e+01 -7.899449e+00 6.889995e+00
    endloop
  endfacet
  facet normal 2.647323e-01 1.249335e-01 9.557717e-01
    outer loop
      vertex -1.231306e+01 -6.462392e+00 6.889995e+00
      vertex -1.552435e+01 -5.887609e+00 7.694280e+00
      vertex -1.470149e+01 -7.715935e+00 7.694280e+00
    endloop
  endfacet
  facet normal 2.553371e-01 1.081043e-01 9.603908e-01
    outer loop
      vertex -1.300224e+01 -4.931098e+00 6.889995e+00
      vertex -1.552435e+01 -5.887609e+00 7.694280e+00
      vertex -1.231306e+01 -6.462392e+00 6.889995e+00
    endloop
  endfacet
  facet normal 2.778611e-01 9.211268e-02 9.557717e-01
    outer loop
      vertex -1.300224e+01 -4.931098e+00 6.889995e+00
      vertex -1.612083e+01 -3.973428e+00 7.694280e+00
      vertex -1.552435e+01 -5.887609e+00 7.694280e+00
    endloop
  endfacet
  facet normal 2.665060e-01 7.653856e-02 9.603908e-01
    outer loop
      vertex -1.350182e+01 -3.327899e+00 6.889995e+00
      vertex -1.612083e+01 -3.973428e+00 7.694280e+00
      vertex -1.300224e+01 -4.931098e+00 6.889995e+00
    endloop
  endfacet
  facet normal 2.869382e-01 5.794861e-02 9.557717e-01
    outer loop
      vertex -1.350182e+01 -3.327899e+00 6.889995e+00
      vertex -1.648224e+01 -2.001306e+00 7.694280e+00
      vertex -1.612083e+01 -3.973428e+00 7.694280e+00
    endloop
  endfacet
  facet normal 2.737885e-01 4.385677e-02 9.603908e-01
    outer loop
      vertex -1.380451e+01 -1.676171e+00 6.889995e+00
      vertex -1.648224e+01 -2.001306e+00 7.694280e+00
      vertex -1.350182e+01 -3.327899e+00 6.889995e+00
    endloop
  endfacet
  facet normal 2.918310e-01 2.293952e-02 9.557717e-01
    outer loop
      vertex -1.380451e+01 -1.676171e+00 6.889995e+00
      vertex -1.660329e+01 -1.649771e-16 7.694280e+00
      vertex -1.648224e+01 -2.001306e+00 7.694280e+00
    endloop
  endfacet
  facet normal 2.770787e-01 1.053544e-02 9.603908e-01
    outer loop
      vertex -1.390590e+01 -1.157288e-16 6.889995e+00
      vertex -1.660329e+01 -1.649771e-16 7.694280e+00
      vertex -1.380451e+01 -1.676171e+00 6.889995e+00
    endloop
  endfacet
  facet normal 2.924683e-01 -1.240408e-02 9.557717e-01
    outer loop
      vertex -1.390590e+01 -1.157288e-16 6.889995e+00
      vertex -1.648224e+01 2.001306e+00 7.694280e+00
      vertex -1.660329e+01 -1.649771e-16 7.694280e+00
    endloop
  endfacet
  facet normal 2.763284e-01 -2.293952e-02 9.603908e-01
    outer loop
      vertex -1.380451e+01 1.676171e+00 6.889995e+00
      vertex -1.648224e+01 2.001306e+00 7.694280e+00
      vertex -1.390590e+01 -1.157288e-16 6.889995e+00
    endloop
  endfacet
  facet normal 2.888407e-01 -4.756680e-02 9.557717e-01
    outer loop
      vertex -1.380451e+01 1.676171e+00 6.889995e+00
      vertex -1.612083e+01 3.973428e+00 7.694280e+00
      vertex -1.648224e+01 2.001306e+00 7.694280e+00
    endloop
  endfacet
  facet normal 2.715485e-01 -5.607997e-02 9.603908e-01
    outer loop
      vertex -1.350182e+01 3.327899e+00 6.889995e+00
      vertex -1.612083e+01 3.973428e+00 7.694280e+00
      vertex -1.380451e+01 1.676171e+00 6.889995e+00
    endloop
  endfacet
  facet normal 2.810012e-01 -8.203589e-02 9.557717e-01
    outer loop
      vertex -1.350182e+01 3.327899e+00 6.889995e+00
      vertex -1.552435e+01 5.887609e+00 7.694280e+00
      vertex -1.612083e+01 3.973428e+00 7.694280e+00
    endloop
  endfacet
  facet normal 2.628089e-01 -8.840264e-02 9.603908e-01
    outer loop
      vertex -1.300224e+01 4.931098e+00 6.889995e+00
      vertex -1.552435e+01 5.887609e+00 7.694280e+00
      vertex -1.350182e+01 3.327899e+00 6.889995e+00
    endloop
  endfacet
  facet normal 2.690641e-01 -1.153087e-01 9.557717e-01
    outer loop
      vertex -1.300224e+01 4.931098e+00 6.889995e+00
      vertex -1.470149e+01 7.715935e+00 7.694280e+00
      vertex -1.552435e+01 5.887609e+00 7.694280e+00
    endloop
  endfacet
  facet normal 2.502370e-01 -1.194362e-01 9.603908e-01
    outer loop
      vertex -1.231306e+01 6.462392e+00 6.889995e+00
      vertex -1.470149e+01 7.715935e+00 7.694280e+00
      vertex -1.300224e+01 4.931098e+00 6.889995e+00
    endloop
  endfacet
  facet normal 2.532034e-01 -1.469001e-01 9.557717e-01
    outer loop
      vertex -1.231306e+01 6.462392e+00 6.889995e+00
      vertex -1.366424e+01 9.431746e+00 7.694280e+00
      vertex -1.470149e+01 7.715935e+00 7.694280e+00
    endloop
  endfacet
  facet normal 2.340161e-01 -1.487281e-01 9.603908e-01
    outer loop
      vertex -1.144433e+01 7.899449e+00 6.889995e+00
      vertex -1.366424e+01 9.431746e+00 7.694280e+00
      vertex -1.231306e+01 6.462392e+00 6.889995e+00
    endloop
  endfacet
  facet normal 2.336504e-01 -1.763493e-01 9.557717e-01
    outer loop
      vertex -1.144433e+01 7.899449e+00 6.889995e+00
      vertex -1.242774e+01 1.101002e+01 7.694280e+00
      vertex -1.366424e+01 9.431746e+00 7.694280e+00
    endloop
  endfacet
  facet normal 2.143826e-01 -1.758512e-01 9.603908e-01
    outer loop
      vertex -1.040871e+01 9.221314e+00 6.889995e+00
      vertex -1.242774e+01 1.101002e+01 7.694280e+00
      vertex -1.144433e+01 7.899449e+00 6.889995e+00
    endloop
  endfacet
  facet normal 2.106902e-01 -2.032269e-01 9.557717e-01
    outer loop
      vertex -1.040871e+01 9.221314e+00 6.889995e+00
      vertex -1.101002e+01 1.242774e+01 7.694280e+00
      vertex -1.242774e+01 1.101002e+01 7.694280e+00
    endloop
  endfacet
  facet normal 1.916230e-01 -2.004101e-01 9.603908e-01
    outer loop
      vertex -9.221314e+00 1.040871e+01 6.889995e+00
      vertex -1.101002e+01 1.242774e+01 7.694280e+00
      vertex -1.040871e+01 9.221314e+00 6.889995e+00
    endloop
  endfacet
  facet normal 1.846578e-01 -2.271411e-01 9.557717e-01
    outer loop
      vertex -9.221314e+00 1.040871e+01 6.889995e+00
      vertex -9.431746e+00 1.366424e+01 7.694280e+00
      vertex -1.101002e+01 1.242774e+01 7.694280e+00
    endloop
  endfacet
  facet normal 1.660691e-01 -2.220464e-01 9.603908e-01
    outer loop
      vertex -7.899449e+00 1.144433e+01 6.889995e+00
      vertex -9.431746e+00 1.366424e+01 7.694280e+00
      vertex -9.221314e+00 1.040871e+01 6.889995e+00
    endloop
  endfacet
  facet normal 1.559326e-01 -2.477430e-01 9.557717e-01
    outer loop
      vertex -7.899449e+00 1.144433e+01 6.889995e+00
      vertex -7.715935e+00 1.470149e+01 7.694280e+00
      vertex -9.431746e+00 1.366424e+01 7.694280e+00
    endloop
  endfacet
  facet normal 1.380935e-01 -2.404449e-01 9.603908e-01
    outer loop
      vertex -6.462392e+00 1.231306e+01 6.889995e+00
      vertex -7.715935e+00 1.470149e+01 7.694280e+00
      vertex -7.899449e+00 1.144433e+01 6.889995e+00
    endloop
  endfacet
  facet normal 1.249335e-01 -2.647323e-01 9.557717e-01
    outer loop
      vertex -6.462392e+00 1.231306e+01 6.889995e+00
      vertex -5.887609e+00 1.552435e+01 7.694280e+00
      vertex -7.715935e+00 1.470149e+01 7.694280e+00
    endloop
  endfacet
  facet normal 1.081043e-01 -2.553371e-01 9.603908e-01
    outer loop
      vertex -4.931098e+00 1.300224e+01 6.889995e+00
      vertex -5.887609e+00 1.552435e+01 7.694280e+00
      vertex -6.462392e+00 1.231306e+01 6.889995e+00
    endloop
  endfacet
  facet normal 9.211268e-02 -2.778611e-01 9.557717e-01
    outer loop
      vertex -4.931098e+00 1.300224e+01 6.889995e+00
      vertex -3.973428e+00 1.612083e+01 7.694280e+00
      vertex -5.887609e+00 1.552435e+01 7.694280e+00
    endloop
  endfacet
  facet normal 7.653856e-02 -2.665060e-01 9.603908e-01
    outer loop
      vertex -3.327899e+00 1.350182e+01 6.889995e+00
      vertex -3.973428e+00 1.612083e+01 7.694280e+00
      vertex -4.931098e+00 1.300224e+01 6.889995e+00
    endloop
  endfacet
  facet normal 5.794861e-02 -2.869382e-01 9.557717e-01
    outer loop
      vertex -3.327899e+00 1.350182e+01 6.889995e+00
      vertex -2.001306e+00 1.648224e+01 7.694280e+00
      vertex -3.973428e+00 1.612083e+01 7.694280e+00
    endloop
  endfacet
  facet normal 4.385677e-02 -2.737885e-01 9.603908e-01
    outer loop
      vertex -1.676171e+00 1.380451e+01 6.889995e+00
      vertex -2.001306e+00 1.648224e+01 7.694280e+00
      vertex -3.327899e+00 1.350182e+01 6.889995e+00
    endloop
  endfacet
  facet normal 2.293952e-02 -2.918310e-01 9.557717e-01
    outer loop
      vertex -1.676171e+00 1.380451e+01 6.889995e+00
      vertex -1.649771e-16 1.660329e+01 7.694280e+00
      vertex -2.001306e+00 1.648224e+01 7.694280e+00
    endloop
  endfacet
  facet normal 1.053544e-02 -2.770787e-01 9.603908e-01
    outer loop
      vertex -1.157288e-16 1.390590e+01 6.889995e+00
      vertex -1.649771e-16 1.660329e+01 7.694280e+00
      vertex -1.676171e+00 1.380451e+01 6.889995e+00
    endloop
  endfacet
  facet normal -1.240408e-02 -2.924683e-01 9.557717e-01
    outer loop
      vertex -1.157288e-16 1.390590e+01 6.889995e+00
      vertex 2.001306e+00 1.648224e+01 7.694280e+00
      vertex -1.649771e-16 1.660329e+01 7.694280e+00
    endloop
  endfacet
  facet normal -2.293952e-02 -2.763284e-01 9.603908e-01
    outer loop
      vertex 1.676171e+00 1.380451e+01 6.889995e+00
      vertex 2.001306e+00 1.648224e+01 7.694280e+00
      vertex -1.157288e-16 1.390590e+01 6.889995e+00
    endloop
  endfacet
  facet normal -4.756680e-02 -2.888407e-01 9.557717e-01
    outer loop
      vertex 1.676171e+00 1.380451e+01 6.889995e+00
      vertex 3.973428e+00 1.612083e+01 7.694280e+00
      vertex 2.001306e+00 1.648224e+01 7.694280e+00
    endloop
  endfacet
  facet normal -5.607997e-02 -2.715485e-01 9.603908e-01
    outer loop
      vertex 3.327899e+00 1.350182e+01 6.889995e+00
      vertex 3.973428e+00 1.612083e+01 7.694280e+00
      vertex 1.676171e+00 1.380451e+01 6.889995e+00
    endloop
  endfacet
  facet normal -8.203589e-02 -2.810012e-01 9.557717e-01
    outer loop
      vertex 3.327899e+00 1.350182e+01 6.889995e+00
      vertex 5.887609e+00 1.552435e+01 7.694280e+00
      vertex 3.973428e+00 1.612083e+01 7.694280e+00
    endloop
  endfacet
  facet normal -8.840264e-02 -2.628089e-01 9.603908e-01
    outer loop
      vertex 4.931098e+00 1.300224e+01 6.889995e+00
      vertex 5.887609e+00 1.552435e+01 7.694280e+00
      vertex 3.327899e+00 1.350182e+01 6.889995e+00
    endloop
  endfacet
  facet normal -1.153087e-01 -2.690641e-01 9.557717e-01
    outer loop
      vertex 4.931098e+00 1.300224e+01 6.889995e+00
      vertex 7.715935e+00 1.470149e+01 7.694280e+00
      vertex 5.887609e+00 1.552435e+01 7.694280e+00
    endloop
  endfacet
  facet normal -1.194362e-01 -2.502370e-01 9.603908e-01
    outer loop
      vertex 6.462392e+00 1.231306e+01 6.889995e+00
      vertex 7.715935e+00 1.470149e+01 7.694280e+00
      vertex 4.931098e+00 1.300224e+01 6.889995e+00
    endloop
  endfacet
  facet normal -1.469001e-01 -2.532034e-01 9.557717e-01
    outer loop
      vertex 6.462392e+00 1.231306e+01 6.889995e+00
      vertex 9.431746e+00 1.366424e+01 7.694280e+00
      vertex 7.715935e+00 1.470149e+01 7.694280e+00
    endloop
  endfacet
  facet normal -1.487281e-01 -2.340161e-01 9.603908e-01
    outer loop
      vertex 7.899449e+00 1.144433e+01 6.889995e+00
      vertex 9.431746e+00 1.366424e+01 7.694280e+00
      vertex 6.462392e+00 1.231306e+01 6.889995e+00
    endloop
  endfacet
  facet normal -1.763493e-01 -2.336504e-01 9.557717e-01
    outer loop
      vertex 7.899449e+00 1.144433e+01 6.889995e+00
      vertex 1.101002e+01 1.242774e+01 7.694280e+00
      vertex 9.431746e+00 1.366424e+01 7.694280e+00
    endloop
  endfacet
  facet normal -1.758512e-01 -2.143826e-01 9.603908e-01
    outer loop
      vertex 9.221314e+00 1.040871e+01 6.889995e+00
      vertex 1.101002e+01 1.242774e+01 7.694280e+00
      vertex 7.899449e+00 1.144433e+01 6.889995e+00
    endloop
  endfacet
  facet normal -2.032269e-01 -2.106902e-01 9.557717e-01
    outer loop
      vertex 9.221314e+00 1.040871e+01 6.889995e+00
      vertex 1.242774e+01 1.101002e+01 7.694280e+00
      vertex 1.101002e+01 1.242774e+01 7.694280e+00
    endloop
  endfacet
  facet normal -2.004101e-01 -1.916230e-01 9.603908e-01
    outer loop
      vertex 1.040871e+01 9.221314e+00 6.889995e+00
      vertex 1.242774e+01 1.101002e+01 7.694280e+00
      vertex 9.221314e+00 1.040871e+01 6.889995e+00
    endloop
  endfacet
  facet normal -2.271411e-01 -1.846578e-01 9.557717e-01
    outer loop
      vertex 1.040871e+01 9.221314e+00 6.889995e+00
      vertex 1.366424e+01 9.431746e+00 7.694280e+00
      vertex 1.242774e+01 1.101002e+01 7.694280e+00
    endloop
  endfacet
  facet normal -2.220464e-01 -1.660691e-01 9.603908e-01
    outer loop
      vertex 1.144433e+01 7.899449e+00 6.889995e+00
      vertex 1.366424e+01 9.431746e+00 7.694280e+00
      vertex 1.040871e+01 9.221314e+00 6.889995e+00
    endloop
  endfacet
  facet normal -2.477430e-01 -1.559326e-01 9.557717e-01
    outer loop
      vertex 1.144433e+01 7.899449e+00 6.889995e+00
      vertex 1.470149e+01 7.715935e+00 7.694280e+00
      vertex 1.366424e+01 9.431746e+00 7.694280e+00
    endloop
  endfacet
  facet normal -2.404449e-01 -1.380935e-01 9.603908e-01
    outer loop
      vertex 1.231306e+01 6.462392e+00 6.889995e+00
      vertex 1.470149e+01 7.715935e+00 7.694280e+00
      vertex 1.144433e+01 7.899449e+00 6.889995e+00
    endloop
  endfacet
  facet normal -2.647323e-01 -1.249335e-01 9.557717e-01
    outer loop
      vertex 1.231306e+01 6.462392e+00 6.889995e+00
      vertex 1.552435e+01 5.887609e+00 7.694280e+00
      vertex 1.470149e+01 7.715935e+00 7.694280e+00
    endloop
  endfacet
  facet normal -2.553371e-01 -1.081043e-01 9.603908e-01
    outer loop
      vertex 1.300224e+01 4.931098e+00 6.889995e+00
      vertex 1.552435e+01 5.887609e+00 7.694280e+00
      vertex 1.231306e+01 6.462392e+00 6.889995e+00
    endloop
  endfacet
  facet normal -2.778611e-01 -9.211268e-02 9.557717e-01
    outer loop
      vertex 1.300224e+01 4.931098e+00 6.889995e+00
      vertex 1.612083e+01 3.973428e+00 7.694280e+00
      vertex 1.552435e+01 5.887609e+00 7.694280e+00
    endloop
  endfacet
  facet normal -2.665060e-01 -7.653856e-02 9.603908e-01
    outer loop
      vertex 1.350182e+01 3.327899e+00 6.889995e+00
      vertex 1.612083e+01 3.973428e+00 7.694280e+00
      vertex 1.300224e+01 4.931098e+00 6.889995e+00
    endloop
  endfacet
  facet normal -2.869382e-01 -5.794861e-02 9.557717e-01
    outer loop
      vertex 1.350182e+01 3.327899e+00 6.889995e+00
      vertex 1.648224e+01 2.001306e+00 7.694280e+00
      vertex 1.612083e+01 3.973428e+00 7.694280e+00
    endloop
  endfacet
  facet normal -2.737885e-01 -4.385677e-02 9.603908e-01
    outer loop
      vertex 1.380451e+01 1.676171e+00 6.889995e+00
      vertex 1.648224e+01 2.001306e+00 7.694280e+00
      vertex 1.350182e+01 3.327899e+00 6.889995e+00
    endloop
  endfacet
  facet normal -2.918310e-01 -2.293952e-02 9.557717e-01
    outer loop
      vertex 1.380451e+01 1.676171e+00 6.889995e+00
      vertex 1.660329e+01 1.649771e-16 7.694280e+00
      vertex 1.648224e+01 2.001306e+00 7.694280e+00
    endloop
  endfacet
  facet normal -2.770787e-01 -1.053544e-02 9.603908e-01
    outer loop
      vertex 1.390590e+01 1.157288e-16 6.889995e+00
      vertex 1.660329e+01 1.649771e-16 7.694280e+00
      vertex 1.380451e+01 1.676171e+00 6.889995e+00
    endloop
  endfacet
  facet normal -2.368452e-01 1.053544e-02 9.707283e-01
    outer loop
      vertex 9.793000e+00 5.742439e-17 5.937812e+00
      vertex 1.380451e+01 -1.676171e+00 6.889995e+00
      vertex 1.390590e+01 1.157288e-16 6.889995e+00
    endloop
  endfacet
  facet normal -2.116574e-01 1.808991e-02 9.764467e-01
    outer loop
      vertex 9.721598e+00 -1.180416e+00 5.937812e+00
      vertex 1.380451e+01 -1.676171e+00 6.889995e+00
      vertex 9.793000e+00 5.742439e-17 5.937812e+00
    endloop
  endfacet
  facet normal -2.338484e-01 3.900715e-02 9.707283e-01
    outer loop
      vertex 9.721598e+00 -1.180416e+00 5.937812e+00
      vertex 1.350182e+01 -3.327899e+00 6.889995e+00
      vertex 1.380451e+01 -1.676171e+00 6.889995e+00
    endloop
  endfacet
  facet normal -2.079337e-01 4.347049e-02 9.764467e-01
    outer loop
      vertex 9.508433e+00 -2.343618e+00 5.937812e+00
      vertex 1.350182e+01 -3.327899e+00 6.889995e+00
      vertex 9.721598e+00 -1.180416e+00 5.937812e+00
    endloop
  endfacet
  facet normal -2.274416e-01 6.691006e-02 9.707283e-01
    outer loop
      vertex 9.508433e+00 -2.343618e+00 5.937812e+00
      vertex 1.300224e+01 -4.931098e+00 6.889995e+00
      vertex 1.350182e+01 -3.327899e+00 6.889995e+00
    endloop
  endfacet
  facet normal -2.011778e-01 6.821717e-02 9.764467e-01
    outer loop
      vertex 9.156614e+00 -3.472646e+00 5.937812e+00
      vertex 1.300224e+01 -4.931098e+00 6.889995e+00
      vertex 9.508433e+00 -2.343618e+00 5.937812e+00
    endloop
  endfacet
  facet normal -2.177182e-01 9.383726e-02 9.707283e-01
    outer loop
      vertex 9.156614e+00 -3.472646e+00 5.937812e+00
      vertex 1.231306e+01 -6.462392e+00 6.889995e+00
      vertex 1.300224e+01 -4.931098e+00 6.889995e+00
    endloop
  endfacet
  facet normal -1.914883e-01 9.196910e-02 9.764467e-01
    outer loop
      vertex 8.671271e+00 -4.551034e+00 5.937812e+00
      vertex 1.231306e+01 -6.462392e+00 6.889995e+00
      vertex 9.156614e+00 -3.472646e+00 5.937812e+00
    endloop
  endfacet
  facet normal -2.048199e-01 1.193961e-01 9.707283e-01
    outer loop
      vertex 8.671271e+00 -4.551034e+00 5.937812e+00
      vertex 1.144433e+01 -7.899449e+00 6.889995e+00
      vertex 1.231306e+01 -6.462392e+00 6.889995e+00
    endloop
  endfacet
  facet normal -1.790065e-01 1.143799e-01 9.764467e-01
    outer loop
      vertex 8.059481e+00 -5.563058e+00 5.937812e+00
      vertex 1.144433e+01 -7.899449e+00 6.889995e+00
      vertex 8.671271e+00 -4.551034e+00 5.937812e+00
    endloop
  endfacet
  facet normal -1.889349e-01 1.432139e-01 9.707283e-01
    outer loop
      vertex 8.059481e+00 -5.563058e+00 5.937812e+00
      vertex 1.040871e+01 -9.221314e+00 6.889995e+00
      vertex 1.144433e+01 -7.899449e+00 6.889995e+00
    endloop
  endfacet
  facet normal -1.639144e-01 1.351228e-01 9.764467e-01
    outer loop
      vertex 7.330166e+00 -6.493960e+00 5.937812e+00
      vertex 1.040871e+01 -9.221314e+00 6.889995e+00
      vertex 8.059481e+00 -5.563058e+00 5.937812e+00
    endloop
  endfacet
  facet normal -1.702949e-01 1.649433e-01 9.707283e-01
    outer loop
      vertex 7.330166e+00 -6.493960e+00 5.937812e+00
      vertex 9.221314e+00 -1.040871e+01 6.889995e+00
      vertex 1.040871e+01 -9.221314e+00 6.889995e+00
    endloop
  endfacet
  facet normal -1.464320e-01 1.538953e-01 9.764467e-01
    outer loop
      vertex 6.493960e+00 -7.330166e+00 5.937812e+00
      vertex 9.221314e+00 -1.040871e+01 6.889995e+00
      vertex 7.330166e+00 -6.493960e+00 5.937812e+00
    endloop
  endfacet
  facet normal -1.491715e-01 1.842674e-01 9.707283e-01
    outer loop
      vertex 6.493960e+00 -7.330166e+00 5.937812e+00
      vertex 7.899449e+00 -1.144433e+01 6.889995e+00
      vertex 9.221314e+00 -1.040871e+01 6.889995e+00
    endloop
  endfacet
  facet normal -1.268143e-01 1.704236e-01 9.764467e-01
    outer loop
      vertex 5.563058e+00 -8.059481e+00 5.937812e+00
      vertex 7.899449e+00 -1.144433e+01 6.889995e+00
      vertex 6.493960e+00 -7.330166e+00 5.937812e+00
    endloop
  endfacet
  facet normal -1.258729e-01 2.009046e-01 9.707283e-01
    outer loop
      vertex 5.563058e+00 -8.059481e+00 5.937812e+00
      vertex 6.462392e+00 -1.231306e+01 6.889995e+00
      vertex 7.899449e+00 -1.144433e+01 6.889995e+00
    endloop
  endfacet
  facet normal -1.053474e-01 1.844668e-01 9.764467e-01
    outer loop
      vertex 4.551034e+00 -8.671271e+00 5.937812e+00
      vertex 6.462392e+00 -1.231306e+01 6.889995e+00
      vertex 5.563058e+00 -8.059481e+00 5.937812e+00
    endloop
  endfacet
  facet normal -1.007388e-01 2.146121e-01 9.707283e-01
    outer loop
      vertex 4.551034e+00 -8.671271e+00 5.937812e+00
      vertex 4.931098e+00 -1.300224e+01 6.889995e+00
      vertex 6.462392e+00 -1.231306e+01 6.889995e+00
    endloop
  endfacet
  facet normal -8.234427e-02 1.958201e-01 9.764467e-01
    outer loop
      vertex 3.472646e+00 -9.156614e+00 5.937812e+00
      vertex 4.931098e+00 -1.300224e+01 6.889995e+00
      vertex 4.551034e+00 -8.671271e+00 5.937812e+00
    endloop
  endfacet
  facet normal -7.413565e-02 2.251900e-01 9.707283e-01
    outer loop
      vertex 3.472646e+00 -9.156614e+00 5.937812e+00
      vertex 3.327899e+00 -1.350182e+01 6.889995e+00
      vertex 4.931098e+00 -1.300224e+01 6.889995e+00
    endloop
  endfacet
  facet normal -5.814039e-02 2.043179e-01 9.764467e-01
    outer loop
      vertex 2.343618e+00 -9.508433e+00 5.937812e+00
      vertex 3.327899e+00 -1.350182e+01 6.889995e+00
      vertex 3.472646e+00 -9.156614e+00 5.937812e+00
    endloop
  endfacet
  facet normal -4.645146e-02 2.324842e-01 9.707283e-01
    outer loop
      vertex 2.343618e+00 -9.508433e+00 5.937812e+00
      vertex 1.676171e+00 -1.380451e+01 6.889995e+00
      vertex 3.327899e+00 -1.350182e+01 6.889995e+00
    endloop
  endfacet
  facet normal -3.308868e-02 2.098362e-01 9.764467e-01
    outer loop
      vertex 1.180416e+00 -9.721598e+00 5.937812e+00
      vertex 1.676171e+00 -1.380451e+01 6.889995e+00
      vertex 2.343618e+00 -9.508433e+00 5.937812e+00
    endloop
  endfacet
  facet normal -1.808991e-02 2.363882e-01 9.707283e-01
    outer loop
      vertex 1.180416e+00 -9.721598e+00 5.937812e+00
      vertex 1.157288e-16 -1.390590e+01 6.889995e+00
      vertex 1.676171e+00 -1.380451e+01 6.889995e+00
    endloop
  endfacet
  facet normal -7.554467e-03 2.122947e-01 9.764467e-01
    outer loop
      vertex 5.742439e-17 -9.793000e+00 5.937812e+00
      vertex 1.157288e-16 -1.390590e+01 6.889995e+00
      vertex 1.180416e+00 -9.721598e+00 5.937812e+00
    endloop
  endfacet
  facet normal 1.053544e-02 2.368452e-01 9.707283e-01
    outer loop
      vertex 5.742439e-17 -9.793000e+00 5.937812e+00
      vertex -1.676171e+00 -1.380451e+01 6.889995e+00
      vertex 1.157288e-16 -1.390590e+01 6.889995e+00
    endloop
  endfacet
  facet normal 1.808991e-02 2.116574e-01 9.764467e-01
    outer loop
      vertex -1.180416e+00 -9.721598e+00 5.937812e+00
      vertex -1.676171e+00 -1.380451e+01 6.889995e+00
      vertex 5.742439e-17 -9.793000e+00 5.937812e+00
    endloop
  endfacet
  facet normal 3.900715e-02 2.338484e-01 9.707283e-01
    outer loop
      vertex -1.180416e+00 -9.721598e+00 5.937812e+00
      vertex -3.327899e+00 -1.350182e+01 6.889995e+00
      vertex -1.676171e+00 -1.380451e+01 6.889995e+00
    endloop
  endfacet
  facet normal 4.347049e-02 2.079337e-01 9.764467e-01
    outer loop
      vertex -2.343618e+00 -9.508433e+00 5.937812e+00
      vertex -3.327899e+00 -1.350182e+01 6.889995e+00
      vertex -1.180416e+00 -9.721598e+00 5.937812e+00
    endloop
  endfacet
  facet normal 6.691006e-02 2.274416e-01 9.707283e-01
    outer loop
      vertex -2.343618e+00 -9.508433e+00 5.937812e+00
      vertex -4.931098e+00 -1.300224e+01 6.889995e+00
      vertex -3.327899e+00 -1.350182e+01 6.889995e+00
    endloop
  endfacet
  facet normal 6.821717e-02 2.011778e-01 9.764467e-01
    outer loop
      vertex -3.472646e+00 -9.156614e+00 5.937812e+00
      vertex -4.931098e+00 -1.300224e+01 6.889995e+00
      vertex -2.343618e+00 -9.508433e+00 5.937812e+00
    endloop
  endfacet
  facet normal 9.383726e-02 2.177182e-01 9.707283e-01
    outer loop
      vertex -3.472646e+00 -9.156614e+00 5.937812e+00
      vertex -6.462392e+00 -1.231306e+01 6.889995e+00
      vertex -4.931098e+00 -1.300224e+01 6.889995e+00
    endloop
  endfacet
  facet normal 9.196910e-02 1.914883e-01 9.764467e-01
    outer loop
      vertex -4.551034e+00 -8.671271e+00 5.937812e+00
      vertex -6.462392e+00 -1.231306e+01 6.889995e+00
      vertex -3.472646e+00 -9.156614e+00 5.937812e+00
    endloop
  endfacet
  facet normal 1.193961e-01 2.048199e-01 9.707283e-01
    outer loop
      vertex -4.551034e+00 -8.671271e+00 5.937812e+00
      vertex -7.899449e+00 -1.144433e+01 6.889995e+00
      vertex -6.462392e+00 -1.231306e+01 6.889995e+00
    endloop
  endfacet
  facet normal 1.143799e-01 1.790065e-01 9.764467e-01
    outer loop
      vertex -5.563058e+00 -8.059481e+00 5.937812e+00
      vertex -7.899449e+00 -1.144433e+01 6.889995e+00
      vertex -4.551034e+00 -8.671271e+00 5.937812e+00
    endloop
  endfacet
  facet normal 1.432139e-01 1.889349e-01 9.707283e-01
    outer loop
      vertex -5.563058e+00 -8.059481e+00 5.937812e+00
      vertex -9.221314e+00 -1.040871e+01 6.889995e+00
      vertex -7.899449e+00 -1.144433e+01 6.889995e+00
    endloop
  endfacet
  facet normal 1.351228e-01 1.639144e-01 9.764467e-01
    outer loop
      vertex -6.493960e+00 -7.330166e+00 5.937812e+00
      vertex -9.221314e+00 -1.040871e+01 6.889995e+00
      vertex -5.563058e+00 -8.059481e+00 5.937812e+00
    endloop
  endfacet
  facet normal 1.649433e-01 1.702949e-01 9.707283e-01
    outer loop
      vertex -6.493960e+00 -7.330166e+00 5.937812e+00
      vertex -1.040871e+01 -9.221314e+00 6.889995e+00
      vertex -9.221314e+00 -1.040871e+01 6.889995e+00
    endloop
  endfacet
  facet normal 1.538953e-01 1.464320e-01 9.764467e-01
    outer loop
      vertex -7.330166e+00 -6.493960e+00 5.937812e+00
      vertex -1.040871e+01 -9.221314e+00 6.889995e+00
      vertex -6.493960e+00 -7.330166e+00 5.937812e+00
    endloop
  endfacet
  facet normal 1.842674e-01 1.491715e-01 9.707283e-01
    outer loop
      vertex -7.330166e+00 -6.493960e+00 5.937812e+00
      vertex -1.144433e+01 -7.899449e+00 6.889995e+00
      vertex -1.040871e+01 -9.221314e+00 6.889995e+00
    endloop
  endfacet
  facet normal 1.704236e-01 1.268143e-01 9.764467e-01
    outer loop
      vertex -8.059481e+00 -5.563058e+00 5.937812e+00
      vertex -1.144433e+01 -7.899449e+00 6.889995e+00
      vertex -7.330166e+00 -6.493960e+00 5.937812e+00
    endloop
  endfacet
  facet normal 2.009046e-01 1.258729e-01 9.707283e-01
    outer loop
      vertex -8.059481e+00 -5.563058e+00 5.937812e+00
      vertex -1.231306e+01 -6.462392e+00 6.889995e+00
      vertex -1.144433e+01 -7.899449e+00 6.889995e+00
    endloop
  endfacet
  facet normal 1.844668e-01 1.053474e-01 9.764467e-01
    outer loop
      vertex -8.671271e+00 -4.551034e+00 5.937812e+00
      vertex -1.231306e+01 -6.462392e+00 6.889995e+00
      vertex -8.059481e+00 -5.563058e+00 5.937812e+00
    endloop
  endfacet
  facet normal 2.146121e-01 1.007388e-01 9.707283e-01
    outer loop
      vertex -8.671271e+00 -4.551034e+00 5.937812e+00
      vertex -1.300224e+01 -4.931098e+00 6.889995e+00
      vertex -1.231306e+01 -6.462392e+00 6.889995e+00
    endloop
  endfacet
  facet normal 1.958201e-01 8.234427e-02 9.764467e-01
    outer loop
      vertex -9.156614e+00 -3.472646e+00 5.937812e+00
      vertex -1.300224e+01 -4.931098e+00 6.889995e+00
      vertex -8.671271e+00 -4.551034e+00 5.937812e+00
    endloop
  endfacet
  facet normal 2.251900e-01 7.413565e-02 9.707283e-01
    outer loop
      vertex -9.156614e+00 -3.472646e+00 5.937812e+00
      vertex -1.350182e+01 -3.327899e+00 6.889995e+00
      vertex -1.300224e+01 -4.931098e+00 6.889995e+00
    endloop
  endfacet
  facet normal 2.043179e-01 5.814039e-02 9.764467e-01
    outer loop
      vertex -9.508433e+00 -2.343618e+00 5.937812e+00
      vertex -1.350182e+01 -3.327899e+00 6.889995e+00
      vertex -9.156614e+00 -3.472646e+00 5.937812e+00
    endloop
  endfacet
  facet normal 2.324842e-01 4.645146e-02 9.707283e-01
    outer loop
      vertex -9.508433e+00 -2.343618e+00 5.937812e+00
      vertex -1.380451e+01 -1.676171e+00 6.889995e+00
      vertex -1.350182e+01 -3.327899e+00 6.889995e+00
    endloop
  endfacet
  facet normal 2.098362e-01 3.308868e-02 9.764467e-01
    outer loop
      vertex -9.721598e+00 -1.180416e+00 5.937812e+00
      vertex -1.380451e+01 -1.676171e+00 6.889995e+00
      vertex -9.508433e+00 -2.343618e+00 5.937812e+00
    endloop
  endfacet
  facet normal 2.363882e-01 1.808991e-02 9.707283e-01
    outer loop
      vertex -9.721598e+00 -1.180416e+00 5.937812e+00
      vertex -1.390590e+01 -1.157288e-16 6.889995e+00
      vertex -1.380451e+01 -1.676171e+00 6.889995e+00
    endloop
  endfacet
  facet normal 2.122947e-01 7.554467e-03 9.764467e-01
    outer loop
      vertex -9.793000e+00 3.858020e-15 5.937812e+00
      vertex -1.390590e+01 -1.157288e-16 6.889995e+00
      vertex -9.721598e+00 -1.180416e+00 5.937812e+00
    endloop
  endfacet
  facet normal 2.368452e-01 -1.053544e-02 9.707283e-01
    outer loop
      vertex -9.793000e+00 3.858020e-15 5.937812e+00
      vertex -1.380451e+01 1.676171e+00 6.889995e+00
      vertex -1.390590e+01 -1.157288e-16 6.889995e+00
    endloop
  endfacet
  facet normal 2.116574e-01 -1.808991e-02 9.764467e-01
    outer loop
      vertex -9.721598e+00 1.180416e+00 5.937812e+00
      vertex -1.380451e+01 1.676171e+00 6.889995e+00
      vertex -9.793000e+00 3.858020e-15 5.937812e+00
    endloop
  endfacet
  facet normal 2.338484e-01 -3.900715e-02 9.707283e-01
    outer loop
      vertex -9.721598e+00 1.180416e+00 5.937812e+00
      vertex -1.350182e+01 3.327899e+00 6.889995e+00
      vertex -1.380451e+01 1.676171e+00 6.889995e+00
    endloop
  endfacet
  facet normal 2.079337e-01 -4.347049e-02 9.764467e-01
    outer loop
      vertex -9.508433e+00 2.343618e+00 5.937812e+00
      vertex -1.350182e+01 3.327899e+00 6.889995e+00
      vertex -9.721598e+00 1.180416e+00 5.937812e+00
    endloop
  endfacet
  facet normal 2.274416e-01 -6.691006e-02 9.707283e-01
    outer loop
      vertex -9.508433e+00 2.343618e+00 5.937812e+00
      vertex -1.300224e+01 4.931098e+00 6.889995e+00
      vertex -1.350182e+01 3.327899e+00 6.889995e+00
    endloop
  endfacet
  facet normal 2.011778e-01 -6.821717e-02 9.764467e-01
    outer loop
      vertex -9.156614e+00 3.472646e+00 5.937812e+00
      vertex -1.300224e+01 4.931098e+00 6.889995e+00
      vertex -9.508433e+00 2.343618e+00 5.937812e+00
    endloop
  endfacet
  facet normal 2.177182e-01 -9.383726e-02 9.707283e-01
    outer loop
      vertex -9.156614e+00 3.472646e+00 5.937812e+00
      vertex -1.231306e+01 6.462392e+00 6.889995e+00
      vertex -1.300224e+01 4.931098e+00 6.889995e+00
    endloop
  endfacet
  facet normal 1.914883e-01 -9.196910e-02 9.764467e-01
    outer loop
      vertex -8.671271e+00 4.551034e+00 5.937812e+00
      vertex -1.231306e+01 6.462392e+00 6.889995e+00
      vertex -9.156614e+00 3.472646e+00 5.937812e+00
    endloop
  endfacet
  facet normal 2.048199e-01 -1.193961e-01 9.707283e-01
    outer loop
      vertex -8.671271e+00 4.551034e+00 5.937812e+00
      vertex -1.144433e+01 7.899449e+00 6.889995e+00
      vertex -1.231306e+01 6.462392e+00 6.889995e+00
    endloop
  endfacet
  facet normal 1.790065e-01 -1.143799e-01 9.764467e-01
    outer loop
      vertex -8.059481e+00 5.563058e+00 5.937812e+00
      vertex -1.144433e+01 7.899449e+00 6.889995e+00
      vertex -8.671271e+00 4.551034e+00 5.937812e+00
    endloop
  endfacet
  facet normal 1.889349e-01 -1.432139e-01 9.707283e-01
    outer loop
      vertex -8.059481e+00 5.563058e+00 5.937812e+00
      vertex -1.040871e+01 9.221314e+00 6.889995e+00
      vertex -1.144433e+01 7.899449e+00 6.889995e+00
    endloop
  endfacet
  facet normal 1.639144e-01 -1.351228e-01 9.764467e-01
    outer loop
      vertex -7.330166e+00 6.493960e+00 5.937812e+00
      vertex -1.040871e+01 9.221314e+00 6.889995e+00
      vertex -8.059481e+00 5.563058e+00 5.937812e+00
    endloop
  endfacet
  facet normal 1.702949e-01 -1.649433e-01 9.707283e-01
    outer loop
      vertex -7.330166e+00 6.493960e+00 5.937812e+00
      vertex -9.221314e+00 1.040871e+01 6.889995e+00
      vertex -1.040871e+01 9.221314e+00 6.889995e+00
    endloop
  endfacet
  facet normal 1.464320e-01 -1.538953e-01 9.764467e-01
    outer loop
      vertex -6.493960e+00 7.330166e+00 5.937812e+00
      vertex -9.221314e+00 1.040871e+01 6.889995e+00
      vertex -7.330166e+00 6.493960e+00 5.937812e+00
    endloop
  endfacet
  facet normal 1.491715e-01 -1.842674e-01 9.707283e-01
    outer loop
      vertex -6.493960e+00 7.330166e+00 5.937812e+00
      vertex -7.899449e+00 1.144433e+01 6.889995e+00
      vertex -9.221314e+00 1.040871e+01 6.889995e+00
    endloop
  endfacet
  facet normal 1.268143e-01 -1.704236e-01 9.764467e-01
    outer loop
      vertex -5.563058e+00 8.059481e+00 5.937812e+00
      vertex -7.899449e+00 1.144433e+01 6.889995e+00
      vertex -6.493960e+00 7.330166e+00 5.937812e+00
    endloop
  endfacet
  facet normal 1.258729e-01 -2.009046e-01 9.707283e-01
    outer loop
      vertex -5.563058e+00 8.059481e+00 5.937812e+00
      vertex -6.462392e+00 1.231306e+01 6.889995e+00
      vertex -7.899449e+00 1.144433e+01 6.889995e+00
    endloop
  endfacet
  facet normal 1.053474e-01 -1.844668e-01 9.764467e-01
    outer loop
      vertex -4.551034e+00 8.671271e+00 5.937812e+00
      vertex -6.462392e+00 1.231306e+01 6.889995e+00
      vertex -5.563058e+00 8.059481e+00 5.937812e+00
    endloop
  endfacet
  facet normal 1.007388e-01 -2.146121e-01 9.707283e-01
    outer loop
      vertex -4.551034e+00 8.671271e+00 5.937812e+00
      vertex -4.931098e+00 1.300224e+01 6.889995e+00
      vertex -6.462392e+00 1.231306e+01 6.889995e+00
    endloop
  endfacet
  facet normal 8.234427e-02 -1.958201e-01 9.764467e-01
    outer loop
      vertex -3.472646e+00 9.156614e+00 5.937812e+00
      vertex -4.931098e+00 1.300224e+01 6.889995e+00
      vertex -4.551034e+00 8.671271e+00 5.937812e+00
    endloop
  endfacet
  facet normal 7.413565e-02 -2.251900e-01 9.707283e-01
    outer loop
      vertex -3.472646e+00 9.156614e+00 5.937812e+00
      vertex -3.327899e+00 1.350182e+01 6.889995e+00
      vertex -4.931098e+00 1.300224e+01 6.889995e+00
    endloop
  endfacet
  facet normal 5.814039e-02 -2.043179e-01 9.764467e-01
    outer loop
      vertex -2.343618e+00 9.508433e+00 5.937812e+00
      vertex -3.327899e+00 1.350182e+01 6.889995e+00
      vertex -3.472646e+00 9.156614e+00 5.937812e+00
    endloop
  endfacet
  facet normal 4.645146e-02 -2.324842e-01 9.707283e-01
    outer loop
      vertex -2.343618e+00 9.508433e+00 5.937812e+00
      vertex -1.676171e+00 1.380451e+01 6.889995e+00
      vertex -3.327899e+00 1.350182e+01 6.889995e+00
    endloop
  endfacet
  facet normal 3.308868e-02 -2.098362e-01 9.764467e-01
    outer loop
      vertex -1.180416e+00 9.721598e+00 5.937812e+00
      vertex -1.676171e+00 1.380451e+01 6.889995e+00
      vertex -2.343618e+00 9.508433e+00 5.937812e+00
    endloop
  endfacet
  facet normal 1.808991e-02 -2.363882e-01 9.707283e-01
    outer loop
      vertex -1.180416e+00 9.721598e+00 5.937812e+00
      vertex -1.157288e-16 1.390590e+01 6.889995e+00
      vertex -1.676171e+00 1.380451e+01 6.889995e+00
    endloop
  endfacet
  facet normal 7.554467e-03 -2.122947e-01 9.764467e-01
    outer loop
      vertex -5.742439e-17 9.793000e+00 5.937812e+00
      vertex -1.157288e-16 1.390590e+01 6.889995e+00
      vertex -1.180416e+00 9.721598e+00 5.937812e+00
    endloop
  endfacet
  facet normal -1.053544e-02 -2.368452e-01 9.707283e-01
    outer loop
      vertex -5.742439e-17 9.793000e+00 5.937812e+00
      vertex 1.676171e+00 1.380451e+01 6.889995e+00
      vertex -1.157288e-16 1.390590e+01 6.889995e+00
    endloop
  endfacet
  facet normal -1.808991e-02 -2.116574e-01 9.764467e-01
    outer loop
      vertex 1.180416e+00 9.721598e+00 5.937812e+00
      vertex 1.676171e+00 1.380451e+01 6.889995e+00
      vertex -5.742439e-17 9.793000e+00 5.937812e+00
    endloop
  endfacet
  facet normal -3.900715e-02 -2.338484e-01 9.707283e-01
    outer loop
      vertex 1.180416e+00 9.721598e+00 5.937812e+00
      vertex 3.327899e+00 1.350182e+01 6.889995e+00
      vertex 1.676171e+00 1.380451e+01 6.889995e+00
    endloop
  endfacet
  facet normal -4.347049e-02 -2.079337e-01 9.764467e-01
    outer loop
      vertex 2.343618e+00 9.508433e+00 5.937812e+00
      vertex 3.327899e+00 1.350182e+01 6.889995e+00
      vertex 1.180416e+00 9.721598e+00 5.937812e+00
    endloop
  endfacet
  facet normal -6.691006e-02 -2.274416e-01 9.707283e-01
    outer loop
      vertex 2.343618e+00 9.508433e+00 5.937812e+00
      vertex 4.931098e+00 1.300224e+01 6.889995e+00
      vertex 3.327899e+00 1.350182e+01 6.889995e+00
    endloop
  endfacet
  facet normal -6.821717e-02 -2.011778e-01 9.764467e-01
    outer loop
      vertex 3.472646e+00 9.156614e+00 5.937812e+00
      vertex 4.931098e+00 1.300224e+01 6.889995e+00
      vertex 2.343618e+00 9.508433e+00 5.937812e+00
    endloop
  endfacet
  facet normal -9.383726e-02 -2.177182e-01 9.707283e-01
    outer loop
      vertex 3.472646e+00 9.156614e+00 5.937812e+00
      vertex 6.462392e+00 1.231306e+01 6.889995e+00
      vertex 4.931098e+00 1.300224e+01 6.889995e+00
    endloop
  endfacet
  facet normal -9.196910e-02 -1.914883e-01 9.764467e-01
    outer loop
      vertex 4.551034e+00 8.671271e+00 5.937812e+00
      vertex 6.462392e+00 1.231306e+01 6.889995e+00
      vertex 3.472646e+00 9.156614e+00 5.937812e+00
    endloop
  endfacet
  facet normal -1.193961e-01 -2.048199e-01 9.707283e-01
    outer loop
      vertex 4.551034e+00 8.671271e+00 5.937812e+00
      vertex 7.899449e+00 1.144433e+01 6.889995e+00
      vertex 6.462392e+00 1.231306e+01 6.889995e+00
    endloop
  endfacet
  facet normal -1.143799e-01 -1.790065e-01 9.764467e-01
    outer loop
      vertex 5.563058e+00 8.059481e+00 5.937812e+00
      vertex 7.899449e+00 1.144433e+01 6.889995e+00
      vertex 4.551034e+00 8.671271e+00 5.937812e+00
    endloop
  endfacet
  facet normal -1.432139e-01 -1.889349e-01 9.707283e-01
    outer loop
      vertex 5.563058e+00 8.059481e+00 5.937812e+00
      vertex 9.221314e+00 1.040871e+01 6.889995e+00
      vertex 7.899449e+00 1.144433e+01 6.889995e+00
    endloop
  endfacet
  facet normal -1.351228e-01 -1.639144e-01 9.764467e-01
    outer loop
      vertex 6.493960e+00 7.330166e+00 5.937812e+00
      vertex 9.221314e+00 1.040871e+01 6.889995e+00
      vertex 5.563058e+00 8.059481e+00 5.937812e+00
    endloop
  endfacet
  facet normal -1.649433e-01 -1.702949e-01 9.707283e-01
    outer loop
      vertex 6.493960e+00 7.330166e+00 5.937812e+00
      vertex 1.040871e+01 9.221314e+00 6.889995e+00
      vertex 9.221314e+00 1.040871e+01 6.889995e+00
    endloop
  endfacet
  facet normal -1.538953e-01 -1.464320e-01 9.764467e-01
    outer loop
      vertex 7.330166e+00 6.493960e+00 5.937812e+00
      vertex 1.040871e+01 9.221314e+00 6.889995e+00
      vertex 6.493960e+00 7.330166e+00 5.937812e+00
    endloop
  endfacet
  facet normal -1.842674e-01 -1.491715e-01 9.707283e-01
    outer loop
      vertex 7.330166e+00 6.493960e+00 5.937812e+00
      vertex 1.144433e+01 7.899449e+00 6.889995e+00
      vertex 1.040871e+01 9.221314e+00 6.889995e+00
    endloop
  endfacet
  facet normal -1.704236e-01 -1.268143e-01 9.764467e-01
    outer loop
      vertex 8.059481e+00 5.563058e+00 5.937812e+00
      vertex 1.144433e+01 7.899449e+00 6.889995e+00
      vertex 7.330166e+00 6.493960e+00 5.937812e+00
    endloop
  endfacet
  facet normal -2.009046e-01 -1.258729e-01 9.707283e-01
    outer loop
      vertex 8.059481e+00 5.563058e+00 5.937812e+00
      vertex 1.231306e+01 6.462392e+00 6.889995e+00
      vertex 1.144433e+01 7.899449e+00 6.889995e+00
    endloop
  endfacet
  facet normal -1.844668e-01 -1.053474e-01 9.764467e-01
    outer loop
      vertex 8.671271e+00 4.551034e+00 5.937812e+00
      vertex 1.231306e+01 6.462392e+00 6.889995e+00
      vertex 8.059481e+00 5.563058e+00 5.937812e+00
    endloop
  endfacet
  facet normal -2.146121e-01 -1.007388e-01 9.707283e-01
    outer loop
      vertex 8.671271e+00 4.551034e+00 5.937812e+00
      vertex 1.300224e+01 4.931098e+00 6.889995e+00
      vertex 1.231306e+01 6.462392e+00 6.889995e+00
    endloop
  endfacet
  facet normal -1.958201e-01 -8.234427e-02 9.764467e-01
    outer loop
      vertex 9.156614e+00 3.472646e+00 5.937812e+00
      vertex 1.300224e+01 4.931098e+00 6.889995e+00
      vertex 8.671271e+00 4.551034e+00 5.937812e+00
    endloop
  endfacet
  facet normal -2.251900e-01 -7.413565e-02 9.707283e-01
    outer loop
      vertex 9.156614e+00 3.472646e+00 5.937812e+00
      vertex 1.350182e+01 3.327899e+00 6.889995e+00
      vertex 1.300224e+01 4.931098e+00 6.889995e+00
    endloop
  endfacet
  facet normal -2.043179e-01 -5.814039e-02 9.764467e-01
    outer loop
      vertex 9.508433e+00 2.343618e+00 5.937812e+00
      vertex 1.350182e+01 3.327899e+00 6.889995e+00
      vertex 9.156614e+00 3.472646e+00 5.937812e+00
    endloop
  endfacet
  facet normal -2.324842e-01 -4.645146e-02 9.707283e-01
    outer loop
      vertex 9.508433e+00 2.343618e+00 5.937812e+00
      vertex 1.380451e+01 1.676171e+00 6.889995e+00
      vertex 1.350182e+01 3.327899e+00 6.889995e+00
    endloop
  endfacet
  facet normal -2.098362e-01 -3.308868e-02 9.764467e-01
    outer loop
      vertex 9.721598e+00 1.180416e+00 5.937812e+00
      vertex 1.380451e+01 1.676171e+00 6.889995e+00
      vertex 9.508433e+00 2.343618e+00 5.937812e+00
    endloop
  endfacet
  facet normal -2.363882e-01 -1.808991e-02 9.707283e-01
    outer loop
      vertex 9.721598e+00 1.180416e+00 5.937812e+00
      vertex 1.390590e+01 1.157288e-16 6.889995e+00
      vertex 1.380451e+01 1.676171e+00 6.889995e+00
    endloop
  endfacet
  facet normal -2.122947e-01 -7.554467e-03 9.764467e-01
    outer loop
      vertex 9.793000e+00 5.742439e-17 5.937812e+00
      vertex 1.390590e+01 1.157288e-16 6.889995e+00
      vertex 9.721598e+00 1.180416e+00 5.937812e+00
    endloop
  endfacet
  facet normal -1.613074e-01 7.554467e-03 9.861147e-01
    outer loop
      vertex 5.618833e+00 1.889476e-17 5.308575e+00
      vertex 9.721598e+00 -1.180416e+00 5.937812e+00
      vertex 9.793000e+00 5.742439e-17 5.937812e+00
    endloop
  endfacet
  facet normal -1.347855e-01 1.194408e-02 9.900644e-01
    outer loop
      vertex 5.577865e+00 -6.772755e-01 5.308575e+00
      vertex 9.721598e+00 -1.180416e+00 5.937812e+00
      vertex 5.618833e+00 1.889476e-17 5.308575e+00
    endloop
  endfacet
  facet normal -1.592207e-01 2.694285e-02 9.861147e-01
    outer loop
      vertex 5.577865e+00 -6.772755e-01 5.308575e+00
      vertex 9.508433e+00 -2.343618e+00 5.937812e+00
      vertex 9.721598e+00 -1.180416e+00 5.937812e+00
    endloop
  endfacet
  facet normal -1.323631e-01 2.810359e-02 9.900644e-01
    outer loop
      vertex 5.455560e+00 -1.344675e+00 5.308575e+00
      vertex 9.508433e+00 -2.343618e+00 5.937812e+00
      vertex 5.577865e+00 -6.772755e-01 5.308575e+00
    endloop
  endfacet
  facet normal -1.548122e-01 4.593834e-02 9.861147e-01
    outer loop
      vertex 5.455560e+00 -1.344675e+00 5.308575e+00
      vertex 9.156614e+00 -3.472646e+00 5.937812e+00
      vertex 9.508433e+00 -2.343618e+00 5.937812e+00
    endloop
  endfacet
  facet normal -1.280105e-01 4.385329e-02 9.900644e-01
    outer loop
      vertex 5.253700e+00 -1.992466e+00 5.308575e+00
      vertex 9.156614e+00 -3.472646e+00 5.937812e+00
      vertex 5.455560e+00 -1.344675e+00 5.308575e+00
    endloop
  endfacet
  facet normal -1.481462e-01 6.426396e-02 9.861147e-01
    outer loop
      vertex 5.253700e+00 -1.992466e+00 5.308575e+00
      vertex 8.671271e+00 -4.551034e+00 5.937812e+00
      vertex 9.156614e+00 -3.472646e+00 5.937812e+00
    endloop
  endfacet
  facet normal -1.217912e-01 5.896351e-02 9.900644e-01
    outer loop
      vertex 4.975229e+00 -2.611202e+00 5.308575e+00
      vertex 8.671271e+00 -4.551034e+00 5.937812e+00
      vertex 5.253700e+00 -1.992466e+00 5.308575e+00
    endloop
  endfacet
  facet normal -1.393199e-01 8.165246e-02 9.861147e-01
    outer loop
      vertex 4.975229e+00 -2.611202e+00 5.308575e+00
      vertex 8.059481e+00 -5.563058e+00 5.937812e+00
      vertex 8.671271e+00 -4.551034e+00 5.937812e+00
    endloop
  endfacet
  facet normal -1.137960e-01 7.321390e-02 9.900644e-01
    outer loop
      vertex 4.624209e+00 -3.191861e+00 5.308575e+00
      vertex 8.059481e+00 -5.563058e+00 5.937812e+00
      vertex 4.975229e+00 -2.611202e+00 5.308575e+00
    endloop
  endfacet
  facet normal -1.284620e-01 9.785027e-02 9.861147e-01
    outer loop
      vertex 4.624209e+00 -3.191861e+00 5.308575e+00
      vertex 7.330166e+00 -6.493960e+00 5.937812e+00
      vertex 8.059481e+00 -5.563058e+00 5.937812e+00
    endloop
  endfacet
  facet normal -1.041413e-01 8.639667e-02 9.900644e-01
    outer loop
      vertex 4.205757e+00 -3.725976e+00 5.308575e+00
      vertex 7.330166e+00 -6.493960e+00 5.937812e+00
      vertex 4.624209e+00 -3.191861e+00 5.308575e+00
    endloop
  endfacet
  facet normal -1.157308e-01 1.126212e-01 9.861147e-01
    outer loop
      vertex 4.205757e+00 -3.725976e+00 5.308575e+00
      vertex 6.493960e+00 -7.330166e+00 5.937812e+00
      vertex 7.330166e+00 -6.493960e+00 5.937812e+00
    endloop
  endfacet
  facet normal -9.296802e-02 9.831959e-02 9.900644e-01
    outer loop
      vertex 3.725976e+00 -4.205757e+00 5.308575e+00
      vertex 6.493960e+00 -7.330166e+00 5.937812e+00
      vertex 4.205757e+00 -3.725976e+00 5.308575e+00
    endloop
  endfacet
  facet normal -1.013120e-01 1.257499e-01 9.861147e-01
    outer loop
      vertex 3.725976e+00 -4.205757e+00 5.308575e+00
      vertex 5.563058e+00 -8.059481e+00 5.937812e+00
      vertex 6.493960e+00 -7.330166e+00 5.937812e+00
    endloop
  endfacet
  facet normal -8.043905e-02 1.088088e-01 9.900644e-01
    outer loop
      vertex 3.191861e+00 -4.624209e+00 5.308575e+00
      vertex 5.563058e+00 -8.059481e+00 5.937812e+00
      vertex 3.725976e+00 -4.205757e+00 5.308575e+00
    endloop
  endfacet
  facet normal -8.541586e-02 1.370448e-01 9.861147e-01
    outer loop
      vertex 3.191861e+00 -4.624209e+00 5.308575e+00
      vertex 4.551034e+00 -8.671271e+00 5.937812e+00
      vertex 5.563058e+00 -8.059481e+00 5.937812e+00
    endloop
  endfacet
  facet normal -6.673712e-02 1.177113e-01 9.900644e-01
    outer loop
      vertex 2.611202e+00 -4.975229e+00 5.308575e+00
      vertex 4.551034e+00 -8.671271e+00 5.937812e+00
      vertex 3.191861e+00 -4.624209e+00 5.308575e+00
    endloop
  endfacet
  facet normal -6.827416e-02 1.463414e-01 9.861147e-01
    outer loop
      vertex 2.611202e+00 -4.975229e+00 5.308575e+00
      vertex 3.472646e+00 -9.156614e+00 5.937812e+00
      vertex 4.551034e+00 -8.671271e+00 5.937812e+00
    endloop
  endfacet
  facet normal -5.206199e-02 1.248973e-01 9.900644e-01
    outer loop
      vertex 1.992466e+00 -5.253700e+00 5.308575e+00
      vertex 3.472646e+00 -9.156614e+00 5.937812e+00
      vertex 2.611202e+00 -4.975229e+00 5.308575e+00
    endloop
  endfacet
  facet normal -5.013685e-02 1.535039e-01 9.861147e-01
    outer loop
      vertex 1.992466e+00 -5.253700e+00 5.308575e+00
      vertex 2.343618e+00 -9.508433e+00 5.937812e+00
      vertex 3.472646e+00 -9.156614e+00 5.937812e+00
    endloop
  endfacet
  facet normal -3.662769e-02 1.302621e-01 9.900644e-01
    outer loop
      vertex 1.344675e+00 -5.455560e+00 5.308575e+00
      vertex 2.343618e+00 -9.508433e+00 5.937812e+00
      vertex 1.992466e+00 -5.253700e+00 5.308575e+00
    endloop
  endfacet
  facet normal -3.126845e-02 1.584280e-01 9.861147e-01
    outer loop
      vertex 1.344675e+00 -5.455560e+00 5.308575e+00
      vertex 1.180416e+00 -9.721598e+00 5.937812e+00
      vertex 2.343618e+00 -9.508433e+00 5.937812e+00
    endloop
  endfacet
  facet normal -2.065928e-02 1.337273e-01 9.900644e-01
    outer loop
      vertex 6.772755e-01 -5.577865e+00 5.308575e+00
      vertex 1.180416e+00 -9.721598e+00 5.937812e+00
      vertex 1.344675e+00 -5.455560e+00 5.308575e+00
    endloop
  endfacet
  facet normal -1.194408e-02 1.610419e-01 9.861147e-01
    outer loop
      vertex 6.772755e-01 -5.577865e+00 5.308575e+00
      vertex 5.742439e-17 -9.793000e+00 5.937812e+00
      vertex 1.180416e+00 -9.721598e+00 5.937812e+00
    endloop
  endfacet
  facet normal -4.389608e-03 1.352425e-01 9.900644e-01
    outer loop
      vertex 1.889476e-17 -5.618833e+00 5.308575e+00
      vertex 5.742439e-17 -9.793000e+00 5.937812e+00
      vertex 6.772755e-01 -5.577865e+00 5.308575e+00
    endloop
  endfacet
  facet normal 7.554467e-03 1.613074e-01 9.861147e-01
    outer loop
      vertex 1.889476e-17 -5.618833e+00 5.308575e+00
      vertex -1.180416e+00 -9.721598e+00 5.937812e+00
      vertex 5.742439e-17 -9.793000e+00 5.937812e+00
    endloop
  endfacet
  facet normal 1.194408e-02 1.347855e-01 9.900644e-01
    outer loop
      vertex -6.772755e-01 -5.577865e+00 5.308575e+00
      vertex -1.180416e+00 -9.721598e+00 5.937812e+00
      vertex 1.889476e-17 -5.618833e+00 5.308575e+00
    endloop
  endfacet
  facet normal 2.694285e-02 1.592207e-01 9.861147e-01
    outer loop
      vertex -6.772755e-01 -5.577865e+00 5.308575e+00
      vertex -2.343618e+00 -9.508433e+00 5.937812e+00
      vertex -1.180416e+00 -9.721598e+00 5.937812e+00
    endloop
  endfacet
  facet normal 2.810359e-02 1.323631e-01 9.900644e-01
    outer loop
      vertex -1.344675e+00 -5.455560e+00 5.308575e+00
      vertex -2.343618e+00 -9.508433e+00 5.937812e+00
      vertex -6.772755e-01 -5.577865e+00 5.308575e+00
    endloop
  endfacet
  facet normal 4.593834e-02 1.548122e-01 9.861147e-01
    outer loop
      vertex -1.344675e+00 -5.455560e+00 5.308575e+00
      vertex -3.472646e+00 -9.156614e+00 5.937812e+00
      vertex -2.343618e+00 -9.508433e+00 5.937812e+00
    endloop
  endfacet
  facet normal 4.385329e-02 1.280105e-01 9.900644e-01
    outer loop
      vertex -1.992466e+00 -5.253700e+00 5.308575e+00
      vertex -3.472646e+00 -9.156614e+00 5.937812e+00
      vertex -1.344675e+00 -5.455560e+00 5.308575e+00
    endloop
  endfacet
  facet normal 6.426396e-02 1.481462e-01 9.861147e-01
    outer loop
      vertex -1.992466e+00 -5.253700e+00 5.308575e+00
      vertex -4.551034e+00 -8.671271e+00 5.937812e+00
      vertex -3.472646e+00 -9.156614e+00 5.937812e+00
    endloop
  endfacet
  facet normal 5.896351e-02 1.217912e-01 9.900644e-01
    outer loop
      vertex -2.611202e+00 -4.975229e+00 5.308575e+00
      vertex -4.551034e+00 -8.671271e+00 5.937812e+00
      vertex -1.992466e+00 -5.253700e+00 5.308575e+00
    endloop
  endfacet
  facet normal 8.165246e-02 1.393199e-01 9.861147e-01
    outer loop
      vertex -2.611202e+00 -4.975229e+00 5.308575e+00
      vertex -5.563058e+00 -8.059481e+00 5.937812e+00
      vertex -4.551034e+00 -8.671271e+00 5.937812e+00
    endloop
  endfacet
  facet normal 7.321390e-02 1.137960e-01 9.900644e-01
    outer loop
      vertex -3.191861e+00 -4.624209e+00 5.308575e+00
      vertex -5.563058e+00 -8.059481e+00 5.937812e+00
      vertex -2.611202e+00 -4.975229e+00 5.308575e+00
    endloop
  endfacet
  facet normal 9.785027e-02 1.284620e-01 9.861147e-01
    outer loop
      vertex -3.191861e+00 -4.624209e+00 5.308575e+00
      vertex -6.493960e+00 -7.330166e+00 5.937812e+00
      vertex -5.563058e+00 -8.059481e+00 5.937812e+00
    endloop
  endfacet
  facet normal 8.639667e-02 1.041413e-01 9.900644e-01
    outer loop
      vertex -3.725976e+00 -4.205757e+00 5.308575e+00
      vertex -6.493960e+00 -7.330166e+00 5.937812e+00
      vertex -3.191861e+00 -4.624209e+00 5.308575e+00
    endloop
  endfacet
  facet normal 1.126212e-01 1.157308e-01 9.861147e-01
    outer loop
      vertex -3.725976e+00 -4.205757e+00 5.308575e+00
      vertex -7.330166e+00 -6.493960e+00 5.937812e+00
      vertex -6.493960e+00 -7.330166e+00 5.937812e+00
    endloop
  endfacet
  facet normal 9.831959e-02 9.296802e-02 9.900644e-01
    outer loop
      vertex -4.205757e+00 -3.725976e+00 5.308575e+00
      vertex -7.330166e+00 -6.493960e+00 5.937812e+00
      vertex -3.725976e+00 -4.205757e+00 5.308575e+00
    endloop
  endfacet
  facet normal 1.257499e-01 1.013120e-01 9.861147e-01
    outer loop
      vertex -4.205757e+00 -3.725976e+00 5.308575e+00
      vertex -8.059481e+00 -5.563058e+00 5.937812e+00
      vertex -7.330166e+00 -6.493960e+00 5.937812e+00
    endloop
  endfacet
  facet normal 1.088088e-01 8.043905e-02 9.900644e-01
    outer loop
      vertex -4.624209e+00 -3.191861e+00 5.308575e+00
      vertex -8.059481e+00 -5.563058e+00 5.937812e+00
      vertex -4.205757e+00 -3.725976e+00 5.308575e+00
    endloop
  endfacet
  facet normal 1.370448e-01 8.541586e-02 9.861147e-01
    outer loop
      vertex -4.624209e+00 -3.191861e+00 5.308575e+00
      vertex -8.671271e+00 -4.551034e+00 5.937812e+00
      vertex -8.059481e+00 -5.563058e+00 5.937812e+00
    endloop
  endfacet
  facet normal 1.177113e-01 6.673712e-02 9.900644e-01
    outer loop
      vertex -4.975229e+00 -2.611202e+00 5.308575e+00
      vertex -8.671271e+00 -4.551034e+00 5.937812e+00
      vertex -4.624209e+00 -3.191861e+00 5.308575e+00
    endloop
  endfacet
  facet normal 1.463414e-01 6.827416e-02 9.861147e-01
    outer loop
      vertex -4.975229e+00 -2.611202e+00 5.308575e+00
      vertex -9.156614e+00 -3.472646e+00 5.937812e+00
      vertex -8.671271e+00 -4.551034e+00 5.937812e+00
    endloop
  endfacet
  facet normal 1.248973e-01 5.206199e-02 9.900644e-01
    outer loop
      vertex -5.253700e+00 -1.992466e+00 5.308575e+00
      vertex -9.156614e+00 -3.472646e+00 5.937812e+00
      vertex -4.975229e+00 -2.611202e+00 5.308575e+00
    endloop
  endfacet
  facet normal 1.535039e-01 5.013685e-02 9.861147e-01
    outer loop
      vertex -5.253700e+00 -1.992466e+00 5.308575e+00
      vertex -9.508433e+00 -2.343618e+00 5.937812e+00
      vertex -9.156614e+00 -3.472646e+00 5.937812e+00
    endloop
  endfacet
  facet normal 1.302621e-01 3.662769e-02 9.900644e-01
    outer loop
      vertex -5.455560e+00 -1.344675e+00 5.308575e+00
      vertex -9.508433e+00 -2.343618e+00 5.937812e+00
      vertex -5.253700e+00 -1.992466e+00 5.308575e+00
    endloop
  endfacet
  facet normal 1.584280e-01 3.126845e-02 9.861147e-01
    outer loop
      vertex -5.455560e+00 -1.344675e+00 5.308575e+00
      vertex -9.721598e+00 -1.180416e+00 5.937812e+00
      vertex -9.508433e+00 -2.343618e+00 5.937812e+00
    endloop
  endfacet
  facet normal 1.337273e-01 2.065928e-02 9.900644e-01
    outer loop
      vertex -5.577865e+00 -6.772755e-01 5.308575e+00
      vertex -9.721598e+00 -1.180416e+00 5.937812e+00
      vertex -5.455560e+00 -1.344675e+00 5.308575e+00
    endloop
  endfacet
  facet normal 1.610419e-01 1.194408e-02 9.861147e-01
    outer loop
      vertex -5.577865e+00 -6.772755e-01 5.308575e+00
      vertex -9.793000e+00 3.858020e-15 5.937812e+00
      vertex -9.721598e+00 -1.180416e+00 5.937812e+00
    endloop
  endfacet
  facet normal 1.352425e-01 4.389608e-03 9.900644e-01
    outer loop
      vertex -5.618833e+00 4.474157e-15 5.308575e+00
      vertex -9.793000e+00 3.858020e-15 5.937812e+00
      vertex -5.577865e+00 -6.772755e-01 5.308575e+00
    endloop
  endfacet
  facet normal 1.613074e-01 -7.554467e-03 9.861147e-01
    outer loop
      vertex -5.618833e+00 4.474157e-15 5.308575e+00
      vertex -9.721598e+00 1.180416e+00 5.937812e+00
      vertex -9.793000e+00 3.858020e-15 5.937812e+00
    endloop
  endfacet
  facet normal 1.347855e-01 -1.194408e-02 9.900644e-01
    outer loop
      vertex -5.577865e+00 6.772755e-01 5.308575e+00
      vertex -9.721598e+00 1.180416e+00 5.937812e+00
      vertex -5.618833e+00 4.474157e-15 5.308575e+00
    endloop
  endfacet
  facet normal 1.592207e-01 -2.694285e-02 9.861147e-01
    outer loop
      vertex -5.577865e+00 6.772755e-01 5.308575e+00
      vertex -9.508433e+00 2.343618e+00 5.937812e+00
      vertex -9.721598e+00 1.180416e+00 5.937812e+00
    endloop
  endfacet
  facet normal 1.323631e-01 -2.810359e-02 9.900644e-01
    outer loop
      vertex -5.455560e+00 1.344675e+00 5.308575e+00
      vertex -9.508433e+00 2.343618e+00 5.937812e+00
      vertex -5.577865e+00 6.772755e-01 5.308575e+00
    endloop
  endfacet
  facet normal 1.548122e-01 -4.593834e-02 9.861147e-01
    outer loop
      vertex -5.455560e+00 1.344675e+00 5.308575e+00
      vertex -9.156614e+00 3.472646e+00 5.937812e+00
      vertex -9.508433e+00 2.343618e+00 5.937812e+00
    endloop
  endfacet
  facet normal 1.280105e-01 -4.385329e-02 9.900644e-01
    outer loop
      vertex -5.253700e+00 1.992466e+00 5.308575e+00
      vertex -9.156614e+00 3.472646e+00 5.937812e+00
      vertex -5.455560e+00 1.344675e+00 5.308575e+00
    endloop
  endfacet
  facet normal 1.481462e-01 -6.426396e-02 9.861147e-01
    outer loop
      vertex -5.253700e+00 1.992466e+00 5.308575e+00
      vertex -8.671271e+00 4.551034e+00 5.937812e+00
      vertex -9.156614e+00 3.472646e+00 5.937812e+00
    endloop
  endfacet
  facet normal 1.217912e-01 -5.896351e-02 9.900644e-01
    outer loop
      vertex -4.975229e+00 2.611202e+00 5.308575e+00
      vertex -8.671271e+00 4.551034e+00 5.937812e+00
      vertex -5.253700e+00 1.992466e+00 5.308575e+00
    endloop
  endfacet
  facet normal 1.393199e-01 -8.165246e-02 9.861147e-01
    outer loop
      vertex -4.975229e+00 2.611202e+00 5.308575e+00
      vertex -8.059481e+00 5.563058e+00 5.937812e+00
      vertex -8.671271e+00 4.551034e+00 5.937812e+00
    endloop
  endfacet
  facet normal 1.137960e-01 -7.321390e-02 9.900644e-01
    outer loop
      vertex -4.624209e+00 3.191861e+00 5.308575e+00
      vertex -8.059481e+00 5.563058e+00 5.937812e+00
      vertex -4.975229e+00 2.611202e+00 5.308575e+00
    endloop
  endfacet
  facet normal 1.284620e-01 -9.785027e-02 9.861147e-01
    outer loop
      vertex -4.624209e+00 3.191861e+00 5.308575e+00
      vertex -7.330166e+00 6.493960e+00 5.937812e+00
      vertex -8.059481e+00 5.563058e+00 5.937812e+00
    endloop
  endfacet
  facet normal 1.041413e-01 -8.639667e-02 9.900644e-01
    outer loop
      vertex -4.205757e+00 3.725976e+00 5.308575e+00
      vertex -7.330166e+00 6.493960e+00 5.937812e+00
      vertex -4.624209e+00 3.191861e+00 5.308575e+00
    endloop
  endfacet
  facet normal 1.157308e-01 -1.126212e-01 9.861147e-01
    outer loop
      vertex -4.205757e+00 3.725976e+00 5.308575e+00
      vertex -6.493960e+00 7.330166e+00 5.937812e+00
      vertex -7.330166e+00 6.493960e+00 5.937812e+00
    endloop
  endfacet
  facet normal 9.296802e-02 -9.831959e-02 9.900644e-01
    outer loop
      vertex -3.725976e+00 4.205757e+00 5.308575e+00
      vertex -6.493960e+00 7.330166e+00 5.937812e+00
      vertex -4.205757e+00 3.725976e+00 5.308575e+00
    endloop
  endfacet
  facet normal 1.013120e-01 -1.257499e-01 9.861147e-01
    outer loop
      vertex -3.725976e+00 4.205757e+00 5.308575e+00
      vertex -5.563058e+00 8.059481e+00 5.937812e+00
      vertex -6.493960e+00 7.330166e+00 5.937812e+00
    endloop
  endfacet
  facet normal 8.043905e-02 -1.088088e-01 9.900644e-01
    outer loop
      vertex -3.191861e+00 4.624209e+00 5.308575e+00
      vertex -5.563058e+00 8.059481e+00 5.937812e+00
      vertex -3.725976e+00 4.205757e+00 5.308575e+00
    endloop
  endfacet
  facet normal 8.541586e-02 -1.370448e-01 9.861147e-01
    outer loop
      vertex -3.191861e+00 4.624209e+00 5.308575e+00
      vertex -4.551034e+00 8.671271e+00 5.937812e+00
      vertex -5.563058e+00 8.059481e+00 5.937812e+00
    endloop
  endfacet
  facet normal 6.673712e-02 -1.177113e-01 9.900644e-01
    outer loop
      vertex -2.611202e+00 4.975229e+00 5.308575e+00
      vertex -4.551034e+00 8.671271e+00 5.937812e+00
      vertex -3.191861e+00 4.624209e+00 5.308575e+00
    endloop
  endfacet
  facet normal 6.827416e-02 -1.463414e-01 9.861147e-01
    outer loop
      vertex -2.611202e+00 4.975229e+00 5.308575e+00
      vertex -3.472646e+00 9.156614e+00 5.937812e+00
      vertex -4.551034e+00 8.671271e+00 5.937812e+00
    endloop
  endfacet
  facet normal 5.206199e-02 -1.248973e-01 9.900644e-01
    outer loop
      vertex -1.992466e+00 5.253700e+00 5.308575e+00
      vertex -3.472646e+00 9.156614e+00 5.937812e+00
      vertex -2.611202e+00 4.975229e+00 5.308575e+00
    endloop
  endfacet
  facet normal 5.013685e-02 -1.535039e-01 9.861147e-01
    outer loop
      vertex -1.992466e+00 5.253700e+00 5.308575e+00
      vertex -2.343618e+00 9.508433e+00 5.937812e+00
      vertex -3.472646e+00 9.156614e+00 5.937812e+00
    endloop
  endfacet
  facet normal 3.662769e-02 -1.302621e-01 9.900644e-01
    outer loop
      vertex -1.344675e+00 5.455560e+00 5.308575e+00
      vertex -2.343618e+00 9.508433e+00 5.937812e+00
      vertex -1.992466e+00 5.253700e+00 5.308575e+00
    endloop
  endfacet
  facet normal 3.126845e-02 -1.584280e-01 9.861147e-01
    outer loop
      vertex -1.344675e+00 5.455560e+00 5.308575e+00
      vertex -1.180416e+00 9.721598e+00 5.937812e+00
      vertex -2.343618e+00 9.508433e+00 5.937812e+00
    endloop
  endfacet
  facet normal 2.065928e-02 -1.337273e-01 9.900644e-01
    outer loop
      vertex -6.772755e-01 5.577865e+00 5.308575e+00
      vertex -1.180416e+00 9.721598e+00 5.937812e+00
      vertex -1.344675e+00 5.455560e+00 5.308575e+00
    endloop
  endfacet
  facet normal 1.194408e-02 -1.610419e-01 9.861147e-01
    outer loop
      vertex -6.772755e-01 5.577865e+00 5.308575e+00
      vertex -5.742439e-17 9.793000e+00 5.937812e+00
      vertex -1.180416e+00 9.721598e+00 5.937812e+00
    endloop
  endfacet
  facet normal 4.389608e-03 -1.352425e-01 9.900644e-01
    outer loop
      vertex -1.889476e-17 5.618833e+00 5.308575e+00
      vertex -5.742439e-17 9.793000e+00 5.937812e+00
      vertex -6.772755e-01 5.577865e+00 5.308575e+00
    endloop
  endfacet
  facet normal -7.554467e-03 -1.613074e-01 9.861147e-01
    outer loop
      vertex -1.889476e-17 5.618833e+00 5.308575e+00
      vertex 1.180416e+00 9.721598e+00 5.937812e+00
      vertex -5.742439e-17 9.793000e+00 5.937812e+00
    endloop
  endfacet
  facet normal -1.194408e-02 -1.347855e-01 9.900644e-01
    outer loop
      vertex 6.772755e-01 5.577865e+00 5.308575e+00
      vertex 1.180416e+00 9.721598e+00 5.937812e+00
      vertex -1.889476e-17 5.618833e+00 5.308575e+00
    endloop
  endfacet
  facet normal -2.694285e-02 -1.592207e-01 9.861147e-01
    outer loop
      vertex 6.772755e-01 5.577865e+00 5.308575e+00
      vertex 2.343618e+00 9.508433e+00 5.937812e+00
      vertex 1.180416e+00 9.721598e+00 5.937812e+00
    endloop
  endfacet
  facet normal -2.810359e-02 -1.323631e-01 9.900644e-01
    outer loop
      vertex 1.344675e+00 5.455560e+00 5.308575e+00
      vertex 2.343618e+00 9.508433e+00 5.937812e+00
      vertex 6.772755e-01 5.577865e+00 5.308575e+00
    endloop
  endfacet
  facet normal -4.593834e-02 -1.548122e-01 9.861147e-01
    outer loop
      vertex 1.344675e+00 5.455560e+00 5.308575e+00
      vertex 3.472646e+00 9.156614e+00 5.937812e+00
      vertex 2.343618e+00 9.508433e+00 5.937812e+00
    endloop
  endfacet
  facet normal -4.385329e-02 -1.280105e-01 9.900644e-01
    outer loop
      vertex 1.992466e+00 5.253700e+00 5.308575e+00
      vertex 3.472646e+00 9.156614e+00 5.937812e+00
      vertex 1.344675e+00 5.455560e+00 5.308575e+00
    endloop
  endfacet
  facet normal -6.426396e-02 -1.481462e-01 9.861147e-01
    outer loop
      vertex 1.992466e+00 5.253700e+00 5.308575e+00
      vertex 4.551034e+00 8.671271e+00 5.937812e+00
      vertex 3.472646e+00 9.156614e+00 5.937812e+00
    endloop
  endfacet
  facet normal -5.896351e-02 -1.217912e-01 9.900644e-01
    outer loop
      vertex 2.611202e+00 4.975229e+00 5.308575e+00
      vertex 4.551034e+00 8.671271e+00 5.937812e+00
      vertex 1.992466e+00 5.253700e+00 5.308575e+00
    endloop
  endfacet
  facet normal -8.165246e-02 -1.393199e-01 9.861147e-01
    outer loop
      vertex 2.611202e+00 4.975229e+00 5.308575e+00
      vertex 5.563058e+00 8.059481e+00 5.937812e+00
      vertex 4.551034e+00 8.671271e+00 5.937812e+00
    endloop
  endfacet
  facet normal -7.321390e-02 -1.137960e-01 9.900644e-01
    outer loop
      vertex 3.191861e+00 4.624209e+00 5.308575e+00
      vertex 5.563058e+00 8.059481e+00 5.937812e+00
      vertex 2.611202e+00 4.975229e+00 5.308575e+00
    endloop
  endfacet
  facet normal -9.785027e-02 -1.284620e-01 9.861147e-01
    outer loop
      vertex 3.191861e+00 4.624209e+00 5.308575e+00
      vertex 6.493960e+00 7.330166e+00 5.937812e+00
      vertex 5.563058e+00 8.059481e+00 5.937812e+00
    endloop
  endfacet
  facet normal -8.639667e-02 -1.041413e-01 9.900644e-01
    outer loop
      vertex 3.725976e+00 4.205757e+00 5.308575e+00
      vertex 6.493960e+00 7.330166e+00 5.937812e+00
      vertex 3.191861e+00 4.624209e+00 5.308575e+00
    endloop
  endfacet
  facet normal -1.126212e-01 -1.157308e-01 9.861147e-01
    outer loop
      vertex 3.725976e+00 4.205757e+00 5.308575e+00
      vertex 7.330166e+00 6.493960e+00 5.937812e+00
      vertex 6.493960e+00 7.330166e+00 5.937812e+00
    endloop
  endfacet
  facet normal -9.831959e-02 -9.296802e-02 9.900644e-01
    outer loop
      vertex 4.205757e+00 3.725976e+00 5.308575e+00
      vertex 7.330166e+00 6.493960e+00 5.937812e+00
      vertex 3.725976e+00 4.205757e+00 5.308575e+00
    endloop
  endfacet
  facet normal -1.257499e-01 -1.013120e-01 9.861147e-01
    outer loop
      vertex 4.205757e+00 3.725976e+00 5.308575e+00
      vertex 8.059481e+00 5.563058e+00 5.937812e+00
      vertex 7.330166e+00 6.493960e+00 5.937812e+00
    endloop
  endfacet
  facet normal -1.088088e-01 -8.043905e-02 9.900644e-01
    outer loop
      vertex 4.624209e+00 3.191861e+00 5.308575e+00
      vertex 8.059481e+00 5.563058e+00 5.937812e+00
      vertex 4.205757e+00 3.725976e+00 5.308575e+00
    endloop
  endfacet
  facet normal -1.370448e-01 -8.541586e-02 9.861147e-01
    outer loop
      vertex 4.624209e+00 3.191861e+00 5.308575e+00
      vertex 8.671271e+00 4.551034e+00 5.937812e+00
      vertex 8.059481e+00 5.563058e+00 5.937812e+00
    endloop
  endfacet
  facet normal -1.177113e-01 -6.673712e-02 9.900644e-01
    outer loop
      vertex 4.975229e+00 2.611202e+00 5.308575e+00
      vertex 8.671271e+00 4.551034e+00 5.937812e+00
      vertex 4.624209e+00 3.191861e+00 5.308575e+00
    endloop
  endfacet
  facet normal -1.463414e-01 -6.827416e-02 9.861147e-01
    outer loop
      vertex 4.975229e+00 2.611202e+00 5.308575e+00
      vertex 9.156614e+00 3.472646e+00 5.937812e+00
      vertex 8.671271e+00 4.551034e+00 5.937812e+00
    endloop
  endfacet
  facet normal -1.248973e-01 -5.206199e-02 9.900644e-01
    outer loop
      vertex 5.253700e+00 1.992466e+00 5.308575e+00
      vertex 9.156614e+00 3.472646e+00 5.937812e+00
      vertex 4.975229e+00 2.611202e+00 5.308575e+00
    endloop
  endfacet
  facet normal -1.535039e-01 -5.013685e-02 9.861147e-01
    outer loop
      vertex 5.253700e+00 1.992466e+00 5.308575e+00
      vertex 9.508433e+00 2.343618e+00 5.937812e+00
      vertex 9.156614e+00 3.472646e+00 5.937812e+00
    endloop
  endfacet
  facet normal -1.302621e-01 -3.662769e-02 9.900644e-01
    outer loop
      vertex 5.455560e+00 1.344675e+00 5.308575e+00
      vertex 9.508433e+00 2.343618e+00 5.937812e+00
      vertex 5.253700e+00 1.992466e+00 5.308575e+00
    endloop
  endfacet
  facet normal -1.584280e-01 -3.126845e-02 9.861147e-01
    outer loop
      vertex 5.455560e+00 1.344675e+00 5.308575e+00
      vertex 9.721598e+00 1.180416e+00 5.937812e+00
      vertex 9.508433e+00 2.343618e+00 5.937812e+00
    endloop
  endfacet
  facet normal -1.337273e-01 -2.065928e-02 9.900644e-01
    outer loop
      vertex 5.577865e+00 6.772755e-01 5.308575e+00
      vertex 9.721598e+00 1.180416e+00 5.937812e+00
      vertex 5.455560e+00 1.344675e+00 5.308575e+00
    endloop
  endfacet
  facet normal -1.610419e-01 -1.194408e-02 9.861147e-01
    outer loop
      vertex 5.577865e+00 6.772755e-01 5.308575e+00
      vertex 9.793000e+00 5.742439e-17 5.937812e+00
      vertex 9.721598e+00 1.180416e+00 5.937812e+00
    endloop
  endfacet
  facet normal -1.352425e-01 -4.389608e-03 9.900644e-01
    outer loop
      vertex 5.618833e+00 1.889476e-17 5.308575e+00
      vertex 9.793000e+00 5.742439e-17 5.937812e+00
      vertex 5.577865e+00 6.772755e-01 5.308575e+00
    endloop
  endfacet
  facet normal -2.558021e-02 -4.431288e-02 9.986815e-01
    outer loop
      vertex 1.515966e+00 2.140720e+00 5.067243e+00
      vertex 1.307576e+00 2.491378e+00 5.077367e+00
      vertex 1.171498e+00 2.140720e+00 5.058195e+00
    endloop
  endfacet
  facet normal -2.859927e-02 -4.531734e-02 9.985569e-01
    outer loop
      vertex 1.598345e+00 2.315602e+00 5.077367e+00
      vertex 1.307576e+00 2.491378e+00 5.077367e+00
      vertex 1.515966e+00 2.140720e+00 5.067243e+00
    endloop
  endfacet
  facet normal -3.959271e-02 -6.124410e-02 9.969987e-01
    outer loop
      vertex 1.598345e+00 2.315602e+00 5.077367e+00
      vertex 3.191861e+00 4.624209e+00 5.308575e+00
      vertex 1.307576e+00 2.491378e+00 5.077367e+00
    endloop
  endfacet
  facet normal -4.346513e-02 -5.900896e-02 9.969785e-01
    outer loop
      vertex 1.911549e+00 2.140720e+00 5.080494e+00
      vertex 3.191861e+00 4.624209e+00 5.308575e+00
      vertex 1.598345e+00 2.315602e+00 5.077367e+00
    endloop
  endfacet
  facet normal -5.721566e-02 -7.120273e-02 9.954863e-01
    outer loop
      vertex 1.911549e+00 2.140720e+00 5.080494e+00
      vertex 3.725976e+00 4.205757e+00 5.308575e+00
      vertex 3.191861e+00 4.624209e+00 5.308575e+00
    endloop
  endfacet
  facet normal -5.218418e-02 -5.510184e-02 9.968247e-01
    outer loop
      vertex 2.401122e+00 2.140720e+00 5.101128e+00
      vertex 3.725976e+00 4.205757e+00 5.308575e+00
      vertex 1.911549e+00 2.140720e+00 5.080494e+00
    endloop
  endfacet
  facet normal -6.706357e-02 -6.527760e-02 9.953526e-01
    outer loop
      vertex 2.401122e+00 2.140720e+00 5.101128e+00
      vertex 4.205757e+00 3.725976e+00 5.308575e+00
      vertex 3.725976e+00 4.205757e+00 5.308575e+00
    endloop
  endfacet
  facet normal -6.280798e-02 -5.175041e-02 9.964702e-01
    outer loop
      vertex 3.042683e+00 2.140720e+00 5.135258e+00
      vertex 4.205757e+00 3.725976e+00 5.308575e+00
      vertex 2.401122e+00 2.140720e+00 5.101128e+00
    endloop
  endfacet
  facet normal -7.712290e-02 -5.856786e-02 9.951318e-01
    outer loop
      vertex 3.042683e+00 2.140720e+00 5.135258e+00
      vertex 4.624209e+00 3.191861e+00 5.308575e+00
      vertex 4.205757e+00 3.725976e+00 5.308575e+00
    endloop
  endfacet
  facet normal -7.567295e-02 -4.796426e-02 9.958503e-01
    outer loop
      vertex 3.947807e+00 2.140720e+00 5.197091e+00
      vertex 4.624209e+00 3.191861e+00 5.308575e+00
      vertex 3.042683e+00 2.140720e+00 5.135258e+00
    endloop
  endfacet
  facet normal -8.802531e-02 -5.115670e-02 9.947327e-01
    outer loop
      vertex 3.947807e+00 2.140720e+00 5.197091e+00
      vertex 4.975229e+00 2.611202e+00 5.308575e+00
      vertex 4.624209e+00 3.191861e+00 5.308575e+00
    endloop
  endfacet
  facet normal -8.644357e-02 -4.394503e-02 9.952433e-01
    outer loop
      vertex 4.345248e+00 2.140720e+00 5.229306e+00
      vertex 4.975229e+00 2.611202e+00 5.308575e+00
      vertex 3.947807e+00 2.140720e+00 5.197091e+00
    endloop
  endfacet
  facet normal -9.468552e-02 -4.331328e-02 9.945248e-01
    outer loop
      vertex 4.345248e+00 2.140720e+00 5.229306e+00
      vertex 5.253700e+00 1.992466e+00 5.308575e+00
      vertex 4.975229e+00 2.611202e+00 5.308575e+00
    endloop
  endfacet
  facet normal -9.081006e-02 -3.714882e-02 9.951363e-01
    outer loop
      vertex 4.345248e+00 1.727355e+00 5.213677e+00
      vertex 5.253700e+00 1.992466e+00 5.308575e+00
      vertex 4.345248e+00 2.140720e+00 5.229306e+00
    endloop
  endfacet
  facet normal -9.778001e-02 -3.238838e-02 9.946256e-01
    outer loop
      vertex 4.345248e+00 1.727355e+00 5.213677e+00
      vertex 5.455560e+00 1.344675e+00 5.308575e+00
      vertex 5.253700e+00 1.992466e+00 5.308575e+00
    endloop
  endfacet
  facet normal -9.204120e-02 -2.645291e-02 9.953430e-01
    outer loop
      vertex 4.345248e+00 1.141125e+00 5.197242e+00
      vertex 5.455560e+00 1.344675e+00 5.308575e+00
      vertex 4.345248e+00 1.727355e+00 5.213677e+00
    endloop
  endfacet
  facet normal -9.982252e-02 -2.008306e-02 9.947316e-01
    outer loop
      vertex 4.345248e+00 1.141125e+00 5.197242e+00
      vertex 5.577865e+00 6.772755e-01 5.308575e+00
      vertex 5.455560e+00 1.344675e+00 5.308575e+00
    endloop
  endfacet
  facet normal -9.270730e-02 -1.479727e-02 9.955104e-01
    outer loop
      vertex 4.345248e+00 5.728952e-01 5.187724e+00
      vertex 5.577865e+00 6.772755e-01 5.308575e+00
      vertex 4.345248e+00 1.141125e+00 5.197242e+00
    endloop
  endfacet
  facet normal -1.008126e-01 -7.819020e-03 9.947929e-01
    outer loop
      vertex 4.345248e+00 5.728952e-01 5.187724e+00
      vertex 5.618833e+00 1.889476e-17 5.308575e+00
      vertex 5.577865e+00 6.772755e-01 5.308575e+00
    endloop
  endfacet
  facet normal -9.286950e-02 -3.429413e-03 9.955926e-01
    outer loop
      vertex 4.345248e+00 1.129834e-17 5.184516e+00
      vertex 5.618833e+00 1.889476e-17 5.308575e+00
      vertex 4.345248e+00 5.728952e-01 5.187724e+00
    endloop
  endfacet
  facet normal 2.709240e-01 -5.916335e-02 -9.603879e-01
    outer loop
      vertex 1.394403e+01 -2.505900e+00 5.924985e+00
      vertex 1.664454e+01 -2.991211e+00 6.743126e+00
      vertex 1.355021e+01 -4.137523e+00 5.924985e+00
    endloop
  endfacet
  facet normal 3.153239e-01 -6.900030e-02 -9.460545e-01
    outer loop
      vertex 1.617444e+01 -4.938827e+00 6.743126e+00
      vertex 1.664454e+01 -2.991211e+00 6.743126e+00
      vertex 1.930185e+01 -3.468759e+00 7.689560e+00
    endloop
  endfacet
  facet normal 2.833296e-01 -7.371202e-02 -9.557691e-01
    outer loop
      vertex 1.617444e+01 -4.938827e+00 6.743126e+00
      vertex 1.355021e+01 -4.137523e+00 5.924985e+00
      vertex 1.664454e+01 -2.991211e+00 6.743126e+00
    endloop
  endfacet
  facet normal 2.620182e-01 -9.076607e-02 -9.603896e-01
    outer loop
      vertex 1.296593e+01 -5.711068e+00 5.924985e+00
      vertex 1.355021e+01 -4.137523e+00 5.924985e+00
      vertex 1.617444e+01 -4.938827e+00 6.743126e+00
    endloop
  endfacet
  facet normal 3.632535e-01 -7.935665e-02 -9.275736e-01
    outer loop
      vertex 1.875669e+01 -5.727312e+00 7.689560e+00
      vertex 1.930185e+01 -3.468759e+00 7.689560e+00
      vertex 2.319924e+01 -4.169165e+00 9.331341e+00
    endloop
  endfacet
  facet normal 3.263800e-01 -8.504707e-02 -9.409611e-01
    outer loop
      vertex 1.875669e+01 -5.727312e+00 7.689560e+00
      vertex 1.617444e+01 -4.938827e+00 6.743126e+00
      vertex 1.930185e+01 -3.468759e+00 7.689560e+00
    endloop
  endfacet
  facet normal 3.049416e-01 -1.057826e-01 -9.460568e-01
    outer loop
      vertex 1.547701e+01 -6.817117e+00 6.743126e+00
      vertex 1.617444e+01 -4.938827e+00 6.743126e+00
      vertex 1.875669e+01 -5.727312e+00 7.689560e+00
    endloop
  endfacet
  facet normal 2.725742e-01 -1.067899e-01 -9.557706e-01
    outer loop
      vertex 1.547701e+01 -6.817117e+00 6.743126e+00
      vertex 1.296593e+01 -5.711068e+00 5.924985e+00
      vertex 1.617444e+01 -4.938827e+00 6.743126e+00
    endloop
  endfacet
  facet normal 2.627440e-01 -1.291220e-01 -9.557697e-01
    outer loop
      vertex 1.456154e+01 -8.599303e+00 6.743126e+00
      vertex 1.296593e+01 -5.711068e+00 5.924985e+00
      vertex 1.547701e+01 -6.817117e+00 6.743126e+00
    endloop
  endfacet
  facet normal 2.438389e-01 -1.320660e-01 -9.603879e-01
    outer loop
      vertex 1.456154e+01 -8.599303e+00 6.743126e+00
      vertex 1.219899e+01 -7.204102e+00 5.924985e+00
      vertex 1.296593e+01 -5.711068e+00 5.924985e+00
    endloop
  endfacet
  facet normal 2.333626e-01 -1.498110e-01 -9.603874e-01
    outer loop
      vertex 1.126160e+01 -8.596441e+00 5.924985e+00
      vertex 1.219899e+01 -7.204102e+00 5.924985e+00
      vertex 1.456154e+01 -8.599303e+00 6.743126e+00
    endloop
  endfacet
  facet normal 4.197318e-01 -9.190594e-02 -9.022325e-01
    outer loop
      vertex 2.254401e+01 -6.883760e+00 9.331341e+00
      vertex 2.319924e+01 -4.169165e+00 9.331341e+00
      vertex 2.698376e+01 -4.849285e+00 1.121467e+01
    endloop
  endfacet
  facet normal 3.791505e-01 -9.867053e-02 -9.192830e-01
    outer loop
      vertex 2.254401e+01 -6.883760e+00 9.331341e+00
      vertex 1.875669e+01 -5.727312e+00 7.689560e+00
      vertex 2.319924e+01 -4.169165e+00 9.331341e+00
    endloop
  endfacet
  facet normal 3.513094e-01 -1.217297e-01 -9.275766e-01
    outer loop
      vertex 1.794792e+01 -7.905471e+00 7.689560e+00
      vertex 1.875669e+01 -5.727312e+00 7.689560e+00
      vertex 2.254401e+01 -6.883760e+00 9.331341e+00
    endloop
  endfacet
  facet normal 3.139741e-01 -1.231513e-01 -9.409629e-01
    outer loop
      vertex 1.794792e+01 -7.905471e+00 7.689560e+00
      vertex 1.547701e+01 -6.817117e+00 6.743126e+00
      vertex 1.875669e+01 -5.727312e+00 7.689560e+00
    endloop
  endfacet
  facet normal 3.027549e-01 -1.486389e-01 -9.409617e-01
    outer loop
      vertex 1.688629e+01 -9.972184e+00 7.689560e+00
      vertex 1.547701e+01 -6.817117e+00 6.743126e+00
      vertex 1.794792e+01 -7.905471e+00 7.689560e+00
    endloop
  endfacet
  facet normal 2.838923e-01 -1.536023e-01 -9.460546e-01
    outer loop
      vertex 1.688629e+01 -9.972184e+00 7.689560e+00
      vertex 1.456154e+01 -8.599303e+00 6.743126e+00
      vertex 1.547701e+01 -6.817117e+00 6.743126e+00
    endloop
  endfacet
  facet normal 2.715578e-01 -1.744946e-01 -9.460539e-01
    outer loop
      vertex 1.344260e+01 -1.026129e+01 6.743126e+00
      vertex 1.456154e+01 -8.599303e+00 6.743126e+00
      vertex 1.688629e+01 -9.972184e+00 7.689560e+00
    endloop
  endfacet
  facet normal 2.399332e-01 -1.677591e-01 -9.557684e-01
    outer loop
      vertex 1.344260e+01 -1.026129e+01 6.743126e+00
      vertex 1.126160e+01 -8.596441e+00 5.924985e+00
      vertex 1.456154e+01 -8.599303e+00 6.743126e+00
    endloop
  endfacet
  facet normal 2.140395e-01 -1.762978e-01 -9.603891e-01
    outer loop
      vertex 1.016621e+01 -9.868292e+00 5.924985e+00
      vertex 1.126160e+01 -8.596441e+00 5.924985e+00
      vertex 1.344260e+01 -1.026129e+01 6.743126e+00
    endloop
  endfacet
  facet normal 4.748636e-01 -1.039589e-01 -8.728335e-01
    outer loop
      vertex 2.622164e+01 -8.006716e+00 1.121467e+01
      vertex 2.698376e+01 -4.849285e+00 1.121467e+01
      vertex 3.184847e+01 -5.723528e+00 1.405446e+01
    endloop
  endfacet
  facet normal 4.330417e-01 -1.128974e-01 -8.934770e-01
    outer loop
      vertex 2.622164e+01 -8.006716e+00 1.121467e+01
      vertex 2.254401e+01 -6.883760e+00 9.331341e+00
      vertex 2.698376e+01 -4.849285e+00 1.121467e+01
    endloop
  endfacet
  facet normal 4.059055e-01 -1.408677e-01 -9.022364e-01
    outer loop
      vertex 2.157194e+01 -9.501730e+00 9.331341e+00
      vertex 2.254401e+01 -6.883760e+00 9.331341e+00
      vertex 2.622164e+01 -8.006716e+00 1.121467e+01
    endloop
  endfacet
  facet normal 3.647545e-01 -1.429354e-01 -9.192855e-01
    outer loop
      vertex 2.157194e+01 -9.501730e+00 9.331341e+00
      vertex 1.794792e+01 -7.905471e+00 7.689560e+00
      vertex 2.254401e+01 -6.883760e+00 9.331341e+00
    endloop
  endfacet
  facet normal 3.516224e-01 -1.727682e-01 -9.192839e-01
    outer loop
      vertex 2.029594e+01 -1.198575e+01 9.331341e+00
      vertex 1.794792e+01 -7.905471e+00 7.689560e+00
      vertex 2.157194e+01 -9.501730e+00 9.331341e+00
    endloop
  endfacet
  facet normal 3.269581e-01 -1.770501e-01 -9.275737e-01
    outer loop
      vertex 2.029594e+01 -1.198575e+01 9.331341e+00
      vertex 1.688629e+01 -9.972184e+00 7.689560e+00
      vertex 1.794792e+01 -7.905471e+00 7.689560e+00
    endloop
  endfacet
  facet normal 3.128807e-01 -2.008945e-01 -9.275729e-01
    outer loop
      vertex 1.558872e+01 -1.189951e+01 7.689560e+00
      vertex 1.688629e+01 -9.972184e+00 7.689560e+00
      vertex 2.029594e+01 -1.198575e+01 9.331341e+00
    endloop
  endfacet
  facet normal 2.763429e-01 -1.933756e-01 -9.409601e-01
    outer loop
      vertex 1.558872e+01 -1.189951e+01 7.689560e+00
      vertex 1.344260e+01 -1.026129e+01 6.743126e+00
      vertex 1.688629e+01 -9.972184e+00 7.689560e+00
    endloop
  endfacet
  facet normal 2.490519e-01 -2.053165e-01 -9.460562e-01
    outer loop
      vertex 1.213507e+01 -1.177946e+01 6.743126e+00
      vertex 1.344260e+01 -1.026129e+01 6.743126e+00
      vertex 1.558872e+01 -1.189951e+01 7.689560e+00
    endloop
  endfacet
  facet normal 2.183731e-01 -1.949742e-01 -9.557707e-01
    outer loop
      vertex 1.213507e+01 -1.177946e+01 6.743126e+00
      vertex 1.016621e+01 -9.868292e+00 5.924985e+00
      vertex 1.344260e+01 -1.026129e+01 6.743126e+00
    endloop
  endfacet
  facet normal 2.013930e-01 -2.124719e-01 -9.557713e-01
    outer loop
      vertex 1.065667e+01 -1.313183e+01 6.743126e+00
      vertex 1.016621e+01 -9.868292e+00 5.924985e+00
      vertex 1.213507e+01 -1.177946e+01 6.743126e+00
    endloop
  endfacet
  facet normal 1.826373e-01 -2.086573e-01 -9.603902e-01
    outer loop
      vertex 1.065667e+01 -1.313183e+01 6.743126e+00
      vertex 8.927667e+00 -1.100125e+01 5.924985e+00
      vertex 1.016621e+01 -9.868292e+00 5.924985e+00
    endloop
  endfacet
  facet normal 1.665900e-01 -2.216789e-01 -9.603903e-01
    outer loop
      vertex 7.563999e+00 -1.198003e+01 5.924985e+00
      vertex 8.927667e+00 -1.100125e+01 5.924985e+00
      vertex 1.065667e+01 -1.313183e+01 6.743126e+00
    endloop
  endfacet
  facet normal 5.323581e-01 -1.167742e-01 -8.373534e-01
    outer loop
      vertex 3.094896e+01 -9.450191e+00 1.405446e+01
      vertex 3.184847e+01 -5.723528e+00 1.405446e+01
      vertex 3.650700e+01 -6.560718e+00 1.721593e+01
    endloop
  endfacet
  facet normal 4.903763e-01 -1.278266e-01 -8.609512e-01
    outer loop
      vertex 3.094896e+01 -9.450191e+00 1.405446e+01
      vertex 2.622164e+01 -8.006716e+00 1.121467e+01
      vertex 3.184847e+01 -5.723528e+00 1.405446e+01
    endloop
  endfacet
  facet normal 4.592241e-01 -1.593519e-01 -8.728383e-01
    outer loop
      vertex 2.509099e+01 -1.105176e+01 1.121467e+01
      vertex 2.622164e+01 -8.006716e+00 1.121467e+01
      vertex 3.094896e+01 -9.450191e+00 1.405446e+01
    endloop
  endfacet
  facet normal 4.165752e-01 -1.634545e-01 -8.934801e-01
    outer loop
      vertex 2.509099e+01 -1.105176e+01 1.121467e+01
      vertex 2.157194e+01 -9.501730e+00 9.331341e+00
      vertex 2.622164e+01 -8.006716e+00 1.121467e+01
    endloop
  endfacet
  facet normal 4.017331e-01 -1.971715e-01 -8.934780e-01
    outer loop
      vertex 2.360684e+01 -1.394100e+01 1.121467e+01
      vertex 2.157194e+01 -9.501730e+00 9.331341e+00
      vertex 2.509099e+01 -1.105176e+01 1.121467e+01
    endloop
  endfacet
  facet normal 3.779312e-01 -2.044175e-01 -9.022327e-01
    outer loop
      vertex 2.360684e+01 -1.394100e+01 1.121467e+01
      vertex 2.029594e+01 -1.198575e+01 9.331341e+00
      vertex 2.157194e+01 -9.501730e+00 9.331341e+00
    endloop
  endfacet
  facet normal 3.614536e-01 -2.323269e-01 -9.022315e-01
    outer loop
      vertex 1.873637e+01 -1.430224e+01 9.331341e+00
      vertex 2.029594e+01 -1.198575e+01 9.331341e+00
      vertex 2.360684e+01 -1.394100e+01 1.121467e+01
    endloop
  endfacet
  facet normal 3.210673e-01 -2.245220e-01 -9.192818e-01
    outer loop
      vertex 1.873637e+01 -1.430224e+01 9.331341e+00
      vertex 1.558872e+01 -1.189951e+01 7.689560e+00
      vertex 2.029594e+01 -1.198575e+01 9.331341e+00
    endloop
  endfacet
  facet normal 2.869692e-01 -2.364070e-01 -9.275758e-01
    outer loop
      vertex 1.407244e+01 -1.366005e+01 7.689560e+00
      vertex 1.558872e+01 -1.189951e+01 7.689560e+00
      vertex 1.873637e+01 -1.430224e+01 9.331341e+00
    endloop
  endfacet
  facet normal 2.514916e-01 -2.247205e-01 -9.409630e-01
    outer loop
      vertex 1.407244e+01 -1.366005e+01 7.689560e+00
      vertex 1.213507e+01 -1.177946e+01 6.743126e+00
      vertex 1.558872e+01 -1.189951e+01 7.689560e+00
    endloop
  endfacet
  facet normal 2.321122e-01 -2.446907e-01 -9.409638e-01
    outer loop
      vertex 1.235801e+01 -1.522833e+01 7.689560e+00
      vertex 1.213507e+01 -1.177946e+01 6.743126e+00
      vertex 1.407244e+01 -1.366005e+01 7.689560e+00
    endloop
  endfacet
  facet normal 2.126925e-01 -2.427845e-01 -9.460576e-01
    outer loop
      vertex 1.235801e+01 -1.522833e+01 7.689560e+00
      vertex 1.065667e+01 -1.313183e+01 6.743126e+00
      vertex 1.213507e+01 -1.177946e+01 6.743126e+00
    endloop
  endfacet
  facet normal 1.937989e-01 -2.581157e-01 -9.460576e-01
    outer loop
      vertex 9.028899e+00 -1.430018e+01 6.743126e+00
      vertex 1.065667e+01 -1.313183e+01 6.743126e+00
      vertex 1.235801e+01 -1.522833e+01 7.689560e+00
    endloop
  endfacet
  facet normal 1.664521e-01 -2.408247e-01 -9.557713e-01
    outer loop
      vertex 9.028899e+00 -1.430018e+01 6.743126e+00
      vertex 7.563999e+00 -1.198003e+01 5.924985e+00
      vertex 1.065667e+01 -1.313183e+01 6.743126e+00
    endloop
  endfacet
  facet normal 1.458445e-01 -2.538346e-01 -9.557708e-01
    outer loop
      vertex 7.274043e+00 -1.526719e+01 6.743126e+00
      vertex 7.563999e+00 -1.198003e+01 5.924985e+00
      vertex 9.028899e+00 -1.430018e+01 6.743126e+00
    endloop
  endfacet
  facet normal 1.284793e-01 -2.457388e-01 -9.603892e-01
    outer loop
      vertex 7.274043e+00 -1.526719e+01 6.743126e+00
      vertex 6.093861e+00 -1.279016e+01 5.924985e+00
      vertex 7.563999e+00 -1.198003e+01 5.924985e+00
    endloop
  endfacet
  facet normal 1.098372e-01 -2.546267e-01 -9.603887e-01
    outer loop
      vertex 4.538403e+00 -1.342112e+01 5.924985e+00
      vertex 6.093861e+00 -1.279016e+01 5.924985e+00
      vertex 7.274043e+00 -1.526719e+01 6.743126e+00
    endloop
  endfacet
  facet normal 2.017870e-01 -5.250770e-01 -8.256447e-01
    outer loop
      vertex 1.188203e+01 -3.513795e+01 1.721593e+01
      vertex 1.036581e+01 -3.065413e+01 1.405446e+01
      vertex 1.595439e+01 -3.348602e+01 1.721593e+01
    endloop
  endfacet
  facet normal 5.442713e-01 -1.420967e-01 -8.256445e-01
    outer loop
      vertex 3.547591e+01 -1.083248e+01 1.721593e+01
      vertex 3.094896e+01 -9.450191e+00 1.405446e+01
      vertex 3.650700e+01 -6.560718e+00 1.721593e+01
    endloop
  endfacet
  facet normal 5.147979e-01 -1.788748e-01 -8.373592e-01
    outer loop
      vertex 2.961447e+01 -1.304420e+01 1.405446e+01
      vertex 3.094896e+01 -9.450191e+00 1.405446e+01
      vertex 3.547591e+01 -1.083248e+01 1.721593e+01
    endloop
  endfacet
  facet normal 4.717324e-01 -1.850777e-01 -8.609551e-01
    outer loop
      vertex 2.961447e+01 -1.304420e+01 1.405446e+01
      vertex 2.509099e+01 -1.105176e+01 1.121467e+01
      vertex 3.094896e+01 -9.450191e+00 1.405446e+01
    endloop
  endfacet
  facet normal 4.549106e-01 -2.232909e-01 -8.609526e-01
    outer loop
      vertex 2.786275e+01 -1.645432e+01 1.405446e+01
      vertex 2.509099e+01 -1.105176e+01 1.121467e+01
      vertex 2.961447e+01 -1.304420e+01 1.405446e+01
    endloop
  endfacet
  facet normal 4.275602e-01 -2.312821e-01 -8.728338e-01
    outer loop
      vertex 2.786275e+01 -1.645432e+01 1.405446e+01
      vertex 2.360684e+01 -1.394100e+01 1.121467e+01
      vertex 2.509099e+01 -1.105176e+01 1.121467e+01
    endloop
  endfacet
  facet normal 4.089371e-01 -2.628253e-01 -8.728323e-01
    outer loop
      vertex 2.179285e+01 -1.663538e+01 1.121467e+01
      vertex 2.360684e+01 -1.394100e+01 1.121467e+01
      vertex 2.786275e+01 -1.645432e+01 1.405446e+01
    endloop
  endfacet
  facet normal 3.666323e-01 -2.566241e-01 -8.934754e-01
    outer loop
      vertex 2.179285e+01 -1.663538e+01 1.121467e+01
      vertex 1.873637e+01 -1.430224e+01 9.331341e+00
      vertex 2.360684e+01 -1.394100e+01 1.121467e+01
    endloop
  endfacet
  facet normal 3.314897e-01 -2.733526e-01 -9.022354e-01
    outer loop
      vertex 1.691392e+01 -1.641827e+01 9.331341e+00
      vertex 1.873637e+01 -1.430224e+01 9.331341e+00
      vertex 2.179285e+01 -1.663538e+01 1.121467e+01
    endloop
  endfacet
  facet normal 2.922128e-01 -2.609404e-01 -9.192856e-01
    outer loop
      vertex 1.691392e+01 -1.641827e+01 9.331341e+00
      vertex 1.407244e+01 -1.366005e+01 7.689560e+00
      vertex 1.873637e+01 -1.430224e+01 9.331341e+00
    endloop
  endfacet
  facet normal 2.695297e-01 -2.843154e-01 -9.192867e-01
    outer loop
      vertex 1.485331e+01 -1.830321e+01 9.331341e+00
      vertex 1.407244e+01 -1.366005e+01 7.689560e+00
      vertex 1.691392e+01 -1.641827e+01 9.331341e+00
    endloop
  endfacet
  facet normal 2.449067e-01 -2.797523e-01 -9.275777e-01
    outer loop
      vertex 1.485331e+01 -1.830321e+01 9.331341e+00
      vertex 1.235801e+01 -1.522833e+01 7.689560e+00
      vertex 1.407244e+01 -1.366005e+01 7.689560e+00
    endloop
  endfacet
  facet normal 2.233433e-01 -2.972498e-01 -9.275778e-01
    outer loop
      vertex 1.047037e+01 -1.658321e+01 7.689560e+00
      vertex 1.235801e+01 -1.522833e+01 7.689560e+00
      vertex 1.485331e+01 -1.830321e+01 9.331341e+00
    endloop
  endfacet
  facet normal 1.916552e-01 -2.775195e-01 -9.409639e-01
    outer loop
      vertex 1.047037e+01 -1.658321e+01 7.689560e+00
      vertex 9.028899e+00 -1.430018e+01 6.743126e+00
      vertex 1.235801e+01 -1.522833e+01 7.689560e+00
    endloop
  endfacet
  facet normal 1.681357e-01 -2.923677e-01 -9.409632e-01
    outer loop
      vertex 8.435347e+00 -1.770461e+01 7.689560e+00
      vertex 9.028899e+00 -1.430018e+01 6.743126e+00
      vertex 1.047037e+01 -1.658321e+01 7.689560e+00
    endloop
  endfacet
  facet normal 1.496718e-01 -2.859738e-01 -9.460564e-01
    outer loop
      vertex 8.435347e+00 -1.770461e+01 7.689560e+00
      vertex 7.274043e+00 -1.526719e+01 6.743126e+00
      vertex 9.028899e+00 -1.430018e+01 6.743126e+00
    endloop
  endfacet
  facet normal 1.277231e-01 -2.964380e-01 -9.460554e-01
    outer loop
      vertex 5.417345e+00 -1.602036e+01 6.743126e+00
      vertex 7.274043e+00 -1.526719e+01 6.743126e+00
      vertex 8.435347e+00 -1.770461e+01 7.689560e+00
    endloop
  endfacet
  facet normal 1.052536e-01 -2.731867e-01 -9.557692e-01
    outer loop
      vertex 5.417345e+00 -1.602036e+01 6.743126e+00
      vertex 4.538403e+00 -1.342112e+01 5.924985e+00
      vertex 7.274043e+00 -1.526719e+01 6.743126e+00
    endloop
  endfacet
  facet normal 7.901477e-02 -2.658020e-01 -9.603893e-01
    outer loop
      vertex 2.919306e+00 -1.386409e+01 5.924985e+00
      vertex 4.538403e+00 -1.342112e+01 5.924985e+00
      vertex 5.417345e+00 -1.602036e+01 6.743126e+00
    endloop
  endfacet
  facet normal 1.382319e-01 -5.452450e-01 -8.256497e-01
    outer loop
      vertex 6.667756e+00 -3.166586e+01 1.405446e+01
      vertex 1.188203e+01 -3.513795e+01 1.721593e+01
      vertex 7.643059e+00 -3.629768e+01 1.721593e+01
    endloop
  endfacet
  facet normal 1.548038e-01 -5.225477e-01 -8.373583e-01
    outer loop
      vertex 6.667756e+00 -3.166586e+01 1.405446e+01
      vertex 1.036581e+01 -3.065413e+01 1.405446e+01
      vertex 1.188203e+01 -3.513795e+01 1.721593e+01
    endloop
  endfacet
  facet normal 1.247196e-01 -4.911564e-01 -8.609557e-01
    outer loop
      vertex 5.649285e+00 -2.682904e+01 1.121467e+01
      vertex 1.036581e+01 -3.065413e+01 1.405446e+01
      vertex 6.667756e+00 -3.166586e+01 1.405446e+01
    endloop
  endfacet
  facet normal 9.320865e-02 -5.547194e-01 -8.256454e-01
    outer loop
      vertex 3.296171e+00 -3.694411e+01 1.721593e+01
      vertex 6.667756e+00 -3.166586e+01 1.405446e+01
      vertex 7.643059e+00 -3.629768e+01 1.721593e+01
    endloop
  endfacet
  facet normal 6.883944e-02 -5.406380e-01 -8.373504e-01
    outer loop
      vertex 2.875559e+00 -3.222980e+01 1.405446e+01
      vertex 6.667756e+00 -3.166586e+01 1.405446e+01
      vertex 3.296171e+00 -3.694411e+01 1.721593e+01
    endloop
  endfacet
  facet normal 8.377846e-02 -4.997723e-01 -8.609521e-01
    outer loop
      vertex 2.875559e+00 -3.222980e+01 1.405446e+01
      vertex 5.649285e+00 -2.682904e+01 1.121467e+01
      vertex 6.667756e+00 -3.166586e+01 1.405446e+01
    endloop
  endfacet
  facet normal 6.119994e-02 -4.822319e-01 -8.728310e-01
    outer loop
      vertex 2.436330e+00 -2.730684e+01 1.121467e+01
      vertex 5.649285e+00 -2.682904e+01 1.121467e+01
      vertex 2.875559e+00 -3.222980e+01 1.405446e+01
    endloop
  endfacet
  facet normal 4.607340e-01 -3.227275e-01 -8.256422e-01
    outer loop
      vertex 2.948409e+01 -2.250641e+01 1.721593e+01
      vertex 2.572173e+01 -1.963445e+01 1.405446e+01
      vertex 3.193828e+01 -1.886112e+01 1.721593e+01
    endloop
  endfacet
  facet normal 4.203432e-01 -3.468874e-01 -8.373578e-01
    outer loop
      vertex 2.321984e+01 -2.253939e+01 1.405446e+01
      vertex 2.572173e+01 -1.963445e+01 1.405446e+01
      vertex 2.948409e+01 -2.250641e+01 1.721593e+01
    endloop
  endfacet
  facet normal 3.778385e-01 -3.376779e-01 -8.609554e-01
    outer loop
      vertex 2.321984e+01 -2.253939e+01 1.405446e+01
      vertex 1.967311e+01 -1.909660e+01 1.121467e+01
      vertex 2.572173e+01 -1.963445e+01 1.405446e+01
    endloop
  endfacet
  facet normal 3.487833e-01 -3.676197e-01 -8.609570e-01
    outer loop
      vertex 2.039098e+01 -2.512708e+01 1.405446e+01
      vertex 1.967311e+01 -1.909660e+01 1.121467e+01
      vertex 2.321984e+01 -2.253939e+01 1.405446e+01
    endloop
  endfacet
  facet normal 3.203485e-01 -3.656012e-01 -8.728401e-01
    outer loop
      vertex 2.039098e+01 -2.512708e+01 1.405446e+01
      vertex 1.727635e+01 -2.128903e+01 1.121467e+01
      vertex 1.967311e+01 -1.909660e+01 1.121467e+01
    endloop
  endfacet
  facet normal 2.918226e-01 -3.887484e-01 -8.728402e-01
    outer loop
      vertex 1.463745e+01 -2.318313e+01 1.121467e+01
      vertex 1.727635e+01 -2.128903e+01 1.121467e+01
      vertex 2.039098e+01 -2.512708e+01 1.405446e+01
    endloop
  endfacet
  facet normal 2.542520e-01 -3.682574e-01 -8.934817e-01
    outer loop
      vertex 1.463745e+01 -2.318313e+01 1.121467e+01
      vertex 1.258452e+01 -1.993166e+01 9.331341e+00
      vertex 1.727635e+01 -2.128903e+01 1.121467e+01
    endloop
  endfacet
  facet normal 2.231382e-01 -3.878996e-01 -8.934805e-01
    outer loop
      vertex 1.179252e+01 -2.475083e+01 1.121467e+01
      vertex 1.258452e+01 -1.993166e+01 9.331341e+00
      vertex 1.463745e+01 -2.318313e+01 1.121467e+01
    endloop
  endfacet
  facet normal 1.992874e-01 -3.806485e-01 -9.022357e-01
    outer loop
      vertex 1.179252e+01 -2.475083e+01 1.121467e+01
      vertex 1.013860e+01 -2.127949e+01 9.331341e+00
      vertex 1.258452e+01 -1.993166e+01 9.331341e+00
    endloop
  endfacet
  facet normal 1.699664e-01 -3.946272e-01 -9.022343e-01
    outer loop
      vertex 7.550721e+00 -2.232925e+01 9.331341e+00
      vertex 1.013860e+01 -2.127949e+01 9.331341e+00
      vertex 1.179252e+01 -2.475083e+01 1.121467e+01
    endloop
  endfacet
  facet normal 1.408262e-01 -3.655946e-01 -9.192832e-01
    outer loop
      vertex 7.550721e+00 -2.232925e+01 9.331341e+00
      vertex 6.282225e+00 -1.857801e+01 7.689560e+00
      vertex 1.013860e+01 -2.127949e+01 9.331341e+00
    endloop
  endfacet
  facet normal 1.059156e-01 -3.564013e-01 -9.275761e-01
    outer loop
      vertex 4.041010e+00 -1.919118e+01 7.689560e+00
      vertex 6.282225e+00 -1.857801e+01 7.689560e+00
      vertex 7.550721e+00 -2.232925e+01 9.331341e+00
    endloop
  endfacet
  facet normal 8.303639e-02 -3.268835e-01 -9.409632e-01
    outer loop
      vertex 4.041010e+00 -1.919118e+01 7.689560e+00
      vertex 3.484680e+00 -1.654911e+01 6.743126e+00
      vertex 6.282225e+00 -1.857801e+01 7.689560e+00
    endloop
  endfacet
  facet normal 5.572968e-02 -3.326309e-01 -9.409614e-01
    outer loop
      vertex 1.742740e+00 -1.953296e+01 7.689560e+00
      vertex 3.484680e+00 -1.654911e+01 6.743126e+00
      vertex 4.041010e+00 -1.919118e+01 7.689560e+00
    endloop
  endfacet
  facet normal 4.060693e-02 -3.202145e-01 -9.460533e-01
    outer loop
      vertex 1.742740e+00 -1.953296e+01 7.689560e+00
      vertex 1.502815e+00 -1.684383e+01 6.743126e+00
      vertex 3.484680e+00 -1.654911e+01 6.743126e+00
    endloop
  endfacet
  facet normal 1.595041e-02 -3.369234e-01 -9.409544e-01
    outer loop
      vertex -5.796841e-01 -1.960103e+01 7.689560e+00
      vertex 1.502815e+00 -1.684383e+01 6.743126e+00
      vertex 1.742740e+00 -1.953296e+01 7.689560e+00
    endloop
  endfacet
  facet normal 2.569494e-03 -3.227979e-01 -9.460476e-01
    outer loop
      vertex -5.796841e-01 -1.960103e+01 7.689560e+00
      vertex -4.998784e-01 -1.690253e+01 6.743126e+00
      vertex 1.502815e+00 -1.684383e+01 6.743126e+00
    endloop
  endfacet
  facet normal -2.160113e-02 -3.220821e-01 -9.460481e-01
    outer loop
      vertex -2.495655e+00 -1.672582e+01 6.743126e+00
      vertex -4.998784e-01 -1.690253e+01 6.743126e+00
      vertex -5.796841e-01 -1.960103e+01 7.689560e+00
    endloop
  endfacet
  facet normal -3.096773e-02 -2.911350e-01 -9.557648e-01
    outer loop
      vertex -2.495655e+00 -1.672582e+01 6.743126e+00
      vertex -2.090745e+00 -1.401213e+01 5.924985e+00
      vertex -4.998784e-01 -1.690253e+01 6.743126e+00
    endloop
  endfacet
  facet normal -5.097221e-02 -2.725746e-01 -9.603876e-01
    outer loop
      vertex -3.733579e+00 -1.366732e+01 5.924985e+00
      vertex -2.090745e+00 -1.401213e+01 5.924985e+00
      vertex -2.495655e+00 -1.672582e+01 6.743126e+00
    endloop
  endfacet
  facet normal 4.192633e-01 -3.749891e-01 -8.256493e-01
    outer loop
      vertex 2.661624e+01 -2.583626e+01 1.721593e+01
      vertex 2.321984e+01 -2.253939e+01 1.405446e+01
      vertex 2.948409e+01 -2.250641e+01 1.721593e+01
    endloop
  endfacet
  facet normal 3.873113e-01 -4.079165e-01 -8.256512e-01
    outer loop
      vertex 2.337360e+01 -2.880246e+01 1.721593e+01
      vertex 2.321984e+01 -2.253939e+01 1.405446e+01
      vertex 2.661624e+01 -2.583626e+01 1.721593e+01
    endloop
  endfacet
  facet normal 3.593361e-01 -4.097566e-01 -8.373613e-01
    outer loop
      vertex 2.337360e+01 -2.880246e+01 1.721593e+01
      vertex 2.039098e+01 -2.512708e+01 1.405446e+01
      vertex 2.321984e+01 -2.253939e+01 1.405446e+01
    endloop
  endfacet
  facet normal 3.270060e-01 -4.359908e-01 -8.373613e-01
    outer loop
      vertex 1.727633e+01 -2.736265e+01 1.405446e+01
      vertex 2.039098e+01 -2.512708e+01 1.405446e+01
      vertex 2.337360e+01 -2.880246e+01 1.721593e+01
    endloop
  endfacet
  facet normal 2.879273e-01 -4.170012e-01 -8.609571e-01
    outer loop
      vertex 1.727633e+01 -2.736265e+01 1.405446e+01
      vertex 1.463745e+01 -2.318313e+01 1.121467e+01
      vertex 2.039098e+01 -2.512708e+01 1.405446e+01
    endloop
  endfacet
  facet normal 2.526642e-01 -4.392628e-01 -8.609557e-01
    outer loop
      vertex 1.391851e+01 -2.921299e+01 1.405446e+01
      vertex 1.463745e+01 -2.318313e+01 1.121467e+01
      vertex 1.727633e+01 -2.736265e+01 1.405446e+01
    endloop
  endfacet
  facet normal 2.254457e-01 -4.306522e-01 -8.728375e-01
    outer loop
      vertex 1.391851e+01 -2.921299e+01 1.405446e+01
      vertex 1.179252e+01 -2.475083e+01 1.121467e+01
      vertex 1.463745e+01 -2.318313e+01 1.121467e+01
    endloop
  endfacet
  facet normal 1.923071e-01 -4.464507e-01 -8.728356e-01
    outer loop
      vertex 8.782477e+00 -2.597184e+01 1.121467e+01
      vertex 1.179252e+01 -2.475083e+01 1.121467e+01
      vertex 1.391851e+01 -2.921299e+01 1.405446e+01
    endloop
  endfacet
  facet normal 1.606786e-01 -4.176768e-01 -8.934771e-01
    outer loop
      vertex 8.782477e+00 -2.597184e+01 1.121467e+01
      vertex 7.550721e+00 -2.232925e+01 9.331341e+00
      vertex 1.179252e+01 -2.475083e+01 1.121467e+01
    endloop
  endfacet
  facet normal 1.221972e-01 -4.119169e-01 -9.022358e-01
    outer loop
      vertex 4.856964e+00 -2.306623e+01 9.331341e+00
      vertex 7.550721e+00 -2.232925e+01 9.331341e+00
      vertex 8.782477e+00 -2.597184e+01 1.121467e+01
    endloop
  endfacet
  facet normal 9.657449e-02 -3.796740e-01 -9.192858e-01
    outer loop
      vertex 4.856964e+00 -2.306623e+01 9.331341e+00
      vertex 4.041010e+00 -1.919118e+01 7.689560e+00
      vertex 7.550721e+00 -2.232925e+01 9.331341e+00
    endloop
  endfacet
  facet normal 6.461233e-02 -3.864010e-01 -9.192834e-01
    outer loop
      vertex 2.094631e+00 -2.347701e+01 9.331341e+00
      vertex 4.041010e+00 -1.919118e+01 7.689560e+00
      vertex 4.856964e+00 -2.306623e+01 9.331341e+00
    endloop
  endfacet
  facet normal 4.664675e-02 -3.688757e-01 -9.275720e-01
    outer loop
      vertex 2.094631e+00 -2.347701e+01 9.331341e+00
      vertex 1.742740e+00 -1.953296e+01 7.689560e+00
      vertex 4.041010e+00 -1.919118e+01 7.689560e+00
    endloop
  endfacet
  facet normal 1.840513e-02 -3.913714e-01 -9.192742e-01
    outer loop
      vertex -6.967329e-01 -2.355883e+01 9.331341e+00
      vertex 1.742740e+00 -1.953296e+01 7.689560e+00
      vertex 2.094631e+00 -2.347701e+01 9.331341e+00
    endloop
  endfacet
  facet normal 2.831537e-03 -3.718355e-01 -9.275648e-01
    outer loop
      vertex -6.967329e-01 -2.355883e+01 9.331341e+00
      vertex -5.796841e-01 -1.960103e+01 7.689560e+00
      vertex 1.742740e+00 -1.953296e+01 7.689560e+00
    endloop
  endfacet
  facet normal -2.475444e-02 -3.710186e-01 -9.275653e-01
    outer loop
      vertex -2.894087e+00 -1.939610e+01 7.689560e+00
      vertex -5.796841e-01 -1.960103e+01 7.689560e+00
      vertex -6.967329e-01 -2.355883e+01 9.331341e+00
    endloop
  endfacet
  facet normal -3.580619e-02 -3.353908e-01 -9.409553e-01
    outer loop
      vertex -2.894087e+00 -1.939610e+01 7.689560e+00
      vertex -2.495655e+00 -1.672582e+01 6.743126e+00
      vertex -5.796841e-01 -1.960103e+01 7.689560e+00
    endloop
  endfacet
  facet normal -5.946824e-02 -3.172489e-01 -9.460542e-01
    outer loop
      vertex -4.456652e+00 -1.631423e+01 6.743126e+00
      vertex -2.495655e+00 -1.672582e+01 6.743126e+00
      vertex -2.894087e+00 -1.939610e+01 7.689560e+00
    endloop
  endfacet
  facet normal -6.526765e-02 -2.853798e-01 -9.557698e-01
    outer loop
      vertex -4.456652e+00 -1.631423e+01 6.743126e+00
      vertex -3.733579e+00 -1.366732e+01 5.924985e+00
      vertex -2.495655e+00 -1.672582e+01 6.743126e+00
    endloop
  endfacet
  facet normal -8.883391e-02 -2.789477e-01 -9.557712e-01
    outer loop
      vertex -6.354863e+00 -1.567239e+01 6.743126e+00
      vertex -3.733579e+00 -1.366732e+01 5.924985e+00
      vertex -4.456652e+00 -1.631423e+01 6.743126e+00
    endloop
  endfacet
  facet normal -9.455452e-02 -2.606792e-01 -9.603901e-01
    outer loop
      vertex -6.354863e+00 -1.567239e+01 6.743126e+00
      vertex -5.323813e+00 -1.312961e+01 5.924985e+00
      vertex -3.733579e+00 -1.366732e+01 5.924985e+00
    endloop
  endfacet
  facet normal -1.137015e-01 -2.529160e-01 -9.603901e-01
    outer loop
      vertex -6.839460e+00 -1.240792e+01 5.924985e+00
      vertex -5.323813e+00 -1.312961e+01 5.924985e+00
      vertex -6.354863e+00 -1.567239e+01 6.743126e+00
    endloop
  endfacet
  facet normal -3.257700e-02 -4.850440e-01 -8.728202e-01
    outer loop
      vertex -4.045900e+00 -2.711553e+01 1.121467e+01
      vertex -8.103916e-01 -2.740201e+01 1.121467e+01
      vertex -9.564915e-01 -3.234212e+01 1.405446e+01
    endloop
  endfacet
  facet normal -4.756355e-02 -4.450036e-01 -8.934674e-01
    outer loop
      vertex -4.045900e+00 -2.711553e+01 1.121467e+01
      vertex -3.478456e+00 -2.331253e+01 9.331341e+00
      vertex -8.103916e-01 -2.740201e+01 1.121467e+01
    endloop
  endfacet
  facet normal -7.921830e-02 -4.222957e-01 -9.022321e-01
    outer loop
      vertex -6.211703e+00 -2.273886e+01 9.331341e+00
      vertex -3.478456e+00 -2.331253e+01 9.331341e+00
      vertex -4.045900e+00 -2.711553e+01 1.121467e+01
    endloop
  endfacet
  facet normal -8.737069e-02 -3.818952e-01 -9.192842e-01
    outer loop
      vertex -6.211703e+00 -2.273886e+01 9.331341e+00
      vertex -5.168158e+00 -1.891880e+01 7.689560e+00
      vertex -3.478456e+00 -2.331253e+01 9.331341e+00
    endloop
  endfacet
  facet normal -1.188525e-01 -3.733031e-01 -9.192867e-01
    outer loop
      vertex -8.857438e+00 -2.184425e+01 9.331341e+00
      vertex -5.168158e+00 -1.891880e+01 7.689560e+00
      vertex -6.211703e+00 -2.273886e+01 9.331341e+00
    endloop
  endfacet
  facet normal -1.267524e-01 -3.495345e-01 -9.275775e-01
    outer loop
      vertex -8.857438e+00 -2.184425e+01 9.331341e+00
      vertex -7.369419e+00 -1.817449e+01 7.689560e+00
      vertex -5.168158e+00 -1.891880e+01 7.689560e+00
    endloop
  endfacet
  facet normal -1.524808e-01 -3.391027e-01 -9.275775e-01
    outer loop
      vertex -9.467433e+00 -1.717551e+01 7.689560e+00
      vertex -7.369419e+00 -1.817449e+01 7.689560e+00
      vertex -8.857438e+00 -2.184425e+01 9.331341e+00
    endloop
  endfacet
  facet normal -1.504888e-01 -3.018328e-01 -9.409637e-01
    outer loop
      vertex -9.467433e+00 -1.717551e+01 7.689560e+00
      vertex -8.164041e+00 -1.481094e+01 6.743126e+00
      vertex -7.369419e+00 -1.817449e+01 7.689560e+00
    endloop
  endfacet
  facet normal -1.748388e-01 -2.884075e-01 -9.409636e-01
    outer loop
      vertex -1.143227e+01 -1.593489e+01 7.689560e+00
      vertex -8.164041e+00 -1.481094e+01 6.743126e+00
      vertex -9.467433e+00 -1.717551e+01 7.689560e+00
    endloop
  endfacet
  facet normal -1.781591e-01 -2.691474e-01 -9.460571e-01
    outer loop
      vertex -1.143227e+01 -1.593489e+01 7.689560e+00
      vertex -9.858374e+00 -1.374112e+01 6.743126e+00
      vertex -8.164041e+00 -1.481094e+01 6.743126e+00
    endloop
  endfacet
  facet normal -2.077459e-01 -2.656986e-01 -9.409623e-01
    outer loop
      vertex -1.323677e+01 -1.447084e+01 7.689560e+00
      vertex -9.858374e+00 -1.374112e+01 6.743126e+00
      vertex -1.143227e+01 -1.593489e+01 7.689560e+00
    endloop
  endfacet
  facet normal -2.087028e-01 -2.462296e-01 -9.460566e-01
    outer loop
      vertex -1.323677e+01 -1.447084e+01 7.689560e+00
      vertex -1.141445e+01 -1.247863e+01 6.743126e+00
      vertex -9.858374e+00 -1.374112e+01 6.743126e+00
    endloop
  endfacet
  facet normal -2.266593e-01 -2.297959e-01 -9.460571e-01
    outer loop
      vertex -1.281049e+01 -1.104112e+01 6.743126e+00
      vertex -1.141445e+01 -1.247863e+01 6.743126e+00
      vertex -1.323677e+01 -1.447084e+01 7.689560e+00
    endloop
  endfacet
  facet normal -2.136227e-01 -2.001673e-01 -9.557710e-01
    outer loop
      vertex -1.281049e+01 -1.104112e+01 6.743126e+00
      vertex -1.073204e+01 -9.249742e+00 5.924985e+00
      vertex -1.141445e+01 -1.247863e+01 6.743126e+00
    endloop
  endfacet
  facet normal -2.295448e-01 -1.816966e-01 -9.557704e-01
    outer loop
      vertex -1.402599e+01 -9.448038e+00 6.743126e+00
      vertex -1.073204e+01 -9.249742e+00 5.924985e+00
      vertex -1.281049e+01 -1.104112e+01 6.743126e+00
    endloop
  endfacet
  facet normal -2.240863e-01 -1.633454e-01 -9.603887e-01
    outer loop
      vertex -1.402599e+01 -9.448038e+00 6.743126e+00
      vertex -1.175033e+01 -7.915134e+00 5.924985e+00
      vertex -1.073204e+01 -9.249742e+00 5.924985e+00
    endloop
  endfacet
  facet normal -2.356155e-01 -1.462365e-01 -9.603882e-01
    outer loop
      vertex -1.260419e+01 -6.469807e+00 5.924985e+00
      vertex -1.175033e+01 -7.915134e+00 5.924985e+00
      vertex -1.402599e+01 -9.448038e+00 6.743126e+00
    endloop
  endfacet
  facet normal -3.674662e-02 -5.438028e-01 -8.373375e-01
    outer loop
      vertex -4.775307e+00 -3.200400e+01 1.405446e+01
      vertex -9.564915e-01 -3.234212e+01 1.405446e+01
      vertex -1.096399e+00 -3.707286e+01 1.721593e+01
    endloop
  endfacet
  facet normal -5.384272e-02 -5.039176e-01 -8.609396e-01
    outer loop
      vertex -4.775307e+00 -3.200400e+01 1.405446e+01
      vertex -4.045900e+00 -2.711553e+01 1.121467e+01
      vertex -9.564915e-01 -3.234212e+01 1.405446e+01
    endloop
  endfacet
  facet normal -8.960452e-02 -4.777637e-01 -8.728331e-01
    outer loop
      vertex -7.225024e+00 -2.644827e+01 1.121467e+01
      vertex -4.045900e+00 -2.711553e+01 1.121467e+01
      vertex -4.775307e+00 -3.200400e+01 1.405446e+01
    endloop
  endfacet
  facet normal -9.999356e-02 -4.361821e-01 -8.934784e-01
    outer loop
      vertex -7.225024e+00 -2.644827e+01 1.121467e+01
      vertex -6.211703e+00 -2.273886e+01 9.331341e+00
      vertex -4.045900e+00 -2.711553e+01 1.121467e+01
    endloop
  endfacet
  facet normal -1.355743e-01 -4.264717e-01 -8.934814e-01
    outer loop
      vertex -1.030236e+01 -2.540772e+01 1.121467e+01
      vertex -6.211703e+00 -2.273886e+01 9.331341e+00
      vertex -7.225024e+00 -2.644827e+01 1.121467e+01
    endloop
  endfacet
  facet normal -1.462808e-01 -4.039932e-01 -9.022376e-01
    outer loop
      vertex -1.030236e+01 -2.540772e+01 1.121467e+01
      vertex -8.857438e+00 -2.184425e+01 9.331341e+00
      vertex -6.211703e+00 -2.273886e+01 9.331341e+00
    endloop
  endfacet
  facet normal -1.763956e-01 -3.917829e-01 -9.022375e-01
    outer loop
      vertex -1.137908e+01 -2.064355e+01 9.331341e+00
      vertex -8.857438e+00 -2.184425e+01 9.331341e+00
      vertex -1.030236e+01 -2.540772e+01 1.121467e+01
    endloop
  endfacet
  facet normal -1.746957e-01 -3.506611e-01 -9.192865e-01
    outer loop
      vertex -1.137908e+01 -2.064355e+01 9.331341e+00
      vertex -9.467433e+00 -1.717551e+01 7.689560e+00
      vertex -8.857438e+00 -2.184425e+01 9.331341e+00
    endloop
  endfacet
  facet normal -2.031971e-01 -3.349470e-01 -9.192863e-01
    outer loop
      vertex -1.374065e+01 -1.915244e+01 9.331341e+00
      vertex -9.467433e+00 -1.717551e+01 7.689560e+00
      vertex -1.137908e+01 -2.064355e+01 9.331341e+00
    endloop
  endfacet
  facet normal -2.053322e-01 -3.099634e-01 -9.275772e-01
    outer loop
      vertex -1.374065e+01 -1.915244e+01 9.331341e+00
      vertex -1.143227e+01 -1.593489e+01 7.689560e+00
      vertex -9.467433e+00 -1.717551e+01 7.689560e+00
    endloop
  endfacet
  facet normal -2.414126e-01 -3.085569e-01 -9.192848e-01
    outer loop
      vertex -1.590951e+01 -1.739277e+01 9.331341e+00
      vertex -1.143227e+01 -1.593489e+01 7.689560e+00
      vertex -1.374065e+01 -1.915244e+01 9.331341e+00
    endloop
  endfacet
  facet normal -2.405061e-01 -2.835523e-01 -9.275765e-01
    outer loop
      vertex -1.590951e+01 -1.739277e+01 9.331341e+00
      vertex -1.323677e+01 -1.447084e+01 7.689560e+00
      vertex -1.143227e+01 -1.593489e+01 7.689560e+00
    endloop
  endfacet
  facet normal -2.610000e-01 -2.647965e-01 -9.275771e-01
    outer loop
      vertex -1.485569e+01 -1.280383e+01 7.689560e+00
      vertex -1.323677e+01 -1.447084e+01 7.689560e+00
      vertex -1.590951e+01 -1.739277e+01 9.331341e+00
    endloop
  endfacet
  facet normal -2.461965e-01 -2.305091e-01 -9.409635e-01
    outer loop
      vertex -1.485569e+01 -1.280383e+01 7.689560e+00
      vertex -1.281049e+01 -1.104112e+01 6.743126e+00
      vertex -1.323677e+01 -1.447084e+01 7.689560e+00
    endloop
  endfacet
  facet normal -2.643683e-01 -2.094284e-01 -9.409627e-01
    outer loop
      vertex -1.626525e+01 -1.095642e+01 7.689560e+00
      vertex -1.281049e+01 -1.104112e+01 6.743126e+00
      vertex -1.485569e+01 -1.280383e+01 7.689560e+00
    endloop
  endfacet
  facet normal -2.607532e-01 -1.902446e-01 -9.460557e-01
    outer loop
      vertex -1.626525e+01 -1.095642e+01 7.689560e+00
      vertex -1.402599e+01 -9.448038e+00 6.743126e+00
      vertex -1.281049e+01 -1.104112e+01 6.743126e+00
    endloop
  endfacet
  facet normal -2.743272e-01 -1.701010e-01 -9.460549e-01
    outer loop
      vertex -1.504521e+01 -7.722799e+00 6.743126e+00
      vertex -1.402599e+01 -9.448038e+00 6.743126e+00
      vertex -1.626525e+01 -1.095642e+01 7.689560e+00
    endloop
  endfacet
  facet normal -2.546479e-01 -1.444442e-01 -9.557691e-01
    outer loop
      vertex -1.504521e+01 -7.722799e+00 6.743126e+00
      vertex -1.260419e+01 -6.469807e+00 5.924985e+00
      vertex -1.402599e+01 -9.448038e+00 6.743126e+00
    endloop
  endfacet
  facet normal -2.512245e-01 -1.173860e-01 -9.603893e-01
    outer loop
      vertex -1.328131e+01 -4.933682e+00 5.924985e+00
      vertex -1.260419e+01 -6.469807e+00 5.924985e+00
      vertex -1.504521e+01 -7.722799e+00 6.743126e+00
    endloop
  endfacet
  facet normal -5.997850e-02 -5.593321e-01 -8.256307e-01
    outer loop
      vertex -5.473798e+00 -3.668527e+01 1.721593e+01
      vertex -4.775307e+00 -3.200400e+01 1.405446e+01
      vertex -1.096399e+00 -3.707286e+01 1.721593e+01
    endloop
  endfacet
  facet normal -1.006843e-01 -5.356154e-01 -8.373529e-01
    outer loop
      vertex -8.527574e+00 -3.121644e+01 1.405446e+01
      vertex -4.775307e+00 -3.200400e+01 1.405446e+01
      vertex -5.473798e+00 -3.668527e+01 1.721593e+01
    endloop
  endfacet
  facet normal -1.132142e-01 -4.939322e-01 -8.609532e-01
    outer loop
      vertex -8.527574e+00 -3.121644e+01 1.405446e+01
      vertex -7.225024e+00 -2.644827e+01 1.121467e+01
      vertex -4.775307e+00 -3.200400e+01 1.405446e+01
    endloop
  endfacet
  facet normal -1.535401e-01 -4.829273e-01 -8.609568e-01
    outer loop
      vertex -1.215970e+01 -2.998831e+01 1.405446e+01
      vertex -7.225024e+00 -2.644827e+01 1.121467e+01
      vertex -8.527574e+00 -3.121644e+01 1.405446e+01
    endloop
  endfacet
  facet normal -1.655112e-01 -4.570483e-01 -8.728397e-01
    outer loop
      vertex -1.215970e+01 -2.998831e+01 1.405446e+01
      vertex -1.030236e+01 -2.540772e+01 1.121467e+01
      vertex -7.225024e+00 -2.644827e+01 1.121467e+01
    endloop
  endfacet
  facet normal -1.995470e-01 -4.432484e-01 -8.728397e-01
    outer loop
      vertex -1.323536e+01 -2.401116e+01 1.121467e+01
      vertex -1.030236e+01 -2.540772e+01 1.121467e+01
      vertex -1.215970e+01 -2.998831e+01 1.405446e+01
    endloop
  endfacet
  facet normal -1.997249e-01 -4.004615e-01 -8.934813e-01
    outer loop
      vertex -1.323536e+01 -2.401116e+01 1.121467e+01
      vertex -1.137908e+01 -2.064355e+01 9.331341e+00
      vertex -1.030236e+01 -2.540772e+01 1.121467e+01
    endloop
  endfacet
  facet normal -2.319372e-01 -3.827014e-01 -8.934811e-01
    outer loop
      vertex -1.598217e+01 -2.227679e+01 1.121467e+01
      vertex -1.137908e+01 -2.064355e+01 9.331341e+00
      vertex -1.323536e+01 -2.401116e+01 1.121467e+01
    endloop
  endfacet
  facet normal -2.371092e-01 -3.583087e-01 -9.022370e-01
    outer loop
      vertex -1.598217e+01 -2.227679e+01 1.121467e+01
      vertex -1.374065e+01 -1.915244e+01 9.331341e+00
      vertex -1.137908e+01 -2.064355e+01 9.331341e+00
    endloop
  endfacet
  facet normal -2.756037e-01 -3.525750e-01 -8.934792e-01
    outer loop
      vertex -1.850485e+01 -2.023007e+01 1.121467e+01
      vertex -1.374065e+01 -1.915244e+01 9.331341e+00
      vertex -1.598217e+01 -2.227679e+01 1.121467e+01
    endloop
  endfacet
  facet normal -2.777719e-01 -3.278068e-01 -9.022362e-01
    outer loop
      vertex -1.850485e+01 -2.023007e+01 1.121467e+01
      vertex -1.590951e+01 -1.739277e+01 9.331341e+00
      vertex -1.374065e+01 -1.915244e+01 9.331341e+00
    endloop
  endfacet
  facet normal -3.017598e-01 -3.058534e-01 -9.022369e-01
    outer loop
      vertex -1.785533e+01 -1.538916e+01 9.331341e+00
      vertex -1.590951e+01 -1.739277e+01 9.331341e+00
      vertex -1.850485e+01 -2.023007e+01 1.121467e+01
    endloop
  endfacet
  facet normal -2.858945e-01 -2.678477e-01 -9.192863e-01
    outer loop
      vertex -1.785533e+01 -1.538916e+01 9.331341e+00
      vertex -1.485569e+01 -1.280383e+01 7.689560e+00
      vertex -1.590951e+01 -1.739277e+01 9.331341e+00
    endloop
  endfacet
  facet normal -3.071643e-01 -2.431729e-01 -9.192852e-01
    outer loop
      vertex -1.954950e+01 -1.316872e+01 9.331341e+00
      vertex -1.485569e+01 -1.280383e+01 7.689560e+00
      vertex -1.785533e+01 -1.538916e+01 9.331341e+00
    endloop
  endfacet
  facet normal -3.004416e-01 -2.190411e-01 -9.275752e-01
    outer loop
      vertex -1.954950e+01 -1.316872e+01 9.331341e+00
      vertex -1.626525e+01 -1.095642e+01 7.689560e+00
      vertex -1.485569e+01 -1.280383e+01 7.689560e+00
    endloop
  endfacet
  facet normal -3.159336e-01 -1.960511e-01 -9.275742e-01
    outer loop
      vertex -1.744719e+01 -8.955746e+00 7.689560e+00
      vertex -1.626525e+01 -1.095642e+01 7.689560e+00
      vertex -1.954950e+01 -1.316872e+01 9.331341e+00
    endloop
  endfacet
  facet normal -2.934343e-01 -1.662950e-01 -9.409609e-01
    outer loop
      vertex -1.744719e+01 -8.955746e+00 7.689560e+00
      vertex -1.504521e+01 -7.722799e+00 6.743126e+00
      vertex -1.626525e+01 -1.095642e+01 7.689560e+00
    endloop
  endfacet
  facet normal -2.924822e-01 -1.365104e-01 -9.460564e-01
    outer loop
      vertex -1.585347e+01 -5.889176e+00 6.743126e+00
      vertex -1.504521e+01 -7.722799e+00 6.743126e+00
      vertex -1.744719e+01 -8.955746e+00 7.689560e+00
    endloop
  endfacet
  facet normal -2.699516e-01 -1.132583e-01 -9.557707e-01
    outer loop
      vertex -1.585347e+01 -5.889176e+00 6.743126e+00
      vertex -1.328131e+01 -4.933682e+00 5.924985e+00
      vertex -1.504521e+01 -7.722799e+00 6.743126e+00
    endloop
  endfacet
  facet normal -2.784584e-01 -9.036306e-02 -9.557698e-01
    outer loop
      vertex -1.643783e+01 -3.972440e+00 6.743126e+00
      vertex -1.328131e+01 -4.933682e+00 5.924985e+00
      vertex -1.585347e+01 -5.889176e+00 6.743126e+00
    endloop
  endfacet
  facet normal -2.669566e-01 -7.504461e-02 -9.603877e-01
    outer loop
      vertex -1.643783e+01 -3.972440e+00 6.743126e+00
      vertex -1.377086e+01 -3.327929e+00 5.924985e+00
      vertex -1.328131e+01 -4.933682e+00 5.924985e+00
    endloop
  endfacet
  facet normal -2.872028e-01 -5.683222e-02 -9.557665e-01
    outer loop
      vertex -1.679217e+01 -2.000247e+00 6.743126e+00
      vertex -1.377086e+01 -3.327929e+00 5.924985e+00
      vertex -1.643783e+01 -3.972440e+00 6.743126e+00
    endloop
  endfacet
  facet normal -2.739522e-01 -4.306905e-02 -9.603860e-01
    outer loop
      vertex -1.679217e+01 -2.000247e+00 6.743126e+00
      vertex -1.406771e+01 -1.675716e+00 5.924985e+00
      vertex -1.377086e+01 -3.327929e+00 5.924985e+00
    endloop
  endfacet
  facet normal -2.763849e-01 -2.260859e-02 -9.603871e-01
    outer loop
      vertex -1.416799e+01 -7.688053e-07 5.924985e+00
      vertex -1.406771e+01 -1.675716e+00 5.924985e+00
      vertex -1.679217e+01 -2.000247e+00 6.743126e+00
    endloop
  endfacet
  facet normal -1.258807e-01 -5.482245e-01 -8.256468e-01
    outer loop
      vertex -9.774915e+00 -3.578252e+01 1.721593e+01
      vertex -8.527574e+00 -3.121644e+01 1.405446e+01
      vertex -5.473798e+00 -3.668527e+01 1.721593e+01
    endloop
  endfacet
  facet normal -1.702275e-01 -5.361228e-01 -8.256511e-01
    outer loop
      vertex -1.393832e+01 -3.437474e+01 1.721593e+01
      vertex -8.527574e+00 -3.121644e+01 1.405446e+01
      vertex -9.774915e+00 -3.578252e+01 1.721593e+01
    endloop
  endfacet
  facet normal -1.853570e-01 -5.125089e-01 -8.373609e-01
    outer loop
      vertex -1.393832e+01 -3.437474e+01 1.721593e+01
      vertex -1.215970e+01 -2.998831e+01 1.405446e+01
      vertex -8.527574e+00 -3.121644e+01 1.405446e+01
    endloop
  endfacet
  facet normal -2.239318e-01 -4.968685e-01 -8.373609e-01
    outer loop
      vertex -1.562147e+01 -2.833996e+01 1.405446e+01
      vertex -1.215970e+01 -2.998831e+01 1.405446e+01
      vertex -1.393832e+01 -3.437474e+01 1.721593e+01
    endloop
  endfacet
  facet normal -2.261508e-01 -4.534869e-01 -8.609567e-01
    outer loop
      vertex -1.562147e+01 -2.833996e+01 1.405446e+01
      vertex -1.323536e+01 -2.401116e+01 1.121467e+01
      vertex -1.215970e+01 -2.998831e+01 1.405446e+01
    endloop
  endfacet
  facet normal -2.626588e-01 -4.333583e-01 -8.609564e-01
    outer loop
      vertex -1.886349e+01 -2.629292e+01 1.405446e+01
      vertex -1.323536e+01 -2.401116e+01 1.121467e+01
      vertex -1.562147e+01 -2.833996e+01 1.405446e+01
    endloop
  endfacet
  facet normal -2.682673e-01 -4.053596e-01 -8.728392e-01
    outer loop
      vertex -1.886349e+01 -2.629292e+01 1.405446e+01
      vertex -1.598217e+01 -2.227679e+01 1.121467e+01
      vertex -1.323536e+01 -2.401116e+01 1.121467e+01
    endloop
  endfacet
  facet normal -3.121049e-01 -3.992416e-01 -8.609540e-01
    outer loop
      vertex -2.184096e+01 -2.387721e+01 1.405446e+01
      vertex -1.598217e+01 -2.227679e+01 1.121467e+01
      vertex -1.886349e+01 -2.629292e+01 1.405446e+01
    endloop
  endfacet
  facet normal -3.142692e-01 -3.708496e-01 -8.728381e-01
    outer loop
      vertex -2.184096e+01 -2.387721e+01 1.405446e+01
      vertex -1.850485e+01 -2.023007e+01 1.121467e+01
      vertex -1.598217e+01 -2.227679e+01 1.121467e+01
    endloop
  endfacet
  facet normal -3.413804e-01 -3.460380e-01 -8.728390e-01
    outer loop
      vertex -2.076808e+01 -1.789961e+01 1.121467e+01
      vertex -1.850485e+01 -2.023007e+01 1.121467e+01
      vertex -2.184096e+01 -2.387721e+01 1.405446e+01
    endloop
  endfacet
  facet normal -3.267029e-01 -3.058100e-01 -8.934810e-01
    outer loop
      vertex -2.076808e+01 -1.789961e+01 1.121467e+01
      vertex -1.785533e+01 -1.538916e+01 9.331341e+00
      vertex -1.850485e+01 -2.023007e+01 1.121467e+01
    endloop
  endfacet
  facet normal -3.507419e-01 -2.779225e-01 -8.934796e-01
    outer loop
      vertex -2.273862e+01 -1.531695e+01 1.121467e+01
      vertex -1.785533e+01 -1.538916e+01 9.331341e+00
      vertex -2.076808e+01 -1.789961e+01 1.121467e+01
    endloop
  endfacet
  facet normal -3.470686e-01 -2.532912e-01 -9.022346e-01
    outer loop
      vertex -2.273862e+01 -1.531695e+01 1.121467e+01
      vertex -1.954950e+01 -1.316872e+01 9.331341e+00
      vertex -1.785533e+01 -1.538916e+01 9.331341e+00
    endloop
  endfacet
  facet normal -3.652016e-01 -2.263818e-01 -9.022332e-01
    outer loop
      vertex -2.097009e+01 -1.076407e+01 9.331341e+00
      vertex -1.954950e+01 -1.316872e+01 9.331341e+00
      vertex -2.273862e+01 -1.531695e+01 1.121467e+01
    endloop
  endfacet
  facet normal -3.407893e-01 -1.932735e-01 -9.192829e-01
    outer loop
      vertex -2.097009e+01 -1.076407e+01 9.331341e+00
      vertex -1.744719e+01 -8.955746e+00 7.689560e+00
      vertex -1.954950e+01 -1.316872e+01 9.331341e+00
    endloop
  endfacet
  facet normal -3.368597e-01 -1.573661e-01 -9.275762e-01
    outer loop
      vertex -1.838448e+01 -6.829385e+00 7.689560e+00
      vertex -1.744719e+01 -8.955746e+00 7.689560e+00
      vertex -2.097009e+01 -1.076407e+01 9.331341e+00
    endloop
  endfacet
  facet normal -3.110518e-01 -1.303591e-01 -9.409631e-01
    outer loop
      vertex -1.838448e+01 -6.829385e+00 7.689560e+00
      vertex -1.585347e+01 -5.889176e+00 6.743126e+00
      vertex -1.744719e+01 -8.955746e+00 7.689560e+00
    endloop
  endfacet
  facet normal -3.207606e-01 -1.042287e-01 -9.409619e-01
    outer loop
      vertex -1.906213e+01 -4.606641e+00 7.689560e+00
      vertex -1.585347e+01 -5.889176e+00 6.743126e+00
      vertex -1.838448e+01 -6.829385e+00 7.689560e+00
    endloop
  endfacet
  facet normal -3.106977e-01 -8.748475e-02 -9.460543e-01
    outer loop
      vertex -1.906213e+01 -4.606641e+00 7.689560e+00
      vertex -1.643783e+01 -3.972440e+00 6.743126e+00
      vertex -1.585347e+01 -5.889176e+00 6.743126e+00
    endloop
  endfacet
  facet normal -3.308496e-01 -6.560187e-02 -9.409577e-01
    outer loop
      vertex -1.947304e+01 -2.319587e+00 7.689560e+00
      vertex -1.643783e+01 -3.972440e+00 6.743126e+00
      vertex -1.906213e+01 -4.606641e+00 7.689560e+00
    endloop
  endfacet
  facet normal -3.188565e-01 -5.026780e-02 -9.460521e-01
    outer loop
      vertex -1.947304e+01 -2.319587e+00 7.689560e+00
      vertex -1.679217e+01 -2.000247e+00 6.743126e+00
      vertex -1.643783e+01 -3.972440e+00 6.743126e+00
    endloop
  endfacet
  facet normal -3.217209e-01 -2.617837e-02 -9.460536e-01
    outer loop
      vertex -1.691187e+01 -9.176978e-07 6.743126e+00
      vertex -1.679217e+01 -2.000247e+00 6.743126e+00
      vertex -1.947304e+01 -2.319587e+00 7.689560e+00
    endloop
  endfacet
  facet normal -2.924999e-01 -1.228234e-02 -9.557692e-01
    outer loop
      vertex -1.691187e+01 -9.176978e-07 6.743126e+00
      vertex -1.416799e+01 -7.688053e-07 5.924985e+00
      vertex -1.679217e+01 -2.000247e+00 6.743126e+00
    endloop
  endfacet
  facet normal -2.924915e-01 1.217988e-02 -9.557700e-01
    outer loop
      vertex -1.679261e+01 2.000301e+00 6.743126e+00
      vertex -1.416799e+01 -7.688053e-07 5.924985e+00
      vertex -1.691187e+01 -9.176978e-07 6.743126e+00
    endloop
  endfacet
  facet normal -2.763693e-01 2.263072e-02 -9.603885e-01
    outer loop
      vertex -1.679261e+01 2.000301e+00 6.743126e+00
      vertex -1.406808e+01 1.675760e+00 5.924985e+00
      vertex -1.416799e+01 -7.688053e-07 5.924985e+00
    endloop
  endfacet
  facet normal -2.889945e-01 4.687673e-02 -9.557658e-01
    outer loop
      vertex -1.643676e+01 3.972183e+00 6.743126e+00
      vertex -1.406808e+01 1.675760e+00 5.924985e+00
      vertex -1.679261e+01 2.000301e+00 6.743126e+00
    endloop
  endfacet
  facet normal -2.717773e-01 5.518452e-02 -9.603834e-01
    outer loop
      vertex -1.643676e+01 3.972183e+00 6.743126e+00
      vertex -1.376997e+01 3.327713e+00 5.924985e+00
      vertex -1.406808e+01 1.675760e+00 5.924985e+00
    endloop
  endfacet
  facet normal -2.669536e-01 7.515969e-02 -9.603820e-01
    outer loop
      vertex -1.327998e+01 4.933187e+00 5.924985e+00
      vertex -1.376997e+01 3.327713e+00 5.924985e+00
      vertex -1.643676e+01 3.972183e+00 6.743126e+00
    endloop
  endfacet
  facet normal -4.107906e-01 -3.842521e-01 -8.256504e-01
    outer loop
      vertex -2.809766e+01 -2.421683e+01 1.721593e+01
      vertex -2.451222e+01 -2.112661e+01 1.405446e+01
      vertex -2.503567e+01 -2.736976e+01 1.721593e+01
    endloop
  endfacet
  facet normal -4.407516e-01 -3.494939e-01 -8.256485e-01
    outer loop
      vertex -3.076365e+01 -2.072268e+01 1.721593e+01
      vertex -2.451222e+01 -2.112661e+01 1.405446e+01
      vertex -2.809766e+01 -2.421683e+01 1.721593e+01
    endloop
  endfacet
  facet normal -4.401138e-01 -3.214474e-01 -8.373566e-01
    outer loop
      vertex -3.076365e+01 -2.072268e+01 1.721593e+01
      vertex -2.683801e+01 -1.807833e+01 1.405446e+01
      vertex -2.451222e+01 -2.112661e+01 1.405446e+01
    endloop
  endfacet
  facet normal -4.633404e-01 -2.869782e-01 -8.373544e-01
    outer loop
      vertex -2.878824e+01 -1.477718e+01 1.405446e+01
      vertex -2.683801e+01 -1.807833e+01 1.405446e+01
      vertex -3.076365e+01 -2.072268e+01 1.721593e+01
    endloop
  endfacet
  facet normal -4.409082e-01 -2.498204e-01 -8.609509e-01
    outer loop
      vertex -2.878824e+01 -1.477718e+01 1.405446e+01
      vertex -2.439096e+01 -1.252003e+01 1.121467e+01
      vertex -2.683801e+01 -1.807833e+01 1.405446e+01
    endloop
  endfacet
  facet normal -4.404953e-01 -2.055410e-01 -8.728377e-01
    outer loop
      vertex -2.570129e+01 -9.547400e+00 1.121467e+01
      vertex -2.439096e+01 -1.252003e+01 1.121467e+01
      vertex -2.878824e+01 -1.477718e+01 1.405446e+01
    endloop
  endfacet
  facet normal -4.127396e-01 -1.729155e-01 -8.934803e-01
    outer loop
      vertex -2.570129e+01 -9.547400e+00 1.121467e+01
      vertex -2.209665e+01 -8.208362e+00 9.331341e+00
      vertex -2.439096e+01 -1.252003e+01 1.121467e+01
    endloop
  endfacet
  facet normal -4.255826e-01 -1.383479e-01 -8.934784e-01
    outer loop
      vertex -2.664864e+01 -6.440031e+00 1.121467e+01
      vertex -2.209665e+01 -8.208362e+00 9.331341e+00
      vertex -2.570129e+01 -9.547400e+00 1.121467e+01
    endloop
  endfacet
  facet normal -4.135702e-01 -1.165110e-01 -9.022323e-01
    outer loop
      vertex -2.664864e+01 -6.440031e+00 1.121467e+01
      vertex -2.291113e+01 -5.536806e+00 9.331341e+00
      vertex -2.209665e+01 -8.208362e+00 9.331341e+00
    endloop
  endfacet
  facet normal -4.389741e-01 -8.709695e-02 -8.934713e-01
    outer loop
      vertex -2.722309e+01 -3.242756e+00 1.121467e+01
      vertex -2.291113e+01 -5.536806e+00 9.331341e+00
      vertex -2.664864e+01 -6.440031e+00 1.121467e+01
    endloop
  endfacet
  facet normal -4.244368e-01 -6.697047e-02 -9.022284e-01
    outer loop
      vertex -2.722309e+01 -3.242756e+00 1.121467e+01
      vertex -2.340501e+01 -2.787955e+00 9.331341e+00
      vertex -2.291113e+01 -5.536806e+00 9.331341e+00
    endloop
  endfacet
  facet normal -4.282638e-01 -3.478997e-02 -9.022310e-01
    outer loop
      vertex -2.357184e+01 -1.279092e-06 9.331341e+00
      vertex -2.340501e+01 -2.787955e+00 9.331341e+00
      vertex -2.722309e+01 -3.242756e+00 1.121467e+01
    endloop
  endfacet
  facet normal -3.914309e-01 -1.640795e-02 -9.192832e-01
    outer loop
      vertex -2.357184e+01 -1.279092e-06 9.331341e+00
      vertex -1.961185e+01 -1.064209e-06 7.689560e+00
      vertex -2.340501e+01 -2.787955e+00 9.331341e+00
    endloop
  endfacet
  facet normal -3.914199e-01 1.627056e-02 -9.192845e-01
    outer loop
      vertex -2.340562e+01 2.788029e+00 9.331341e+00
      vertex -1.961185e+01 -1.064209e-06 7.689560e+00
      vertex -2.357184e+01 -1.279092e-06 9.331341e+00
    endloop
  endfacet
  facet normal -3.705638e-01 3.031336e-02 -9.275748e-01
    outer loop
      vertex -2.340562e+01 2.788029e+00 9.331341e+00
      vertex -1.947355e+01 2.319649e+00 7.689560e+00
      vertex -1.961185e+01 -1.064209e-06 7.689560e+00
    endloop
  endfacet
  facet normal -3.867421e-01 6.270314e-02 -9.192774e-01
    outer loop
      vertex -2.290964e+01 5.536448e+00 9.331341e+00
      vertex -1.947355e+01 2.319649e+00 7.689560e+00
      vertex -2.340562e+01 2.788029e+00 9.331341e+00
    endloop
  endfacet
  facet normal -3.644087e-01 7.396270e-02 -9.275661e-01
    outer loop
      vertex -2.290964e+01 5.536448e+00 9.331341e+00
      vertex -1.906090e+01 4.606343e+00 7.689560e+00
      vertex -1.947355e+01 2.319649e+00 7.689560e+00
    endloop
  endfacet
  facet normal -3.579265e-01 1.008038e-01 -9.275637e-01
    outer loop
      vertex -1.838264e+01 6.828701e+00 7.689560e+00
      vertex -1.906090e+01 4.606343e+00 7.689560e+00
      vertex -2.290964e+01 5.536448e+00 9.331341e+00
    endloop
  endfacet
  facet normal -3.207980e-01 1.042350e-01 -9.409525e-01
    outer loop
      vertex -1.838264e+01 6.828701e+00 7.689560e+00
      vertex -1.585188e+01 5.888586e+00 6.743126e+00
      vertex -1.906090e+01 4.606343e+00 7.689560e+00
    endloop
  endfacet
  facet normal -2.982103e-01 1.235471e-01 -9.460511e-01
    outer loop
      vertex -1.504547e+01 7.722926e+00 6.743126e+00
      vertex -1.585188e+01 5.888586e+00 6.743126e+00
      vertex -1.838264e+01 6.828701e+00 7.689560e+00
    endloop
  endfacet
  facet normal -2.658571e-01 1.225903e-01 -9.557679e-01
    outer loop
      vertex -1.504547e+01 7.722926e+00 6.743126e+00
      vertex -1.260440e+01 6.469914e+00 5.924985e+00
      vertex -1.585188e+01 5.888586e+00 6.743126e+00
    endloop
  endfacet
  facet normal -2.418449e-01 1.356560e-01 -9.603901e-01
    outer loop
      vertex -1.175069e+01 7.915376e+00 5.924985e+00
      vertex -1.260440e+01 6.469914e+00 5.924985e+00
      vertex -1.504547e+01 7.722926e+00 6.743126e+00
    endloop
  endfacet
  facet normal -5.188783e-01 -2.171692e-01 -8.256495e-01
    outer loop
      vertex -3.477192e+01 -1.291691e+01 1.721593e+01
      vertex -3.033480e+01 -1.126863e+01 1.405446e+01
      vertex -3.299914e+01 -1.693866e+01 1.721593e+01
    endloop
  endfacet
  facet normal -5.348847e-01 -1.740853e-01 -8.256467e-01
    outer loop
      vertex -3.605361e+01 -8.712878e+00 1.721593e+01
      vertex -3.033480e+01 -1.126863e+01 1.405446e+01
      vertex -3.477192e+01 -1.291691e+01 1.721593e+01
    endloop
  endfacet
  facet normal -5.245304e-01 -1.479824e-01 -8.373532e-01
    outer loop
      vertex -3.605361e+01 -8.712878e+00 1.721593e+01
      vertex -3.145294e+01 -7.601059e+00 1.405446e+01
      vertex -3.033480e+01 -1.126863e+01 1.405446e+01
    endloop
  endfacet
  facet normal -5.517375e-01 -1.096680e-01 -8.256362e-01
    outer loop
      vertex -3.683079e+01 -4.387206e+00 1.721593e+01
      vertex -3.145294e+01 -7.601059e+00 1.405446e+01
      vertex -3.605361e+01 -8.712878e+00 1.721593e+01
    endloop
  endfacet
  facet normal -5.383365e-01 -8.514675e-02 -8.373473e-01
    outer loop
      vertex -3.683079e+01 -4.387206e+00 1.721593e+01
      vertex -3.213095e+01 -3.827370e+00 1.405446e+01
      vertex -3.145294e+01 -7.601059e+00 1.405446e+01
    endloop
  endfacet
  facet normal -5.432394e-01 -4.392616e-02 -8.373513e-01
    outer loop
      vertex -3.235998e+01 -1.755967e-06 1.405446e+01
      vertex -3.213095e+01 -3.827370e+00 1.405446e+01
      vertex -3.683079e+01 -4.387206e+00 1.721593e+01
    endloop
  endfacet
  facet normal -5.063207e-01 -2.101920e-02 -8.609515e-01
    outer loop
      vertex -3.235998e+01 -1.755967e-06 1.405446e+01
      vertex -2.741714e+01 -1.487751e-06 1.121467e+01
      vertex -3.213095e+01 -3.827370e+00 1.405446e+01
    endloop
  endfacet
  facet normal -5.063072e-01 2.083933e-02 -8.609536e-01
    outer loop
      vertex -3.213179e+01 3.827472e+00 1.405446e+01
      vertex -2.741714e+01 -1.487751e-06 1.121467e+01
      vertex -3.235998e+01 -1.755967e-06 1.405446e+01
    endloop
  endfacet
  facet normal -4.844848e-01 3.941397e-02 -8.728354e-01
    outer loop
      vertex -3.213179e+01 3.827472e+00 1.405446e+01
      vertex -2.722380e+01 3.242842e+00 1.121467e+01
      vertex -2.741714e+01 -1.487751e-06 1.121467e+01
    endloop
  endfacet
  facet normal -5.002777e-01 8.090431e-02 -8.609424e-01
    outer loop
      vertex -3.145090e+01 7.600566e+00 1.405446e+01
      vertex -2.722380e+01 3.242842e+00 1.121467e+01
      vertex -3.213179e+01 3.827472e+00 1.405446e+01
    endloop
  endfacet
  facet normal -4.764597e-01 9.648608e-02 -8.728215e-01
    outer loop
      vertex -3.145090e+01 7.600566e+00 1.405446e+01
      vertex -2.664691e+01 6.439613e+00 1.121467e+01
      vertex -2.722380e+01 3.242842e+00 1.121467e+01
    endloop
  endfacet
  facet normal -4.678836e-01 1.319934e-01 -8.728175e-01
    outer loop
      vertex -2.569872e+01 9.546444e+00 1.121467e+01
      vertex -2.664691e+01 6.439613e+00 1.121467e+01
      vertex -3.145090e+01 7.600566e+00 1.405446e+01
    endloop
  endfacet
  facet normal -4.256292e-01 1.383547e-01 -8.934626e-01
    outer loop
      vertex -2.569872e+01 9.546444e+00 1.121467e+01
      vertex -2.209443e+01 8.207540e+00 9.331341e+00
      vertex -2.664691e+01 6.439613e+00 1.121467e+01
    endloop
  endfacet
  facet normal -3.969400e-01 1.645128e-01 -9.022267e-01
    outer loop
      vertex -2.097044e+01 1.076425e+01 9.331341e+00
      vertex -2.209443e+01 8.207540e+00 9.331341e+00
      vertex -2.569872e+01 9.546444e+00 1.121467e+01
    endloop
  endfacet
  facet normal -3.557633e-01 1.640788e-01 -9.192811e-01
    outer loop
      vertex -2.097044e+01 1.076425e+01 9.331341e+00
      vertex -1.744748e+01 8.955894e+00 7.689560e+00
      vertex -2.209443e+01 8.207540e+00 9.331341e+00
    endloop
  endfacet
  facet normal -3.242559e-01 1.819169e-01 -9.275775e-01
    outer loop
      vertex -1.626574e+01 1.095676e+01 7.689560e+00
      vertex -1.744748e+01 8.955894e+00 7.689560e+00
      vertex -2.097044e+01 1.076425e+01 9.331341e+00
    endloop
  endfacet
  facet normal -2.872635e-01 1.767073e-01 -9.409633e-01
    outer loop
      vertex -1.626574e+01 1.095676e+01 7.689560e+00
      vertex -1.402642e+01 9.448328e+00 6.743126e+00
      vertex -1.744748e+01 8.955894e+00 7.689560e+00
    endloop
  endfacet
  facet normal -2.607060e-01 1.903033e-01 -9.460577e-01
    outer loop
      vertex -1.281045e+01 1.104108e+01 6.743126e+00
      vertex -1.402642e+01 9.448328e+00 6.743126e+00
      vertex -1.626574e+01 1.095676e+01 7.689560e+00
    endloop
  endfacet
  facet normal -2.295183e-01 1.817298e-01 -9.557711e-01
    outer loop
      vertex -1.281045e+01 1.104108e+01 6.743126e+00
      vertex -1.073201e+01 9.249710e+00 5.924985e+00
      vertex -1.402642e+01 9.448328e+00 6.743126e+00
    endloop
  endfacet
  facet normal -2.136191e-01 2.001715e-01 -9.557712e-01
    outer loop
      vertex -1.141458e+01 1.247877e+01 6.743126e+00
      vertex -1.073201e+01 9.249710e+00 5.924985e+00
      vertex -1.281045e+01 1.104108e+01 6.743126e+00
    endloop
  endfacet
  facet normal -1.946423e-01 1.975012e-01 -9.603903e-01
    outer loop
      vertex -1.141458e+01 1.247877e+01 6.743126e+00
      vertex -9.562609e+00 1.045414e+01 5.924985e+00
      vertex -1.073201e+01 9.249710e+00 5.924985e+00
    endloop
  endfacet
  facet normal -1.884257e-01 2.240551e-01 -9.557710e-01
    outer loop
      vertex -9.858431e+00 1.374120e+01 6.743126e+00
      vertex -9.562609e+00 1.045414e+01 5.924985e+00
      vertex -1.141458e+01 1.247877e+01 6.743126e+00
    endloop
  endfacet
  facet normal -1.699412e-01 2.191237e-01 -9.603900e-01
    outer loop
      vertex -9.858431e+00 1.374120e+01 6.743126e+00
      vertex -8.258942e+00 1.151175e+01 5.924985e+00
      vertex -9.562609e+00 1.045414e+01 5.924985e+00
    endloop
  endfacet
  facet normal -1.531419e-01 2.311719e-01 -9.603902e-01
    outer loop
      vertex -6.839457e+00 1.240792e+01 5.924985e+00
      vertex -8.258942e+00 1.151175e+01 5.924985e+00
      vertex -9.858431e+00 1.374120e+01 6.743126e+00
    endloop
  endfacet
  facet normal -5.620329e-01 -2.311699e-02 -8.256448e-01
    outer loop
      vertex -3.709333e+01 -2.012815e-06 1.721593e+01
      vertex -3.235998e+01 -1.755967e-06 1.405446e+01
      vertex -3.683079e+01 -4.387206e+00 1.721593e+01
    endloop
  endfacet
  facet normal -5.620182e-01 2.291503e-02 -8.256472e-01
    outer loop
      vertex -3.683175e+01 4.387322e+00 1.721593e+01
      vertex -3.235998e+01 -1.755967e-06 1.405446e+01
      vertex -3.709333e+01 -2.012815e-06 1.721593e+01
    endloop
  endfacet
  facet normal -5.432113e-01 4.396440e-02 -8.373557e-01
    outer loop
      vertex -3.683175e+01 4.387322e+00 1.721593e+01
      vertex -3.213179e+01 3.827472e+00 1.405446e+01
      vertex -3.235998e+01 -1.755967e-06 1.405446e+01
    endloop
  endfacet
  facet normal -5.553489e-01 8.959343e-02 -8.256341e-01
    outer loop
      vertex -3.605127e+01 8.712313e+00 1.721593e+01
      vertex -3.213179e+01 3.827472e+00 1.405446e+01
      vertex -3.683175e+01 4.387322e+00 1.721593e+01
    endloop
  endfacet
  facet normal -5.342376e-01 1.079587e-01 -8.373390e-01
    outer loop
      vertex -3.605127e+01 8.712313e+00 1.721593e+01
      vertex -3.145090e+01 7.600566e+00 1.405446e+01
      vertex -3.213179e+01 3.827472e+00 1.405446e+01
    endloop
  endfacet
  facet normal -5.245172e-01 1.482010e-01 -8.373342e-01
    outer loop
      vertex -3.033176e+01 1.126751e+01 1.405446e+01
      vertex -3.145090e+01 7.600566e+00 1.405446e+01
      vertex -3.605127e+01 8.712313e+00 1.721593e+01
    endloop
  endfacet
  facet normal -4.819812e-01 1.566539e-01 -8.609336e-01
    outer loop
      vertex -3.033176e+01 1.126751e+01 1.405446e+01
      vertex -2.569872e+01 9.546444e+00 1.121467e+01
      vertex -3.145090e+01 7.600566e+00 1.405446e+01
    endloop
  endfacet
  facet normal -4.490807e-01 1.861026e-01 -8.728264e-01
    outer loop
      vertex -2.439137e+01 1.252024e+01 1.121467e+01
      vertex -2.569872e+01 9.546444e+00 1.121467e+01
      vertex -3.033176e+01 1.126751e+01 1.405446e+01
    endloop
  endfacet
  facet normal -4.062939e-01 1.876002e-01 -8.934746e-01
    outer loop
      vertex -2.439137e+01 1.252024e+01 1.121467e+01
      vertex -2.097044e+01 1.076425e+01 9.331341e+00
      vertex -2.569872e+01 9.546444e+00 1.121467e+01
    endloop
  endfacet
  facet normal -3.746088e-01 2.104049e-01 -9.022374e-01
    outer loop
      vertex -1.955009e+01 1.316912e+01 9.331341e+00
      vertex -2.097044e+01 1.076425e+01 9.331341e+00
      vertex -2.439137e+01 1.252024e+01 1.121467e+01
    endloop
  endfacet
  facet normal -3.337476e-01 2.051555e-01 -9.192861e-01
    outer loop
      vertex -1.955009e+01 1.316912e+01 9.331341e+00
      vertex -1.626574e+01 1.095676e+01 7.689560e+00
      vertex -2.097044e+01 1.076425e+01 9.331341e+00
    endloop
  endfacet
  facet normal -3.003873e-01 2.191091e-01 -9.275779e-01
    outer loop
      vertex -1.485564e+01 1.280379e+01 7.689560e+00
      vertex -1.626574e+01 1.095676e+01 7.689560e+00
      vertex -1.955009e+01 1.316912e+01 9.331341e+00
    endloop
  endfacet
  facet normal -2.643380e-01 2.094664e-01 -9.409636e-01
    outer loop
      vertex -1.485564e+01 1.280379e+01 7.689560e+00
      vertex -1.281045e+01 1.104108e+01 6.743126e+00
      vertex -1.626574e+01 1.095676e+01 7.689560e+00
    endloop
  endfacet
  facet normal -2.461923e-01 2.305140e-01 -9.409637e-01
    outer loop
      vertex -1.323692e+01 1.447100e+01 7.689560e+00
      vertex -1.281045e+01 1.104108e+01 6.743126e+00
      vertex -1.485564e+01 1.280379e+01 7.689560e+00
    endloop
  endfacet
  facet normal -2.266610e-01 2.297926e-01 -9.460578e-01
    outer loop
      vertex -1.323692e+01 1.447100e+01 7.689560e+00
      vertex -1.141458e+01 1.247877e+01 6.743126e+00
      vertex -1.281045e+01 1.104108e+01 6.743126e+00
    endloop
  endfacet
  facet normal -2.171780e-01 2.580411e-01 -9.409633e-01
    outer loop
      vertex -1.143233e+01 1.593499e+01 7.689560e+00
      vertex -1.141458e+01 1.247877e+01 6.743126e+00
      vertex -1.323692e+01 1.447100e+01 7.689560e+00
    endloop
  endfacet
  facet normal -1.979194e-01 2.549739e-01 -9.460574e-01
    outer loop
      vertex -1.143233e+01 1.593499e+01 7.689560e+00
      vertex -9.858431e+00 1.374120e+01 6.743126e+00
      vertex -1.141458e+01 1.247877e+01 6.743126e+00
    endloop
  endfacet
  facet normal -1.781405e-01 2.691589e-01 -9.460576e-01
    outer loop
      vertex -8.164038e+00 1.481093e+01 6.743126e+00
      vertex -9.858431e+00 1.374120e+01 6.743126e+00
      vertex -1.143233e+01 1.593499e+01 7.689560e+00
    endloop
  endfacet
  facet normal -1.518474e-01 2.502883e-01 -9.557712e-01
    outer loop
      vertex -8.164038e+00 1.481093e+01 6.743126e+00
      vertex -6.839457e+00 1.240792e+01 5.924985e+00
      vertex -9.858431e+00 1.374120e+01 6.743126e+00
    endloop
  endfacet
  facet normal -1.305168e-01 2.620483e-01 -9.557710e-01
    outer loop
      vertex -6.354830e+00 1.567231e+01 6.743126e+00
      vertex -6.839457e+00 1.240792e+01 5.924985e+00
      vertex -8.164038e+00 1.481093e+01 6.743126e+00
    endloop
  endfacet
  facet normal -1.136941e-01 2.529202e-01 -9.603898e-01
    outer loop
      vertex -6.354830e+00 1.567231e+01 6.743126e+00
      vertex -5.323785e+00 1.312954e+01 5.924985e+00
      vertex -6.839457e+00 1.240792e+01 5.924985e+00
    endloop
  endfacet
  facet normal -9.455732e-02 2.606804e-01 -9.603898e-01
    outer loop
      vertex -3.733569e+00 1.366728e+01 5.924985e+00
      vertex -5.323785e+00 1.312954e+01 5.924985e+00
      vertex -6.354830e+00 1.567231e+01 6.743126e+00
    endloop
  endfacet
  facet normal -5.349383e-01 1.740901e-01 -8.256237e-01
    outer loop
      vertex -3.476843e+01 1.291562e+01 1.721593e+01
      vertex -3.033176e+01 1.126751e+01 1.405446e+01
      vertex -3.605127e+01 8.712313e+00 1.721593e+01
    endloop
  endfacet
  facet normal -5.034115e-01 2.088606e-01 -8.373449e-01
    outer loop
      vertex -2.878872e+01 1.477742e+01 1.405446e+01
      vertex -3.033176e+01 1.126751e+01 1.405446e+01
      vertex -3.476843e+01 1.291562e+01 1.721593e+01
    endloop
  endfacet
  facet normal -4.600899e-01 2.124202e-01 -8.609483e-01
    outer loop
      vertex -2.878872e+01 1.477742e+01 1.405446e+01
      vertex -2.439137e+01 1.252024e+01 1.121467e+01
      vertex -3.033176e+01 1.126751e+01 1.405446e+01
    endloop
  endfacet
  facet normal -4.238200e-01 2.380237e-01 -8.728396e-01
    outer loop
      vertex -2.273932e+01 1.531742e+01 1.121467e+01
      vertex -2.439137e+01 1.252024e+01 1.121467e+01
      vertex -2.878872e+01 1.477742e+01 1.405446e+01
    endloop
  endfacet
  facet normal -3.811258e-01 2.345108e-01 -8.934807e-01
    outer loop
      vertex -2.273932e+01 1.531742e+01 1.121467e+01
      vertex -1.955009e+01 1.316912e+01 9.331341e+00
      vertex -2.439137e+01 1.252024e+01 1.121467e+01
    endloop
  endfacet
  facet normal -3.470065e-01 2.533697e-01 -9.022379e-01
    outer loop
      vertex -1.785527e+01 1.538911e+01 9.331341e+00
      vertex -1.955009e+01 1.316912e+01 9.331341e+00
      vertex -2.273932e+01 1.531742e+01 1.121467e+01
    endloop
  endfacet
  facet normal -3.071291e-01 2.432174e-01 -9.192865e-01
    outer loop
      vertex -1.785527e+01 1.538911e+01 9.331341e+00
      vertex -1.485564e+01 1.280379e+01 7.689560e+00
      vertex -1.955009e+01 1.316912e+01 9.331341e+00
    endloop
  endfacet
  facet normal -2.858897e-01 2.678534e-01 -9.192865e-01
    outer loop
      vertex -1.590969e+01 1.739296e+01 9.331341e+00
      vertex -1.485564e+01 1.280379e+01 7.689560e+00
      vertex -1.785527e+01 1.538911e+01 9.331341e+00
    endloop
  endfacet
  facet normal -2.610021e-01 2.647927e-01 -9.275780e-01
    outer loop
      vertex -1.590969e+01 1.739296e+01 9.331341e+00
      vertex -1.323692e+01 1.447100e+01 7.689560e+00
      vertex -1.485564e+01 1.280379e+01 7.689560e+00
    endloop
  endfacet
  facet normal -2.521774e-01 2.998174e-01 -9.192861e-01
    outer loop
      vertex -1.374073e+01 1.915255e+01 9.331341e+00
      vertex -1.323692e+01 1.447100e+01 7.689560e+00
      vertex -1.590969e+01 1.739296e+01 9.331341e+00
    endloop
  endfacet
  facet normal -2.278845e-01 2.937873e-01 -9.275774e-01
    outer loop
      vertex -1.374073e+01 1.915255e+01 9.331341e+00
      vertex -1.143233e+01 1.593499e+01 7.689560e+00
      vertex -1.323692e+01 1.447100e+01 7.689560e+00
    endloop
  endfacet
  facet normal -2.053108e-01 3.099768e-01 -9.275777e-01
    outer loop
      vertex -9.467429e+00 1.717550e+01 7.689560e+00
      vertex -1.143233e+01 1.593499e+01 7.689560e+00
      vertex -1.374073e+01 1.915255e+01 9.331341e+00
    endloop
  endfacet
  facet normal -1.748253e-01 2.884157e-01 -9.409637e-01
    outer loop
      vertex -9.467429e+00 1.717550e+01 7.689560e+00
      vertex -8.164038e+00 1.481093e+01 6.743126e+00
      vertex -1.143233e+01 1.593499e+01 7.689560e+00
    endloop
  endfacet
  facet normal -1.504806e-01 3.018374e-01 -9.409634e-01
    outer loop
      vertex -7.369380e+00 1.817440e+01 7.689560e+00
      vertex -8.164038e+00 1.481093e+01 6.743126e+00
      vertex -9.467429e+00 1.717550e+01 7.689560e+00
    endloop
  endfacet
  facet normal -1.324652e-01 2.943406e-01 -9.460570e-01
    outer loop
      vertex -7.369380e+00 1.817440e+01 7.689560e+00
      vertex -6.354830e+00 1.567231e+01 6.743126e+00
      vertex -8.164038e+00 1.481093e+01 6.743126e+00
    endloop
  endfacet
  facet normal -1.099342e-01 3.034771e-01 -9.460570e-01
    outer loop
      vertex -4.456640e+00 1.631419e+01 6.743126e+00
      vertex -6.354830e+00 1.567231e+01 6.743126e+00
      vertex -7.369380e+00 1.817440e+01 7.689560e+00
    endloop
  endfacet
  facet normal -8.884903e-02 2.789449e-01 -9.557710e-01
    outer loop
      vertex -4.456640e+00 1.631419e+01 6.743126e+00
      vertex -3.733569e+00 1.366728e+01 5.924985e+00
      vertex -6.354830e+00 1.567231e+01 6.743126e+00
    endloop
  endfacet
  facet normal -6.534407e-02 2.853624e-01 -9.557710e-01
    outer loop
      vertex -2.495767e+00 1.672657e+01 6.743126e+00
      vertex -3.733569e+00 1.366728e+01 5.924985e+00
      vertex -4.456640e+00 1.631419e+01 6.743126e+00
    endloop
  endfacet
  facet normal -5.108835e-02 2.725486e-01 -9.603899e-01
    outer loop
      vertex -2.495767e+00 1.672657e+01 6.743126e+00
      vertex -2.090839e+00 1.401276e+01 5.924985e+00
      vertex -3.733569e+00 1.366728e+01 5.924985e+00
    endloop
  endfacet
  facet normal -3.110179e-02 2.911006e-01 -9.557703e-01
    outer loop
      vertex -4.999296e-01 1.690426e+01 6.743126e+00
      vertex -2.090839e+00 1.401276e+01 5.924985e+00
      vertex -2.495767e+00 1.672657e+01 6.743126e+00
    endloop
  endfacet
  facet normal -1.853797e-02 2.766828e-01 -9.603894e-01
    outer loop
      vertex -4.999296e-01 1.690426e+01 6.743126e+00
      vertex -4.188182e-01 1.416162e+01 5.924985e+00
      vertex -2.090839e+00 1.401276e+01 5.924985e+00
    endloop
  endfacet
  facet normal 2.114051e-03 2.772892e-01 -9.603897e-01
    outer loop
      vertex 1.259084e+00 1.411205e+01 5.924985e+00
      vertex -4.188182e-01 1.416162e+01 5.924985e+00
      vertex -4.999296e-01 1.690426e+01 6.743126e+00
    endloop
  endfacet
  facet normal -5.106164e-01 2.359849e-01 -8.256411e-01
    outer loop
      vertex -3.299969e+01 1.693894e+01 1.721593e+01
      vertex -2.878872e+01 1.477742e+01 1.405446e+01
      vertex -3.476843e+01 1.291562e+01 1.721593e+01
    endloop
  endfacet
  facet normal -4.750674e-01 2.670634e-01 -8.373607e-01
    outer loop
      vertex -2.683883e+01 1.807889e+01 1.405446e+01
      vertex -2.878872e+01 1.477742e+01 1.405446e+01
      vertex -3.299969e+01 1.693894e+01 1.721593e+01
    endloop
  endfacet
  facet normal -4.315927e-01 2.655426e-01 -8.609560e-01
    outer loop
      vertex -2.683883e+01 1.807889e+01 1.405446e+01
      vertex -2.273932e+01 1.531742e+01 1.121467e+01
      vertex -2.878872e+01 1.477742e+01 1.405446e+01
    endloop
  endfacet
  facet normal -3.925942e-01 2.866330e-01 -8.728402e-01
    outer loop
      vertex -2.076801e+01 1.789955e+01 1.121467e+01
      vertex -2.273932e+01 1.531742e+01 1.121467e+01
      vertex -2.683883e+01 1.807889e+01 1.405446e+01
    endloop
  endfacet
  facet normal -3.507021e-01 2.779731e-01 -8.934813e-01
    outer loop
      vertex -2.076801e+01 1.789955e+01 1.121467e+01
      vertex -1.785527e+01 1.538911e+01 9.331341e+00
      vertex -2.273932e+01 1.531742e+01 1.121467e+01
    endloop
  endfacet
  facet normal -3.266973e-01 3.058167e-01 -8.934813e-01
    outer loop
      vertex -1.850505e+01 2.023030e+01 1.121467e+01
      vertex -1.785527e+01 1.538911e+01 9.331341e+00
      vertex -2.076801e+01 1.789955e+01 1.121467e+01
    endloop
  endfacet
  facet normal -3.017623e-01 3.058492e-01 -9.022381e-01
    outer loop
      vertex -1.850505e+01 2.023030e+01 1.121467e+01
      vertex -1.590969e+01 1.739296e+01 9.331341e+00
      vertex -1.785527e+01 1.538911e+01 9.331341e+00
    endloop
  endfacet
  facet normal -2.882041e-01 3.423457e-01 -8.934808e-01
    outer loop
      vertex -1.598227e+01 2.227692e+01 1.121467e+01
      vertex -1.590969e+01 1.739296e+01 9.331341e+00
      vertex -1.850505e+01 2.023030e+01 1.121467e+01
    endloop
  endfacet
  facet normal -2.635069e-01 3.393746e-01 -9.022374e-01
    outer loop
      vertex -1.598227e+01 2.227692e+01 1.121467e+01
      vertex -1.374073e+01 1.915255e+01 9.331341e+00
      vertex -1.590969e+01 1.739296e+01 9.331341e+00
    endloop
  endfacet
  facet normal -2.370846e-01 3.583243e-01 -9.022377e-01
    outer loop
      vertex -1.137908e+01 2.064355e+01 9.331341e+00
      vertex -1.374073e+01 1.915255e+01 9.331341e+00
      vertex -1.598227e+01 2.227692e+01 1.121467e+01
    endloop
  endfacet
  facet normal -2.031814e-01 3.349566e-01 -9.192867e-01
    outer loop
      vertex -1.137908e+01 2.064355e+01 9.331341e+00
      vertex -9.467429e+00 1.717550e+01 7.689560e+00
      vertex -1.374073e+01 1.915255e+01 9.331341e+00
    endloop
  endfacet
  facet normal -1.746862e-01 3.506665e-01 -9.192863e-01
    outer loop
      vertex -8.857392e+00 2.184414e+01 9.331341e+00
      vertex -9.467429e+00 1.717550e+01 7.689560e+00
      vertex -1.137908e+01 2.064355e+01 9.331341e+00
    endloop
  endfacet
  facet normal -1.524709e-01 3.391084e-01 -9.275770e-01
    outer loop
      vertex -8.857392e+00 2.184414e+01 9.331341e+00
      vertex -7.369380e+00 1.817440e+01 7.689560e+00
      vertex -9.467429e+00 1.717550e+01 7.689560e+00
    endloop
  endfacet
  facet normal -1.267561e-01 3.495359e-01 -9.275770e-01
    outer loop
      vertex -5.168144e+00 1.891875e+01 7.689560e+00
      vertex -7.369380e+00 1.817440e+01 7.689560e+00
      vertex -8.857392e+00 2.184414e+01 9.331341e+00
    endloop
  endfacet
  facet normal -1.022349e-01 3.214014e-01 -9.409633e-01
    outer loop
      vertex -5.168144e+00 1.891875e+01 7.689560e+00
      vertex -4.456640e+00 1.631419e+01 6.743126e+00
      vertex -7.369380e+00 1.817440e+01 7.689560e+00
    endloop
  endfacet
  facet normal -7.540857e-02 3.287258e-01 -9.409635e-01
    outer loop
      vertex -2.894217e+00 1.939697e+01 7.689560e+00
      vertex -4.456640e+00 1.631419e+01 6.743126e+00
      vertex -5.168144e+00 1.891875e+01 7.689560e+00
    endloop
  endfacet
  facet normal -5.960291e-02 3.172189e-01 -9.460573e-01
    outer loop
      vertex -2.894217e+00 1.939697e+01 7.689560e+00
      vertex -2.495767e+00 1.672657e+01 6.743126e+00
      vertex -4.456640e+00 1.631419e+01 6.743126e+00
    endloop
  endfacet
  facet normal -3.596103e-02 3.353519e-01 -9.409625e-01
    outer loop
      vertex -5.797436e-01 1.960303e+01 7.689560e+00
      vertex -2.495767e+00 1.672657e+01 6.743126e+00
      vertex -2.894217e+00 1.939697e+01 7.689560e+00
    endloop
  endfacet
  facet normal -2.171563e-02 3.220474e-01 -9.460565e-01
    outer loop
      vertex -5.797436e-01 1.960303e+01 7.689560e+00
      vertex -4.999296e-01 1.690426e+01 6.743126e+00
      vertex -2.495767e+00 1.672657e+01 6.743126e+00
    endloop
  endfacet
  facet normal 2.599375e-03 3.227614e-01 -9.460570e-01
    outer loop
      vertex 1.502927e+00 1.684509e+01 6.743126e+00
      vertex -4.999296e-01 1.690426e+01 6.743126e+00
      vertex -5.797436e-01 1.960303e+01 7.689560e+00
    endloop
  endfacet
  facet normal 1.386523e-02 2.924210e-01 -9.557710e-01
    outer loop
      vertex 1.502927e+00 1.684509e+01 6.743126e+00
      vertex 1.259084e+00 1.411205e+01 5.924985e+00
      vertex -4.999296e-01 1.690426e+01 6.743126e+00
    endloop
  endfacet
  facet normal 3.814844e-02 2.902551e-01 -9.557708e-01
    outer loop
      vertex 3.484579e+00 1.654863e+01 6.743126e+00
      vertex 1.259084e+00 1.411205e+01 5.924985e+00
      vertex 1.502927e+00 1.684509e+01 6.743126e+00
    endloop
  endfacet
  facet normal 4.702228e-02 2.732836e-01 -9.603893e-01
    outer loop
      vertex 3.484579e+00 1.654863e+01 6.743126e+00
      vertex 2.919221e+00 1.386368e+01 5.924985e+00
      vertex 1.259084e+00 1.411205e+01 5.924985e+00
    endloop
  endfacet
  facet normal 6.722444e-02 2.690338e-01 -9.603888e-01
    outer loop
      vertex 4.538441e+00 1.342123e+01 5.924985e+00
      vertex 2.919221e+00 1.386368e+01 5.924985e+00
      vertex 3.484579e+00 1.654863e+01 6.743126e+00
    endloop
  endfacet
  facet normal -4.789622e-01 2.949409e-01 -8.256500e-01
    outer loop
      vertex -3.076459e+01 2.072331e+01 1.721593e+01
      vertex -2.683883e+01 1.807889e+01 1.405446e+01
      vertex -3.299969e+01 1.693894e+01 1.721593e+01
    endloop
  endfacet
  facet normal -4.400363e-01 3.215473e-01 -8.373615e-01
    outer loop
      vertex -2.451213e+01 2.112653e+01 1.405446e+01
      vertex -2.683883e+01 1.807889e+01 1.405446e+01
      vertex -3.076459e+01 2.072331e+01 1.721593e+01
    endloop
  endfacet
  facet normal -3.971429e-01 3.147603e-01 -8.609566e-01
    outer loop
      vertex -2.451213e+01 2.112653e+01 1.405446e+01
      vertex -2.076801e+01 1.789955e+01 1.121467e+01
      vertex -2.683883e+01 1.807889e+01 1.405446e+01
    endloop
  endfacet
  facet normal -3.699369e-01 3.463171e-01 -8.609567e-01
    outer loop
      vertex -2.184120e+01 2.387747e+01 1.405446e+01
      vertex -2.076801e+01 1.789955e+01 1.121467e+01
      vertex -2.451213e+01 2.112653e+01 1.405446e+01
    endloop
  endfacet
  facet normal -3.413833e-01 3.460334e-01 -8.728405e-01
    outer loop
      vertex -2.184120e+01 2.387747e+01 1.405446e+01
      vertex -1.850505e+01 2.023030e+01 1.121467e+01
      vertex -2.076801e+01 1.789955e+01 1.121467e+01
    endloop
  endfacet
  facet normal -3.263460e-01 3.876806e-01 -8.609560e-01
    outer loop
      vertex -1.886360e+01 2.629308e+01 1.405446e+01
      vertex -1.850505e+01 2.023030e+01 1.121467e+01
      vertex -2.184120e+01 2.387747e+01 1.405446e+01
    endloop
  endfacet
  facet normal -2.981019e-01 3.839603e-01 -8.728396e-01
    outer loop
      vertex -1.886360e+01 2.629308e+01 1.405446e+01
      vertex -1.598227e+01 2.227692e+01 1.121467e+01
      vertex -1.850505e+01 2.023030e+01 1.121467e+01
    endloop
  endfacet
  facet normal -2.682394e-01 4.053773e-01 -8.728399e-01
    outer loop
      vertex -1.323536e+01 2.401115e+01 1.121467e+01
      vertex -1.598227e+01 2.227692e+01 1.121467e+01
      vertex -1.886360e+01 2.629308e+01 1.405446e+01
    endloop
  endfacet
  facet normal -2.319194e-01 3.827123e-01 -8.934814e-01
    outer loop
      vertex -1.323536e+01 2.401115e+01 1.121467e+01
      vertex -1.137908e+01 2.064355e+01 9.331341e+00
      vertex -1.598227e+01 2.227692e+01 1.121467e+01
    endloop
  endfacet
  facet normal -1.997141e-01 4.004675e-01 -8.934810e-01
    outer loop
      vertex -1.030231e+01 2.540759e+01 1.121467e+01
      vertex -1.137908e+01 2.064355e+01 9.331341e+00
      vertex -1.323536e+01 2.401115e+01 1.121467e+01
    endloop
  endfacet
  facet normal -1.763842e-01 3.917894e-01 -9.022369e-01
    outer loop
      vertex -1.030231e+01 2.540759e+01 1.121467e+01
      vertex -8.857392e+00 2.184414e+01 9.331341e+00
      vertex -1.137908e+01 2.064355e+01 9.331341e+00
    endloop
  endfacet
  facet normal -1.462854e-01 4.039947e-01 -9.022368e-01
    outer loop
      vertex -6.211687e+00 2.273879e+01 9.331341e+00
      vertex -8.857392e+00 2.184414e+01 9.331341e+00
      vertex -1.030231e+01 2.540759e+01 1.121467e+01
    endloop
  endfacet
  facet normal -1.188727e-01 3.732993e-01 -9.192861e-01
    outer loop
      vertex -6.211687e+00 2.273879e+01 9.331341e+00
      vertex -5.168144e+00 1.891875e+01 7.689560e+00
      vertex -8.857392e+00 2.184414e+01 9.331341e+00
    endloop
  endfacet
  facet normal -8.747289e-02 3.818723e-01 -9.192863e-01
    outer loop
      vertex -3.478612e+00 2.331358e+01 9.331341e+00
      vertex -5.168144e+00 1.891875e+01 7.689560e+00
      vertex -6.211687e+00 2.273879e+01 9.331341e+00
    endloop
  endfacet
  facet normal -6.853005e-02 3.654332e-01 -9.275773e-01
    outer loop
      vertex -3.478612e+00 2.331358e+01 9.331341e+00
      vertex -2.894217e+00 1.939697e+01 7.689560e+00
      vertex -5.168144e+00 1.891875e+01 7.689560e+00
    endloop
  endfacet
  facet normal -4.164940e-02 3.895544e-01 -9.192849e-01
    outer loop
      vertex -6.968043e-01 2.356124e+01 9.331341e+00
      vertex -2.894217e+00 1.939697e+01 7.689560e+00
      vertex -3.478612e+00 2.331358e+01 9.331341e+00
    endloop
  endfacet
  facet normal -2.488604e-02 3.709799e-01 -9.275762e-01
    outer loop
      vertex -6.968043e-01 2.356124e+01 9.331341e+00
      vertex -5.797436e-01 1.960303e+01 7.689560e+00
      vertex -2.894217e+00 1.939697e+01 7.689560e+00
    endloop
  endfacet
  facet normal 2.864760e-03 3.717948e-01 -9.275768e-01
    outer loop
      vertex 1.742870e+00 1.953442e+01 7.689560e+00
      vertex -5.797436e-01 1.960303e+01 7.689560e+00
      vertex -6.968043e-01 2.356124e+01 9.331341e+00
    endloop
  endfacet
  facet normal 1.610478e-02 3.368808e-01 -9.409635e-01
    outer loop
      vertex 1.742870e+00 1.953442e+01 7.689560e+00
      vertex 1.502927e+00 1.684509e+01 6.743126e+00
      vertex -5.797436e-01 1.960303e+01 7.689560e+00
    endloop
  endfacet
  facet normal 4.381928e-02 3.344088e-01 -9.409632e-01
    outer loop
      vertex 4.040893e+00 1.919062e+01 7.689560e+00
      vertex 1.502927e+00 1.684509e+01 6.743126e+00
      vertex 1.742870e+00 1.953442e+01 7.689560e+00
    endloop
  endfacet
  facet normal 5.459709e-02 3.181235e-01 -9.460564e-01
    outer loop
      vertex 4.040893e+00 1.919062e+01 7.689560e+00
      vertex 3.484579e+00 1.654863e+01 6.743126e+00
      vertex 1.502927e+00 1.684509e+01 6.743126e+00
    endloop
  endfacet
  facet normal 7.838243e-02 3.131198e-01 -9.460558e-01
    outer loop
      vertex 5.417389e+00 1.602049e+01 6.743126e+00
      vertex 3.484579e+00 1.654863e+01 6.743126e+00
      vertex 4.040893e+00 1.919062e+01 7.689560e+00
    endloop
  endfacet
  facet normal 8.213592e-02 2.810015e-01 -9.557697e-01
    outer loop
      vertex 5.417389e+00 1.602049e+01 6.743126e+00
      vertex 4.538441e+00 1.342123e+01 5.924985e+00
      vertex 3.484579e+00 1.654863e+01 6.743126e+00
    endloop
  endfacet
  facet normal 9.852559e-02 2.592017e-01 -9.603896e-01
    outer loop
      vertex 6.094024e+00 1.279050e+01 5.924985e+00
      vertex 4.538441e+00 1.342123e+01 5.924985e+00
      vertex 5.417389e+00 1.602049e+01 6.743126e+00
    endloop
  endfacet
  facet normal 3.363040e-01 4.509151e-01 -8.256442e-01
    outer loop
      vertex 2.337324e+01 2.880202e+01 1.721593e+01
      vertex 2.039067e+01 2.512670e+01 1.405446e+01
      vertex 1.980257e+01 3.136376e+01 1.721593e+01
    endloop
  endfacet
  facet normal -2.913493e-01 4.811607e-01 -8.256510e-01
    outer loop
      vertex -1.790644e+01 3.248528e+01 1.721593e+01
      vertex -1.562147e+01 2.833995e+01 1.405446e+01
      vertex -2.162281e+01 3.013900e+01 1.721593e+01
    endloop
  endfacet
  facet normal -2.512097e-01 5.032901e-01 -8.256504e-01
    outer loop
      vertex -1.393825e+01 3.437457e+01 1.721593e+01
      vertex -1.562147e+01 2.833995e+01 1.405446e+01
      vertex -1.790644e+01 3.248528e+01 1.721593e+01
    endloop
  endfacet
  facet normal -2.239171e-01 4.968764e-01 -8.373599e-01
    outer loop
      vertex -1.393825e+01 3.437457e+01 1.721593e+01
      vertex -1.215964e+01 2.998815e+01 1.405446e+01
      vertex -1.562147e+01 2.833995e+01 1.405446e+01
    endloop
  endfacet
  facet normal -1.853628e-01 5.125105e-01 -8.373598e-01
    outer loop
      vertex -8.527551e+00 3.121636e+01 1.405446e+01
      vertex -1.215964e+01 2.998815e+01 1.405446e+01
      vertex -1.393825e+01 3.437457e+01 1.721593e+01
    endloop
  endfacet
  facet normal -1.535664e-01 4.829222e-01 -8.609560e-01
    outer loop
      vertex -8.527551e+00 3.121636e+01 1.405446e+01
      vertex -7.225005e+00 2.644819e+01 1.121467e+01
      vertex -1.215964e+01 2.998815e+01 1.405446e+01
    endloop
  endfacet
  facet normal -1.133457e-01 4.939036e-01 -8.609564e-01
    outer loop
      vertex -4.775521e+00 3.200543e+01 1.405446e+01
      vertex -7.225005e+00 2.644819e+01 1.121467e+01
      vertex -8.527551e+00 3.121636e+01 1.405446e+01
    endloop
  endfacet
  facet normal -8.980744e-02 4.777206e-01 -8.728394e-01
    outer loop
      vertex -4.775521e+00 3.200543e+01 1.405446e+01
      vertex -4.046082e+00 2.711674e+01 1.121467e+01
      vertex -7.225005e+00 2.644819e+01 1.121467e+01
    endloop
  endfacet
  facet normal -5.407586e-02 5.038640e-01 -8.609541e-01
    outer loop
      vertex -9.565896e-01 3.234544e+01 1.405446e+01
      vertex -4.046082e+00 2.711674e+01 1.121467e+01
      vertex -4.775521e+00 3.200543e+01 1.405446e+01
    endloop
  endfacet
  facet normal -3.274982e-02 4.849974e-01 -8.728378e-01
    outer loop
      vertex -9.565896e-01 3.234544e+01 1.405446e+01
      vertex -8.104748e-01 2.740481e+01 1.121467e+01
      vertex -4.046082e+00 2.711674e+01 1.121467e+01
    endloop
  endfacet
  facet normal 3.961304e-03 4.860757e-01 -8.728388e-01
    outer loop
      vertex 2.436512e+00 2.730889e+01 1.121467e+01
      vertex -8.104748e-01 2.740481e+01 1.121467e+01
      vertex -9.565896e-01 3.234544e+01 1.405446e+01
    endloop
  endfacet
  facet normal 2.142374e-02 4.469867e-01 -8.934810e-01
    outer loop
      vertex 2.436512e+00 2.730889e+01 1.121467e+01
      vertex 2.094788e+00 2.347877e+01 9.331341e+00
      vertex -8.104748e-01 2.740481e+01 1.121467e+01
    endloop
  endfacet
  facet normal 5.808678e-02 4.437164e-01 -8.934805e-01
    outer loop
      vertex 5.649122e+00 2.682826e+01 1.121467e+01
      vertex 2.094788e+00 2.347877e+01 9.331341e+00
      vertex 2.436512e+00 2.730889e+01 1.121467e+01
    endloop
  endfacet
  facet normal 7.262033e-02 4.234812e-01 -9.022358e-01
    outer loop
      vertex 5.649122e+00 2.682826e+01 1.121467e+01
      vertex 4.856823e+00 2.306556e+01 9.331341e+00
      vertex 2.094788e+00 2.347877e+01 9.331341e+00
    endloop
  endfacet
  facet normal 1.043947e-01 4.167967e-01 -9.022347e-01
    outer loop
      vertex 7.550783e+00 2.232944e+01 9.331341e+00
      vertex 4.856823e+00 2.306556e+01 9.331341e+00
      vertex 5.649122e+00 2.682826e+01 1.121467e+01
    endloop
  endfacet
  facet normal 1.099434e-01 3.760345e-01 -9.192840e-01
    outer loop
      vertex 7.550783e+00 2.232944e+01 9.331341e+00
      vertex 6.282277e+00 1.857817e+01 7.689560e+00
      vertex 4.856823e+00 2.306556e+01 9.331341e+00
    endloop
  endfacet
  facet normal 1.321334e-01 3.475322e-01 -9.275768e-01
    outer loop
      vertex 8.435573e+00 1.770508e+01 7.689560e+00
      vertex 6.282277e+00 1.857817e+01 7.689560e+00
      vertex 7.550783e+00 2.232944e+01 9.331341e+00
    endloop
  endfacet
  facet normal 1.324171e-01 3.101814e-01 -9.409633e-01
    outer loop
      vertex 8.435573e+00 1.770508e+01 7.689560e+00
      vertex 7.274239e+00 1.526760e+01 6.743126e+00
      vertex 6.282277e+00 1.857817e+01 7.689560e+00
    endloop
  endfacet
  facet normal 1.575484e-01 2.982114e-01 -9.409626e-01
    outer loop
      vertex 1.046994e+01 1.658253e+01 7.689560e+00
      vertex 7.274239e+00 1.526760e+01 6.743126e+00
      vertex 8.435573e+00 1.770508e+01 7.689560e+00
    endloop
  endfacet
  facet normal 1.619642e-01 2.792015e-01 -9.460556e-01
    outer loop
      vertex 1.046994e+01 1.658253e+01 7.689560e+00
      vertex 9.028534e+00 1.429960e+01 6.743126e+00
      vertex 7.274239e+00 1.526760e+01 6.743126e+00
    endloop
  endfacet
  facet normal 1.824984e-01 2.662410e-01 -9.460548e-01
    outer loop
      vertex 1.065650e+01 1.313163e+01 6.743126e+00
      vertex 9.028534e+00 1.429960e+01 6.743126e+00
      vertex 1.046994e+01 1.658253e+01 7.689560e+00
    endloop
  endfacet
  facet normal 1.748291e-01 2.348286e-01 -9.557691e-01
    outer loop
      vertex 1.065650e+01 1.313163e+01 6.743126e+00
      vertex 8.927530e+00 1.100108e+01 5.924985e+00
      vertex 9.028534e+00 1.429960e+01 6.743126e+00
    endloop
  endfacet
  facet normal 1.826021e-01 2.086853e-01 -9.603894e-01
    outer loop
      vertex 1.016619e+01 9.868274e+00 5.924985e+00
      vertex 8.927530e+00 1.100108e+01 5.924985e+00
      vertex 1.065650e+01 1.313163e+01 6.743126e+00
    endloop
  endfacet
  facet normal 3.488050e-01 3.675894e-01 -8.609555e-01
    outer loop
      vertex 2.039067e+01 2.512670e+01 1.405446e+01
      vertex 2.321979e+01 2.253935e+01 1.405446e+01
      vertex 1.967307e+01 1.909656e+01 1.121467e+01
    endloop
  endfacet
  facet normal 3.592682e-01 4.098086e-01 -8.373585e-01
    outer loop
      vertex 2.337324e+01 2.880202e+01 1.721593e+01
      vertex 2.321979e+01 2.253935e+01 1.405446e+01
      vertex 2.039067e+01 2.512670e+01 1.405446e+01
    endloop
  endfacet
  facet normal 3.750526e-01 3.092412e-01 -8.728346e-01
    outer loop
      vertex 1.967307e+01 1.909656e+01 1.121467e+01
      vertex 2.572129e+01 1.963412e+01 1.405446e+01
      vertex 2.179248e+01 1.663509e+01 1.121467e+01
    endloop
  endfacet
  facet normal 3.778993e-01 3.376225e-01 -8.609537e-01
    outer loop
      vertex 2.321979e+01 2.253935e+01 1.405446e+01
      vertex 2.572129e+01 1.963412e+01 1.405446e+01
      vertex 1.967307e+01 1.909656e+01 1.121467e+01
    endloop
  endfacet
  facet normal 4.722787e-01 3.055915e-01 -8.256404e-01
    outer loop
      vertex 3.193852e+01 1.886126e+01 1.721593e+01
      vertex 2.786296e+01 1.645445e+01 1.405446e+01
      vertex 2.948358e+01 2.250603e+01 1.721593e+01
    endloop
  endfacet
  facet normal 3.756447e-01 2.432476e-01 -8.934741e-01
    outer loop
      vertex 2.179248e+01 1.663509e+01 1.121467e+01
      vertex 2.360702e+01 1.394110e+01 1.121467e+01
      vertex 2.029609e+01 1.198584e+01 9.331341e+00
    endloop
  endfacet
  facet normal 3.973025e-01 2.801056e-01 -8.728320e-01
    outer loop
      vertex 2.572129e+01 1.963412e+01 1.405446e+01
      vertex 2.360702e+01 1.394110e+01 1.121467e+01
      vertex 2.179248e+01 1.663509e+01 1.121467e+01
    endloop
  endfacet
  facet normal 5.050702e-01 2.476047e-01 -8.256483e-01
    outer loop
      vertex 2.961472e+01 1.304431e+01 1.405446e+01
      vertex 3.193852e+01 1.886126e+01 1.721593e+01
      vertex 3.394651e+01 1.495233e+01 1.721593e+01
    endloop
  endfacet
  facet normal 4.794556e-01 2.591302e-01 -8.373558e-01
    outer loop
      vertex 2.961472e+01 1.304431e+01 1.405446e+01
      vertex 2.786296e+01 1.645445e+01 1.405446e+01
      vertex 3.193852e+01 1.886126e+01 1.721593e+01
    endloop
  endfacet
  facet normal 4.549259e-01 2.232382e-01 -8.609545e-01
    outer loop
      vertex 2.509120e+01 1.105185e+01 1.121467e+01
      vertex 2.786296e+01 1.645445e+01 1.405446e+01
      vertex 2.961472e+01 1.304431e+01 1.405446e+01
    endloop
  endfacet
  facet normal 3.516336e-01 1.727279e-01 -9.192851e-01
    outer loop
      vertex 2.029609e+01 1.198584e+01 9.331341e+00
      vertex 2.157212e+01 9.501813e+00 9.331341e+00
      vertex 1.794808e+01 7.905540e+00 7.689560e+00
    endloop
  endfacet
  facet normal 3.779139e-01 2.044328e-01 -9.022340e-01
    outer loop
      vertex 2.360702e+01 1.394110e+01 1.121467e+01
      vertex 2.157212e+01 9.501813e+00 9.331341e+00
      vertex 2.029609e+01 1.198584e+01 9.331341e+00
    endloop
  endfacet
  facet normal 5.235987e-01 2.055310e-01 -8.256483e-01
    outer loop
      vertex 3.547504e+01 1.083222e+01 1.721593e+01
      vertex 2.961472e+01 1.304431e+01 1.405446e+01
      vertex 3.394651e+01 1.495233e+01 1.721593e+01
    endloop
  endfacet
  facet normal 5.148328e-01 1.787974e-01 -8.373556e-01
    outer loop
      vertex 3.094820e+01 9.449959e+00 1.405446e+01
      vertex 2.961472e+01 1.304431e+01 1.405446e+01
      vertex 3.547504e+01 1.083222e+01 1.721593e+01
    endloop
  endfacet
  facet normal 4.717745e-01 1.849791e-01 -8.609545e-01
    outer loop
      vertex 3.094820e+01 9.449959e+00 1.405446e+01
      vertex 2.509120e+01 1.105185e+01 1.121467e+01
      vertex 2.961472e+01 1.304431e+01 1.405446e+01
    endloop
  endfacet
  facet normal 4.592555e-01 1.592832e-01 -8.728354e-01
    outer loop
      vertex 2.622100e+01 8.006519e+00 1.121467e+01
      vertex 2.509120e+01 1.105185e+01 1.121467e+01
      vertex 3.094820e+01 9.449959e+00 1.405446e+01
    endloop
  endfacet
  facet normal 3.513339e-01 1.216775e-01 -9.275747e-01
    outer loop
      vertex 1.794808e+01 7.905540e+00 7.689560e+00
      vertex 2.254346e+01 6.883592e+00 9.331341e+00
      vertex 1.875624e+01 5.727172e+00 7.689560e+00
    endloop
  endfacet
  facet normal 3.647872e-01 1.428595e-01 -9.192851e-01
    outer loop
      vertex 2.157212e+01 9.501813e+00 9.331341e+00
      vertex 2.254346e+01 6.883592e+00 9.331341e+00
      vertex 1.794808e+01 7.905540e+00 7.689560e+00
    endloop
  endfacet
  facet normal 3.632577e-01 7.938004e-02 -9.275708e-01
    outer loop
      vertex 1.875624e+01 5.727172e+00 7.689560e+00
      vertex 2.319877e+01 4.169081e+00 9.331341e+00
      vertex 1.930146e+01 3.468689e+00 7.689560e+00
    endloop
  endfacet
  facet normal 3.791621e-01 9.866592e-02 -9.192798e-01
    outer loop
      vertex 2.254346e+01 6.883592e+00 9.331341e+00
      vertex 2.319877e+01 4.169081e+00 9.331341e+00
      vertex 1.875624e+01 5.727172e+00 7.689560e+00
    endloop
  endfacet
  facet normal 3.355652e-01 3.395736e-02 -9.409604e-01
    outer loop
      vertex 1.930146e+01 3.468689e+00 7.689560e+00
      vertex 1.957724e+01 1.161724e+00 7.689560e+00
      vertex 1.688202e+01 1.001788e+00 6.743126e+00
    endloop
  endfacet
  facet normal 3.681479e-01 5.215168e-02 -9.275720e-01
    outer loop
      vertex 2.319877e+01 4.169081e+00 9.331341e+00
      vertex 1.957724e+01 1.161724e+00 7.689560e+00
      vertex 1.930146e+01 3.468689e+00 7.689560e+00
    endloop
  endfacet
  facet normal 2.930365e-01 6.146603e-03 -9.557711e-01
    outer loop
      vertex 1.688202e+01 1.001788e+00 6.743126e+00
      vertex 1.691201e+01 1.680446e-16 6.743126e+00
      vertex 1.416811e+01 1.179110e-16 5.924985e+00
    endloop
  endfacet
  facet normal 3.228725e-01 1.316174e-02 -9.460573e-01
    outer loop
      vertex 1.957724e+01 1.161724e+00 7.689560e+00
      vertex 1.691201e+01 1.680446e-16 6.743126e+00
      vertex 1.688202e+01 1.001788e+00 6.743126e+00
    endloop
  endfacet
  facet normal 3.921483e-01 8.211126e-03 -9.192865e-01
    outer loop
      vertex 2.357204e+01 3.267168e-16 9.331341e+00
      vertex 1.961202e+01 2.260548e-16 7.689560e+00
      vertex 2.353024e+01 1.396297e+00 9.331341e+00
    endloop
  endfacet
  facet normal 4.452482e-01 4.500140e-02 -8.934760e-01
    outer loop
      vertex 2.736875e+01 1.624077e+00 1.121467e+01
      vertex 2.353024e+01 1.396297e+00 9.331341e+00
      vertex 2.698322e+01 4.849187e+00 1.121467e+01
    endloop
  endfacet
  facet normal 4.297955e-01 1.749134e-02 -9.022372e-01
    outer loop
      vertex 2.736875e+01 1.624077e+00 1.121467e+01
      vertex 2.357204e+01 3.267168e-16 9.331341e+00
      vertex 2.353024e+01 1.396297e+00 9.331341e+00
    endloop
  endfacet
  facet normal 4.479380e-01 9.280217e-03 -8.934813e-01
    outer loop
      vertex 2.741738e+01 4.422306e-16 1.121467e+01
      vertex 2.357204e+01 3.267168e-16 9.331341e+00
      vertex 2.736875e+01 1.624077e+00 1.121467e+01
    endloop
  endfacet
  facet normal 4.813378e-01 6.796897e-02 -8.728309e-01
    outer loop
      vertex 3.184783e+01 5.723413e+00 1.405446e+01
      vertex 2.736875e+01 1.624077e+00 1.121467e+01
      vertex 2.698322e+01 4.849187e+00 1.121467e+01
    endloop
  endfacet
  facet normal 5.041924e-01 5.097674e-02 -8.609501e-01
    outer loop
      vertex 3.230287e+01 1.916870e+00 1.405446e+01
      vertex 2.736875e+01 1.624077e+00 1.121467e+01
      vertex 3.184783e+01 5.723413e+00 1.405446e+01
    endloop
  endfacet
  facet normal 4.862452e-01 1.979804e-02 -8.728393e-01
    outer loop
      vertex 3.230287e+01 1.916870e+00 1.405446e+01
      vertex 2.741738e+01 4.422306e-16 1.121467e+01
      vertex 2.736875e+01 1.624077e+00 1.121467e+01
    endloop
  endfacet
  facet normal 5.072410e-01 1.051783e-02 -8.609567e-01
    outer loop
      vertex 3.236026e+01 6.164803e-16 1.405446e+01
      vertex 2.741738e+01 4.422306e-16 1.121467e+01
      vertex 3.230287e+01 1.916870e+00 1.405446e+01
    endloop
  endfacet
  facet normal 5.396952e-01 7.598386e-02 -8.373501e-01
    outer loop
      vertex 3.650626e+01 6.560585e+00 1.721593e+01
      vertex 3.230287e+01 1.916870e+00 1.405446e+01
      vertex 3.184783e+01 5.723413e+00 1.405446e+01
    endloop
  endfacet
  facet normal 5.596828e-01 5.637169e-02 -8.256431e-01
    outer loop
      vertex 3.702786e+01 2.197254e+00 1.721593e+01
      vertex 3.230287e+01 1.916870e+00 1.405446e+01
      vertex 3.650626e+01 6.560585e+00 1.721593e+01
    endloop
  endfacet
  facet normal 5.451757e-01 2.208436e-02 -8.373603e-01
    outer loop
      vertex 3.702786e+01 2.197254e+00 1.721593e+01
      vertex 3.236026e+01 6.164803e-16 1.405446e+01
      vertex 3.230287e+01 1.916870e+00 1.405446e+01
    endloop
  endfacet
  facet normal 5.630456e-01 1.156653e-02 -8.256509e-01
    outer loop
      vertex 3.709365e+01 8.105440e-16 1.721593e+01
      vertex 3.236026e+01 6.164803e-16 1.405446e+01
      vertex 3.702786e+01 2.197254e+00 1.721593e+01
    endloop
  endfacet
  facet normal 6.102015e-01 1.245125e-02 -7.915236e-01
    outer loop
      vertex 3.709365e+01 8.105440e-16 1.721593e+01
      vertex 4.155195e+01 2.465777e+00 2.064937e+01
      vertex 4.162539e+01 9.447858e-16 2.064937e+01
    endloop
  endfacet
  facet normal 5.950457e-01 2.401778e-02 -8.027300e-01
    outer loop
      vertex 3.702786e+01 2.197254e+00 1.721593e+01
      vertex 4.155195e+01 2.465777e+00 2.064937e+01
      vertex 3.709365e+01 8.105440e-16 1.721593e+01
    endloop
  endfacet
  facet normal 6.088483e-01 4.456086e-02 -7.915180e-01
    outer loop
      vertex 3.702786e+01 2.197254e+00 1.721593e+01
      vertex 4.142431e+01 4.079913e+00 2.064937e+01
      vertex 4.155195e+01 2.465777e+00 2.064937e+01
    endloop
  endfacet
  facet normal 5.913553e-01 6.639694e-02 -8.027216e-01
    outer loop
      vertex 3.650626e+01 6.560585e+00 1.721593e+01
      vertex 4.142431e+01 4.079913e+00 2.064937e+01
      vertex 3.702786e+01 2.197254e+00 1.721593e+01
    endloop
  endfacet
  facet normal 6.032264e-01 9.174028e-02 -7.915081e-01
    outer loop
      vertex 3.650626e+01 6.560585e+00 1.721593e+01
      vertex 4.096832e+01 7.362546e+00 2.064937e+01
      vertex 4.142431e+01 4.079913e+00 2.064937e+01
    endloop
  endfacet
  facet normal 6.002374e-01 1.118780e-01 -7.915047e-01
    outer loop
      vertex 4.082492e+01 8.120608e+00 2.064937e+01
      vertex 4.096832e+01 7.362546e+00 2.064937e+01
      vertex 3.650626e+01 6.560585e+00 1.721593e+01
    endloop
  endfacet
  facet normal 4.748682e-01 1.039888e-01 -8.728291e-01
    outer loop
      vertex 2.622100e+01 8.006519e+00 1.121467e+01
      vertex 3.184783e+01 5.723413e+00 1.405446e+01
      vertex 2.698322e+01 4.849187e+00 1.121467e+01
    endloop
  endfacet
  facet normal 4.903902e-01 1.278200e-01 -8.609462e-01
    outer loop
      vertex 3.094820e+01 9.449959e+00 1.405446e+01
      vertex 3.184783e+01 5.723413e+00 1.405446e+01
      vertex 2.622100e+01 8.006519e+00 1.121467e+01
    endloop
  endfacet
  facet normal 5.323626e-01 1.168072e-01 -8.373480e-01
    outer loop
      vertex 3.094820e+01 9.449959e+00 1.405446e+01
      vertex 3.650626e+01 6.560585e+00 1.721593e+01
      vertex 3.184783e+01 5.723413e+00 1.405446e+01
    endloop
  endfacet
  facet normal 5.442862e-01 1.420887e-01 -8.256385e-01
    outer loop
      vertex 3.547504e+01 1.083222e+01 1.721593e+01
      vertex 3.650626e+01 6.560585e+00 1.721593e+01
      vertex 3.094820e+01 9.449959e+00 1.405446e+01
    endloop
  endfacet
  facet normal 5.803023e-01 1.314283e-01 -8.027158e-01
    outer loop
      vertex 3.547504e+01 1.083222e+01 1.721593e+01
      vertex 4.082492e+01 8.120608e+00 2.064937e+01
      vertex 3.650626e+01 6.560585e+00 1.721593e+01
    endloop
  endfacet
  facet normal 5.892248e-01 1.575561e-01 -7.915093e-01
    outer loop
      vertex 3.983301e+01 1.208321e+01 2.064937e+01
      vertex 4.082492e+01 8.120608e+00 2.064937e+01
      vertex 3.547504e+01 1.083222e+01 1.721593e+01
    endloop
  endfacet
  facet normal 5.841723e-01 1.776540e-01 -7.915120e-01
    outer loop
      vertex 3.547504e+01 1.083222e+01 1.721593e+01
      vertex 3.981086e+01 1.215600e+01 2.064937e+01
      vertex 3.983301e+01 1.208321e+01 2.064937e+01
    endloop
  endfacet
  facet normal 5.772591e-01 1.969794e-01 -7.915166e-01
    outer loop
      vertex 3.547504e+01 1.083222e+01 1.721593e+01
      vertex 3.845626e+01 1.592908e+01 2.064937e+01
      vertex 3.981086e+01 1.215600e+01 2.064937e+01
    endloop
  endfacet
  facet normal 5.550613e-01 2.142756e-01 -8.027291e-01
    outer loop
      vertex 3.394651e+01 1.495233e+01 1.721593e+01
      vertex 3.845626e+01 1.592908e+01 2.064937e+01
      vertex 3.547504e+01 1.083222e+01 1.721593e+01
    endloop
  endfacet
  facet normal 5.605873e-01 2.418622e-01 -7.915251e-01
    outer loop
      vertex 3.394651e+01 1.495233e+01 1.721593e+01
      vertex 3.809309e+01 1.677874e+01 2.064937e+01
      vertex 3.845626e+01 1.592908e+01 2.064937e+01
    endloop
  endfacet
  facet normal 5.517845e-01 2.604750e-01 -7.915227e-01
    outer loop
      vertex 3.394651e+01 1.495233e+01 1.721593e+01
      vertex 3.670973e+01 1.962179e+01 2.064937e+01
      vertex 3.809309e+01 1.677874e+01 2.064937e+01
    endloop
  endfacet
  facet normal 5.277298e-01 2.749621e-01 -8.027267e-01
    outer loop
      vertex 3.193852e+01 1.886126e+01 1.721593e+01
      vertex 3.670973e+01 1.962179e+01 2.064937e+01
      vertex 3.394651e+01 1.495233e+01 1.721593e+01
    endloop
  endfacet
  facet normal 5.299819e-01 3.029579e-01 -7.915141e-01
    outer loop
      vertex 3.193852e+01 1.886126e+01 1.721593e+01
      vertex 3.584172e+01 2.116644e+01 2.064937e+01
      vertex 3.670973e+01 1.962179e+01 2.064937e+01
    endloop
  endfacet
  facet normal 5.195047e-01 3.204351e-01 -7.915110e-01
    outer loop
      vertex 3.193852e+01 1.886126e+01 1.721593e+01
      vertex 3.461024e+01 2.312582e+01 2.064937e+01
      vertex 3.584172e+01 2.116644e+01 2.064937e+01
    endloop
  endfacet
  facet normal 4.940083e-01 3.318218e-01 -8.027191e-01
    outer loop
      vertex 2.948358e+01 2.250603e+01 1.721593e+01
      vertex 3.461024e+01 2.312582e+01 2.064937e+01
      vertex 3.193852e+01 1.886126e+01 1.721593e+01
    endloop
  endfacet
  facet normal 4.930401e-01 3.597292e-01 -7.915101e-01
    outer loop
      vertex 2.948358e+01 2.250603e+01 1.721593e+01
      vertex 3.308700e+01 2.525653e+01 2.064937e+01
      vertex 3.461024e+01 2.312582e+01 2.064937e+01
    endloop
  endfacet
  facet normal 4.809155e-01 3.760791e-01 -7.915122e-01
    outer loop
      vertex 2.948358e+01 2.250603e+01 1.721593e+01
      vertex 3.217638e+01 2.640644e+01 2.064937e+01
      vertex 3.308700e+01 2.525653e+01 2.064937e+01
    endloop
  endfacet
  facet normal 4.541530e-01 3.844858e-01 -8.027250e-01
    outer loop
      vertex 2.661619e+01 2.583621e+01 1.721593e+01
      vertex 3.217638e+01 2.640644e+01 2.064937e+01
      vertex 2.948358e+01 2.250603e+01 1.721593e+01
    endloop
  endfacet
  facet normal 4.497980e-01 4.121912e-01 -7.915211e-01
    outer loop
      vertex 2.661619e+01 2.583621e+01 1.721593e+01
      vertex 2.986744e+01 2.899220e+01 2.064937e+01
      vertex 3.217638e+01 2.640644e+01 2.064937e+01
    endloop
  endfacet
  facet normal 4.360121e-01 4.274025e-01 -7.915248e-01
    outer loop
      vertex 2.943312e+01 2.943315e+01 2.064937e+01
      vertex 2.986744e+01 2.899220e+01 2.064937e+01
      vertex 2.661619e+01 2.583621e+01 1.721593e+01
    endloop
  endfacet
  facet normal 3.375958e-01 7.015139e-03 -9.409637e-01
    outer loop
      vertex 1.957724e+01 1.161724e+00 7.689560e+00
      vertex 1.961202e+01 2.260548e-16 7.689560e+00
      vertex 1.691201e+01 1.680446e-16 6.743126e+00
    endloop
  endfacet
  facet normal 3.719170e-01 1.522626e-02 -9.275773e-01
    outer loop
      vertex 1.957724e+01 1.161724e+00 7.689560e+00
      vertex 2.353024e+01 1.396297e+00 9.331341e+00
      vertex 1.961202e+01 2.260548e-16 7.689560e+00
    endloop
  endfacet
  facet normal 3.897764e-01 3.956719e-02 -9.192823e-01
    outer loop
      vertex 2.319877e+01 4.169081e+00 9.331341e+00
      vertex 2.353024e+01 1.396297e+00 9.331341e+00
      vertex 1.957724e+01 1.161724e+00 7.689560e+00
    endloop
  endfacet
  facet normal 4.254604e-01 6.006211e-02 -9.022303e-01
    outer loop
      vertex 2.319877e+01 4.169081e+00 9.331341e+00
      vertex 2.698322e+01 4.849187e+00 1.121467e+01
      vertex 2.353024e+01 1.396297e+00 9.331341e+00
    endloop
  endfacet
  facet normal 4.197363e-01 9.193248e-02 -9.022289e-01
    outer loop
      vertex 2.254346e+01 6.883592e+00 9.331341e+00
      vertex 2.698322e+01 4.849187e+00 1.121467e+01
      vertex 2.319877e+01 4.169081e+00 9.331341e+00
    endloop
  endfacet
  facet normal 4.330546e-01 1.128916e-01 -8.934729e-01
    outer loop
      vertex 2.254346e+01 6.883592e+00 9.331341e+00
      vertex 2.622100e+01 8.006519e+00 1.121467e+01
      vertex 2.698322e+01 4.849187e+00 1.121467e+01
    endloop
  endfacet
  facet normal 4.059336e-01 1.408070e-01 -9.022340e-01
    outer loop
      vertex 2.157212e+01 9.501813e+00 9.331341e+00
      vertex 2.622100e+01 8.006519e+00 1.121467e+01
      vertex 2.254346e+01 6.883592e+00 9.331341e+00
    endloop
  endfacet
  facet normal 4.166126e-01 1.633675e-01 -8.934795e-01
    outer loop
      vertex 2.157212e+01 9.501813e+00 9.331341e+00
      vertex 2.509120e+01 1.105185e+01 1.121467e+01
      vertex 2.622100e+01 8.006519e+00 1.121467e+01
    endloop
  endfacet
  facet normal 4.017464e-01 1.971248e-01 -8.934795e-01
    outer loop
      vertex 2.360702e+01 1.394110e+01 1.121467e+01
      vertex 2.509120e+01 1.105185e+01 1.121467e+01
      vertex 2.157212e+01 9.501813e+00 9.331341e+00
    endloop
  endfacet
  facet normal 4.275408e-01 2.312996e-01 -8.728355e-01
    outer loop
      vertex 2.360702e+01 1.394110e+01 1.121467e+01
      vertex 2.786296e+01 1.645445e+01 1.405446e+01
      vertex 2.509120e+01 1.105185e+01 1.121467e+01
    endloop
  endfacet
  facet normal 4.253660e-01 2.754656e-01 -8.609478e-01
    outer loop
      vertex 2.572129e+01 1.963412e+01 1.405446e+01
      vertex 2.786296e+01 1.645445e+01 1.405446e+01
      vertex 2.360702e+01 1.394110e+01 1.121467e+01
    endloop
  endfacet
  facet normal 4.455743e-01 3.138655e-01 -8.373514e-01
    outer loop
      vertex 2.572129e+01 1.963412e+01 1.405446e+01
      vertex 2.948358e+01 2.250603e+01 1.721593e+01
      vertex 2.786296e+01 1.645445e+01 1.405446e+01
    endloop
  endfacet
  facet normal 4.203575e-01 3.468869e-01 -8.373547e-01
    outer loop
      vertex 2.321979e+01 2.253935e+01 1.405446e+01
      vertex 2.948358e+01 2.250603e+01 1.721593e+01
      vertex 2.572129e+01 1.963412e+01 1.405446e+01
    endloop
  endfacet
  facet normal 4.193312e-01 3.749270e-01 -8.256475e-01
    outer loop
      vertex 2.321979e+01 2.253935e+01 1.405446e+01
      vertex 2.661619e+01 2.583621e+01 1.721593e+01
      vertex 2.948358e+01 2.250603e+01 1.721593e+01
    endloop
  endfacet
  facet normal 3.873363e-01 4.078819e-01 -8.256495e-01
    outer loop
      vertex 2.337324e+01 2.880202e+01 1.721593e+01
      vertex 2.661619e+01 2.583621e+01 1.721593e+01
      vertex 2.321979e+01 2.253935e+01 1.405446e+01
    endloop
  endfacet
  facet normal 4.083722e-01 4.326521e-01 -8.027307e-01
    outer loop
      vertex 2.337324e+01 2.880202e+01 1.721593e+01
      vertex 2.943312e+01 2.943315e+01 2.064937e+01
      vertex 2.661619e+01 2.583621e+01 1.721593e+01
    endloop
  endfacet
  facet normal 4.015801e-01 4.589971e-01 -7.915204e-01
    outer loop
      vertex 2.640686e+01 3.217686e+01 2.064937e+01
      vertex 2.943312e+01 2.943315e+01 2.064937e+01
      vertex 2.337324e+01 2.880202e+01 1.721593e+01
    endloop
  endfacet
  facet normal 3.854658e-01 4.735223e-01 -7.915177e-01
    outer loop
      vertex 2.337324e+01 2.880202e+01 1.721593e+01
      vertex 2.622940e+01 3.232168e+01 2.064937e+01
      vertex 2.640686e+01 3.217686e+01 2.064937e+01
    endloop
  endfacet
  facet normal 3.691019e-01 4.856575e-01 -7.915158e-01
    outer loop
      vertex 2.337324e+01 2.880202e+01 1.721593e+01
      vertex 2.312549e+01 3.460970e+01 2.064937e+01
      vertex 2.622940e+01 3.232168e+01 2.064937e+01
    endloop
  endfacet
  facet normal 3.412160e-01 4.874686e-01 -8.027229e-01
    outer loop
      vertex 1.980257e+01 3.136376e+01 1.721593e+01
      vertex 2.312549e+01 3.460970e+01 2.064937e+01
      vertex 2.337324e+01 2.880202e+01 1.721593e+01
    endloop
  endfacet
  facet normal 3.305699e-01 5.133078e-01 -7.915131e-01
    outer loop
      vertex 1.980257e+01 3.136376e+01 1.721593e+01
      vertex 2.222239e+01 3.519622e+01 2.064937e+01
      vertex 2.312549e+01 3.460970e+01 2.064937e+01
    endloop
  endfacet
  facet normal 3.130811e-01 5.237915e-01 -7.915156e-01
    outer loop
      vertex 1.980257e+01 3.136376e+01 1.721593e+01
      vertex 1.962174e+01 3.670975e+01 2.064937e+01
      vertex 2.222239e+01 3.519622e+01 2.064937e+01
    endloop
  endfacet
  facet normal 2.850870e-01 5.223419e-01 -8.027275e-01
    outer loop
      vertex 1.595482e+01 3.348692e+01 1.721593e+01
      vertex 1.962174e+01 3.670975e+01 2.064937e+01
      vertex 1.980257e+01 3.136376e+01 1.721593e+01
    endloop
  endfacet
  facet normal 2.713773e-01 5.467864e-01 -7.915228e-01
    outer loop
      vertex 1.595482e+01 3.348692e+01 1.721593e+01
      vertex 1.790395e+01 3.757789e+01 2.064937e+01
      vertex 1.962174e+01 3.670975e+01 2.064937e+01
    endloop
  endfacet
  facet normal 2.527791e-01 5.555826e-01 -7.915245e-01
    outer loop
      vertex 1.592935e+01 3.845684e+01 2.064937e+01
      vertex 1.790395e+01 3.757789e+01 2.064937e+01
      vertex 1.595482e+01 3.348692e+01 1.721593e+01
    endloop
  endfacet
  facet normal 1.891773e-01 5.804632e-01 -7.915184e-01
    outer loop
      vertex 1.208305e+01 3.983239e+01 2.064937e+01
      vertex 1.333390e+01 3.943155e+01 2.064937e+01
      vertex 1.188213e+01 3.513824e+01 1.721593e+01
    endloop
  endfacet
  facet normal 1.236441e-01 5.979236e-01 -7.915170e-01
    outer loop
      vertex 7.642837e+00 3.629663e+01 1.721593e+01
      vertex 8.120559e+00 4.082493e+01 2.064937e+01
      vertex 8.576687e+00 4.073148e+01 2.064937e+01
    endloop
  endfacet
  facet normal 9.787459e-02 5.868214e-01 -8.027280e-01
    outer loop
      vertex 3.296418e+00 3.694688e+01 1.721593e+01
      vertex 8.120559e+00 4.082493e+01 2.064937e+01
      vertex 7.642837e+00 3.629663e+01 1.721593e+01
    endloop
  endfacet
  facet normal 7.839853e-02 6.047864e-01 -7.915225e-01
    outer loop
      vertex 3.296418e+00 3.694688e+01 1.721593e+01
      vertex 4.080001e+00 4.142495e+01 2.064937e+01
      vertex 8.120559e+00 4.082493e+01 2.064937e+01
    endloop
  endfacet
  facet normal 5.622260e-02 6.079717e-01 -7.915252e-01
    outer loop
      vertex 3.296418e+00 3.694688e+01 1.721593e+01
      vertex 3.699145e+00 4.146068e+01 2.064937e+01
      vertex 4.080001e+00 4.142495e+01 2.064937e+01
    endloop
  endfacet
  facet normal 3.571184e-02 6.089801e-01 -7.915239e-01
    outer loop
      vertex 2.867664e-05 4.162471e+01 2.064937e+01
      vertex 3.699145e+00 4.146068e+01 2.064937e+01
      vertex 3.296418e+00 3.694688e+01 1.721593e+01
    endloop
  endfacet
  facet normal -3.237202e-02 6.094002e-01 -7.915189e-01
    outer loop
      vertex -1.096511e+00 3.707665e+01 1.721593e+01
      vertex -4.079956e+00 4.142422e+01 2.064937e+01
      vertex -1.230491e+00 4.160635e+01 2.064937e+01
    endloop
  endfacet
  facet normal -5.470636e-02 5.925657e-01 -8.027276e-01
    outer loop
      vertex -5.474044e+00 3.668692e+01 1.721593e+01
      vertex -4.079956e+00 4.142422e+01 2.064937e+01
      vertex -1.096511e+00 3.707665e+01 1.721593e+01
    endloop
  endfacet
  facet normal -7.966369e-02 6.051877e-01 -7.915199e-01
    outer loop
      vertex -5.474044e+00 3.668692e+01 1.721593e+01
      vertex -6.142846e+00 4.116931e+01 2.064937e+01
      vertex -4.079956e+00 4.142422e+01 2.064937e+01
    endloop
  endfacet
  facet normal -9.987622e-02 6.021898e-01 -7.915218e-01
    outer loop
      vertex -5.474044e+00 3.668692e+01 1.721593e+01
      vertex -8.120709e+00 4.082556e+01 2.064937e+01
      vertex -6.142846e+00 4.116931e+01 2.064937e+01
    endloop
  endfacet
  facet normal -1.202215e-01 5.827982e-01 -8.027313e-01
    outer loop
      vertex -9.774889e+00 3.578242e+01 1.721593e+01
      vertex -8.120709e+00 4.082556e+01 2.064937e+01
      vertex -5.474044e+00 3.668692e+01 1.721593e+01
    endloop
  endfacet
  facet normal -1.466550e-01 5.923452e-01 -7.915244e-01
    outer loop
      vertex -9.774889e+00 3.578242e+01 1.721593e+01
      vertex -1.096901e+01 4.015373e+01 2.064937e+01
      vertex -8.120709e+00 4.082556e+01 2.064937e+01
    endloop
  endfacet
  facet normal -1.665817e-01 5.873544e-01 -7.915239e-01
    outer loop
      vertex -1.208301e+01 3.983244e+01 2.064937e+01
      vertex -1.096901e+01 4.015373e+01 2.064937e+01
      vertex -9.774889e+00 3.578242e+01 1.721593e+01
    endloop
  endfacet
  facet normal -2.308614e-01 5.652476e-01 -7.915197e-01
    outer loop
      vertex -1.393825e+01 3.437457e+01 1.721593e+01
      vertex -1.592910e+01 3.845619e+01 2.064937e+01
      vertex -1.564113e+01 3.857417e+01 2.064937e+01
    endloop
  endfacet
  facet normal -2.507680e-01 5.559235e-01 -7.915213e-01
    outer loop
      vertex -1.393825e+01 3.437457e+01 1.721593e+01
      vertex -1.962207e+01 3.671030e+01 2.064937e+01
      vertex -1.592910e+01 3.845619e+01 2.064937e+01
    endloop
  endfacet
  facet normal -2.644606e-01 5.329279e-01 -8.027312e-01
    outer loop
      vertex -1.790644e+01 3.248528e+01 1.721593e+01
      vertex -1.962207e+01 3.671030e+01 2.064937e+01
      vertex -1.393825e+01 3.437457e+01 1.721593e+01
    endloop
  endfacet
  facet normal -2.923046e-01 5.360435e-01 -7.915247e-01
    outer loop
      vertex -1.790644e+01 3.248528e+01 1.721593e+01
      vertex -2.009410e+01 3.645407e+01 2.064937e+01
      vertex -1.962207e+01 3.671030e+01 2.064937e+01
    endloop
  endfacet
  facet normal -3.099119e-01 5.254906e-01 -7.915244e-01
    outer loop
      vertex -1.790644e+01 3.248528e+01 1.721593e+01
      vertex -2.312547e+01 3.460976e+01 2.064937e+01
      vertex -2.009410e+01 3.645407e+01 2.064937e+01
    endloop
  endfacet
  facet normal -3.222075e-01 5.002457e-01 -8.027315e-01
    outer loop
      vertex -2.162281e+01 3.013900e+01 1.721593e+01
      vertex -2.312547e+01 3.460976e+01 2.064937e+01
      vertex -1.790644e+01 3.248528e+01 1.721593e+01
    endloop
  endfacet
  facet normal -3.502878e-01 5.000083e-01 -7.915223e-01
    outer loop
      vertex -2.162281e+01 3.013900e+01 1.721593e+01
      vertex -2.426431e+01 3.382087e+01 2.064937e+01
      vertex -2.312547e+01 3.460976e+01 2.064937e+01
    endloop
  endfacet
  facet normal -3.666802e-01 4.878507e-01 -7.915216e-01
    outer loop
      vertex -2.162281e+01 3.013900e+01 1.721593e+01
      vertex -2.640644e+01 3.217631e+01 2.064937e+01
      vertex -2.426431e+01 3.382087e+01 2.064937e+01
    endloop
  endfacet
  facet normal -3.758194e-01 4.613947e-01 -8.027303e-01
    outer loop
      vertex -2.503595e+01 2.737007e+01 1.721593e+01
      vertex -2.640644e+01 3.217631e+01 2.064937e+01
      vertex -2.162281e+01 3.013900e+01 1.721593e+01
    endloop
  endfacet
  facet normal -4.035902e-01 4.579042e-01 -7.915226e-01
    outer loop
      vertex -2.503595e+01 2.737007e+01 1.721593e+01
      vertex -2.809461e+01 3.071388e+01 2.064937e+01
      vertex -2.640644e+01 3.217631e+01 2.064937e+01
    endloop
  endfacet
  facet normal -4.187458e-01 4.441679e-01 -7.915239e-01
    outer loop
      vertex -2.503595e+01 2.737007e+01 1.721593e+01
      vertex -2.943359e+01 2.943358e+01 2.064937e+01
      vertex -2.809461e+01 3.071388e+01 2.064937e+01
    endloop
  endfacet
  facet normal -4.247739e-01 4.167327e-01 -8.027322e-01
    outer loop
      vertex -2.809756e+01 2.421674e+01 1.721593e+01
      vertex -2.943359e+01 2.943358e+01 2.064937e+01
      vertex -2.503595e+01 2.737007e+01 1.721593e+01
    endloop
  endfacet
  facet normal -4.520191e-01 4.098975e-01 -7.915242e-01
    outer loop
      vertex -2.809756e+01 2.421674e+01 1.721593e+01
      vertex -3.153011e+01 2.717521e+01 2.064937e+01
      vertex -2.943359e+01 2.943358e+01 2.064937e+01
    endloop
  endfacet
  facet normal -4.657853e-01 3.947099e-01 -7.915235e-01
    outer loop
      vertex -3.217638e+01 2.640651e+01 2.064937e+01
      vertex -3.153011e+01 2.717521e+01 2.064937e+01
      vertex -2.809756e+01 2.421674e+01 1.721593e+01
    endloop
  endfacet
  facet normal 1.566890e-01 2.287978e-01 -9.603880e-01
    outer loop
      vertex 7.563692e+00 1.197955e+01 5.924985e+00
      vertex 9.028534e+00 1.429960e+01 6.743126e+00
      vertex 8.927530e+00 1.100108e+01 5.924985e+00
    endloop
  endfacet
  facet normal 1.392482e-01 2.398058e-01 -9.603887e-01
    outer loop
      vertex 6.094024e+00 1.279050e+01 5.924985e+00
      vertex 9.028534e+00 1.429960e+01 6.743126e+00
      vertex 7.563692e+00 1.197955e+01 5.924985e+00
    endloop
  endfacet
  facet normal 1.368541e-01 2.587972e-01 -9.557703e-01
    outer loop
      vertex 6.094024e+00 1.279050e+01 5.924985e+00
      vertex 7.274239e+00 1.526760e+01 6.743126e+00
      vertex 9.028534e+00 1.429960e+01 6.743126e+00
    endloop
  endfacet
  facet normal 1.148341e-01 2.692851e-01 -9.557709e-01
    outer loop
      vertex 5.417389e+00 1.602049e+01 6.743126e+00
      vertex 7.274239e+00 1.526760e+01 6.743126e+00
      vertex 6.094024e+00 1.279050e+01 5.924985e+00
    endloop
  endfacet
  facet normal 1.148129e-01 3.016594e-01 -9.460569e-01
    outer loop
      vertex 5.417389e+00 1.602049e+01 6.743126e+00
      vertex 6.282277e+00 1.857817e+01 7.689560e+00
      vertex 7.274239e+00 1.526760e+01 6.743126e+00
    endloop
  endfacet
  facet normal 9.475089e-02 3.236943e-01 -9.409618e-01
    outer loop
      vertex 4.040893e+00 1.919062e+01 7.689560e+00
      vertex 6.282277e+00 1.857817e+01 7.689560e+00
      vertex 5.417389e+00 1.602049e+01 6.743126e+00
    endloop
  endfacet
  facet normal 9.016498e-02 3.607185e-01 -9.275753e-01
    outer loop
      vertex 4.040893e+00 1.919062e+01 7.689560e+00
      vertex 4.856823e+00 2.306556e+01 9.331341e+00
      vertex 6.282277e+00 1.857817e+01 7.689560e+00
    endloop
  endfacet
  facet normal 6.301870e-02 3.664293e-01 -9.275761e-01
    outer loop
      vertex 1.742870e+00 1.953442e+01 7.689560e+00
      vertex 4.856823e+00 2.306556e+01 9.331341e+00
      vertex 4.040893e+00 1.919062e+01 7.689560e+00
    endloop
  endfacet
  facet normal 5.102279e-02 3.884298e-01 -9.192858e-01
    outer loop
      vertex 1.742870e+00 1.953442e+01 7.689560e+00
      vertex 2.094788e+00 2.347877e+01 9.331341e+00
      vertex 4.856823e+00 2.306556e+01 9.331341e+00
    endloop
  endfacet
  facet normal 1.858336e-02 3.913233e-01 -9.192863e-01
    outer loop
      vertex -6.968043e-01 2.356124e+01 9.331341e+00
      vertex 2.094788e+00 2.347877e+01 9.331341e+00
      vertex 1.742870e+00 1.953442e+01 7.689560e+00
    endloop
  endfacet
  facet normal 3.517861e-03 4.296450e-01 -9.022367e-01
    outer loop
      vertex -6.968043e-01 2.356124e+01 9.331341e+00
      vertex -8.104748e-01 2.740481e+01 1.121467e+01
      vertex 2.094788e+00 2.347877e+01 9.331341e+00
    endloop
  endfacet
  facet normal -2.896409e-02 4.286910e-01 -9.022359e-01
    outer loop
      vertex -3.478612e+00 2.331358e+01 9.331341e+00
      vertex -8.104748e-01 2.740481e+01 1.121467e+01
      vertex -6.968043e-01 2.356124e+01 9.331341e+00
    endloop
  endfacet
  facet normal -4.776934e-02 4.449545e-01 -8.934792e-01
    outer loop
      vertex -3.478612e+00 2.331358e+01 9.331341e+00
      vertex -4.046082e+00 2.711674e+01 1.121467e+01
      vertex -8.104748e-01 2.740481e+01 1.121467e+01
    endloop
  endfacet
  facet normal -7.939749e-02 4.222569e-01 -9.022372e-01
    outer loop
      vertex -6.211687e+00 2.273879e+01 9.331341e+00
      vertex -4.046082e+00 2.711674e+01 1.121467e+01
      vertex -3.478612e+00 2.331358e+01 9.331341e+00
    endloop
  endfacet
  facet normal -1.001095e-01 4.361565e-01 -8.934810e-01
    outer loop
      vertex -6.211687e+00 2.273879e+01 9.331341e+00
      vertex -7.225005e+00 2.644819e+01 1.121467e+01
      vertex -4.046082e+00 2.711674e+01 1.121467e+01
    endloop
  endfacet
  facet normal -1.355976e-01 4.264673e-01 -8.934808e-01
    outer loop
      vertex -1.030231e+01 2.540759e+01 1.121467e+01
      vertex -7.225005e+00 2.644819e+01 1.121467e+01
      vertex -6.211687e+00 2.273879e+01 9.331341e+00
    endloop
  endfacet
  facet normal -1.655162e-01 4.570500e-01 -8.728389e-01
    outer loop
      vertex -1.030231e+01 2.540759e+01 1.121467e+01
      vertex -1.215964e+01 2.998815e+01 1.405446e+01
      vertex -7.225005e+00 2.644819e+01 1.121467e+01
    endloop
  endfacet
  facet normal -1.995339e-01 4.432555e-01 -8.728390e-01
    outer loop
      vertex -1.323536e+01 2.401115e+01 1.121467e+01
      vertex -1.215964e+01 2.998815e+01 1.405446e+01
      vertex -1.030231e+01 2.540759e+01 1.121467e+01
    endloop
  endfacet
  facet normal -2.261385e-01 4.534937e-01 -8.609563e-01
    outer loop
      vertex -1.323536e+01 2.401115e+01 1.121467e+01
      vertex -1.562147e+01 2.833995e+01 1.405446e+01
      vertex -1.215964e+01 2.998815e+01 1.405446e+01
    endloop
  endfacet
  facet normal -2.626387e-01 4.333707e-01 -8.609568e-01
    outer loop
      vertex -1.886360e+01 2.629308e+01 1.405446e+01
      vertex -1.562147e+01 2.833995e+01 1.405446e+01
      vertex -1.323536e+01 2.401115e+01 1.121467e+01
    endloop
  endfacet
  facet normal -3.005570e-01 4.546241e-01 -8.373612e-01
    outer loop
      vertex -1.886360e+01 2.629308e+01 1.405446e+01
      vertex -2.162281e+01 3.013900e+01 1.721593e+01
      vertex -1.562147e+01 2.833995e+01 1.405446e+01
    endloop
  endfacet
  facet normal -3.344018e-01 4.303509e-01 -8.373607e-01
    outer loop
      vertex -2.184120e+01 2.387747e+01 1.405446e+01
      vertex -2.162281e+01 3.013900e+01 1.721593e+01
      vertex -1.886360e+01 2.629308e+01 1.405446e+01
    endloop
  endfacet
  facet normal -3.624137e-01 4.301940e-01 -8.256502e-01
    outer loop
      vertex -2.184120e+01 2.387747e+01 1.405446e+01
      vertex -2.503595e+01 2.737007e+01 1.721593e+01
      vertex -2.162281e+01 3.013900e+01 1.721593e+01
    endloop
  endfacet
  facet normal -3.829114e-01 3.878075e-01 -8.373616e-01
    outer loop
      vertex -2.451213e+01 2.112653e+01 1.405446e+01
      vertex -2.503595e+01 2.737007e+01 1.721593e+01
      vertex -2.184120e+01 2.387747e+01 1.405446e+01
    endloop
  endfacet
  facet normal -4.107836e-01 3.842607e-01 -8.256509e-01
    outer loop
      vertex -2.451213e+01 2.112653e+01 1.405446e+01
      vertex -2.809756e+01 2.421674e+01 1.721593e+01
      vertex -2.503595e+01 2.737007e+01 1.721593e+01
    endloop
  endfacet
  facet normal -4.407023e-01 3.495574e-01 -8.256508e-01
    outer loop
      vertex -3.076459e+01 2.072331e+01 1.721593e+01
      vertex -2.809756e+01 2.421674e+01 1.721593e+01
      vertex -2.451213e+01 2.112653e+01 1.405446e+01
    endloop
  endfacet
  facet normal -4.684589e-01 3.668418e-01 -8.027313e-01
    outer loop
      vertex -3.076459e+01 2.072331e+01 1.721593e+01
      vertex -3.217638e+01 2.640651e+01 2.064937e+01
      vertex -2.809756e+01 2.421674e+01 1.721593e+01
    endloop
  endfacet
  facet normal -4.946380e-01 3.569193e-01 -7.915229e-01
    outer loop
      vertex -3.452280e+01 2.325487e+01 2.064937e+01
      vertex -3.217638e+01 2.640651e+01 2.064937e+01
      vertex -3.076459e+01 2.072331e+01 1.721593e+01
    endloop
  endfacet
  facet normal -5.067961e-01 3.405259e-01 -7.915230e-01
    outer loop
      vertex -3.076459e+01 2.072331e+01 1.721593e+01
      vertex -3.460968e+01 2.312542e+01 2.064937e+01
      vertex -3.452280e+01 2.325487e+01 2.064937e+01
    endloop
  endfacet
  facet normal -5.177947e-01 3.222477e-01 -7.915235e-01
    outer loop
      vertex -3.076459e+01 2.072331e+01 1.721593e+01
      vertex -3.671030e+01 1.962206e+01 2.064937e+01
      vertex -3.460968e+01 2.312542e+01 2.064937e+01
    endloop
  endfacet
  facet normal -5.168059e-01 2.947502e-01 -8.027313e-01
    outer loop
      vertex -3.299969e+01 1.693894e+01 1.721593e+01
      vertex -3.671030e+01 1.962206e+01 2.064937e+01
      vertex -3.076459e+01 2.072331e+01 1.721593e+01
    endloop
  endfacet
  facet normal -5.417170e-01 2.816391e-01 -7.915227e-01
    outer loop
      vertex -3.299969e+01 1.693894e+01 1.721593e+01
      vertex -3.703172e+01 1.900851e+01 2.064937e+01
      vertex -3.671030e+01 1.962206e+01 2.064937e+01
    endloop
  endfacet
  facet normal -5.505036e-01 2.630545e-01 -7.915156e-01
    outer loop
      vertex -3.299969e+01 1.693894e+01 1.721593e+01
      vertex -3.845628e+01 1.592914e+01 2.064937e+01
      vertex -3.703172e+01 1.900851e+01 2.064937e+01
    endloop
  endfacet
  facet normal -5.465804e-01 2.352763e-01 -8.027155e-01
    outer loop
      vertex -3.476843e+01 1.291562e+01 1.721593e+01
      vertex -3.845628e+01 1.592914e+01 2.064937e+01
      vertex -3.299969e+01 1.693894e+01 1.721593e+01
    endloop
  endfacet
  facet normal -5.697271e-01 2.194039e-01 -7.914980e-01
    outer loop
      vertex -3.476843e+01 1.291562e+01 1.721593e+01
      vertex -3.901944e+01 1.449449e+01 2.064937e+01
      vertex -3.845628e+01 1.592914e+01 2.064937e+01
    endloop
  endfacet
  facet normal -5.765712e-01 2.002664e-01 -7.914925e-01
    outer loop
      vertex -3.476843e+01 1.291562e+01 1.721593e+01
      vertex -3.983235e+01 1.208299e+01 2.064937e+01
      vertex -3.901944e+01 1.449449e+01 2.064937e+01
    endloop
  endfacet
  facet normal -5.693268e-01 1.733589e-01 -8.026996e-01
    outer loop
      vertex -3.605127e+01 8.712313e+00 1.721593e+01
      vertex -3.983235e+01 1.208299e+01 2.064937e+01
      vertex -3.476843e+01 1.291562e+01 1.721593e+01
    endloop
  endfacet
  facet normal -5.903674e-01 1.550847e-01 -7.914883e-01
    outer loop
      vertex -3.605127e+01 8.712313e+00 1.721593e+01
      vertex -4.046038e+01 9.777984e+00 2.064937e+01
      vertex -3.983235e+01 1.208299e+01 2.064937e+01
    endloop
  endfacet
  facet normal -5.952981e-01 1.354065e-01 -7.914910e-01
    outer loop
      vertex -3.605127e+01 8.712313e+00 1.721593e+01
      vertex -4.082555e+01 8.120707e+00 2.064937e+01
      vertex -4.046038e+01 9.777984e+00 2.064937e+01
    endloop
  endfacet
  facet normal -5.849478e-01 1.094264e-01 -8.027079e-01
    outer loop
      vertex -3.683175e+01 4.387322e+00 1.721593e+01
      vertex -4.082555e+01 8.120707e+00 2.064937e+01
      vertex -3.605127e+01 8.712313e+00 1.721593e+01
    endloop
  endfacet
  facet normal -6.037007e-01 8.869475e-02 -7.915070e-01
    outer loop
      vertex -3.683175e+01 4.387322e+00 1.721593e+01
      vertex -4.133273e+01 4.923711e+00 2.064937e+01
      vertex -4.082555e+01 8.120707e+00 2.064937e+01
    endloop
  endfacet
  facet normal -6.067047e-01 6.847175e-02 -7.915149e-01
    outer loop
      vertex -3.683175e+01 4.387322e+00 1.721593e+01
      vertex -4.142436e+01 4.079970e+00 2.064937e+01
      vertex -4.133273e+01 4.923711e+00 2.064937e+01
    endloop
  endfacet
  facet normal -5.933719e-01 4.356733e-02 -8.027263e-01
    outer loop
      vertex -3.709333e+01 -2.012815e-06 1.721593e+01
      vertex -4.142436e+01 4.079970e+00 2.064937e+01
      vertex -3.683175e+01 4.387322e+00 1.721593e+01
    endloop
  endfacet
  facet normal -6.095583e-01 2.042128e-02 -7.915211e-01
    outer loop
      vertex -3.709333e+01 -2.012815e-06 1.721593e+01
      vertex -4.162469e+01 -2.270096e-05 2.064937e+01
      vertex -4.142436e+01 4.079970e+00 2.064937e+01
    endloop
  endfacet
  facet normal -6.095685e-01 -2.068383e-02 -7.915177e-01
    outer loop
      vertex -3.709333e+01 -2.012815e-06 1.721593e+01
      vertex -4.142493e+01 -4.080001e+00 2.064937e+01
      vertex -4.162469e+01 -2.270096e-05 2.064937e+01
    endloop
  endfacet
  facet normal -5.933967e-01 -4.356980e-02 -8.027205e-01
    outer loop
      vertex -3.683079e+01 -4.387206e+00 1.721593e+01
      vertex -4.142493e+01 -4.080001e+00 2.064937e+01
      vertex -3.709333e+01 -2.012815e-06 1.721593e+01
    endloop
  endfacet
  facet normal -6.067448e-01 -6.821828e-02 -7.915065e-01
    outer loop
      vertex -3.683079e+01 -4.387206e+00 1.721593e+01
      vertex -4.133315e+01 -4.923624e+00 2.064937e+01
      vertex -4.142493e+01 -4.080001e+00 2.064937e+01
    endloop
  endfacet
  facet normal -6.037616e-01 -8.832467e-02 -7.915052e-01
    outer loop
      vertex -3.683079e+01 -4.387206e+00 1.721593e+01
      vertex -4.082500e+01 -8.120569e+00 2.064937e+01
      vertex -4.133315e+01 -4.923624e+00 2.064937e+01
    endloop
  endfacet
  facet normal -5.850211e-01 -1.090067e-01 -8.027146e-01
    outer loop
      vertex -3.605361e+01 -8.712878e+00 1.721593e+01
      vertex -4.082500e+01 -8.120569e+00 2.064937e+01
      vertex -3.683079e+01 -4.387206e+00 1.721593e+01
    endloop
  endfacet
  facet normal -5.953875e-01 -1.349186e-01 -7.915067e-01
    outer loop
      vertex -3.605361e+01 -8.712878e+00 1.721593e+01
      vertex -4.045992e+01 -9.777576e+00 2.064937e+01
      vertex -4.082500e+01 -8.120569e+00 2.064937e+01
    endloop
  endfacet
  facet normal -5.904366e-01 -1.546928e-01 -7.915111e-01
    outer loop
      vertex -3.605361e+01 -8.712878e+00 1.721593e+01
      vertex -3.983234e+01 -1.208303e+01 2.064937e+01
      vertex -4.045992e+01 -9.777576e+00 2.064937e+01
    endloop
  endfacet
  facet normal -5.693231e-01 -1.732057e-01 -8.027250e-01
    outer loop
      vertex -3.477192e+01 -1.291691e+01 1.721593e+01
      vertex -3.983234e+01 -1.208303e+01 2.064937e+01
      vertex -3.605361e+01 -8.712878e+00 1.721593e+01
    endloop
  endfacet
  facet normal -5.764954e-01 -2.003467e-01 -7.915220e-01
    outer loop
      vertex -3.477192e+01 -1.291691e+01 1.721593e+01
      vertex -3.901988e+01 -1.449493e+01 2.064937e+01
      vertex -3.983234e+01 -1.208303e+01 2.064937e+01
    endloop
  endfacet
  facet normal -5.695531e-01 -2.197507e-01 -7.915248e-01
    outer loop
      vertex -3.477192e+01 -1.291691e+01 1.721593e+01
      vertex -3.845683e+01 -1.592934e+01 2.064937e+01
      vertex -3.901988e+01 -1.449493e+01 2.064937e+01
    endloop
  endfacet
  facet normal -5.463744e-01 -2.356936e-01 -8.027305e-01
    outer loop
      vertex -3.299914e+01 -1.693866e+01 1.721593e+01
      vertex -3.845683e+01 -1.592934e+01 2.064937e+01
      vertex -3.477192e+01 -1.291691e+01 1.721593e+01
    endloop
  endfacet
  facet normal -5.502574e-01 -2.635603e-01 -7.915198e-01
    outer loop
      vertex -3.299914e+01 -1.693866e+01 1.721593e+01
      vertex -3.703127e+01 -1.900842e+01 2.064937e+01
      vertex -3.845683e+01 -1.592934e+01 2.064937e+01
    endloop
  endfacet
  facet normal -5.414993e-01 -2.820760e-01 -7.915165e-01
    outer loop
      vertex -3.670981e+01 -1.962177e+01 2.064937e+01
      vertex -3.703127e+01 -1.900842e+01 2.064937e+01
      vertex -3.299914e+01 -1.693866e+01 1.721593e+01
    endloop
  endfacet
  facet normal -2.240455e-01 1.633960e-01 -9.603903e-01
    outer loop
      vertex -1.175069e+01 7.915376e+00 5.924985e+00
      vertex -1.402642e+01 9.448328e+00 6.743126e+00
      vertex -1.073201e+01 9.249710e+00 5.924985e+00
    endloop
  endfacet
  facet normal -2.494073e-01 1.532861e-01 -9.557709e-01
    outer loop
      vertex -1.504547e+01 7.722926e+00 6.743126e+00
      vertex -1.402642e+01 9.448328e+00 6.743126e+00
      vertex -1.175069e+01 7.915376e+00 5.924985e+00
    endloop
  endfacet
  facet normal -2.814376e-01 1.580239e-01 -9.460574e-01
    outer loop
      vertex -1.504547e+01 7.722926e+00 6.743126e+00
      vertex -1.744748e+01 8.955894e+00 7.689560e+00
      vertex -1.402642e+01 9.448328e+00 6.743126e+00
    endloop
  endfacet
  facet normal -3.062284e-01 1.413506e-01 -9.409596e-01
    outer loop
      vertex -1.838264e+01 6.828701e+00 7.689560e+00
      vertex -1.744748e+01 8.955894e+00 7.689560e+00
      vertex -1.504547e+01 7.722926e+00 6.743126e+00
    endloop
  endfacet
  facet normal -3.435617e-01 1.421960e-01 -9.275692e-01
    outer loop
      vertex -1.838264e+01 6.828701e+00 7.689560e+00
      vertex -2.209443e+01 8.207540e+00 9.331341e+00
      vertex -1.744748e+01 8.955894e+00 7.689560e+00
    endloop
  endfacet
  facet normal -3.726721e-01 1.209612e-01 -9.192717e-01
    outer loop
      vertex -2.290964e+01 5.536448e+00 9.331341e+00
      vertex -2.209443e+01 8.207540e+00 9.331341e+00
      vertex -1.838264e+01 6.828701e+00 7.689560e+00
    endloop
  endfacet
  facet normal -4.135629e-01 1.166860e-01 -9.022196e-01
    outer loop
      vertex -2.290964e+01 5.536448e+00 9.331341e+00
      vertex -2.664691e+01 6.439613e+00 1.121467e+01
      vertex -2.209443e+01 8.207540e+00 9.331341e+00
    endloop
  endfacet
  facet normal -4.211506e-01 8.526900e-02 -9.022228e-01
    outer loop
      vertex -2.340562e+01 2.788029e+00 9.331341e+00
      vertex -2.664691e+01 6.439613e+00 1.121467e+01
      vertex -2.290964e+01 5.536448e+00 9.331341e+00
    endloop
  endfacet
  facet normal -4.417930e-01 7.143041e-02 -8.934698e-01
    outer loop
      vertex -2.340562e+01 2.788029e+00 9.331341e+00
      vertex -2.722380e+01 3.242842e+00 1.121467e+01
      vertex -2.664691e+01 6.439613e+00 1.121467e+01
    endloop
  endfacet
  facet normal -4.282407e-01 3.482175e-02 -9.022340e-01
    outer loop
      vertex -2.357184e+01 -1.279092e-06 9.331341e+00
      vertex -2.722380e+01 3.242842e+00 1.121467e+01
      vertex -2.340562e+01 2.788029e+00 9.331341e+00
    endloop
  endfacet
  facet normal -4.471144e-01 1.838708e-02 -8.934788e-01
    outer loop
      vertex -2.357184e+01 -1.279092e-06 9.331341e+00
      vertex -2.741714e+01 -1.487751e-06 1.121467e+01
      vertex -2.722380e+01 3.242842e+00 1.121467e+01
    endloop
  endfacet
  facet normal -4.471266e-01 -1.854612e-02 -8.934771e-01
    outer loop
      vertex -2.722309e+01 -3.242756e+00 1.121467e+01
      vertex -2.741714e+01 -1.487751e-06 1.121467e+01
      vertex -2.357184e+01 -1.279092e-06 9.331341e+00
    endloop
  endfacet
  facet normal -4.845105e-01 -3.937776e-02 -8.728316e-01
    outer loop
      vertex -2.722309e+01 -3.242756e+00 1.121467e+01
      vertex -3.213095e+01 -3.827370e+00 1.405446e+01
      vertex -2.741714e+01 -1.487751e-06 1.121467e+01
    endloop
  endfacet
  facet normal -4.801849e-01 -7.574809e-02 -8.728285e-01
    outer loop
      vertex -2.664864e+01 -6.440031e+00 1.121467e+01
      vertex -3.213095e+01 -3.827370e+00 1.405446e+01
      vertex -2.722309e+01 -3.242756e+00 1.121467e+01
    endloop
  endfacet
  facet normal -4.970922e-01 -9.861011e-02 -8.609443e-01
    outer loop
      vertex -2.664864e+01 -6.440031e+00 1.121467e+01
      vertex -3.145294e+01 -7.601059e+00 1.405446e+01
      vertex -3.213095e+01 -3.827370e+00 1.405446e+01
    endloop
  endfacet
  facet normal -4.678938e-01 -1.317958e-01 -8.728333e-01
    outer loop
      vertex -2.570129e+01 -9.547400e+00 1.121467e+01
      vertex -3.145294e+01 -7.601059e+00 1.405446e+01
      vertex -2.664864e+01 -6.440031e+00 1.121467e+01
    endloop
  endfacet
  facet normal -4.819310e-01 -1.566468e-01 -8.609531e-01
    outer loop
      vertex -2.570129e+01 -9.547400e+00 1.121467e+01
      vertex -3.033480e+01 -1.126863e+01 1.405446e+01
      vertex -3.145294e+01 -7.601059e+00 1.405446e+01
    endloop
  endfacet
  facet normal -4.673755e-01 -1.958244e-01 -8.609555e-01
    outer loop
      vertex -2.878824e+01 -1.477718e+01 1.405446e+01
      vertex -3.033480e+01 -1.126863e+01 1.405446e+01
      vertex -2.570129e+01 -9.547400e+00 1.121467e+01
    endloop
  endfacet
  facet normal -4.939685e-01 -2.302439e-01 -8.373583e-01
    outer loop
      vertex -2.878824e+01 -1.477718e+01 1.405446e+01
      vertex -3.299914e+01 -1.693866e+01 1.721593e+01
      vertex -3.033480e+01 -1.126863e+01 1.405446e+01
    endloop
  endfacet
  facet normal -4.895205e-01 -2.771184e-01 -8.256440e-01
    outer loop
      vertex -3.076365e+01 -2.072268e+01 1.721593e+01
      vertex -3.299914e+01 -1.693866e+01 1.721593e+01
      vertex -2.878824e+01 -1.477718e+01 1.405446e+01
    endloop
  endfacet
  facet normal -5.167081e-01 -2.949734e-01 -8.027239e-01
    outer loop
      vertex -3.076365e+01 -2.072268e+01 1.721593e+01
      vertex -3.670981e+01 -1.962177e+01 2.064937e+01
      vertex -3.299914e+01 -1.693866e+01 1.721593e+01
    endloop
  endfacet
  facet normal -5.178117e-01 -3.222671e-01 -7.915144e-01
    outer loop
      vertex -3.460965e+01 -2.312546e+01 2.064937e+01
      vertex -3.670981e+01 -1.962177e+01 2.064937e+01
      vertex -3.076365e+01 -2.072268e+01 1.721593e+01
    endloop
  endfacet
  facet normal -5.069122e-01 -3.403742e-01 -7.915139e-01
    outer loop
      vertex -3.076365e+01 -2.072268e+01 1.721593e+01
      vertex -3.452285e+01 -2.325488e+01 2.064937e+01
      vertex -3.460965e+01 -2.312546e+01 2.064937e+01
    endloop
  endfacet
  facet normal -4.947425e-01 -3.567851e-01 -7.915170e-01
    outer loop
      vertex -3.076365e+01 -2.072268e+01 1.721593e+01
      vertex -3.217685e+01 -2.640686e+01 2.064937e+01
      vertex -3.452285e+01 -2.325488e+01 2.064937e+01
    endloop
  endfacet
  facet normal -4.685294e-01 -3.667525e-01 -8.027288e-01
    outer loop
      vertex -2.809766e+01 -2.421683e+01 1.721593e+01
      vertex -3.217685e+01 -2.640686e+01 2.064937e+01
      vertex -3.076365e+01 -2.072268e+01 1.721593e+01
    endloop
  endfacet
  facet normal -4.658249e-01 -3.946609e-01 -7.915241e-01
    outer loop
      vertex -2.809766e+01 -2.421683e+01 1.721593e+01
      vertex -3.153040e+01 -2.717542e+01 2.064937e+01
      vertex -3.217685e+01 -2.640686e+01 2.064937e+01
    endloop
  endfacet
  facet normal -4.520102e-01 -4.099042e-01 -7.915242e-01
    outer loop
      vertex -2.809766e+01 -2.421683e+01 1.721593e+01
      vertex -2.943316e+01 -2.943311e+01 2.064937e+01
      vertex -3.153040e+01 -2.717542e+01 2.064937e+01
    endloop
  endfacet
  facet normal -4.247538e-01 -4.167539e-01 -8.027308e-01
    outer loop
      vertex -2.503567e+01 -2.736976e+01 1.721593e+01
      vertex -2.943316e+01 -2.943311e+01 2.064937e+01
      vertex -2.809766e+01 -2.421683e+01 1.721593e+01
    endloop
  endfacet
  facet normal -4.187145e-01 -4.442035e-01 -7.915211e-01
    outer loop
      vertex -2.503567e+01 -2.736976e+01 1.721593e+01
      vertex -2.809416e+01 -3.071343e+01 2.064937e+01
      vertex -2.943316e+01 -2.943311e+01 2.064937e+01
    endloop
  endfacet
  facet normal -4.035892e-01 -4.579116e-01 -7.915194e-01
    outer loop
      vertex -2.503567e+01 -2.736976e+01 1.721593e+01
      vertex -2.640631e+01 -3.217622e+01 2.064937e+01
      vertex -2.809416e+01 -3.071343e+01 2.064937e+01
    endloop
  endfacet
  facet normal -3.758378e-01 -4.613861e-01 -8.027276e-01
    outer loop
      vertex -2.162268e+01 -3.013883e+01 1.721593e+01
      vertex -2.640631e+01 -3.217622e+01 2.064937e+01
      vertex -2.503567e+01 -2.736976e+01 1.721593e+01
    endloop
  endfacet
  facet normal -3.667186e-01 -4.878258e-01 -7.915194e-01
    outer loop
      vertex -2.162268e+01 -3.013883e+01 1.721593e+01
      vertex -2.426459e+01 -3.382124e+01 2.064937e+01
      vertex -2.640631e+01 -3.217622e+01 2.064937e+01
    endloop
  endfacet
  facet normal -3.503311e-01 -4.999802e-01 -7.915209e-01
    outer loop
      vertex -2.162268e+01 -3.013883e+01 1.721593e+01
      vertex -2.312579e+01 -3.461020e+01 2.064937e+01
      vertex -2.426459e+01 -3.382124e+01 2.064937e+01
    endloop
  endfacet
  facet normal -3.222396e-01 -5.002254e-01 -8.027307e-01
    outer loop
      vertex -1.790645e+01 -3.248529e+01 1.721593e+01
      vertex -2.312579e+01 -3.461020e+01 2.064937e+01
      vertex -2.162268e+01 -3.013883e+01 1.721593e+01
    endloop
  endfacet
  facet normal -3.099343e-01 -5.254771e-01 -7.915241e-01
    outer loop
      vertex -1.790645e+01 -3.248529e+01 1.721593e+01
      vertex -2.009394e+01 -3.645372e+01 2.064937e+01
      vertex -2.312579e+01 -3.461020e+01 2.064937e+01
    endloop
  endfacet
  facet normal -2.923191e-01 -5.360353e-01 -7.915249e-01
    outer loop
      vertex -1.962186e+01 -3.670986e+01 2.064937e+01
      vertex -2.009394e+01 -3.645372e+01 2.064937e+01
      vertex -1.790645e+01 -3.248529e+01 1.721593e+01
    endloop
  endfacet
  facet normal -2.562420e-01 1.060310e-01 -9.603851e-01
    outer loop
      vertex -1.327998e+01 4.933187e+00 5.924985e+00
      vertex -1.585188e+01 5.888586e+00 6.743126e+00
      vertex -1.260440e+01 6.469914e+00 5.924985e+00
    endloop
  endfacet
  facet normal -2.784912e-01 9.036993e-02 -9.557626e-01
    outer loop
      vertex -1.643676e+01 3.972183e+00 6.743126e+00
      vertex -1.585188e+01 5.888586e+00 6.743126e+00
      vertex -1.327998e+01 4.933187e+00 5.924985e+00
    endloop
  endfacet
  facet normal -3.106939e-01 8.761716e-02 -9.460468e-01
    outer loop
      vertex -1.643676e+01 3.972183e+00 6.743126e+00
      vertex -1.906090e+01 4.606343e+00 7.689560e+00
      vertex -1.585188e+01 5.888586e+00 6.743126e+00
    endloop
  endfacet
  facet normal -3.163735e-01 6.409913e-02 -9.460487e-01
    outer loop
      vertex -1.679261e+01 2.000301e+00 6.743126e+00
      vertex -1.906090e+01 4.606343e+00 7.689560e+00
      vertex -1.643676e+01 3.972183e+00 6.743126e+00
    endloop
  endfacet
  facet normal -3.329597e-01 5.387588e-02 -9.409568e-01
    outer loop
      vertex -1.679261e+01 2.000301e+00 6.743126e+00
      vertex -1.947355e+01 2.319649e+00 7.689560e+00
      vertex -1.906090e+01 4.606343e+00 7.689560e+00
    endloop
  endfacet
  facet normal -3.217030e-01 2.620265e-02 -9.460554e-01
    outer loop
      vertex -1.691187e+01 -9.176978e-07 6.743126e+00
      vertex -1.947355e+01 2.319649e+00 7.689560e+00
      vertex -1.679261e+01 2.000301e+00 6.743126e+00
    endloop
  endfacet
  facet normal -3.369737e-01 1.389967e-02 -9.409621e-01
    outer loop
      vertex -1.691187e+01 -9.176978e-07 6.743126e+00
      vertex -1.961185e+01 -1.064209e-06 7.689560e+00
      vertex -1.947355e+01 2.319649e+00 7.689560e+00
    endloop
  endfacet
  facet normal -3.369832e-01 -1.401912e-02 -9.409612e-01
    outer loop
      vertex -1.947304e+01 -2.319587e+00 7.689560e+00
      vertex -1.961185e+01 -1.064209e-06 7.689560e+00
      vertex -1.691187e+01 -9.176978e-07 6.743126e+00
    endloop
  endfacet
  facet normal -3.705842e-01 -3.028395e-02 -9.275724e-01
    outer loop
      vertex -1.947304e+01 -2.319587e+00 7.689560e+00
      vertex -2.340501e+01 -2.787955e+00 9.331341e+00
      vertex -1.961185e+01 -1.064209e-06 7.689560e+00
    endloop
  endfacet
  facet normal -3.673150e-01 -5.777727e-02 -9.275705e-01
    outer loop
      vertex -1.906213e+01 -4.606641e+00 7.689560e+00
      vertex -2.340501e+01 -2.787955e+00 9.331341e+00
      vertex -1.947304e+01 -2.319587e+00 7.689560e+00
    endloop
  endfacet
  facet normal -3.843347e-01 -7.608178e-02 -9.192786e-01
    outer loop
      vertex -1.906213e+01 -4.606641e+00 7.689560e+00
      vertex -2.291113e+01 -5.536806e+00 9.331341e+00
      vertex -2.340501e+01 -2.787955e+00 9.331341e+00
    endloop
  endfacet
  facet normal -3.579322e-01 -1.006503e-01 -9.275734e-01
    outer loop
      vertex -1.838448e+01 -6.829385e+00 7.689560e+00
      vertex -2.291113e+01 -5.536806e+00 9.331341e+00
      vertex -1.906213e+01 -4.606641e+00 7.689560e+00
    endloop
  endfacet
  facet normal -3.726304e-01 -1.209531e-01 -9.192842e-01
    outer loop
      vertex -1.838448e+01 -6.829385e+00 7.689560e+00
      vertex -2.209665e+01 -8.208362e+00 9.331341e+00
      vertex -2.291113e+01 -5.536806e+00 9.331341e+00
    endloop
  endfacet
  facet normal -3.612666e-01 -1.515384e-01 -9.192858e-01
    outer loop
      vertex -2.097009e+01 -1.076407e+01 9.331341e+00
      vertex -2.209665e+01 -8.208362e+00 9.331341e+00
      vertex -1.838448e+01 -6.829385e+00 7.689560e+00
    endloop
  endfacet
  facet normal -3.893634e-01 -1.816640e-01 -9.022358e-01
    outer loop
      vertex -2.097009e+01 -1.076407e+01 9.331341e+00
      vertex -2.439096e+01 -1.252003e+01 1.121467e+01
      vertex -2.209665e+01 -8.208362e+00 9.331341e+00
    endloop
  endfacet
  facet normal -3.893687e-01 -2.205999e-01 -8.934767e-01
    outer loop
      vertex -2.273862e+01 -1.531695e+01 1.121467e+01
      vertex -2.439096e+01 -1.252003e+01 1.121467e+01
      vertex -2.097009e+01 -1.076407e+01 9.331341e+00
    endloop
  endfacet
  facet normal -4.131579e-01 -2.561307e-01 -8.728344e-01
    outer loop
      vertex -2.273862e+01 -1.531695e+01 1.121467e+01
      vertex -2.683801e+01 -1.807833e+01 1.405446e+01
      vertex -2.439096e+01 -1.252003e+01 1.121467e+01
    endloop
  endfacet
  facet normal -3.926640e-01 -2.865439e-01 -8.728361e-01
    outer loop
      vertex -2.076808e+01 -1.789961e+01 1.121467e+01
      vertex -2.683801e+01 -1.807833e+01 1.405446e+01
      vertex -2.273862e+01 -1.531695e+01 1.121467e+01
    endloop
  endfacet
  facet normal -3.971877e-01 -3.147028e-01 -8.609547e-01
    outer loop
      vertex -2.076808e+01 -1.789961e+01 1.121467e+01
      vertex -2.451222e+01 -2.112661e+01 1.405446e+01
      vertex -2.683801e+01 -1.807833e+01 1.405446e+01
    endloop
  endfacet
  facet normal -3.699431e-01 -3.463095e-01 -8.609564e-01
    outer loop
      vertex -2.184096e+01 -2.387721e+01 1.405446e+01
      vertex -2.451222e+01 -2.112661e+01 1.405446e+01
      vertex -2.076808e+01 -1.789961e+01 1.121467e+01
    endloop
  endfacet
  facet normal -3.829082e-01 -3.878123e-01 -8.373601e-01
    outer loop
      vertex -2.184096e+01 -2.387721e+01 1.405446e+01
      vertex -2.503567e+01 -2.736976e+01 1.721593e+01
      vertex -2.451222e+01 -2.112661e+01 1.405446e+01
    endloop
  endfacet
  facet normal -3.521812e-01 -4.159327e-01 -8.373588e-01
    outer loop
      vertex -1.886349e+01 -2.629292e+01 1.405446e+01
      vertex -2.503567e+01 -2.736976e+01 1.721593e+01
      vertex -2.184096e+01 -2.387721e+01 1.405446e+01
    endloop
  endfacet
  facet normal -3.462728e-01 -4.432966e-01 -8.256477e-01
    outer loop
      vertex -1.886349e+01 -2.629292e+01 1.405446e+01
      vertex -2.162268e+01 -3.013883e+01 1.721593e+01
      vertex -2.503567e+01 -2.736976e+01 1.721593e+01
    endloop
  endfacet
  facet normal -3.005880e-01 -4.546042e-01 -8.373602e-01
    outer loop
      vertex -1.562147e+01 -2.833996e+01 1.405446e+01
      vertex -2.162268e+01 -3.013883e+01 1.721593e+01
      vertex -1.886349e+01 -2.629292e+01 1.405446e+01
    endloop
  endfacet
  facet normal -2.913716e-01 -4.811469e-01 -8.256505e-01
    outer loop
      vertex -1.562147e+01 -2.833996e+01 1.405446e+01
      vertex -1.790645e+01 -3.248529e+01 1.721593e+01
      vertex -2.162268e+01 -3.013883e+01 1.721593e+01
    endloop
  endfacet
  facet normal -2.512234e-01 -5.032825e-01 -8.256509e-01
    outer loop
      vertex -1.393832e+01 -3.437474e+01 1.721593e+01
      vertex -1.790645e+01 -3.248529e+01 1.721593e+01
      vertex -1.562147e+01 -2.833996e+01 1.405446e+01
    endloop
  endfacet
  facet normal -2.644763e-01 -5.329193e-01 -8.027318e-01
    outer loop
      vertex -1.393832e+01 -3.437474e+01 1.721593e+01
      vertex -1.962186e+01 -3.670986e+01 2.064937e+01
      vertex -1.790645e+01 -3.248529e+01 1.721593e+01
    endloop
  endfacet
  facet normal -2.507865e-01 -5.559137e-01 -7.915223e-01
    outer loop
      vertex -1.592904e+01 -3.845615e+01 2.064937e+01
      vertex -1.962186e+01 -3.670986e+01 2.064937e+01
      vertex -1.393832e+01 -3.437474e+01 1.721593e+01
    endloop
  endfacet
  facet normal -2.308801e-01 -5.652378e-01 -7.915213e-01
    outer loop
      vertex -1.393832e+01 -3.437474e+01 1.721593e+01
      vertex -1.564110e+01 -3.857420e+01 2.064937e+01
      vertex -1.592904e+01 -3.845615e+01 2.064937e+01
    endloop
  endfacet
  facet normal -2.116490e-01 -5.721190e-01 -7.915223e-01
    outer loop
      vertex -1.393832e+01 -3.437474e+01 1.721593e+01
      vertex -1.208319e+01 -3.983296e+01 2.064937e+01
      vertex -1.564110e+01 -3.857420e+01 2.064937e+01
    endloop
  endfacet
  facet normal -1.843555e-01 -5.657353e-01 -8.027318e-01
    outer loop
      vertex -9.774915e+00 -3.578252e+01 1.721593e+01
      vertex -1.208319e+01 -3.983296e+01 2.064937e+01
      vertex -1.393832e+01 -3.437474e+01 1.721593e+01
    endloop
  endfacet
  facet normal -1.665324e-01 -5.873668e-01 -7.915249e-01
    outer loop
      vertex -9.774915e+00 -3.578252e+01 1.721593e+01
      vertex -1.096912e+01 -4.015408e+01 2.064937e+01
      vertex -1.208319e+01 -3.983296e+01 2.064937e+01
    endloop
  endfacet
  facet normal -1.465190e-01 -5.923767e-01 -7.915230e-01
    outer loop
      vertex -9.774915e+00 -3.578252e+01 1.721593e+01
      vertex -8.120640e+00 -4.082507e+01 2.064937e+01
      vertex -1.096912e+01 -4.015408e+01 2.064937e+01
    endloop
  endfacet
  facet normal -1.199953e-01 -5.828469e-01 -8.027255e-01
    outer loop
      vertex -5.473798e+00 -3.668527e+01 1.721593e+01
      vertex -8.120640e+00 -4.082507e+01 2.064937e+01
      vertex -9.774915e+00 -3.578252e+01 1.721593e+01
    endloop
  endfacet
  facet normal -9.954984e-02 -6.022574e-01 -7.915112e-01
    outer loop
      vertex -5.473798e+00 -3.668527e+01 1.721593e+01
      vertex -6.142548e+00 -4.116888e+01 2.064937e+01
      vertex -8.120640e+00 -4.082507e+01 2.064937e+01
    endloop
  endfacet
  facet normal -7.932495e-02 -6.052535e-01 -7.915036e-01
    outer loop
      vertex -5.473798e+00 -3.668527e+01 1.721593e+01
      vertex -4.079910e+00 -4.142419e+01 2.064937e+01
      vertex -6.142548e+00 -4.116888e+01 2.064937e+01
    endloop
  endfacet
  facet normal -5.443665e-02 -5.926228e-01 -8.027065e-01
    outer loop
      vertex -1.096399e+00 -3.707286e+01 1.721593e+01
      vertex -4.079910e+00 -4.142419e+01 2.064937e+01
      vertex -5.473798e+00 -3.668527e+01 1.721593e+01
    endloop
  endfacet
  facet normal -3.215900e-02 -6.094496e-01 -7.914915e-01
    outer loop
      vertex -1.096399e+00 -3.707286e+01 1.721593e+01
      vertex -1.230433e+00 -4.160693e+01 2.064937e+01
      vertex -4.079910e+00 -4.142419e+01 2.064937e+01
    endloop
  endfacet
  facet normal -1.189302e-02 -6.104437e-01 -7.914891e-01
    outer loop
      vertex 5.604633e-06 -4.162533e+01 2.064937e+01
      vertex -1.230433e+00 -4.160693e+01 2.064937e+01
      vertex -1.096399e+00 -3.707286e+01 1.721593e+01
    endloop
  endfacet
  facet normal 3.915887e-03 -4.861244e-01 -8.728192e-01
    outer loop
      vertex 2.436330e+00 -2.730684e+01 1.121467e+01
      vertex -9.564915e-01 -3.234212e+01 1.405446e+01
      vertex -8.103916e-01 -2.740201e+01 1.121467e+01
    endloop
  endfacet
  facet normal 2.400962e-02 -5.062223e-01 -8.609374e-01
    outer loop
      vertex 2.875559e+00 -3.222980e+01 1.405446e+01
      vertex -9.564915e-01 -3.234212e+01 1.405446e+01
      vertex 2.436330e+00 -2.730684e+01 1.121467e+01
    endloop
  endfacet
  facet normal 4.612828e-03 -5.450271e-01 -8.373363e-01
    outer loop
      vertex 2.875559e+00 -3.222980e+01 1.405446e+01
      vertex -1.096399e+00 -3.707286e+01 1.721593e+01
      vertex -9.564915e-01 -3.234212e+01 1.405446e+01
    endloop
  endfacet
  facet normal 2.686412e-02 -5.619025e-01 -8.256283e-01
    outer loop
      vertex 3.296171e+00 -3.694411e+01 1.721593e+01
      vertex -1.096399e+00 -3.707286e+01 1.721593e+01
      vertex 2.875559e+00 -3.222980e+01 1.405446e+01
    endloop
  endfacet
  facet normal 1.131249e-02 -5.949631e-01 -8.027028e-01
    outer loop
      vertex 3.296171e+00 -3.694411e+01 1.721593e+01
      vertex 5.604633e-06 -4.162533e+01 2.064937e+01
      vertex -1.096399e+00 -3.707286e+01 1.721593e+01
    endloop
  endfacet
  facet normal 3.538621e-02 -6.090429e-01 -7.914984e-01
    outer loop
      vertex 3.698807e+00 -4.146030e+01 2.064937e+01
      vertex 5.604633e-06 -4.162533e+01 2.064937e+01
      vertex 3.296171e+00 -3.694411e+01 1.721593e+01
    endloop
  endfacet
  facet normal 5.569345e-02 -6.080484e-01 -7.915039e-01
    outer loop
      vertex 3.296171e+00 -3.694411e+01 1.721593e+01
      vertex 4.079926e+00 -4.142446e+01 2.064937e+01
      vertex 3.698807e+00 -4.146030e+01 2.064937e+01
    endloop
  endfacet
  facet normal 7.794245e-02 -6.048550e-01 -7.915113e-01
    outer loop
      vertex 3.296171e+00 -3.694411e+01 1.721593e+01
      vertex 8.120579e+00 -4.082482e+01 2.064937e+01
      vertex 4.079926e+00 -4.142446e+01 2.064937e+01
    endloop
  endfacet
  facet normal 9.755605e-02 -5.868703e-01 -8.027263e-01
    outer loop
      vertex 7.643059e+00 -3.629768e+01 1.721593e+01
      vertex 8.120579e+00 -4.082482e+01 2.064937e+01
      vertex 3.296171e+00 -3.694411e+01 1.721593e+01
    endloop
  endfacet
  facet normal 1.234292e-01 -5.979568e-01 -7.915251e-01
    outer loop
      vertex 7.643059e+00 -3.629768e+01 1.721593e+01
      vertex 8.576690e+00 -4.073149e+01 2.064937e+01
      vertex 8.120579e+00 -4.082482e+01 2.064937e+01
    endloop
  endfacet
  facet normal 1.433956e-01 -5.929571e-01 -7.915234e-01
    outer loop
      vertex 7.643059e+00 -3.629768e+01 1.721593e+01
      vertex 1.208320e+01 -3.983295e+01 2.064937e+01
      vertex 8.576690e+00 -4.073149e+01 2.064937e+01
    endloop
  endfacet
  facet normal 1.625457e-01 -5.723961e-01 -8.027288e-01
    outer loop
      vertex 1.188203e+01 -3.513795e+01 1.721593e+01
      vertex 1.208320e+01 -3.983295e+01 2.064937e+01
      vertex 7.643059e+00 -3.629768e+01 1.721593e+01
    endloop
  endfacet
  facet normal 1.894951e-01 -5.803604e-01 -7.915177e-01
    outer loop
      vertex 1.188203e+01 -3.513795e+01 1.721593e+01
      vertex 1.333410e+01 -3.943188e+01 2.064937e+01
      vertex 1.208320e+01 -3.983295e+01 2.064937e+01
    endloop
  endfacet
  facet normal 2.086861e-01 -5.734928e-01 -7.915159e-01
    outer loop
      vertex 1.188203e+01 -3.513795e+01 1.721593e+01
      vertex 1.592913e+01 -3.845640e+01 2.064937e+01
      vertex 1.333410e+01 -3.943188e+01 2.064937e+01
    endloop
  endfacet
  facet normal 2.251038e-01 -5.508766e-01 -8.027242e-01
    outer loop
      vertex 1.595439e+01 -3.348602e+01 1.721593e+01
      vertex 1.592913e+01 -3.845640e+01 2.064937e+01
      vertex 1.188203e+01 -3.513795e+01 1.721593e+01
    endloop
  endfacet
  facet normal 2.526378e-01 -5.556644e-01 -7.915156e-01
    outer loop
      vertex 1.595439e+01 -3.348602e+01 1.721593e+01
      vertex 1.790367e+01 -3.757746e+01 2.064937e+01
      vertex 1.592913e+01 -3.845640e+01 2.064937e+01
    endloop
  endfacet
  facet normal 2.710741e-01 -5.469456e-01 -7.915180e-01
    outer loop
      vertex 1.595439e+01 -3.348602e+01 1.721593e+01
      vertex 1.962173e+01 -3.670964e+01 2.064937e+01
      vertex 1.790367e+01 -3.757746e+01 2.064937e+01
    endloop
  endfacet
  facet normal 2.848432e-01 -5.224677e-01 -8.027291e-01
    outer loop
      vertex 1.980337e+01 -3.136503e+01 1.721593e+01
      vertex 1.962173e+01 -3.670964e+01 2.064937e+01
      vertex 1.595439e+01 -3.348602e+01 1.721593e+01
    endloop
  endfacet
  facet normal 3.128881e-01 -5.238882e-01 -7.915238e-01
    outer loop
      vertex 1.980337e+01 -3.136503e+01 1.721593e+01
      vertex 2.222264e+01 -3.519670e+01 2.064937e+01
      vertex 1.962173e+01 -3.670964e+01 2.064937e+01
    endloop
  endfacet
  facet normal 3.305145e-01 -5.133238e-01 -7.915252e-01
    outer loop
      vertex 2.312580e+01 -3.461019e+01 2.064937e+01
      vertex 2.222264e+01 -3.519670e+01 2.064937e+01
      vertex 1.980337e+01 -3.136503e+01 1.721593e+01
    endloop
  endfacet
  facet normal -1.946408e-01 -1.975041e-01 -9.603898e-01
    outer loop
      vertex -9.562502e+00 -1.045402e+01 5.924985e+00
      vertex -1.141445e+01 -1.247863e+01 6.743126e+00
      vertex -1.073204e+01 -9.249742e+00 5.924985e+00
    endloop
  endfacet
  facet normal -1.793894e-01 -2.114622e-01 -9.603894e-01
    outer loop
      vertex -8.258894e+00 -1.151168e+01 5.924985e+00
      vertex -1.141445e+01 -1.247863e+01 6.743126e+00
      vertex -9.562502e+00 -1.045402e+01 5.924985e+00
    endloop
  endfacet
  facet normal -1.804147e-01 -2.305591e-01 -9.557702e-01
    outer loop
      vertex -8.258894e+00 -1.151168e+01 5.924985e+00
      vertex -9.858374e+00 -1.374112e+01 6.743126e+00
      vertex -1.141445e+01 -1.247863e+01 6.743126e+00
    endloop
  endfacet
  facet normal -1.531580e-01 -2.311619e-01 -9.603899e-01
    outer loop
      vertex -6.839460e+00 -1.240792e+01 5.924985e+00
      vertex -9.858374e+00 -1.374112e+01 6.743126e+00
      vertex -8.258894e+00 -1.151168e+01 5.924985e+00
    endloop
  endfacet
  facet normal -1.518592e-01 -2.502812e-01 -9.557710e-01
    outer loop
      vertex -6.839460e+00 -1.240792e+01 5.924985e+00
      vertex -8.164041e+00 -1.481094e+01 6.743126e+00
      vertex -9.858374e+00 -1.374112e+01 6.743126e+00
    endloop
  endfacet
  facet normal -1.305239e-01 -2.620442e-01 -9.557712e-01
    outer loop
      vertex -6.354863e+00 -1.567239e+01 6.743126e+00
      vertex -8.164041e+00 -1.481094e+01 6.743126e+00
      vertex -6.839460e+00 -1.240792e+01 5.924985e+00
    endloop
  endfacet
  facet normal -1.324738e-01 -2.943357e-01 -9.460575e-01
    outer loop
      vertex -6.354863e+00 -1.567239e+01 6.743126e+00
      vertex -7.369419e+00 -1.817449e+01 7.689560e+00
      vertex -8.164041e+00 -1.481094e+01 6.743126e+00
    endloop
  endfacet
  facet normal -1.099308e-01 -3.034759e-01 -9.460575e-01
    outer loop
      vertex -4.456652e+00 -1.631423e+01 6.743126e+00
      vertex -7.369419e+00 -1.817449e+01 7.689560e+00
      vertex -6.354863e+00 -1.567239e+01 6.743126e+00
    endloop
  endfacet
  facet normal -1.022173e-01 -3.214047e-01 -9.409637e-01
    outer loop
      vertex -4.456652e+00 -1.631423e+01 6.743126e+00
      vertex -5.168158e+00 -1.891880e+01 7.689560e+00
      vertex -7.369419e+00 -1.817449e+01 7.689560e+00
    endloop
  endfacet
  facet normal -7.532105e-02 -3.287455e-01 -9.409619e-01
    outer loop
      vertex -2.894087e+00 -1.939610e+01 7.689560e+00
      vertex -5.168158e+00 -1.891880e+01 7.689560e+00
      vertex -4.456652e+00 -1.631423e+01 6.743126e+00
    endloop
  endfacet
  facet normal -6.837434e-02 -3.654674e-01 -9.275733e-01
    outer loop
      vertex -2.894087e+00 -1.939610e+01 7.689560e+00
      vertex -3.478456e+00 -2.331253e+01 9.331341e+00
      vertex -5.168158e+00 -1.891880e+01 7.689560e+00
    endloop
  endfacet
  facet normal -4.146979e-02 -3.895986e-01 -9.192755e-01
    outer loop
      vertex -6.967329e-01 -2.355883e+01 9.331341e+00
      vertex -3.478456e+00 -2.331253e+01 9.331341e+00
      vertex -2.894087e+00 -1.939610e+01 7.689560e+00
    endloop
  endfacet
  facet normal -2.881138e-02 -4.287342e-01 -9.022217e-01
    outer loop
      vertex -6.967329e-01 -2.355883e+01 9.331341e+00
      vertex -8.103916e-01 -2.740201e+01 1.121467e+01
      vertex -3.478456e+00 -2.331253e+01 9.331341e+00
    endloop
  endfacet
  facet normal 3.477560e-03 -4.296902e-01 -9.022210e-01
    outer loop
      vertex 2.094631e+00 -2.347701e+01 9.331341e+00
      vertex -8.103916e-01 -2.740201e+01 1.121467e+01
      vertex -6.967329e-01 -2.355883e+01 9.331341e+00
    endloop
  endfacet
  facet normal 2.121828e-02 -4.470399e-01 -8.934657e-01
    outer loop
      vertex 2.094631e+00 -2.347701e+01 9.331341e+00
      vertex 2.436330e+00 -2.730684e+01 1.121467e+01
      vertex -8.103916e-01 -2.740201e+01 1.121467e+01
    endloop
  endfacet
  facet normal 5.411143e-02 -4.262464e-01 -9.022304e-01
    outer loop
      vertex 4.856964e+00 -2.306623e+01 9.331341e+00
      vertex 2.436330e+00 -2.730684e+01 1.121467e+01
      vertex 2.094631e+00 -2.347701e+01 9.331341e+00
    endloop
  endfacet
  facet normal 7.399935e-02 -4.413404e-01 -8.934775e-01
    outer loop
      vertex 4.856964e+00 -2.306623e+01 9.331341e+00
      vertex 5.649285e+00 -2.682904e+01 1.121467e+01
      vertex 2.436330e+00 -2.730684e+01 1.121467e+01
    endloop
  endfacet
  facet normal 1.101230e-01 -4.337379e-01 -8.934805e-01
    outer loop
      vertex 8.782477e+00 -2.597184e+01 1.121467e+01
      vertex 5.649285e+00 -2.682904e+01 1.121467e+01
      vertex 4.856964e+00 -2.306623e+01 9.331341e+00
    endloop
  endfacet
  facet normal 1.382647e-01 -4.660135e-01 -8.728376e-01
    outer loop
      vertex 8.782477e+00 -2.597184e+01 1.121467e+01
      vertex 1.036581e+01 -3.065413e+01 1.405446e+01
      vertex 5.649285e+00 -2.682904e+01 1.121467e+01
    endloop
  endfacet
  facet normal 1.819674e-01 -4.729664e-01 -8.609514e-01
    outer loop
      vertex 1.391851e+01 -2.921299e+01 1.405446e+01
      vertex 1.036581e+01 -3.065413e+01 1.405446e+01
      vertex 8.782477e+00 -2.597184e+01 1.121467e+01
    endloop
  endfacet
  facet normal 2.154054e-01 -5.006385e-01 -8.373559e-01
    outer loop
      vertex 1.391851e+01 -2.921299e+01 1.405446e+01
      vertex 1.595439e+01 -3.348602e+01 1.721593e+01
      vertex 1.036581e+01 -3.065413e+01 1.405446e+01
    endloop
  endfacet
  facet normal 2.529636e-01 -4.827334e-01 -8.373582e-01
    outer loop
      vertex 1.727633e+01 -2.736265e+01 1.405446e+01
      vertex 1.595439e+01 -3.348602e+01 1.721593e+01
      vertex 1.391851e+01 -2.921299e+01 1.405446e+01
    endloop
  endfacet
  facet normal 2.806483e-01 -4.874817e-01 -8.256497e-01
    outer loop
      vertex 1.727633e+01 -2.736265e+01 1.405446e+01
      vertex 1.980337e+01 -3.136503e+01 1.721593e+01
      vertex 1.595439e+01 -3.348602e+01 1.721593e+01
    endloop
  endfacet
  facet normal 3.194275e-01 -4.630008e-01 -8.256513e-01
    outer loop
      vertex 2.337360e+01 -2.880246e+01 1.721593e+01
      vertex 1.980337e+01 -3.136503e+01 1.721593e+01
      vertex 1.727633e+01 -2.736265e+01 1.405446e+01
    endloop
  endfacet
  facet normal 3.412489e-01 -4.874225e-01 -8.027322e-01
    outer loop
      vertex 2.337360e+01 -2.880246e+01 1.721593e+01
      vertex 2.312580e+01 -3.461019e+01 2.064937e+01
      vertex 1.980337e+01 -3.136503e+01 1.721593e+01
    endloop
  endfacet
  facet normal 3.692254e-01 -4.855470e-01 -7.915230e-01
    outer loop
      vertex 2.622916e+01 -3.232130e+01 2.064937e+01
      vertex 2.312580e+01 -3.461019e+01 2.064937e+01
      vertex 2.337360e+01 -2.880246e+01 1.721593e+01
    endloop
  endfacet
  facet normal 3.856403e-01 -4.733730e-01 -7.915220e-01
    outer loop
      vertex 2.337360e+01 -2.880246e+01 1.721593e+01
      vertex 2.640653e+01 -3.217649e+01 2.064937e+01
      vertex 2.622916e+01 -3.232130e+01 2.064937e+01
    endloop
  endfacet
  facet normal 4.016643e-01 -4.589296e-01 -7.915229e-01
    outer loop
      vertex 2.337360e+01 -2.880246e+01 1.721593e+01
      vertex 2.943307e+01 -2.943304e+01 2.064937e+01
      vertex 2.640653e+01 -3.217649e+01 2.064937e+01
    endloop
  endfacet
  facet normal 4.083555e-01 -4.326781e-01 -8.027321e-01
    outer loop
      vertex 2.661624e+01 -2.583626e+01 1.721593e+01
      vertex 2.943307e+01 -2.943304e+01 2.064937e+01
      vertex 2.337360e+01 -2.880246e+01 1.721593e+01
    endloop
  endfacet
  facet normal 4.358943e-01 -4.275228e-01 -7.915249e-01
    outer loop
      vertex 2.661624e+01 -2.583626e+01 1.721593e+01
      vertex 2.986749e+01 -2.899221e+01 2.064937e+01
      vertex 2.943307e+01 -2.943304e+01 2.064937e+01
    endloop
  endfacet
  facet normal 4.497077e-01 -4.122802e-01 -7.915235e-01
    outer loop
      vertex 2.661624e+01 -2.583626e+01 1.721593e+01
      vertex 3.217682e+01 -2.640682e+01 2.064937e+01
      vertex 2.986749e+01 -2.899221e+01 2.064937e+01
    endloop
  endfacet
  facet normal 4.541208e-01 -3.845080e-01 -8.027287e-01
    outer loop
      vertex 2.948409e+01 -2.250641e+01 1.721593e+01
      vertex 3.217682e+01 -2.640682e+01 2.064937e+01
      vertex 2.661624e+01 -2.583626e+01 1.721593e+01
    endloop
  endfacet
  facet normal 4.809394e-01 -3.760365e-01 -7.915174e-01
    outer loop
      vertex 2.948409e+01 -2.250641e+01 1.721593e+01
      vertex 3.308726e+01 -2.525675e+01 2.064937e+01
      vertex 3.217682e+01 -2.640682e+01 2.064937e+01
    endloop
  endfacet
  facet normal 4.930929e-01 -3.596467e-01 -7.915139e-01
    outer loop
      vertex 2.948409e+01 -2.250641e+01 1.721593e+01
      vertex 3.460982e+01 -2.312558e+01 2.064937e+01
      vertex 3.308726e+01 -2.525675e+01 2.064937e+01
    endloop
  endfacet
  facet normal 4.940678e-01 -3.317281e-01 -8.027205e-01
    outer loop
      vertex 3.193828e+01 -1.886112e+01 1.721593e+01
      vertex 3.460982e+01 -2.312558e+01 2.064937e+01
      vertex 2.948409e+01 -2.250641e+01 1.721593e+01
    endloop
  endfacet
  facet normal 5.195736e-01 -3.203263e-01 -7.915101e-01
    outer loop
      vertex 3.193828e+01 -1.886112e+01 1.721593e+01
      vertex 3.584133e+01 -2.116613e+01 2.064937e+01
      vertex 3.460982e+01 -2.312558e+01 2.064937e+01
    endloop
  endfacet
  facet normal 5.300351e-01 -3.028734e-01 -7.915112e-01
    outer loop
      vertex 3.193828e+01 -1.886112e+01 1.721593e+01
      vertex 3.670965e+01 -1.962170e+01 2.064937e+01
      vertex 3.584133e+01 -2.116613e+01 2.064937e+01
    endloop
  endfacet
  facet normal 5.277411e-01 -2.749612e-01 -8.027237e-01
    outer loop
      vertex 3.394622e+01 -1.495220e+01 1.721593e+01
      vertex 3.670965e+01 -1.962170e+01 2.064937e+01
      vertex 3.193828e+01 -1.886112e+01 1.721593e+01
    endloop
  endfacet
  facet normal 5.517535e-01 -2.605589e-01 -7.915195e-01
    outer loop
      vertex 3.394622e+01 -1.495220e+01 1.721593e+01
      vertex 3.809357e+01 -1.677900e+01 2.064937e+01
      vertex 3.670965e+01 -1.962170e+01 2.064937e+01
    endloop
  endfacet
  facet normal 5.605145e-01 -2.420380e-01 -7.915234e-01
    outer loop
      vertex 3.845679e+01 -1.592932e+01 2.064937e+01
      vertex 3.809357e+01 -1.677900e+01 2.064937e+01
      vertex 3.394622e+01 -1.495220e+01 1.721593e+01
    endloop
  endfacet
  facet normal -1.843995e-02 -2.767131e-01 -9.603830e-01
    outer loop
      vertex -4.187752e-01 -1.416017e+01 5.924985e+00
      vertex -4.998784e-01 -1.690253e+01 6.743126e+00
      vertex -2.090745e+00 -1.401213e+01 5.924985e+00
    endloop
  endfacet
  facet normal 2.089474e-03 -2.773211e-01 -9.603827e-01
    outer loop
      vertex 1.258990e+00 -1.411099e+01 5.924985e+00
      vertex -4.998784e-01 -1.690253e+01 6.743126e+00
      vertex -4.187752e-01 -1.416017e+01 5.924985e+00
    endloop
  endfacet
  facet normal 1.373231e-02 -2.924587e-01 -9.557640e-01
    outer loop
      vertex 1.258990e+00 -1.411099e+01 5.924985e+00
      vertex 1.502815e+00 -1.684383e+01 6.743126e+00
      vertex -4.998784e-01 -1.690253e+01 6.743126e+00
    endloop
  endfacet
  facet normal 3.476733e-02 -2.751155e-01 -9.603868e-01
    outer loop
      vertex 2.919306e+00 -1.386409e+01 5.924985e+00
      vertex 1.502815e+00 -1.684383e+01 6.743126e+00
      vertex 1.258990e+00 -1.411099e+01 5.924985e+00
    endloop
  endfacet
  facet normal 4.826104e-02 -2.887457e-01 -9.557694e-01
    outer loop
      vertex 2.919306e+00 -1.386409e+01 5.924985e+00
      vertex 3.484680e+00 -1.654911e+01 6.743126e+00
      vertex 1.502815e+00 -1.684383e+01 6.743126e+00
    endloop
  endfacet
  facet normal 7.218694e-02 -2.837097e-01 -9.557708e-01
    outer loop
      vertex 5.417345e+00 -1.602036e+01 6.743126e+00
      vertex 3.484680e+00 -1.654911e+01 6.743126e+00
      vertex 2.919306e+00 -1.386409e+01 5.924985e+00
    endloop
  endfacet
  facet normal 9.183955e-02 -3.094310e-01 -9.460564e-01
    outer loop
      vertex 5.417345e+00 -1.602036e+01 6.743126e+00
      vertex 6.282225e+00 -1.857801e+01 7.689560e+00
      vertex 3.484680e+00 -1.654911e+01 6.743126e+00
    endloop
  endfacet
  facet normal 1.211369e-01 -3.147746e-01 -9.409611e-01
    outer loop
      vertex 8.435347e+00 -1.770461e+01 7.689560e+00
      vertex 6.282225e+00 -1.857801e+01 7.689560e+00
      vertex 5.417345e+00 -1.602036e+01 6.743126e+00
    endloop
  endfacet
  facet normal 1.472443e-01 -3.414203e-01 -9.275749e-01
    outer loop
      vertex 8.435347e+00 -1.770461e+01 7.689560e+00
      vertex 1.013860e+01 -2.127949e+01 9.331341e+00
      vertex 6.282225e+00 -1.857801e+01 7.689560e+00
    endloop
  endfacet
  facet normal 1.722944e-01 -3.294776e-01 -9.275761e-01
    outer loop
      vertex 1.047037e+01 -1.658321e+01 7.689560e+00
      vertex 1.013860e+01 -2.127949e+01 9.331341e+00
      vertex 8.435347e+00 -1.770461e+01 7.689560e+00
    endloop
  endfacet
  facet normal 1.951973e-01 -3.396732e-01 -9.192858e-01
    outer loop
      vertex 1.047037e+01 -1.658321e+01 7.689560e+00
      vertex 1.258452e+01 -1.993166e+01 9.331341e+00
      vertex 1.013860e+01 -2.127949e+01 9.331341e+00
    endloop
  endfacet
  facet normal 2.227266e-01 -3.222936e-01 -9.192868e-01
    outer loop
      vertex 1.485331e+01 -1.830321e+01 9.331341e+00
      vertex 1.258452e+01 -1.993166e+01 9.331341e+00
      vertex 1.047037e+01 -1.658321e+01 7.689560e+00
    endloop
  endfacet
  facet normal 2.579305e-01 -3.436267e-01 -9.022378e-01
    outer loop
      vertex 1.485331e+01 -1.830321e+01 9.331341e+00
      vertex 1.727635e+01 -2.128903e+01 1.121467e+01
      vertex 1.258452e+01 -1.993166e+01 9.331341e+00
    endloop
  endfacet
  facet normal 2.831701e-01 -3.231461e-01 -9.022377e-01
    outer loop
      vertex 1.691392e+01 -1.641827e+01 9.331341e+00
      vertex 1.727635e+01 -2.128903e+01 1.121467e+01
      vertex 1.485331e+01 -1.830321e+01 9.331341e+00
    endloop
  endfacet
  facet normal 3.080175e-01 -3.246294e-01 -8.934816e-01
    outer loop
      vertex 1.691392e+01 -1.641827e+01 9.331341e+00
      vertex 1.967311e+01 -1.909660e+01 1.121467e+01
      vertex 1.727635e+01 -2.128903e+01 1.121467e+01
    endloop
  endfacet
  facet normal 3.336539e-01 -2.982109e-01 -8.934803e-01
    outer loop
      vertex 2.179285e+01 -1.663538e+01 1.121467e+01
      vertex 1.967311e+01 -1.909660e+01 1.121467e+01
      vertex 1.691392e+01 -1.641827e+01 9.331341e+00
    endloop
  endfacet
  facet normal 3.750401e-01 -3.092408e-01 -8.728372e-01
    outer loop
      vertex 2.179285e+01 -1.663538e+01 1.121467e+01
      vertex 2.572173e+01 -1.963445e+01 1.405446e+01
      vertex 1.967311e+01 -1.909660e+01 1.121467e+01
    endloop
  endfacet
  facet normal 4.151805e-01 -2.905837e-01 -8.609493e-01
    outer loop
      vertex 2.786275e+01 -1.645432e+01 1.405446e+01
      vertex 2.572173e+01 -1.963445e+01 1.405446e+01
      vertex 2.179285e+01 -1.663538e+01 1.121467e+01
    endloop
  endfacet
  facet normal 4.583698e-01 -2.948609e-01 -8.373520e-01
    outer loop
      vertex 2.786275e+01 -1.645432e+01 1.405446e+01
      vertex 3.193828e+01 -1.886112e+01 1.721593e+01
      vertex 2.572173e+01 -1.963445e+01 1.405446e+01
    endloop
  endfacet
  facet normal 4.794768e-01 -2.591113e-01 -8.373538e-01
    outer loop
      vertex 2.961447e+01 -1.304420e+01 1.405446e+01
      vertex 3.193828e+01 -1.886112e+01 1.721593e+01
      vertex 2.786275e+01 -1.645432e+01 1.405446e+01
    endloop
  endfacet
  facet normal 5.050526e-01 -2.476639e-01 -8.256461e-01
    outer loop
      vertex 2.961447e+01 -1.304420e+01 1.405446e+01
      vertex 3.394622e+01 -1.495220e+01 1.721593e+01
      vertex 3.193828e+01 -1.886112e+01 1.721593e+01
    endloop
  endfacet
  facet normal 5.235520e-01 -2.056407e-01 -8.256490e-01
    outer loop
      vertex 3.547591e+01 -1.083248e+01 1.721593e+01
      vertex 3.394622e+01 -1.495220e+01 1.721593e+01
      vertex 2.961447e+01 -1.304420e+01 1.405446e+01
    endloop
  endfacet
  facet normal 5.550013e-01 -2.144172e-01 -8.027305e-01
    outer loop
      vertex 3.547591e+01 -1.083248e+01 1.721593e+01
      vertex 3.845679e+01 -1.592932e+01 2.064937e+01
      vertex 3.394622e+01 -1.495220e+01 1.721593e+01
    endloop
  endfacet
  facet normal 5.772100e-01 -1.970920e-01 -7.915213e-01
    outer loop
      vertex 3.981038e+01 -1.215595e+01 2.064937e+01
      vertex 3.845679e+01 -1.592932e+01 2.064937e+01
      vertex 3.547591e+01 -1.083248e+01 1.721593e+01
    endloop
  endfacet
  facet normal 5.841460e-01 -1.777084e-01 -7.915193e-01
    outer loop
      vertex 3.547591e+01 -1.083248e+01 1.721593e+01
      vertex 3.983254e+01 -1.208310e+01 2.064937e+01
      vertex 3.981038e+01 -1.215595e+01 2.064937e+01
    endloop
  endfacet
  facet normal 5.892092e-01 -1.575680e-01 -7.915164e-01
    outer loop
      vertex 3.547591e+01 -1.083248e+01 1.721593e+01
      vertex 4.082482e+01 -8.120544e+00 2.064937e+01
      vertex 3.983254e+01 -1.208310e+01 2.064937e+01
    endloop
  endfacet
  facet normal 5.802974e-01 -1.313969e-01 -8.027222e-01
    outer loop
      vertex 3.650700e+01 -6.560718e+00 1.721593e+01
      vertex 4.082482e+01 -8.120544e+00 2.064937e+01
      vertex 3.547591e+01 -1.083248e+01 1.721593e+01
    endloop
  endfacet
  facet normal 6.002436e-01 -1.118014e-01 -7.915109e-01
    outer loop
      vertex 3.650700e+01 -6.560718e+00 1.721593e+01
      vertex 4.096842e+01 -7.362473e+00 2.064937e+01
      vertex 4.082482e+01 -8.120544e+00 2.064937e+01
    endloop
  endfacet
  facet normal 6.032326e-01 -9.165759e-02 -7.915129e-01
    outer loop
      vertex 4.142489e+01 -4.079989e+00 2.064937e+01
      vertex 4.096842e+01 -7.362473e+00 2.064937e+01
      vertex 3.650700e+01 -6.560718e+00 1.721593e+01
    endloop
  endfacet
  facet normal 2.745679e-01 -3.888300e-02 -9.603879e-01
    outer loop
      vertex 1.414303e+01 -8.392553e-01 5.924985e+00
      vertex 1.664454e+01 -2.991211e+00 6.743126e+00
      vertex 1.394403e+01 -2.505900e+00 5.924985e+00
    endloop
  endfacet
  facet normal 2.912637e-01 -2.955428e-02 -9.557695e-01
    outer loop
      vertex 1.688208e+01 -1.001792e+00 6.743126e+00
      vertex 1.664454e+01 -2.991211e+00 6.743126e+00
      vertex 1.414303e+01 -8.392553e-01 5.924985e+00
    endloop
  endfacet
  facet normal 3.196141e-01 -4.512291e-02 -9.460546e-01
    outer loop
      vertex 1.688208e+01 -1.001792e+00 6.743126e+00
      vertex 1.930185e+01 -3.468759e+00 7.689560e+00
      vertex 1.664454e+01 -2.991211e+00 6.743126e+00
    endloop
  endfacet
  facet normal 3.355667e-01 -3.391832e-02 -9.409614e-01
    outer loop
      vertex 1.957730e+01 -1.161728e+00 7.689560e+00
      vertex 1.930185e+01 -3.468759e+00 7.689560e+00
      vertex 1.688208e+01 -1.001792e+00 6.743126e+00
    endloop
  endfacet
  facet normal 3.681500e-01 -5.210530e-02 -9.275739e-01
    outer loop
      vertex 1.957730e+01 -1.161728e+00 7.689560e+00
      vertex 2.319924e+01 -4.169165e+00 9.331341e+00
      vertex 1.930185e+01 -3.468759e+00 7.689560e+00
    endloop
  endfacet
  facet normal 3.897782e-01 -3.952184e-02 -9.192836e-01
    outer loop
      vertex 2.353032e+01 -1.396302e+00 9.331341e+00
      vertex 2.319924e+01 -4.169165e+00 9.331341e+00
      vertex 1.957730e+01 -1.161728e+00 7.689560e+00
    endloop
  endfacet
  facet normal 4.254631e-01 -6.000860e-02 -9.022328e-01
    outer loop
      vertex 2.353032e+01 -1.396302e+00 9.331341e+00
      vertex 2.698376e+01 -4.849285e+00 1.121467e+01
      vertex 2.319924e+01 -4.169165e+00 9.331341e+00
    endloop
  endfacet
  facet normal 4.452505e-01 -4.494968e-02 -8.934776e-01
    outer loop
      vertex 2.736884e+01 -1.624082e+00 1.121467e+01
      vertex 2.698376e+01 -4.849285e+00 1.121467e+01
      vertex 2.353032e+01 -1.396302e+00 9.331341e+00
    endloop
  endfacet
  facet normal 4.813412e-01 -6.790850e-02 -8.728339e-01
    outer loop
      vertex 2.736884e+01 -1.624082e+00 1.121467e+01
      vertex 3.184847e+01 -5.723528e+00 1.405446e+01
      vertex 2.698376e+01 -4.849285e+00 1.121467e+01
    endloop
  endfacet
  facet normal 5.041952e-01 -5.091821e-02 -8.609521e-01
    outer loop
      vertex 3.230298e+01 -1.916877e+00 1.405446e+01
      vertex 3.184847e+01 -5.723528e+00 1.405446e+01
      vertex 2.736884e+01 -1.624082e+00 1.121467e+01
    endloop
  endfacet
  facet normal 5.396995e-01 -7.591620e-02 -8.373539e-01
    outer loop
      vertex 3.230298e+01 -1.916877e+00 1.405446e+01
      vertex 3.650700e+01 -6.560718e+00 1.721593e+01
      vertex 3.184847e+01 -5.723528e+00 1.405446e+01
    endloop
  endfacet
  facet normal 5.596862e-01 -5.630681e-02 -8.256456e-01
    outer loop
      vertex 3.702799e+01 -2.197262e+00 1.721593e+01
      vertex 3.650700e+01 -6.560718e+00 1.721593e+01
      vertex 3.230298e+01 -1.916877e+00 1.405446e+01
    endloop
  endfacet
  facet normal 5.913599e-01 -6.632125e-02 -8.027247e-01
    outer loop
      vertex 3.702799e+01 -2.197262e+00 1.721593e+01
      vertex 4.142489e+01 -4.079989e+00 2.064937e+01
      vertex 3.650700e+01 -6.560718e+00 1.721593e+01
    endloop
  endfacet
  facet normal 6.088517e-01 -4.448865e-02 -7.915196e-01
    outer loop
      vertex 4.155228e+01 -2.465796e+00 2.064937e+01
      vertex 4.142489e+01 -4.079989e+00 2.064937e+01
      vertex 3.702799e+01 -2.197262e+00 1.721593e+01
    endloop
  endfacet
  facet normal 6.102024e-01 -1.242912e-02 -7.915239e-01
    outer loop
      vertex 4.155228e+01 -2.465796e+00 2.064937e+01
      vertex 3.709365e+01 8.105440e-16 1.721593e+01
      vertex 4.162539e+01 9.447858e-16 2.064937e+01
    endloop
  endfacet
  facet normal 5.950474e-01 -2.397509e-02 -8.027307e-01
    outer loop
      vertex 3.702799e+01 -2.197262e+00 1.721593e+01
      vertex 3.709365e+01 8.105440e-16 1.721593e+01
      vertex 4.155228e+01 -2.465796e+00 2.064937e+01
    endloop
  endfacet
  facet normal 5.630463e-01 -1.154597e-02 -8.256512e-01
    outer loop
      vertex 3.702799e+01 -2.197262e+00 1.721593e+01
      vertex 3.236026e+01 6.164803e-16 1.405446e+01
      vertex 3.709365e+01 8.105440e-16 1.721593e+01
    endloop
  endfacet
  facet normal 5.451771e-01 -2.204510e-02 -8.373609e-01
    outer loop
      vertex 3.230298e+01 -1.916877e+00 1.405446e+01
      vertex 3.236026e+01 6.164803e-16 1.405446e+01
      vertex 3.702799e+01 -2.197262e+00 1.721593e+01
    endloop
  endfacet
  facet normal 5.072416e-01 -1.049913e-02 -8.609570e-01
    outer loop
      vertex 3.230298e+01 -1.916877e+00 1.405446e+01
      vertex 2.741738e+01 4.422306e-16 1.121467e+01
      vertex 3.236026e+01 6.164803e-16 1.405446e+01
    endloop
  endfacet
  facet normal 4.862465e-01 -1.976285e-02 -8.728397e-01
    outer loop
      vertex 2.736884e+01 -1.624082e+00 1.121467e+01
      vertex 2.741738e+01 4.422306e-16 1.121467e+01
      vertex 3.230298e+01 -1.916877e+00 1.405446e+01
    endloop
  endfacet
  facet normal 4.479385e-01 -9.263718e-03 -8.934815e-01
    outer loop
      vertex 2.736884e+01 -1.624082e+00 1.121467e+01
      vertex 2.357204e+01 3.267168e-16 9.331341e+00
      vertex 2.741738e+01 4.422306e-16 1.121467e+01
    endloop
  endfacet
  facet normal 4.297966e-01 -1.746024e-02 -9.022376e-01
    outer loop
      vertex 2.353032e+01 -1.396302e+00 9.331341e+00
      vertex 2.357204e+01 3.267168e-16 9.331341e+00
      vertex 2.736884e+01 -1.624082e+00 1.121467e+01
    endloop
  endfacet
  facet normal 3.921488e-01 -8.196526e-03 -9.192867e-01
    outer loop
      vertex 2.353032e+01 -1.396302e+00 9.331341e+00
      vertex 1.961202e+01 2.260548e-16 7.689560e+00
      vertex 2.357204e+01 3.267168e-16 9.331341e+00
    endloop
  endfacet
  facet normal 3.719179e-01 -1.519919e-02 -9.275775e-01
    outer loop
      vertex 1.957730e+01 -1.161728e+00 7.689560e+00
      vertex 1.961202e+01 2.260548e-16 7.689560e+00
      vertex 2.353032e+01 -1.396302e+00 9.331341e+00
    endloop
  endfacet
  facet normal 3.375962e-01 -7.002665e-03 -9.409637e-01
    outer loop
      vertex 1.957730e+01 -1.161728e+00 7.689560e+00
      vertex 1.691201e+01 1.680446e-16 6.743126e+00
      vertex 1.961202e+01 2.260548e-16 7.689560e+00
    endloop
  endfacet
  facet normal 3.228732e-01 -1.313834e-02 -9.460575e-01
    outer loop
      vertex 1.688208e+01 -1.001792e+00 6.743126e+00
      vertex 1.691201e+01 1.680446e-16 6.743126e+00
      vertex 1.957730e+01 -1.161728e+00 7.689560e+00
    endloop
  endfacet
  facet normal 2.930368e-01 -6.135672e-03 -9.557713e-01
    outer loop
      vertex 1.688208e+01 -1.001792e+00 6.743126e+00
      vertex 1.416811e+01 1.179110e-16 5.924985e+00
      vertex 1.691201e+01 1.680446e-16 6.743126e+00
    endloop
  endfacet
  facet normal 2.773798e-01 -1.134702e-02 -9.603901e-01
    outer loop
      vertex 1.414303e+01 -8.392553e-01 5.924985e+00
      vertex 1.416811e+01 1.179110e-16 5.924985e+00
      vertex 1.688208e+01 -1.001792e+00 6.743126e+00
    endloop
  endfacet
  facet normal 2.072325e-01 -3.578539e-03 -9.774596e-01
    outer loop
      vertex 1.416811e+01 1.179110e-16 5.924985e+00
      vertex 9.525000e+00 -5.652930e-01 4.873400e+00
      vertex 9.525000e+00 5.330119e-17 4.870335e+00
    endloop
  endfacet
  facet normal 2.345675e-01 -8.789890e-03 -9.712250e-01
    outer loop
      vertex 1.414303e+01 -8.392553e-01 5.924985e+00
      vertex 9.525000e+00 -5.652930e-01 4.873400e+00
      vertex 1.416811e+01 1.179110e-16 5.924985e+00
    endloop
  endfacet
  facet normal 2.070460e-01 -1.955426e-02 -9.772885e-01
    outer loop
      vertex 1.414303e+01 -8.392553e-01 5.924985e+00
      vertex 9.525000e+00 -1.711849e+00 4.898442e+00
      vertex 9.525000e+00 -5.652930e-01 4.873400e+00
    endloop
  endfacet
  facet normal 2.331626e-01 -3.144012e-02 -9.710721e-01
    outer loop
      vertex 1.394403e+01 -2.505900e+00 5.924985e+00
      vertex 9.525000e+00 -1.711849e+00 4.898442e+00
      vertex 1.414303e+01 -8.392553e-01 5.924985e+00
    endloop
  endfacet
  facet normal 2.057396e-01 -4.447019e-02 -9.768152e-01
    outer loop
      vertex 1.394403e+01 -2.505900e+00 5.924985e+00
      vertex 9.525000e+00 -2.909486e+00 4.951522e+00
      vertex 9.525000e+00 -1.711849e+00 4.898442e+00
    endloop
  endfacet
  facet normal 2.294629e-01 -5.919751e-02 -9.707511e-01
    outer loop
      vertex 1.355021e+01 -4.137523e+00 5.924985e+00
      vertex 9.525000e+00 -2.909486e+00 4.951522e+00
      vertex 1.394403e+01 -2.505900e+00 5.924985e+00
    endloop
  endfacet
  facet normal 2.031338e-01 -7.005467e-02 -9.759677e-01
    outer loop
      vertex 1.355021e+01 -4.137523e+00 5.924985e+00
      vertex 9.525000e+00 -4.195518e+00 5.039142e+00
      vertex 9.525000e+00 -2.909486e+00 4.951522e+00
    endloop
  endfacet
  facet normal 2.232835e-01 -8.707457e-02 -9.702249e-01
    outer loop
      vertex 1.296593e+01 -5.711068e+00 5.924985e+00
      vertex 9.525000e+00 -4.195518e+00 5.039142e+00
      vertex 1.355021e+01 -4.137523e+00 5.924985e+00
    endloop
  endfacet
  facet normal 1.992273e-01 -9.676314e-02 -9.746339e-01
    outer loop
      vertex 1.296593e+01 -5.711068e+00 5.924985e+00
      vertex 9.525000e+00 -5.626264e+00 5.173870e+00
      vertex 9.525000e+00 -4.195518e+00 5.039142e+00
    endloop
  endfacet
  facet normal 2.147838e-01 -1.149011e-01 -9.694173e-01
    outer loop
      vertex 1.219899e+01 -7.204102e+00 5.924985e+00
      vertex 9.525000e+00 -5.626264e+00 5.173870e+00
      vertex 1.296593e+01 -5.711068e+00 5.924985e+00
    endloop
  endfacet
  facet normal 1.941497e-01 -1.248990e-01 -9.726184e-01
    outer loop
      vertex 1.219899e+01 -7.204102e+00 5.924985e+00
      vertex 9.525000e+00 -7.271300e+00 5.377249e+00
      vertex 9.525000e+00 -5.626264e+00 5.173870e+00
    endloop
  endfacet
  facet normal 2.041004e-01 -1.427250e-01 -9.682091e-01
    outer loop
      vertex 1.126160e+01 -8.596441e+00 5.924985e+00
      vertex 9.525000e+00 -7.271300e+00 5.377249e+00
      vertex 1.219899e+01 -7.204102e+00 5.924985e+00
    endloop
  endfacet
  facet normal 1.880962e-01 -1.469946e-01 -9.709253e-01
    outer loop
      vertex 1.126160e+01 -8.596441e+00 5.924985e+00
      vertex 9.525000e+00 -7.840000e+00 5.459621e+00
      vertex 9.525000e+00 -7.271300e+00 5.377249e+00
    endloop
  endfacet
  facet normal 1.914646e-01 -1.626192e-01 -9.677243e-01
    outer loop
      vertex 1.016621e+01 -9.868292e+00 5.924985e+00
      vertex 9.525000e+00 -7.840000e+00 5.459621e+00
      vertex 1.126160e+01 -8.596441e+00 5.924985e+00
    endloop
  endfacet
  facet normal 1.767687e-01 -1.628206e-01 -9.705184e-01
    outer loop
      vertex 1.016621e+01 -9.868292e+00 5.924985e+00
      vertex 8.811612e+00 -8.553388e+00 5.446334e+00
      vertex 9.525000e+00 -7.840000e+00 5.459621e+00
    endloop
  endfacet
  facet normal 1.662699e-01 -1.733233e-01 -9.705186e-01
    outer loop
      vertex 1.016621e+01 -9.868292e+00 5.924985e+00
      vertex 7.840000e+00 -9.525000e+00 5.459621e+00
      vertex 8.811612e+00 -8.553388e+00 5.446334e+00
    endloop
  endfacet
  facet normal 1.665438e-01 -1.879837e-01 -9.677249e-01
    outer loop
      vertex 8.927667e+00 -1.100125e+01 5.924985e+00
      vertex 7.840000e+00 -9.525000e+00 5.459621e+00
      vertex 1.016621e+01 -9.868292e+00 5.924985e+00
    endloop
  endfacet
  facet normal 1.519161e-01 -1.863486e-01 -9.705370e-01
    outer loop
      vertex 8.927667e+00 -1.100125e+01 5.924985e+00
      vertex 7.729726e+00 -9.525000e+00 5.443164e+00
      vertex 7.840000e+00 -9.525000e+00 5.459621e+00
    endloop
  endfacet
  facet normal 1.498259e-01 -2.010222e-01 -9.678218e-01
    outer loop
      vertex 7.563999e+00 -1.198003e+01 5.924985e+00
      vertex 7.729726e+00 -9.525000e+00 5.443164e+00
      vertex 8.927667e+00 -1.100125e+01 5.924985e+00
    endloop
  endfacet
  facet normal 1.323181e-01 -1.926578e-01 -9.719724e-01
    outer loop
      vertex 7.563999e+00 -1.198003e+01 5.924985e+00
      vertex 6.015889e+00 -9.525000e+00 5.217354e+00
      vertex 7.729726e+00 -9.525000e+00 5.443164e+00
    endloop
  endfacet
  facet normal 1.218099e-01 -2.123271e-01 -9.691596e-01
    outer loop
      vertex 6.093861e+00 -1.279016e+01 5.924985e+00
      vertex 6.015889e+00 -9.525000e+00 5.217354e+00
      vertex 7.563999e+00 -1.198003e+01 5.924985e+00
    endloop
  endfacet
  facet normal 1.035636e-01 -1.981059e-01 -9.742026e-01
    outer loop
      vertex 6.093861e+00 -1.279016e+01 5.924985e+00
      vertex 4.538420e+00 -9.525000e+00 5.067857e+00
      vertex 6.015889e+00 -9.525000e+00 5.217354e+00
    endloop
  endfacet
  facet normal 9.401477e-02 -2.213956e-01 -9.700516e-01
    outer loop
      vertex 4.538403e+00 -1.342112e+01 5.924985e+00
      vertex 4.538420e+00 -9.525000e+00 5.067857e+00
      vertex 6.093861e+00 -1.279016e+01 5.924985e+00
    endloop
  endfacet
  facet normal 7.667617e-02 -2.022694e-01 -9.756842e-01
    outer loop
      vertex 4.538403e+00 -1.342112e+01 5.924985e+00
      vertex 3.221740e+00 -9.525000e+00 4.969882e+00
      vertex 4.538420e+00 -9.525000e+00 5.067857e+00
    endloop
  endfacet
  facet normal 6.625968e-02 -2.281157e-01 -9.706412e-01
    outer loop
      vertex 2.919306e+00 -1.386409e+01 5.924985e+00
      vertex 3.221740e+00 -9.525000e+00 4.969882e+00
      vertex 4.538403e+00 -1.342112e+01 5.924985e+00
    endloop
  endfacet
  facet normal 5.083847e-02 -2.051928e-01 -9.766423e-01
    outer loop
      vertex 2.919306e+00 -1.386409e+01 5.924985e+00
      vertex 2.006185e+00 -9.525000e+00 4.908938e+00
      vertex 3.221740e+00 -9.525000e+00 4.969882e+00
    endloop
  endfacet
  facet normal 3.830191e-02 -2.324718e-01 -9.710086e-01
    outer loop
      vertex 1.258990e+00 -1.411099e+01 5.924985e+00
      vertex 2.006185e+00 -9.525000e+00 4.908938e+00
      vertex 2.919306e+00 -1.386409e+01 5.924985e+00
    endloop
  endfacet
  facet normal 2.559952e-02 -2.068569e-01 -9.772002e-01
    outer loop
      vertex 1.258990e+00 -1.411099e+01 5.924985e+00
      vertex 8.497732e-01 -9.525000e+00 4.877261e+00
      vertex 2.006185e+00 -9.525000e+00 4.908938e+00
    endloop
  endfacet
  facet normal 1.042211e-02 -2.343630e-01 -9.711969e-01
    outer loop
      vertex -4.187752e-01 -1.416017e+01 5.924985e+00
      vertex 8.497732e-01 -9.525000e+00 4.877261e+00
      vertex 1.258990e+00 -1.411099e+01 5.924985e+00
    endloop
  endfacet
  facet normal 9.546317e-04 -2.072166e-01 -9.774267e-01
    outer loop
      vertex -4.187752e-01 -1.416017e+01 5.924985e+00
      vertex -2.817376e-01 -9.525000e+00 4.871096e+00
      vertex 8.497732e-01 -9.525000e+00 4.877261e+00
    endloop
  endfacet
  facet normal -1.323224e-02 -2.072026e-01 -9.773515e-01
    outer loop
      vertex -4.187752e-01 -1.416017e+01 5.924985e+00
      vertex -1.421162e+00 -9.525000e+00 4.889707e+00
      vertex -2.817376e-01 -9.525000e+00 4.871096e+00
    endloop
  endfacet
  facet normal -2.429418e-02 -2.337411e-01 -9.711223e-01
    outer loop
      vertex -2.090745e+00 -1.401213e+01 5.924985e+00
      vertex -1.421162e+00 -9.525000e+00 4.889707e+00
      vertex -4.187752e-01 -1.416017e+01 5.924985e+00
    endloop
  endfacet
  facet normal -3.806755e-02 -2.062015e-01 -9.769657e-01
    outer loop
      vertex -2.090745e+00 -1.401213e+01 5.924985e+00
      vertex -2.602952e+00 -9.525000e+00 4.935317e+00
      vertex -1.421162e+00 -9.525000e+00 4.889707e+00
    endloop
  endfacet
  facet normal -5.221780e-02 -2.306132e-01 -9.708493e-01
    outer loop
      vertex -3.733579e+00 -1.366732e+01 5.924985e+00
      vertex -2.602952e+00 -9.525000e+00 4.935317e+00
      vertex -2.090745e+00 -1.401213e+01 5.924985e+00
    endloop
  endfacet
  facet normal -6.361382e-02 -2.038922e-01 -9.762208e-01
    outer loop
      vertex -3.733579e+00 -1.366732e+01 5.924985e+00
      vertex -3.862585e+00 -9.525000e+00 5.013417e+00
      vertex -2.602952e+00 -9.525000e+00 4.935317e+00
    endloop
  endfacet
  facet normal -8.010885e-02 -2.250548e-01 -9.703797e-01
    outer loop
      vertex -5.323813e+00 -1.312961e+01 5.924985e+00
      vertex -3.862585e+00 -9.525000e+00 5.013417e+00
      vertex -3.733579e+00 -1.366732e+01 5.924985e+00
    endloop
  endfacet
  facet normal -8.991534e-02 -2.003421e-01 -9.750226e-01
    outer loop
      vertex -5.323813e+00 -1.312961e+01 5.924985e+00
      vertex -5.251191e+00 -9.525000e+00 5.134757e+00
      vertex -3.862585e+00 -9.525000e+00 5.013417e+00
    endloop
  endfacet
  facet normal -1.078755e-01 -2.171507e-01 -9.696524e-01
    outer loop
      vertex -6.839460e+00 -1.240792e+01 5.924985e+00
      vertex -5.251191e+00 -9.525000e+00 5.134757e+00
      vertex -5.323813e+00 -1.312961e+01 5.924985e+00
    endloop
  endfacet
  facet normal -1.176507e-01 -1.955318e-01 -9.732035e-01
    outer loop
      vertex -6.839460e+00 -1.240792e+01 5.924985e+00
      vertex -6.834659e+00 -9.525000e+00 5.318211e+00
      vertex -5.251191e+00 -9.525000e+00 5.134757e+00
    endloop
  endfacet
  facet normal -1.357722e-01 -2.069394e-01 -9.685603e-01
    outer loop
      vertex -8.258894e+00 -1.151168e+01 5.924985e+00
      vertex -6.834659e+00 -9.525000e+00 5.318211e+00
      vertex -6.839460e+00 -1.240792e+01 5.924985e+00
    endloop
  endfacet
  facet normal -1.423397e-01 -1.896232e-01 -9.712753e-01
    outer loop
      vertex -8.258894e+00 -1.151168e+01 5.924985e+00
      vertex -7.840000e+00 -9.525000e+00 5.459621e+00
      vertex -6.834659e+00 -9.525000e+00 5.318211e+00
    endloop
  endfacet
  facet normal -1.587001e-01 -1.947488e-01 -9.677241e-01
    outer loop
      vertex -9.562502e+00 -1.045402e+01 5.924985e+00
      vertex -7.840000e+00 -9.525000e+00 5.459621e+00
      vertex -8.258894e+00 -1.151168e+01 5.924985e+00
    endloop
  endfacet
  facet normal -1.593210e-01 -1.801604e-01 -9.705027e-01
    outer loop
      vertex -9.562502e+00 -1.045402e+01 5.924985e+00
      vertex -8.295776e+00 -9.069224e+00 5.448881e+00
      vertex -7.840000e+00 -9.525000e+00 5.459621e+00
    endloop
  endfacet
  facet normal -1.685814e-01 -1.709079e-01 -9.705364e-01
    outer loop
      vertex -9.562502e+00 -1.045402e+01 5.924985e+00
      vertex -9.326596e+00 -8.038404e+00 5.453967e+00
      vertex -8.295776e+00 -9.069224e+00 5.448881e+00
    endloop
  endfacet
  facet normal -1.832119e-01 -1.715383e-01 -9.677581e-01
    outer loop
      vertex -1.073204e+01 -9.249742e+00 5.924985e+00
      vertex -9.326596e+00 -8.038404e+00 5.453967e+00
      vertex -9.562502e+00 -1.045402e+01 5.924985e+00
    endloop
  endfacet
  facet normal -1.834780e-01 -1.557674e-01 -9.704738e-01
    outer loop
      vertex -1.073204e+01 -9.249742e+00 5.924985e+00
      vertex -9.525000e+00 -7.840000e+00 5.459621e+00
      vertex -9.326596e+00 -8.038404e+00 5.453967e+00
    endloop
  endfacet
  facet normal -1.979692e-01 -1.546039e-01 -9.677243e-01
    outer loop
      vertex -1.175033e+01 -7.915134e+00 5.924985e+00
      vertex -9.525000e+00 -7.840000e+00 5.459621e+00
      vertex -1.073204e+01 -9.249742e+00 5.924985e+00
    endloop
  endfacet
  facet normal -1.912109e-01 -1.375884e-01 -9.715891e-01
    outer loop
      vertex -1.175033e+01 -7.915134e+00 5.924985e+00
      vertex -9.525000e+00 -6.417908e+00 5.265271e+00
      vertex -9.525000e+00 -7.840000e+00 5.459621e+00
    endloop
  endfacet
  facet normal -2.097110e-01 -1.287946e-01 -9.688732e-01
    outer loop
      vertex -1.260419e+01 -6.469807e+00 5.924985e+00
      vertex -9.525000e+00 -6.417908e+00 5.265271e+00
      vertex -1.175033e+01 -7.915134e+00 5.924985e+00
    endloop
  endfacet
  facet normal -1.968364e-01 -1.106105e-01 -9.737266e-01
    outer loop
      vertex -1.260419e+01 -6.469807e+00 5.924985e+00
      vertex -9.525000e+00 -4.890029e+00 5.099642e+00
      vertex -9.525000e+00 -6.417908e+00 5.265271e+00
    endloop
  endfacet
  facet normal -2.193174e-01 -1.009941e-01 -9.698618e-01
    outer loop
      vertex -1.328131e+01 -4.933682e+00 5.924985e+00
      vertex -9.525000e+00 -4.890029e+00 5.099642e+00
      vertex -1.260419e+01 -6.469807e+00 5.924985e+00
    endloop
  endfacet
  facet normal -2.013448e-01 -8.324250e-02 -9.753709e-01
    outer loop
      vertex -1.328131e+01 -4.933682e+00 5.924985e+00
      vertex -9.525000e+00 -3.538793e+00 4.990437e+00
      vertex -9.525000e+00 -4.890029e+00 5.099642e+00
    endloop
  endfacet
  facet normal -2.266875e-01 -7.310392e-02 -9.705170e-01
    outer loop
      vertex -1.377086e+01 -3.327929e+00 5.924985e+00
      vertex -9.525000e+00 -3.538793e+00 4.990437e+00
      vertex -1.328131e+01 -4.933682e+00 5.924985e+00
    endloop
  endfacet
  facet normal -2.046115e-01 -5.712472e-02 -9.764426e-01
    outer loop
      vertex -1.377086e+01 -3.327929e+00 5.924985e+00
      vertex -9.525000e+00 -2.302643e+00 4.921189e+00
      vertex -9.525000e+00 -3.538793e+00 4.990437e+00
    endloop
  endfacet
  facet normal -2.316299e-01 -4.530223e-02 -9.709327e-01
    outer loop
      vertex -1.406771e+01 -1.675716e+00 5.924985e+00
      vertex -9.525000e+00 -2.302643e+00 4.921189e+00
      vertex -1.377086e+01 -3.327929e+00 5.924985e+00
    endloop
  endfacet
  facet normal -2.065590e-01 -3.196204e-02 -9.770928e-01
    outer loop
      vertex -1.406771e+01 -1.675716e+00 5.924985e+00
      vertex -9.525000e+00 -1.134626e+00 4.882683e+00
      vertex -9.525000e+00 -2.302643e+00 4.921189e+00
    endloop
  endfacet
  facet normal -2.340994e-01 -1.755759e-02 -9.711671e-01
    outer loop
      vertex -1.416799e+01 -7.688053e-07 5.924985e+00
      vertex -9.525000e+00 -1.134626e+00 4.882683e+00
      vertex -1.406771e+01 -1.675716e+00 5.924985e+00
    endloop
  endfacet
  facet normal -2.072251e-01 -7.214154e-03 -9.774024e-01
    outer loop
      vertex -1.416799e+01 -7.688053e-07 5.924985e+00
      vertex -9.525000e+00 1.879704e-05 4.870335e+00
      vertex -9.525000e+00 -1.134626e+00 4.882683e+00
    endloop
  endfacet
  facet normal -2.072205e-01 7.125522e-03 -9.774025e-01
    outer loop
      vertex -1.416799e+01 -7.688053e-07 5.924985e+00
      vertex -9.525000e+00 1.134670e+00 4.882684e+00
      vertex -9.525000e+00 1.879704e-05 4.870335e+00
    endloop
  endfacet
  facet normal -2.340877e-01 1.755917e-02 -9.711679e-01
    outer loop
      vertex -1.406808e+01 1.675760e+00 5.924985e+00
      vertex -9.525000e+00 1.134670e+00 4.882684e+00
      vertex -1.416799e+01 -7.688053e-07 5.924985e+00
    endloop
  endfacet
  facet normal -2.065391e-01 3.208164e-02 -9.770930e-01
    outer loop
      vertex -1.406808e+01 1.675760e+00 5.924985e+00
      vertex -9.525000e+00 2.302587e+00 4.921186e+00
      vertex -9.525000e+00 1.134670e+00 4.882684e+00
    endloop
  endfacet
  facet normal -2.316035e-01 4.546098e-02 -9.709312e-01
    outer loop
      vertex -1.376997e+01 3.327713e+00 5.924985e+00
      vertex -9.525000e+00 2.302587e+00 4.921186e+00
      vertex -1.406808e+01 1.675760e+00 5.924985e+00
    endloop
  endfacet
  facet normal -2.046086e-01 5.721687e-02 -9.764393e-01
    outer loop
      vertex -1.376997e+01 3.327713e+00 5.924985e+00
      vertex -9.525000e+00 3.538973e+00 4.990449e+00
      vertex -9.525000e+00 2.302587e+00 4.921186e+00
    endloop
  endfacet
  facet normal -2.267139e-01 7.311422e-02 -9.705121e-01
    outer loop
      vertex -1.327998e+01 4.933187e+00 5.924985e+00
      vertex -9.525000e+00 3.538973e+00 4.990449e+00
      vertex -1.376997e+01 3.327713e+00 5.924985e+00
    endloop
  endfacet
  facet normal -2.014077e-01 8.313079e-02 -9.753678e-01
    outer loop
      vertex -1.327998e+01 4.933187e+00 5.924985e+00
      vertex -9.525000e+00 4.889601e+00 5.099602e+00
      vertex -9.525000e+00 3.538973e+00 4.990449e+00
    endloop
  endfacet
  facet normal -2.193981e-01 1.008374e-01 -9.698604e-01
    outer loop
      vertex -1.260440e+01 6.469914e+00 5.924985e+00
      vertex -9.525000e+00 4.889601e+00 5.099602e+00
      vertex -1.327998e+01 4.933187e+00 5.924985e+00
    endloop
  endfacet
  facet normal -1.968807e-01 1.105047e-01 -9.737280e-01
    outer loop
      vertex -1.260440e+01 6.469914e+00 5.924985e+00
      vertex -9.525000e+00 6.417564e+00 5.265228e+00
      vertex -9.525000e+00 4.889601e+00 5.099602e+00
    endloop
  endfacet
  facet normal -2.097124e-01 1.287640e-01 -9.688749e-01
    outer loop
      vertex -1.175069e+01 7.915376e+00 5.924985e+00
      vertex -9.525000e+00 6.417564e+00 5.265228e+00
      vertex -1.260440e+01 6.469914e+00 5.924985e+00
    endloop
  endfacet
  facet normal -1.911687e-01 1.376388e-01 -9.715905e-01
    outer loop
      vertex -1.175069e+01 7.915376e+00 5.924985e+00
      vertex -9.525000e+00 7.840000e+00 5.459621e+00
      vertex -9.525000e+00 6.417564e+00 5.265228e+00
    endloop
  endfacet
  facet normal -1.979394e-01 1.546406e-01 -9.677249e-01
    outer loop
      vertex -1.073201e+01 9.249710e+00 5.924985e+00
      vertex -9.525000e+00 7.840000e+00 5.459621e+00
      vertex -1.175069e+01 7.915376e+00 5.924985e+00
    endloop
  endfacet
  facet normal -1.834634e-01 1.557857e-01 -9.704736e-01
    outer loop
      vertex -1.073201e+01 9.249710e+00 5.924985e+00
      vertex -9.326597e+00 8.038404e+00 5.453967e+00
      vertex -9.525000e+00 7.840000e+00 5.459621e+00
    endloop
  endfacet
  facet normal -1.832087e-01 1.715420e-01 -9.677582e-01
    outer loop
      vertex -9.562609e+00 1.045414e+01 5.924985e+00
      vertex -9.326597e+00 8.038404e+00 5.453967e+00
      vertex -1.073201e+01 9.249710e+00 5.924985e+00
    endloop
  endfacet
  facet normal -1.685826e-01 1.709054e-01 -9.705368e-01
    outer loop
      vertex -9.562609e+00 1.045414e+01 5.924985e+00
      vertex -8.295780e+00 9.069221e+00 5.448881e+00
      vertex -9.326597e+00 8.038404e+00 5.453967e+00
    endloop
  endfacet
  facet normal -1.593213e-01 1.801565e-01 -9.705033e-01
    outer loop
      vertex -9.562609e+00 1.045414e+01 5.924985e+00
      vertex -7.840000e+00 9.525000e+00 5.459621e+00
      vertex -8.295780e+00 9.069221e+00 5.448881e+00
    endloop
  endfacet
  facet normal -1.586922e-01 1.947517e-01 -9.677246e-01
    outer loop
      vertex -8.258942e+00 1.151175e+01 5.924985e+00
      vertex -7.840000e+00 9.525000e+00 5.459621e+00
      vertex -9.562609e+00 1.045414e+01 5.924985e+00
    endloop
  endfacet
  facet normal -1.423248e-01 1.896329e-01 -9.712756e-01
    outer loop
      vertex -8.258942e+00 1.151175e+01 5.924985e+00
      vertex -6.834887e+00 9.525000e+00 5.318241e+00
      vertex -7.840000e+00 9.525000e+00 5.459621e+00
    endloop
  endfacet
  facet normal -1.357588e-01 2.069485e-01 -9.685604e-01
    outer loop
      vertex -6.839457e+00 1.240792e+01 5.924985e+00
      vertex -6.834887e+00 9.525000e+00 5.318241e+00
      vertex -8.258942e+00 1.151175e+01 5.924985e+00
    endloop
  endfacet
  facet normal -1.176428e-01 1.955384e-01 -9.732032e-01
    outer loop
      vertex -6.839457e+00 1.240792e+01 5.924985e+00
      vertex -5.251673e+00 9.525000e+00 5.134806e+00
      vertex -6.834887e+00 9.525000e+00 5.318241e+00
    endloop
  endfacet
  facet normal -1.078701e-01 2.171550e-01 -9.696521e-01
    outer loop
      vertex -5.323785e+00 1.312954e+01 5.924985e+00
      vertex -5.251673e+00 9.525000e+00 5.134806e+00
      vertex -6.839457e+00 1.240792e+01 5.924985e+00
    endloop
  endfacet
  facet normal -8.990970e-02 2.003457e-01 -9.750223e-01
    outer loop
      vertex -5.323785e+00 1.312954e+01 5.924985e+00
      vertex -3.862361e+00 9.525000e+00 5.013400e+00
      vertex -5.251673e+00 9.525000e+00 5.134806e+00
    endloop
  endfacet
  facet normal -8.011249e-02 2.250546e-01 -9.703796e-01
    outer loop
      vertex -3.733569e+00 1.366728e+01 5.924985e+00
      vertex -3.862361e+00 9.525000e+00 5.013400e+00
      vertex -5.323785e+00 1.312954e+01 5.924985e+00
    endloop
  endfacet
  facet normal -6.362598e-02 2.038894e-01 -9.762208e-01
    outer loop
      vertex -3.733569e+00 1.366728e+01 5.924985e+00
      vertex -2.602991e+00 9.525000e+00 4.935319e+00
      vertex -3.862361e+00 9.525000e+00 5.013400e+00
    endloop
  endfacet
  facet normal -5.228160e-02 2.305989e-01 -9.708502e-01
    outer loop
      vertex -2.090839e+00 1.401276e+01 5.924985e+00
      vertex -2.602991e+00 9.525000e+00 4.935319e+00
      vertex -3.733569e+00 1.366728e+01 5.924985e+00
    endloop
  endfacet
  facet normal -3.815734e-02 2.061816e-01 -9.769672e-01
    outer loop
      vertex -2.090839e+00 1.401276e+01 5.924985e+00
      vertex -1.421245e+00 9.525000e+00 4.889709e+00
      vertex -2.602991e+00 9.525000e+00 4.935319e+00
    endloop
  endfacet
  facet normal -2.440027e-02 2.337134e-01 -9.711260e-01
    outer loop
      vertex -4.188182e-01 1.416162e+01 5.924985e+00
      vertex -1.421245e+00 9.525000e+00 4.889709e+00
      vertex -2.090839e+00 1.401276e+01 5.924985e+00
    endloop
  endfacet
  facet normal -1.330408e-02 2.071793e-01 -9.773555e-01
    outer loop
      vertex -4.188182e-01 1.416162e+01 5.924985e+00
      vertex -2.816955e-01 9.525000e+00 4.871096e+00
      vertex -1.421245e+00 9.525000e+00 4.889709e+00
    endloop
  endfacet
  facet normal 9.674306e-04 2.071927e-01 -9.774308e-01
    outer loop
      vertex -4.188182e-01 1.416162e+01 5.924985e+00
      vertex 8.498747e-01 9.525000e+00 4.877263e+00
      vertex -2.816955e-01 9.525000e+00 4.871096e+00
    endloop
  endfacet
  facet normal 1.052326e-02 2.343332e-01 -9.712017e-01
    outer loop
      vertex 1.259084e+00 1.411205e+01 5.924985e+00
      vertex 8.498747e-01 9.525000e+00 4.877263e+00
      vertex -4.188182e-01 1.416162e+01 5.924985e+00
    endloop
  endfacet
  facet normal 2.574017e-02 2.068335e-01 -9.772022e-01
    outer loop
      vertex 1.259084e+00 1.411205e+01 5.924985e+00
      vertex 2.006023e+00 9.525000e+00 4.908931e+00
      vertex 8.498747e-01 9.525000e+00 4.877263e+00
    endloop
  endfacet
  facet normal 3.841699e-02 2.324538e-01 -9.710095e-01
    outer loop
      vertex 2.919221e+00 1.386368e+01 5.924985e+00
      vertex 2.006023e+00 9.525000e+00 4.908931e+00
      vertex 1.259084e+00 1.411205e+01 5.924985e+00
    endloop
  endfacet
  facet normal 5.084716e-02 2.051987e-01 -9.766414e-01
    outer loop
      vertex 2.919221e+00 1.386368e+01 5.924985e+00
      vertex 3.221897e+00 9.525000e+00 4.969892e+00
      vertex 2.006023e+00 9.525000e+00 4.908931e+00
    endloop
  endfacet
  facet normal 6.620485e-02 2.281391e-01 -9.706407e-01
    outer loop
      vertex 4.538441e+00 1.342123e+01 5.924985e+00
      vertex 3.221897e+00 9.525000e+00 4.969892e+00
      vertex 2.919221e+00 1.386368e+01 5.924985e+00
    endloop
  endfacet
  facet normal 7.662468e-02 2.022799e-01 -9.756847e-01
    outer loop
      vertex 4.538441e+00 1.342123e+01 5.924985e+00
      vertex 4.538236e+00 9.525000e+00 5.067841e+00
      vertex 3.221897e+00 9.525000e+00 4.969892e+00
    endloop
  endfacet
  facet normal 9.403392e-02 2.213748e-01 -9.700527e-01
    outer loop
      vertex 6.094024e+00 1.279050e+01 5.924985e+00
      vertex 4.538236e+00 9.525000e+00 5.067841e+00
      vertex 4.538441e+00 1.342123e+01 5.924985e+00
    endloop
  endfacet
  facet normal 1.036400e-01 1.980652e-01 -9.742032e-01
    outer loop
      vertex 6.094024e+00 1.279050e+01 5.924985e+00
      vertex 6.015440e+00 9.525000e+00 5.217302e+00
      vertex 4.538236e+00 9.525000e+00 5.067841e+00
    endloop
  endfacet
  facet normal 1.218725e-01 2.122968e-01 -9.691589e-01
    outer loop
      vertex 7.563692e+00 1.197955e+01 5.924985e+00
      vertex 6.015440e+00 9.525000e+00 5.217302e+00
      vertex 6.094024e+00 1.279050e+01 5.924985e+00
    endloop
  endfacet
  facet normal 1.323215e-01 1.926667e-01 -9.719710e-01
    outer loop
      vertex 7.563692e+00 1.197955e+01 5.924985e+00
      vertex 7.729689e+00 9.525000e+00 5.443159e+00
      vertex 6.015440e+00 9.525000e+00 5.217302e+00
    endloop
  endfacet
  facet normal 1.497935e-01 2.010579e-01 -9.678204e-01
    outer loop
      vertex 8.927530e+00 1.100108e+01 5.924985e+00
      vertex 7.729689e+00 9.525000e+00 5.443159e+00
      vertex 7.563692e+00 1.197955e+01 5.924985e+00
    endloop
  endfacet
  facet normal 1.518480e-01 1.864081e-01 -9.705362e-01
    outer loop
      vertex 8.927530e+00 1.100108e+01 5.924985e+00
      vertex 7.840000e+00 9.525000e+00 5.459621e+00
      vertex 7.729689e+00 9.525000e+00 5.443159e+00
    endloop
  endfacet
  facet normal 1.665167e-01 1.880047e-01 -9.677243e-01
    outer loop
      vertex 1.016619e+01 9.868274e+00 5.924985e+00
      vertex 7.840000e+00 9.525000e+00 5.459621e+00
      vertex 8.927530e+00 1.100108e+01 5.924985e+00
    endloop
  endfacet
  facet normal 1.662844e-01 1.733055e-01 -9.705183e-01
    outer loop
      vertex 1.016619e+01 9.868274e+00 5.924985e+00
      vertex 8.811616e+00 8.553384e+00 5.446334e+00
      vertex 7.840000e+00 9.525000e+00 5.459621e+00
    endloop
  endfacet
  facet normal 1.768061e-01 1.627844e-01 -9.705181e-01
    outer loop
      vertex 9.525000e+00 7.840000e+00 5.459621e+00
      vertex 8.811616e+00 8.553384e+00 5.446334e+00
      vertex 1.016619e+01 9.868274e+00 5.924985e+00
    endloop
  endfacet
  facet normal 1.914799e-01 1.626094e-01 -9.677235e-01
    outer loop
      vertex 1.126141e+01 8.596294e+00 5.924985e+00
      vertex 9.525000e+00 7.840000e+00 5.459621e+00
      vertex 1.016619e+01 9.868274e+00 5.924985e+00
    endloop
  endfacet
  facet normal 1.880880e-01 1.470124e-01 -9.709242e-01
    outer loop
      vertex 9.525000e+00 7.271403e+00 5.377263e+00
      vertex 9.525000e+00 7.840000e+00 5.459621e+00
      vertex 1.126141e+01 8.596294e+00 5.924985e+00
    endloop
  endfacet
  facet normal -2.116482e-01 5.721225e-01 -7.915208e-01
    outer loop
      vertex -1.208301e+01 3.983244e+01 2.064937e+01
      vertex -1.393825e+01 3.437457e+01 1.721593e+01
      vertex -1.564113e+01 3.857417e+01 2.064937e+01
    endloop
  endfacet
  facet normal -1.843792e-01 5.657309e-01 -8.027306e-01
    outer loop
      vertex -9.774889e+00 3.578242e+01 1.721593e+01
      vertex -1.393825e+01 3.437457e+01 1.721593e+01
      vertex -1.208301e+01 3.983244e+01 2.064937e+01
    endloop
  endfacet
  facet normal -1.702569e-01 5.361170e-01 -8.256502e-01
    outer loop
      vertex -9.774889e+00 3.578242e+01 1.721593e+01
      vertex -8.527551e+00 3.121636e+01 1.405446e+01
      vertex -1.393825e+01 3.437457e+01 1.721593e+01
    endloop
  endfacet
  facet normal -1.260259e-01 5.481934e-01 -8.256505e-01
    outer loop
      vertex -5.474044e+00 3.668692e+01 1.721593e+01
      vertex -8.527551e+00 3.121636e+01 1.405446e+01
      vertex -9.774889e+00 3.578242e+01 1.721593e+01
    endloop
  endfacet
  facet normal -1.009110e-01 5.355683e-01 -8.373604e-01
    outer loop
      vertex -5.474044e+00 3.668692e+01 1.721593e+01
      vertex -4.775521e+00 3.200543e+01 1.405446e+01
      vertex -8.527551e+00 3.121636e+01 1.405446e+01
    endloop
  endfacet
  facet normal -6.023804e-02 5.592745e-01 -8.256478e-01
    outer loop
      vertex -1.096511e+00 3.707665e+01 1.721593e+01
      vertex -4.775521e+00 3.200543e+01 1.405446e+01
      vertex -5.474044e+00 3.668692e+01 1.721593e+01
    endloop
  endfacet
  facet normal -3.694112e-02 5.437532e-01 -8.373585e-01
    outer loop
      vertex -1.096511e+00 3.707665e+01 1.721593e+01
      vertex -9.565896e-01 3.234544e+01 1.405446e+01
      vertex -4.775521e+00 3.200543e+01 1.405446e+01
    endloop
  endfacet
  facet normal 4.665821e-03 5.449755e-01 -8.373597e-01
    outer loop
      vertex 2.875774e+00 3.223222e+01 1.405446e+01
      vertex -9.565896e-01 3.234544e+01 1.405446e+01
      vertex -1.096511e+00 3.707665e+01 1.721593e+01
    endloop
  endfacet
  facet normal 2.424221e-02 5.061646e-01 -8.609564e-01
    outer loop
      vertex 2.875774e+00 3.223222e+01 1.405446e+01
      vertex 2.436512e+00 2.730889e+01 1.121467e+01
      vertex -9.565896e-01 3.234544e+01 1.405446e+01
    endloop
  endfacet
  facet normal 6.579460e-02 5.024580e-01 -8.609557e-01
    outer loop
      vertex 6.667562e+00 3.166495e+01 1.405446e+01
      vertex 2.436512e+00 2.730889e+01 1.121467e+01
      vertex 2.875774e+00 3.223222e+01 1.405446e+01
    endloop
  endfacet
  facet normal 8.217674e-02 4.790989e-01 -8.728376e-01
    outer loop
      vertex 6.667562e+00 3.166495e+01 1.405446e+01
      vertex 5.649122e+00 2.682826e+01 1.121467e+01
      vertex 2.436512e+00 2.730889e+01 1.121467e+01
    endloop
  endfacet
  facet normal 1.180881e-01 4.715439e-01 -8.728363e-01
    outer loop
      vertex 8.782550e+00 2.597206e+01 1.121467e+01
      vertex 5.649122e+00 2.682826e+01 1.121467e+01
      vertex 6.667562e+00 3.166495e+01 1.405446e+01
    endloop
  endfacet
  facet normal 1.257725e-01 4.294769e-01 -8.934781e-01
    outer loop
      vertex 8.782550e+00 2.597206e+01 1.121467e+01
      vertex 7.550783e+00 2.232944e+01 9.331341e+00
      vertex 5.649122e+00 2.682826e+01 1.121467e+01
    endloop
  endfacet
  facet normal 1.528878e-01 4.015348e-01 -9.022366e-01
    outer loop
      vertex 1.013887e+01 2.128006e+01 9.331341e+00
      vertex 7.550783e+00 2.232944e+01 9.331341e+00
      vertex 8.782550e+00 2.597206e+01 1.121467e+01
    endloop
  endfacet
  facet normal 1.537001e-01 3.603524e-01 -9.192861e-01
    outer loop
      vertex 1.013887e+01 2.128006e+01 9.331341e+00
      vertex 8.435573e+00 1.770508e+01 7.689560e+00
      vertex 7.550783e+00 2.232944e+01 9.331341e+00
    endloop
  endfacet
  facet normal 1.831160e-01 3.463416e-01 -9.192850e-01
    outer loop
      vertex 1.258401e+01 1.993085e+01 9.331341e+00
      vertex 8.435573e+00 1.770508e+01 7.689560e+00
      vertex 1.013887e+01 2.128006e+01 9.331341e+00
    endloop
  endfacet
  facet normal 1.866807e-01 3.215514e-01 -9.275751e-01
    outer loop
      vertex 1.258401e+01 1.993085e+01 9.331341e+00
      vertex 1.046994e+01 1.658253e+01 7.689560e+00
      vertex 8.435573e+00 1.770508e+01 7.689560e+00
    endloop
  endfacet
  facet normal 2.101164e-01 3.067595e-01 -9.275742e-01
    outer loop
      vertex 1.235782e+01 1.522810e+01 7.689560e+00
      vertex 1.046994e+01 1.658253e+01 7.689560e+00
      vertex 1.258401e+01 1.993085e+01 9.331341e+00
    endloop
  endfacet
  facet normal 2.015183e-01 2.704589e-01 -9.409609e-01
    outer loop
      vertex 1.235782e+01 1.522810e+01 7.689560e+00
      vertex 1.065650e+01 1.313163e+01 6.743126e+00
      vertex 1.046994e+01 1.658253e+01 7.689560e+00
    endloop
  endfacet
  facet normal 2.126520e-01 2.428165e-01 -9.460565e-01
    outer loop
      vertex 1.213505e+01 1.177944e+01 6.743126e+00
      vertex 1.065650e+01 1.313163e+01 6.743126e+00
      vertex 1.235782e+01 1.522810e+01 7.689560e+00
    endloop
  endfacet
  facet normal 2.014052e-01 2.124552e-01 -9.557707e-01
    outer loop
      vertex 1.213505e+01 1.177944e+01 6.743126e+00
      vertex 1.016619e+01 9.868274e+00 5.924985e+00
      vertex 1.065650e+01 1.313163e+01 6.743126e+00
    endloop
  endfacet
  facet normal 2.184082e-01 1.949429e-01 -9.557700e-01
    outer loop
      vertex 1.344237e+01 1.026112e+01 6.743126e+00
      vertex 1.016619e+01 9.868274e+00 5.924985e+00
      vertex 1.213505e+01 1.177944e+01 6.743126e+00
    endloop
  endfacet
  facet normal 2.140467e-01 1.762988e-01 -9.603882e-01
    outer loop
      vertex 1.344237e+01 1.026112e+01 6.743126e+00
      vertex 1.126141e+01 8.596294e+00 5.924985e+00
      vertex 1.016619e+01 9.868274e+00 5.924985e+00
    endloop
  endfacet
  facet normal 2.265640e-01 1.599087e-01 -9.603872e-01
    outer loop
      vertex 1.219908e+01 7.204156e+00 5.924985e+00
      vertex 1.126141e+01 8.596294e+00 5.924985e+00
      vertex 1.344237e+01 1.026112e+01 6.743126e+00
    endloop
  endfacet
  facet normal 2.040812e-01 1.427573e-01 -9.682085e-01
    outer loop
      vertex 1.219908e+01 7.204156e+00 5.924985e+00
      vertex 9.525000e+00 7.271403e+00 5.377263e+00
      vertex 1.126141e+01 8.596294e+00 5.924985e+00
    endloop
  endfacet
  facet normal 1.941295e-01 1.249342e-01 -9.726181e-01
    outer loop
      vertex 9.525000e+00 5.626787e+00 5.173926e+00
      vertex 9.525000e+00 7.271403e+00 5.377263e+00
      vertex 1.219908e+01 7.204156e+00 5.924985e+00
    endloop
  endfacet
  facet normal -1.200727e-02 6.104009e-01 -7.915198e-01
    outer loop
      vertex 2.867664e-05 4.162471e+01 2.064937e+01
      vertex -1.096511e+00 3.707665e+01 1.721593e+01
      vertex -1.230491e+00 4.160635e+01 2.064937e+01
    endloop
  endfacet
  facet normal 1.141385e-02 5.949108e-01 -8.027300e-01
    outer loop
      vertex 3.296418e+00 3.694688e+01 1.721593e+01
      vertex -1.096511e+00 3.707665e+01 1.721593e+01
      vertex 2.867664e-05 4.162471e+01 2.064937e+01
    endloop
  endfacet
  facet normal 2.712438e-02 5.618411e-01 -8.256505e-01
    outer loop
      vertex 3.296418e+00 3.694688e+01 1.721593e+01
      vertex 2.875774e+00 3.223222e+01 1.405446e+01
      vertex -1.096511e+00 3.707665e+01 1.721593e+01
    endloop
  endfacet
  facet normal 7.281982e-02 5.577649e-01 -8.256497e-01
    outer loop
      vertex 7.642837e+00 3.629663e+01 1.721593e+01
      vertex 2.875774e+00 3.223222e+01 1.405446e+01
      vertex 3.296418e+00 3.694688e+01 1.721593e+01
    endloop
  endfacet
  facet normal 9.191366e-02 5.371928e-01 -8.373583e-01
    outer loop
      vertex 7.642837e+00 3.629663e+01 1.721593e+01
      vertex 6.667562e+00 3.166495e+01 1.405446e+01
      vertex 2.875774e+00 3.223222e+01 1.405446e+01
    endloop
  endfacet
  facet normal 1.326141e-01 5.286300e-01 -8.373567e-01
    outer loop
      vertex 1.036589e+01 3.065438e+01 1.405446e+01
      vertex 6.667562e+00 3.166495e+01 1.405446e+01
      vertex 7.642837e+00 3.629663e+01 1.721593e+01
    endloop
  endfacet
  facet normal 1.424064e-01 4.863402e-01 -8.609527e-01
    outer loop
      vertex 1.036589e+01 3.065438e+01 1.405446e+01
      vertex 8.782550e+00 2.597206e+01 1.121467e+01
      vertex 6.667562e+00 3.166495e+01 1.405446e+01
    endloop
  endfacet
  facet normal 1.729510e-01 4.542799e-01 -8.728387e-01
    outer loop
      vertex 1.179283e+01 2.475150e+01 1.121467e+01
      vertex 8.782550e+00 2.597206e+01 1.121467e+01
      vertex 1.036589e+01 3.065438e+01 1.405446e+01
    endloop
  endfacet
  facet normal 1.757481e-01 4.115416e-01 -8.934807e-01
    outer loop
      vertex 1.179283e+01 2.475150e+01 1.121467e+01
      vertex 1.013887e+01 2.128006e+01 9.331341e+00
      vertex 8.782550e+00 2.597206e+01 1.121467e+01
    endloop
  endfacet
  facet normal 2.089938e-01 3.957064e-01 -8.934794e-01
    outer loop
      vertex 1.463686e+01 2.318219e+01 1.121467e+01
      vertex 1.013887e+01 2.128006e+01 9.331341e+00
      vertex 1.179283e+01 2.475150e+01 1.121467e+01
    endloop
  endfacet
  facet normal 2.155494e-01 3.716889e-01 -9.022343e-01
    outer loop
      vertex 1.463686e+01 2.318219e+01 1.121467e+01
      vertex 1.258401e+01 1.993085e+01 9.331341e+00
      vertex 1.013887e+01 2.128006e+01 9.331341e+00
    endloop
  endfacet
  facet normal 2.429805e-01 3.543750e-01 -9.022331e-01
    outer loop
      vertex 1.485309e+01 1.830293e+01 9.331341e+00
      vertex 1.258401e+01 1.993085e+01 9.331341e+00
      vertex 1.463686e+01 2.318219e+01 1.121467e+01
    endloop
  endfacet
  facet normal 2.339828e-01 3.142357e-01 -9.192829e-01
    outer loop
      vertex 1.485309e+01 1.830293e+01 9.331341e+00
      vertex 1.235782e+01 1.522810e+01 7.689560e+00
      vertex 1.258401e+01 1.993085e+01 9.331341e+00
    endloop
  endfacet
  facet normal 2.448594e-01 2.797896e-01 -9.275763e-01
    outer loop
      vertex 1.407242e+01 1.366003e+01 7.689560e+00
      vertex 1.235782e+01 1.522810e+01 7.689560e+00
      vertex 1.485309e+01 1.830293e+01 9.331341e+00
    endloop
  endfacet
  facet normal 2.321268e-01 2.446709e-01 -9.409631e-01
    outer loop
      vertex 1.407242e+01 1.366003e+01 7.689560e+00
      vertex 1.213505e+01 1.177944e+01 6.743126e+00
      vertex 1.235782e+01 1.522810e+01 7.689560e+00
    endloop
  endfacet
  facet normal 2.515323e-01 2.246840e-01 -9.409623e-01
    outer loop
      vertex 1.558845e+01 1.189931e+01 7.689560e+00
      vertex 1.213505e+01 1.177944e+01 6.743126e+00
      vertex 1.407242e+01 1.366003e+01 7.689560e+00
    endloop
  endfacet
  facet normal 2.490606e-01 2.053172e-01 -9.460549e-01
    outer loop
      vertex 1.558845e+01 1.189931e+01 7.689560e+00
      vertex 1.344237e+01 1.026112e+01 6.743126e+00
      vertex 1.213505e+01 1.177944e+01 6.743126e+00
    endloop
  endfacet
  facet normal 2.637979e-01 1.860200e-01 -9.460537e-01
    outer loop
      vertex 1.456165e+01 8.599368e+00 6.743126e+00
      vertex 1.344237e+01 1.026112e+01 6.743126e+00
      vertex 1.558845e+01 1.189931e+01 7.689560e+00
    endloop
  endfacet
  facet normal 2.456628e-01 1.592556e-01 -9.557679e-01
    outer loop
      vertex 1.456165e+01 8.599368e+00 6.743126e+00
      vertex 1.219908e+01 7.204156e+00 5.924985e+00
      vertex 1.344237e+01 1.026112e+01 6.743126e+00
    endloop
  endfacet
  facet normal 2.438273e-01 1.320763e-01 -9.603885e-01
    outer loop
      vertex 1.296604e+01 5.711118e+00 5.924985e+00
      vertex 1.219908e+01 7.204156e+00 5.924985e+00
      vertex 1.456165e+01 8.599368e+00 6.743126e+00
    endloop
  endfacet
  facet normal 2.147768e-01 1.149063e-01 -9.694175e-01
    outer loop
      vertex 1.296604e+01 5.711118e+00 5.924985e+00
      vertex 9.525000e+00 5.626787e+00 5.173926e+00
      vertex 1.219908e+01 7.204156e+00 5.924985e+00
    endloop
  endfacet
  facet normal 1.992360e-01 9.673718e-02 -9.746341e-01
    outer loop
      vertex 9.525000e+00 4.195454e+00 5.039136e+00
      vertex 9.525000e+00 5.626787e+00 5.173926e+00
      vertex 1.296604e+01 5.711118e+00 5.924985e+00
    endloop
  endfacet
  facet normal 2.233032e-01 8.702854e-02 -9.702246e-01
    outer loop
      vertex 1.354987e+01 4.137422e+00 5.924985e+00
      vertex 9.525000e+00 4.195454e+00 5.039136e+00
      vertex 1.296604e+01 5.711118e+00 5.924985e+00
    endloop
  endfacet
  facet normal 2.031478e-01 7.002488e-02 -9.759671e-01
    outer loop
      vertex 9.525000e+00 2.909392e+00 4.951517e+00
      vertex 9.525000e+00 4.195454e+00 5.039136e+00
      vertex 1.354987e+01 4.137422e+00 5.924985e+00
    endloop
  endfacet
  facet normal 2.294701e-01 5.919577e-02 -9.707499e-01
    outer loop
      vertex 1.394375e+01 2.505849e+00 5.924985e+00
      vertex 9.525000e+00 2.909392e+00 4.951517e+00
      vertex 1.354987e+01 4.137422e+00 5.924985e+00
    endloop
  endfacet
  facet normal 2.057426e-01 4.448444e-02 -9.768141e-01
    outer loop
      vertex 9.525000e+00 1.712006e+00 4.898447e+00
      vertex 9.525000e+00 2.909392e+00 4.951517e+00
      vertex 1.394375e+01 2.505849e+00 5.924985e+00
    endloop
  endfacet
  facet normal 1.434036e-01 5.929740e-01 -7.915168e-01
    outer loop
      vertex 1.208305e+01 3.983239e+01 2.064937e+01
      vertex 7.642837e+00 3.629663e+01 1.721593e+01
      vertex 8.576687e+00 4.073148e+01 2.064937e+01
    endloop
  endfacet
  facet normal 1.623926e-01 5.724551e-01 -8.027260e-01
    outer loop
      vertex 1.188213e+01 3.513824e+01 1.721593e+01
      vertex 7.642837e+00 3.629663e+01 1.721593e+01
      vertex 1.208305e+01 3.983239e+01 2.064937e+01
    endloop
  endfacet
  facet normal 1.582788e-01 5.397853e-01 -8.256462e-01
    outer loop
      vertex 1.188213e+01 3.513824e+01 1.721593e+01
      vertex 1.036589e+01 3.065438e+01 1.405446e+01
      vertex 7.642837e+00 3.629663e+01 1.721593e+01
    endloop
  endfacet
  facet normal 1.941191e-01 5.092485e-01 -8.373595e-01
    outer loop
      vertex 1.391888e+01 2.921377e+01 1.405446e+01
      vertex 1.036589e+01 3.065438e+01 1.405446e+01
      vertex 1.188213e+01 3.513824e+01 1.721593e+01
    endloop
  endfacet
  facet normal 1.989990e-01 4.660329e-01 -8.609560e-01
    outer loop
      vertex 1.391888e+01 2.921377e+01 1.405446e+01
      vertex 1.179283e+01 2.475150e+01 1.121467e+01
      vertex 1.036589e+01 3.065438e+01 1.405446e+01
    endloop
  endfacet
  facet normal 2.366783e-01 4.480858e-01 -8.609543e-01
    outer loop
      vertex 1.727563e+01 2.736155e+01 1.405446e+01
      vertex 1.179283e+01 2.475150e+01 1.121467e+01
      vertex 1.391888e+01 2.921377e+01 1.405446e+01
    endloop
  endfacet
  facet normal 2.438760e-01 4.204977e-01 -8.728358e-01
    outer loop
      vertex 1.727563e+01 2.736155e+01 1.405446e+01
      vertex 1.463686e+01 2.318219e+01 1.121467e+01
      vertex 1.179283e+01 2.475150e+01 1.121467e+01
    endloop
  endfacet
  facet normal 2.748786e-01 4.009294e-01 -8.728343e-01
    outer loop
      vertex 1.727608e+01 2.128871e+01 1.121467e+01
      vertex 1.463686e+01 2.318219e+01 1.121467e+01
      vertex 1.727563e+01 2.736155e+01 1.405446e+01
    endloop
  endfacet
  facet normal 2.674275e-01 3.588242e-01 -8.934767e-01
    outer loop
      vertex 1.727608e+01 2.128871e+01 1.121467e+01
      vertex 1.485309e+01 1.830293e+01 9.331341e+00
      vertex 1.463686e+01 2.318219e+01 1.121467e+01
    endloop
  endfacet
  facet normal 2.831163e-01 3.231882e-01 -9.022360e-01
    outer loop
      vertex 1.691389e+01 1.641824e+01 9.331341e+00
      vertex 1.485309e+01 1.830293e+01 9.331341e+00
      vertex 1.727608e+01 2.128871e+01 1.121467e+01
    endloop
  endfacet
  facet normal 2.695459e-01 2.842928e-01 -9.192858e-01
    outer loop
      vertex 1.691389e+01 1.641824e+01 9.331341e+00
      vertex 1.407242e+01 1.366003e+01 7.689560e+00
      vertex 1.485309e+01 1.830293e+01 9.331341e+00
    endloop
  endfacet
  facet normal 2.922598e-01 2.608983e-01 -9.192846e-01
    outer loop
      vertex 1.873605e+01 1.430199e+01 9.331341e+00
      vertex 1.407242e+01 1.366003e+01 7.689560e+00
      vertex 1.691389e+01 1.641824e+01 9.331341e+00
    endloop
  endfacet
  facet normal 2.869788e-01 2.364081e-01 -9.275742e-01
    outer loop
      vertex 1.873605e+01 1.430199e+01 9.331341e+00
      vertex 1.558845e+01 1.189931e+01 7.689560e+00
      vertex 1.407242e+01 1.366003e+01 7.689560e+00
    endloop
  endfacet
  facet normal 3.037983e-01 2.143840e-01 -9.275727e-01
    outer loop
      vertex 1.688642e+01 9.972260e+00 7.689560e+00
      vertex 1.558845e+01 1.189931e+01 7.689560e+00
      vertex 1.873605e+01 1.430199e+01 9.331341e+00
    endloop
  endfacet
  facet normal 2.830892e-01 1.833628e-01 -9.409594e-01
    outer loop
      vertex 1.688642e+01 9.972260e+00 7.689560e+00
      vertex 1.456165e+01 8.599368e+00 6.743126e+00
      vertex 1.558845e+01 1.189931e+01 7.689560e+00
    endloop
  endfacet
  facet normal 2.838790e-01 1.536139e-01 -9.460554e-01
    outer loop
      vertex 1.547715e+01 6.817176e+00 6.743126e+00
      vertex 1.456165e+01 8.599368e+00 6.743126e+00
      vertex 1.688642e+01 9.972260e+00 7.689560e+00
    endloop
  endfacet
  facet normal 2.627522e-01 1.290918e-01 -9.557703e-01
    outer loop
      vertex 1.547715e+01 6.817176e+00 6.743126e+00
      vertex 1.296604e+01 5.711118e+00 5.924985e+00
      vertex 1.456165e+01 8.599368e+00 6.743126e+00
    endloop
  endfacet
  facet normal 2.725986e-01 1.067332e-01 -9.557703e-01
    outer loop
      vertex 1.617405e+01 4.938706e+00 6.743126e+00
      vertex 1.296604e+01 5.711118e+00 5.924985e+00
      vertex 1.547715e+01 6.817176e+00 6.743126e+00
    endloop
  endfacet
  facet normal 2.620367e-01 9.072725e-02 -9.603885e-01
    outer loop
      vertex 1.617405e+01 4.938706e+00 6.743126e+00
      vertex 1.354987e+01 4.137422e+00 5.924985e+00
      vertex 1.296604e+01 5.711118e+00 5.924985e+00
    endloop
  endfacet
  facet normal 2.833387e-01 7.370873e-02 -9.557672e-01
    outer loop
      vertex 1.664421e+01 2.991151e+00 6.743126e+00
      vertex 1.354987e+01 4.137422e+00 5.924985e+00
      vertex 1.617405e+01 4.938706e+00 6.743126e+00
    endloop
  endfacet
  facet normal 2.709274e-01 5.918090e-02 -9.603862e-01
    outer loop
      vertex 1.664421e+01 2.991151e+00 6.743126e+00
      vertex 1.394375e+01 2.505849e+00 5.924985e+00
      vertex 1.354987e+01 4.137422e+00 5.924985e+00
    endloop
  endfacet
  facet normal 2.745666e-01 3.891765e-02 -9.603868e-01
    outer loop
      vertex 1.414298e+01 8.392524e-01 5.924985e+00
      vertex 1.394375e+01 2.505849e+00 5.924985e+00
      vertex 1.664421e+01 2.991151e+00 6.743126e+00
    endloop
  endfacet
  facet normal 2.331621e-01 3.146926e-02 -9.710712e-01
    outer loop
      vertex 1.414298e+01 8.392524e-01 5.924985e+00
      vertex 9.525000e+00 1.712006e+00 4.898447e+00
      vertex 1.394375e+01 2.505849e+00 5.924985e+00
    endloop
  endfacet
  facet normal 2.070453e-01 1.957809e-02 -9.772881e-01
    outer loop
      vertex 9.525000e+00 5.652482e-01 4.873399e+00
      vertex 9.525000e+00 1.712006e+00 4.898447e+00
      vertex 1.414298e+01 8.392524e-01 5.924985e+00
    endloop
  endfacet
  facet normal 2.084415e-01 5.735709e-01 -7.915211e-01
    outer loop
      vertex 1.592935e+01 3.845684e+01 2.064937e+01
      vertex 1.188213e+01 3.513824e+01 1.721593e+01
      vertex 1.333390e+01 3.943155e+01 2.064937e+01
    endloop
  endfacet
  facet normal 2.250528e-01 5.508749e-01 -8.027310e-01
    outer loop
      vertex 1.595482e+01 3.348692e+01 1.721593e+01
      vertex 1.188213e+01 3.513824e+01 1.721593e+01
      vertex 1.592935e+01 3.845684e+01 2.064937e+01
    endloop
  endfacet
  facet normal 2.210909e-01 5.172198e-01 -8.256500e-01
    outer loop
      vertex 1.595482e+01 3.348692e+01 1.721593e+01
      vertex 1.391888e+01 2.921377e+01 1.405446e+01
      vertex 1.188213e+01 3.513824e+01 1.721593e+01
    endloop
  endfacet
  facet normal 2.625269e-01 4.974830e-01 -8.256481e-01
    outer loop
      vertex 1.980257e+01 3.136376e+01 1.721593e+01
      vertex 1.391888e+01 2.921377e+01 1.405446e+01
      vertex 1.595482e+01 3.348692e+01 1.721593e+01
    endloop
  endfacet
  facet normal 2.732344e-01 4.715647e-01 -8.373562e-01
    outer loop
      vertex 1.980257e+01 3.136376e+01 1.721593e+01
      vertex 1.727563e+01 2.736155e+01 1.405446e+01
      vertex 1.391888e+01 2.921377e+01 1.405446e+01
    endloop
  endfacet
  facet normal 3.083713e-01 4.493865e-01 -8.373544e-01
    outer loop
      vertex 2.039067e+01 2.512670e+01 1.405446e+01
      vertex 1.727563e+01 2.736155e+01 1.405446e+01
      vertex 1.980257e+01 3.136376e+01 1.721593e+01
    endloop
  endfacet
  facet normal 3.028178e-01 4.063393e-01 -8.609509e-01
    outer loop
      vertex 2.039067e+01 2.512670e+01 1.405446e+01
      vertex 1.727608e+01 2.128871e+01 1.121467e+01
      vertex 1.727563e+01 2.736155e+01 1.405446e+01
    endloop
  endfacet
  facet normal 3.202873e-01 3.656486e-01 -8.728378e-01
    outer loop
      vertex 1.967307e+01 1.909656e+01 1.121467e+01
      vertex 1.727608e+01 2.128871e+01 1.121467e+01
      vertex 2.039067e+01 2.512670e+01 1.405446e+01
    endloop
  endfacet
  facet normal 3.080369e-01 3.246027e-01 -8.934803e-01
    outer loop
      vertex 1.967307e+01 1.909656e+01 1.121467e+01
      vertex 1.691389e+01 1.641824e+01 9.331341e+00
      vertex 1.727608e+01 2.128871e+01 1.121467e+01
    endloop
  endfacet
  facet normal 3.337079e-01 2.981621e-01 -8.934789e-01
    outer loop
      vertex 2.179248e+01 1.663509e+01 1.121467e+01
      vertex 1.691389e+01 1.641824e+01 9.331341e+00
      vertex 1.967307e+01 1.909656e+01 1.121467e+01
    endloop
  endfacet
  facet normal 3.315011e-01 2.733530e-01 -9.022334e-01
    outer loop
      vertex 2.179248e+01 1.663509e+01 1.121467e+01
      vertex 1.873605e+01 1.430199e+01 9.331341e+00
      vertex 1.691389e+01 1.641824e+01 9.331341e+00
    endloop
  endfacet
  facet normal 3.511879e-01 2.475740e-01 -9.022312e-01
    outer loop
      vertex 2.029609e+01 1.198584e+01 9.331341e+00
      vertex 1.873605e+01 1.430199e+01 9.331341e+00
      vertex 2.179248e+01 1.663509e+01 1.121467e+01
    endloop
  endfacet
  facet normal 3.287663e-01 2.130953e-01 -9.192808e-01
    outer loop
      vertex 2.029609e+01 1.198584e+01 9.331341e+00
      vertex 1.688642e+01 9.972260e+00 7.689560e+00
      vertex 1.873605e+01 1.430199e+01 9.331341e+00
    endloop
  endfacet
  facet normal 3.269427e-01 1.770639e-01 -9.275748e-01
    outer loop
      vertex 1.794808e+01 7.905540e+00 7.689560e+00
      vertex 1.688642e+01 9.972260e+00 7.689560e+00
      vertex 2.029609e+01 1.198584e+01 9.331341e+00
    endloop
  endfacet
  facet normal 3.027646e-01 1.486038e-01 -9.409626e-01
    outer loop
      vertex 1.794808e+01 7.905540e+00 7.689560e+00
      vertex 1.547715e+01 6.817176e+00 6.743126e+00
      vertex 1.688642e+01 9.972260e+00 7.689560e+00
    endloop
  endfacet
  facet normal 3.140023e-01 1.230858e-01 -9.409626e-01
    outer loop
      vertex 1.875624e+01 5.727172e+00 7.689560e+00
      vertex 1.547715e+01 6.817176e+00 6.743126e+00
      vertex 1.794808e+01 7.905540e+00 7.689560e+00
    endloop
  endfacet
  facet normal 3.049631e-01 1.057372e-01 -9.460554e-01
    outer loop
      vertex 1.875624e+01 5.727172e+00 7.689560e+00
      vertex 1.617405e+01 4.938706e+00 6.743126e+00
      vertex 1.547715e+01 6.817176e+00 6.743126e+00
    endloop
  endfacet
  facet normal 3.263903e-01 8.504298e-02 -9.409586e-01
    outer loop
      vertex 1.930146e+01 3.468689e+00 7.689560e+00
      vertex 1.617405e+01 4.938706e+00 6.743126e+00
      vertex 1.875624e+01 5.727172e+00 7.689560e+00
    endloop
  endfacet
  facet normal 3.153278e-01 6.902044e-02 -9.460523e-01
    outer loop
      vertex 1.930146e+01 3.468689e+00 7.689560e+00
      vertex 1.664421e+01 2.991151e+00 6.743126e+00
      vertex 1.617405e+01 4.938706e+00 6.743126e+00
    endloop
  endfacet
  facet normal 3.196125e-01 4.516317e-02 -9.460532e-01
    outer loop
      vertex 1.688202e+01 1.001788e+00 6.743126e+00
      vertex 1.664421e+01 2.991151e+00 6.743126e+00
      vertex 1.930146e+01 3.468689e+00 7.689560e+00
    endloop
  endfacet
  facet normal 2.912625e-01 2.958820e-02 -9.557686e-01
    outer loop
      vertex 1.688202e+01 1.001788e+00 6.743126e+00
      vertex 1.414298e+01 8.392524e-01 5.924985e+00
      vertex 1.664421e+01 2.991151e+00 6.743126e+00
    endloop
  endfacet
  facet normal 2.773792e-01 1.136724e-02 -9.603899e-01
    outer loop
      vertex 1.416811e+01 1.179110e-16 5.924985e+00
      vertex 1.414298e+01 8.392524e-01 5.924985e+00
      vertex 1.688202e+01 1.001788e+00 6.743126e+00
    endloop
  endfacet
  facet normal 2.345665e-01 8.805519e-03 -9.712248e-01
    outer loop
      vertex 1.416811e+01 1.179110e-16 5.924985e+00
      vertex 9.525000e+00 5.652482e-01 4.873399e+00
      vertex 1.414298e+01 8.392524e-01 5.924985e+00
    endloop
  endfacet
  facet normal 2.072318e-01 3.584883e-03 -9.774597e-01
    outer loop
      vertex 9.525000e+00 5.330119e-17 4.870335e+00
      vertex 9.525000e+00 5.652482e-01 4.873399e+00
      vertex 1.416811e+01 1.179110e-16 5.924985e+00
    endloop
  endfacet
  facet normal -1.043340e-01 1.119593e-01 -9.881918e-01
    outer loop
      vertex -5.860389e+00 5.579878e+00 4.628110e+00
      vertex -5.187834e+00 6.269706e+00 4.635246e+00
      vertex -5.454971e+00 5.857404e+00 4.614546e+00
    endloop
  endfacet
  facet normal -1.098886e-01 1.095194e-01 -9.878287e-01
    outer loop
      vertex -6.339423e+00 5.480045e+00 4.673597e+00
      vertex -5.187834e+00 6.269706e+00 4.635246e+00
      vertex -5.860389e+00 5.579878e+00 4.628110e+00
    endloop
  endfacet
  facet normal -1.050444e-01 1.168691e-01 -9.874685e-01
    outer loop
      vertex -6.339423e+00 5.480045e+00 4.673597e+00
      vertex -5.100170e+00 6.750643e+00 4.686684e+00
      vertex -5.187834e+00 6.269706e+00 4.635246e+00
    endloop
  endfacet
  facet normal -1.152542e-01 1.123631e-01 -9.868045e-01
    outer loop
      vertex -6.817354e+00 5.570655e+00 4.743542e+00
      vertex -5.100170e+00 6.750643e+00 4.686684e+00
      vertex -6.339423e+00 5.480045e+00 4.673597e+00
    endloop
  endfacet
  facet normal -1.080140e-01 1.233073e-01 -9.862726e-01
    outer loop
      vertex -6.817354e+00 5.570655e+00 4.743542e+00
      vertex -5.202464e+00 7.225641e+00 4.760495e+00
      vertex -5.100170e+00 6.750643e+00 4.686684e+00
    endloop
  endfacet
  facet normal -1.212865e-01 1.174175e-01 -9.854150e-01
    outer loop
      vertex -7.223117e+00 5.835480e+00 4.827176e+00
      vertex -5.202464e+00 7.225641e+00 4.760495e+00
      vertex -6.817354e+00 5.570655e+00 4.743542e+00
    endloop
  endfacet
  facet normal -1.127617e-01 1.302705e-01 -9.847941e-01
    outer loop
      vertex -7.223117e+00 5.835480e+00 4.827176e+00
      vertex -5.477024e+00 7.624658e+00 4.845468e+00
      vertex -5.202464e+00 7.225641e+00 4.760495e+00
    endloop
  endfacet
  facet normal -1.270828e-01 1.238962e-01 -9.838727e-01
    outer loop
      vertex -7.497636e+00 6.234589e+00 4.912143e+00
      vertex -5.477024e+00 7.624658e+00 4.845468e+00
      vertex -7.223117e+00 5.835480e+00 4.827176e+00
    endloop
  endfacet
  facet normal -1.185662e-01 1.367253e-01 -9.832551e-01
    outer loop
      vertex -7.497636e+00 6.234589e+00 4.912143e+00
      vertex -5.882771e+00 7.889395e+00 4.929070e+00
      vertex -5.477024e+00 7.624658e+00 4.845468e+00
    endloop
  endfacet
  facet normal -1.317883e-01 1.308433e-01 -9.824055e-01
    outer loop
      vertex -7.599837e+00 6.709821e+00 4.985935e+00
      vertex -5.882771e+00 7.889395e+00 4.929070e+00
      vertex -7.497636e+00 6.234589e+00 4.912143e+00
    endloop
  endfacet
  facet normal -1.245660e-01 1.417314e-01 -9.818814e-01
    outer loop
      vertex -7.599837e+00 6.709821e+00 4.985935e+00
      vertex -6.360684e+00 7.979954e+00 4.998964e+00
      vertex -5.882771e+00 7.889395e+00 4.929070e+00
    endloop
  endfacet
  facet normal -1.346966e-01 1.372412e-01 -9.812295e-01
    outer loop
      vertex -7.512130e+00 7.190386e+00 5.037279e+00
      vertex -6.360684e+00 7.979954e+00 4.998964e+00
      vertex -7.599837e+00 6.709821e+00 4.985935e+00
    endloop
  endfacet
  facet normal -1.298626e-01 1.445400e-01 -9.808779e-01
    outer loop
      vertex -7.512130e+00 7.190386e+00 5.037279e+00
      vertex -6.839504e+00 7.880167e+00 5.044395e+00
      vertex -6.360684e+00 7.979954e+00 4.998964e+00
    endloop
  endfacet
  facet normal -1.353509e-01 1.421210e-01 -9.805234e-01
    outer loop
      vertex -7.245078e+00 7.602546e+00 5.057953e+00
      vertex -6.839504e+00 7.880167e+00 5.044395e+00
      vertex -7.512130e+00 7.190386e+00 5.037279e+00
    endloop
  endfacet
  facet normal 1.050710e-01 1.112359e-01 -9.881952e-01
    outer loop
      vertex 5.210261e+00 6.216683e+00 4.631130e+00
      vertex 5.913632e+00 5.558640e+00 4.631856e+00
      vertex 5.496047e+00 5.817167e+00 4.614355e+00
    endloop
  endfacet
  facet normal 1.025229e-01 1.167237e-01 -9.877952e-01
    outer loop
      vertex 5.100533e+00 6.693480e+00 4.679345e+00
      vertex 5.913632e+00 5.558640e+00 4.631856e+00
      vertex 5.210261e+00 6.216683e+00 4.631130e+00
    endloop
  endfacet
  facet normal 1.100110e-01 1.120057e-01 -9.874908e-01
    outer loop
      vertex 5.100533e+00 6.693480e+00 4.679345e+00
      vertex 6.396502e+00 5.480865e+00 4.680660e+00
      vertex 5.913632e+00 5.558640e+00 4.631856e+00
    endloop
  endfacet
  facet normal 1.052811e-01 1.221162e-01 -9.867595e-01
    outer loop
      vertex 5.181080e+00 7.172862e+00 4.751073e+00
      vertex 6.396502e+00 5.480865e+00 4.680660e+00
      vertex 5.100533e+00 6.693480e+00 4.679345e+00
    endloop
  endfacet
  facet normal 1.164120e-01 1.150855e-01 -9.863100e-01
    outer loop
      vertex 5.181080e+00 7.172862e+00 4.751073e+00
      vertex 6.869448e+00 5.593042e+00 4.752780e+00
      vertex 6.396502e+00 5.480865e+00 4.680660e+00
    endloop
  endfacet
  facet normal 1.102213e-01 1.282362e-01 -9.853653e-01
    outer loop
      vertex 5.437189e+00 7.583976e+00 4.835363e+00
      vertex 6.869448e+00 5.593042e+00 4.752780e+00
      vertex 5.181080e+00 7.172862e+00 4.751073e+00
    endloop
  endfacet
  facet normal 1.232876e-01 1.199671e-01 -9.848406e-01
    outer loop
      vertex 5.437189e+00 7.583976e+00 4.835363e+00
      vertex 7.262692e+00 5.875897e+00 4.837216e+00
      vertex 6.869448e+00 5.593042e+00 4.752780e+00
    endloop
  endfacet
  facet normal 1.165864e-01 1.341613e-01 -9.838252e-01
    outer loop
      vertex 5.830950e+00 7.867140e+00 4.919885e+00
      vertex 7.262692e+00 5.875897e+00 4.837216e+00
      vertex 5.437189e+00 7.583976e+00 4.835363e+00
    endloop
  endfacet
  facet normal 1.296298e-01 1.259002e-01 -9.833032e-01
    outer loop
      vertex 5.830950e+00 7.867140e+00 4.919885e+00
      vertex 7.518856e+00 6.286969e+00 4.921490e+00
      vertex 7.262692e+00 5.875897e+00 4.837216e+00
    endloop
  endfacet
  facet normal 1.234382e-01 1.390117e-01 -9.823672e-01
    outer loop
      vertex 6.304152e+00 7.979159e+00 4.991977e+00
      vertex 7.518856e+00 6.286969e+00 4.921490e+00
      vertex 5.830950e+00 7.867140e+00 4.919885e+00
    endloop
  endfacet
  facet normal 1.345086e-01 1.320013e-01 -9.819251e-01
    outer loop
      vertex 6.304152e+00 7.979159e+00 4.991977e+00
      vertex 7.599471e+00 6.766385e+00 4.993191e+00
      vertex 7.518856e+00 6.286969e+00 4.921490e+00
    endloop
  endfacet
  facet normal 1.297687e-01 1.420611e-01 -9.812069e-01
    outer loop
      vertex 6.786780e+00 7.901206e+00 5.040690e+00
      vertex 7.599471e+00 6.766385e+00 4.993191e+00
      vertex 6.304152e+00 7.979159e+00 4.991977e+00
    endloop
  endfacet
  facet normal 1.371887e-01 1.373701e-01 -9.809103e-01
    outer loop
      vertex 6.786780e+00 7.901206e+00 5.040690e+00
      vertex 7.489959e+00 7.242828e+00 5.041348e+00
      vertex 7.599471e+00 6.766385e+00 4.993191e+00
    endloop
  endfacet
  facet normal 1.346210e-01 1.428342e-01 -9.805200e-01
    outer loop
      vertex 7.204248e+00 7.642557e+00 5.058144e+00
      vertex 7.489959e+00 7.242828e+00 5.041348e+00
      vertex 6.786780e+00 7.901206e+00 5.040690e+00
    endloop
  endfacet
  facet normal -1.041329e-01 -1.121697e-01 -9.881893e-01
    outer loop
      vertex -5.846144e+00 -5.586047e+00 4.627170e+00
      vertex -5.444139e+00 -5.868654e+00 4.614679e+00
      vertex -5.182203e+00 -6.284185e+00 4.636430e+00
    endloop
  endfacet
  facet normal -1.355314e-01 -1.419373e-01 -9.805253e-01
    outer loop
      vertex -7.517697e+00 -7.176075e+00 5.036110e+00
      vertex -6.853909e+00 -7.873930e+00 5.045344e+00
      vertex -7.255775e+00 -7.591436e+00 5.057821e+00
    endloop
  endfacet
  facet normal -1.300795e-01 -1.444163e-01 -9.808676e-01
    outer loop
      vertex -7.517697e+00 -7.176075e+00 5.036110e+00
      vertex -6.376335e+00 -7.979723e+00 5.000841e+00
      vertex -6.853909e+00 -7.873930e+00 5.045344e+00
    endloop
  endfacet
  facet normal -1.348216e-01 -1.370643e-01 -9.812374e-01
    outer loop
      vertex -7.599496e+00 -6.694503e+00 4.983916e+00
      vertex -6.376335e+00 -7.979723e+00 5.000841e+00
      vertex -7.517697e+00 -7.176075e+00 5.036110e+00
    endloop
  endfacet
  facet normal -1.247570e-01 -1.416641e-01 -9.818671e-01
    outer loop
      vertex -7.599496e+00 -6.694503e+00 4.983916e+00
      vertex -5.897189e+00 -7.895102e+00 4.931563e+00
      vertex -6.376335e+00 -7.979723e+00 5.000841e+00
    endloop
  endfacet
  facet normal -1.318505e-01 -1.306889e-01 -9.824178e-01
    outer loop
      vertex -7.491609e+00 -6.220853e+00 4.909636e+00
      vertex -5.897189e+00 -7.895102e+00 4.931563e+00
      vertex -7.599496e+00 -6.694503e+00 4.983916e+00
    endloop
  endfacet
  facet normal -1.187021e-01 -1.367254e-01 -9.832385e-01
    outer loop
      vertex -7.491609e+00 -6.220853e+00 4.909636e+00
      vertex -5.488077e+00 -7.635311e+00 4.848190e+00
      vertex -5.897189e+00 -7.895102e+00 4.931563e+00
    endloop
  endfacet
  facet normal -1.270704e-01 -1.237924e-01 -9.838871e-01
    outer loop
      vertex -7.212497e+00 -5.825235e+00 4.824559e+00
      vertex -5.488077e+00 -7.635311e+00 4.848190e+00
      vertex -7.491609e+00 -6.220853e+00 4.909636e+00
    endloop
  endfacet
  facet normal -1.128197e-01 -1.303427e-01 -9.847775e-01
    outer loop
      vertex -7.212497e+00 -5.825235e+00 4.824559e+00
      vertex -5.208670e+00 -7.239769e+00 4.763075e+00
      vertex -5.488077e+00 -7.635311e+00 4.848190e+00
    endloop
  endfacet
  facet normal -1.211923e-01 -1.173851e-01 -9.854301e-01
    outer loop
      vertex -6.803080e+00 -5.565003e+00 4.741072e+00
      vertex -5.208670e+00 -7.239769e+00 4.763075e+00
      vertex -7.212497e+00 -5.825235e+00 4.824559e+00
    endloop
  endfacet
  facet normal -1.079800e-01 -1.234411e-01 -9.862595e-01
    outer loop
      vertex -6.803080e+00 -5.565003e+00 4.741072e+00
      vertex -5.100519e+00 -6.766036e+00 4.688715e+00
      vertex -5.208670e+00 -7.239769e+00 4.763075e+00
    endloop
  endfacet
  facet normal -1.150834e-01 -1.124145e-01 -9.868186e-01
    outer loop
      vertex -6.323978e+00 -5.480271e+00 4.671744e+00
      vertex -5.100519e+00 -6.766036e+00 4.688715e+00
      vertex -6.803080e+00 -5.565003e+00 4.741072e+00
    endloop
  endfacet
  facet normal -1.049201e-01 -1.170527e-01 -9.874601e-01
    outer loop
      vertex -6.323978e+00 -5.480271e+00 4.671744e+00
      vertex -5.182203e+00 -6.284185e+00 4.636430e+00
      vertex -5.100519e+00 -6.766036e+00 4.688715e+00
    endloop
  endfacet
  facet normal -1.096625e-01 -1.096580e-01 -9.878384e-01
    outer loop
      vertex -5.846144e+00 -5.586047e+00 4.627170e+00
      vertex -5.182203e+00 -6.284185e+00 4.636430e+00
      vertex -6.323978e+00 -5.480271e+00 4.671744e+00
    endloop
  endfacet
  facet normal 1.352239e-01 -1.422518e-01 -9.805221e-01
    outer loop
      vertex 6.830315e+00 -7.884036e+00 5.043775e+00
      vertex 7.508290e+00 -7.199961e+00 5.038047e+00
      vertex 7.237856e+00 -7.609893e+00 5.058021e+00
    endloop
  endfacet
  facet normal 1.297225e-01 -1.446239e-01 -9.808843e-01
    outer loop
      vertex 6.350787e+00 -7.980000e+00 4.997765e+00
      vertex 7.508290e+00 -7.199961e+00 5.038047e+00
      vertex 6.830315e+00 -7.884036e+00 5.043775e+00
    endloop
  endfacet
  facet normal 1.346148e-01 -1.373612e-01 -9.812241e-01
    outer loop
      vertex 6.350787e+00 -7.980000e+00 4.997765e+00
      vertex 7.599961e+00 -6.720169e+00 4.987286e+00
      vertex 7.508290e+00 -7.199961e+00 5.038047e+00
    endloop
  endfacet
  facet normal 1.244589e-01 -1.417641e-01 -9.818903e-01
    outer loop
      vertex 5.873648e+00 -7.885677e+00 4.927479e+00
      vertex 7.599961e+00 -6.720169e+00 4.987286e+00
      vertex 6.350787e+00 -7.980000e+00 4.997765e+00
    endloop
  endfacet
  facet normal 1.317737e-01 -1.309222e-01 -9.823967e-01
    outer loop
      vertex 5.873648e+00 -7.885677e+00 4.927479e+00
      vertex 7.501642e+00 -6.243974e+00 4.913843e+00
      vertex 7.599961e+00 -6.720169e+00 4.987286e+00
    endloop
  endfacet
  facet normal 1.185045e-01 -1.367036e-01 -9.832650e-01
    outer loop
      vertex 5.469986e+00 -7.617736e+00 4.843717e+00
      vertex 7.501642e+00 -6.243974e+00 4.913843e+00
      vertex 5.873648e+00 -7.885677e+00 4.927479e+00
    endloop
  endfacet
  facet normal 1.271320e-01 -1.239268e-01 -9.838619e-01
    outer loop
      vertex 5.469986e+00 -7.617736e+00 4.843717e+00
      vertex 7.230354e+00 -5.842601e+00 4.828977e+00
      vertex 7.501642e+00 -6.243974e+00 4.913843e+00
    endloop
  endfacet
  facet normal 1.127533e-01 -1.301997e-01 -9.848037e-01
    outer loop
      vertex 5.198580e+00 -7.216552e+00 4.758848e+00
      vertex 7.230354e+00 -5.842601e+00 4.828977e+00
      vertex 5.469986e+00 -7.617736e+00 4.843717e+00
    endloop
  endfacet
  facet normal 1.213906e-01 -1.173991e-01 -9.854038e-01
    outer loop
      vertex 5.198580e+00 -7.216552e+00 4.758848e+00
      vertex 6.826813e+00 -5.574513e+00 4.745192e+00
      vertex 7.230354e+00 -5.842601e+00 4.828977e+00
    endloop
  endfacet
  facet normal 1.080636e-01 -1.231961e-01 -9.862807e-01
    outer loop
      vertex 5.100045e+00 -6.740619e+00 4.685374e+00
      vertex 6.826813e+00 -5.574513e+00 4.745192e+00
      vertex 5.198580e+00 -7.216552e+00 4.758848e+00
    endloop
  endfacet
  facet normal 1.153978e-01 -1.122994e-01 -9.867948e-01
    outer loop
      vertex 5.100045e+00 -6.740619e+00 4.685374e+00
      vertex 6.349767e+00 -5.480000e+00 4.674852e+00
      vertex 6.826813e+00 -5.574513e+00 4.745192e+00
    endloop
  endfacet
  facet normal 1.051451e-01 -1.167351e-01 -9.874735e-01
    outer loop
      vertex 5.191547e+00 -6.260439e+00 4.634502e+00
      vertex 6.349767e+00 -5.480000e+00 4.674852e+00
      vertex 5.100045e+00 -6.740619e+00 4.685374e+00
    endloop
  endfacet
  facet normal 1.100431e-01 -1.094271e-01 -9.878216e-01
    outer loop
      vertex 5.191547e+00 -6.260439e+00 4.634502e+00
      vertex 5.869800e+00 -5.575917e+00 4.628745e+00
      vertex 6.349767e+00 -5.480000e+00 4.674852e+00
    endloop
  endfacet
  facet normal 1.044625e-01 -1.118304e-01 -9.881929e-01
    outer loop
      vertex 5.461938e+00 -5.850315e+00 4.614479e+00
      vertex 5.869800e+00 -5.575917e+00 4.628745e+00
      vertex 5.191547e+00 -6.260439e+00 4.634502e+00
    endloop
  endfacet
  facet normal -3.415948e-03 -9.991314e-01 -4.152964e-02
    outer loop
      vertex -3.946511e+00 2.140720e+00 5.196991e+00
      vertex -4.345248e+00 2.140720e+00 5.229306e+00
      vertex -4.364727e+00 2.150316e+00 5.000000e+00
    endloop
  endfacet
  facet normal -3.065936e-03 -9.991305e-01 -4.157663e-02
    outer loop
      vertex -4.364727e+00 2.150316e+00 5.000000e+00
      vertex -3.041946e+00 2.140720e+00 5.135214e+00
      vertex -3.946511e+00 2.140720e+00 5.196991e+00
    endloop
  endfacet
  facet normal -2.650118e-03 -9.991295e-01 -4.162744e-02
    outer loop
      vertex -4.364727e+00 2.150316e+00 5.000000e+00
      vertex -2.402216e+00 2.140720e+00 5.101180e+00
      vertex -3.041946e+00 2.140720e+00 5.135214e+00
    endloop
  endfacet
  facet normal -2.344583e-03 -9.991288e-01 -4.165881e-02
    outer loop
      vertex -1.911462e+00 2.140720e+00 5.080491e+00
      vertex -2.402216e+00 2.140720e+00 5.101180e+00
      vertex -4.364727e+00 2.150316e+00 5.000000e+00
    endloop
  endfacet
  facet normal -3.853860e-04 -9.991255e-01 -4.180826e-02
    outer loop
      vertex 4.756825e-05 2.142594e+00 5.000000e+00
      vertex -5.643474e-01 2.140720e+00 5.047894e+00
      vertex -8.515027e-01 2.140720e+00 5.051867e+00
    endloop
  endfacet
  facet normal -2.311058e-04 -9.991255e-01 -4.181210e-02
    outer loop
      vertex -2.845921e-01 2.140720e+00 5.045573e+00
      vertex -5.643474e-01 2.140720e+00 5.047894e+00
      vertex 4.756825e-05 2.142594e+00 5.000000e+00
    endloop
  endfacet
  facet normal -7.749437e-05 -9.991254e-01 -4.181401e-02
    outer loop
      vertex 4.756825e-05 2.142594e+00 5.000000e+00
      vertex 3.671039e-05 2.140720e+00 5.044781e+00
      vertex -2.845921e-01 2.140720e+00 5.045573e+00
    endloop
  endfacet
  facet normal 7.677356e-05 -9.991254e-01 -4.181401e-02
    outer loop
      vertex 4.756825e-05 2.142594e+00 5.000000e+00
      vertex 2.821933e-01 2.140720e+00 5.045559e+00
      vertex 3.671039e-05 2.140720e+00 5.044781e+00
    endloop
  endfacet
  facet normal 2.302758e-04 -9.991255e-01 -4.181212e-02
    outer loop
      vertex 5.640386e-01 2.140720e+00 5.047890e+00
      vertex 2.821933e-01 2.140720e+00 5.045559e+00
      vertex 4.756825e-05 2.142594e+00 5.000000e+00
    endloop
  endfacet
  facet normal 2.188728e-03 -9.991285e-01 -4.167296e-02
    outer loop
      vertex 4.364727e+00 2.150316e+00 5.000000e+00
      vertex 1.911549e+00 2.140720e+00 5.080494e+00
      vertex 1.826602e+00 2.140720e+00 5.077391e+00
    endloop
  endfacet
  facet normal 2.344319e-03 -9.991288e-01 -4.165884e-02
    outer loop
      vertex 2.401122e+00 2.140720e+00 5.101128e+00
      vertex 1.911549e+00 2.140720e+00 5.080494e+00
      vertex 4.364727e+00 2.150316e+00 5.000000e+00
    endloop
  endfacet
  facet normal 2.650018e-03 -9.991295e-01 -4.162745e-02
    outer loop
      vertex 4.364727e+00 2.150316e+00 5.000000e+00
      vertex 3.042683e+00 2.140720e+00 5.135258e+00
      vertex 2.401122e+00 2.140720e+00 5.101128e+00
    endloop
  endfacet
  facet normal 3.066462e-03 -9.991305e-01 -4.157656e-02
    outer loop
      vertex 4.364727e+00 2.150316e+00 5.000000e+00
      vertex 3.947807e+00 2.140720e+00 5.197091e+00
      vertex 3.042683e+00 2.140720e+00 5.135258e+00
    endloop
  endfacet
  facet normal 3.416283e-03 -9.991314e-01 -4.152960e-02
    outer loop
      vertex 4.345248e+00 2.140720e+00 5.229306e+00
      vertex 3.947807e+00 2.140720e+00 5.197091e+00
      vertex 4.364727e+00 2.150316e+00 5.000000e+00
    endloop
  endfacet
  facet normal 3.869655e-04 -9.991255e-01 -4.180820e-02
    outer loop
      vertex 4.756825e-05 2.142594e+00 5.000000e+00
      vertex 8.579432e-01 2.140720e+00 5.051975e+00
      vertex 5.640386e-01 2.140720e+00 5.047890e+00
    endloop
  endfacet
  facet normal 5.522656e-04 -9.991257e-01 -4.180191e-02
    outer loop
      vertex 4.756825e-05 2.142594e+00 5.000000e+00
      vertex 1.171498e+00 2.140720e+00 5.058195e+00
      vertex 8.579432e-01 2.140720e+00 5.051975e+00
    endloop
  endfacet
  facet normal 1.490588e-03 -9.991277e-01 -4.170647e-02
    outer loop
      vertex 4.364727e+00 2.150316e+00 5.000000e+00
      vertex 1.171498e+00 2.140720e+00 5.058195e+00
      vertex 4.756825e-05 2.142594e+00 5.000000e+00
    endloop
  endfacet
  facet normal 1.903087e-03 -9.991280e-01 -4.169275e-02
    outer loop
      vertex 4.364727e+00 2.150316e+00 5.000000e+00
      vertex 1.515966e+00 2.140720e+00 5.067243e+00
      vertex 1.171498e+00 2.140720e+00 5.058195e+00
    endloop
  endfacet
  facet normal 2.081236e-03 -9.991283e-01 -4.168104e-02
    outer loop
      vertex 1.826602e+00 2.140720e+00 5.077391e+00
      vertex 1.515966e+00 2.140720e+00 5.067243e+00
      vertex 4.364727e+00 2.150316e+00 5.000000e+00
    endloop
  endfacet
  facet normal -2.189277e-03 -9.991285e-01 -4.167292e-02
    outer loop
      vertex -4.364727e+00 2.150316e+00 5.000000e+00
      vertex -1.828724e+00 2.140720e+00 5.077466e+00
      vertex -1.911462e+00 2.140720e+00 5.080491e+00
    endloop
  endfacet
  facet normal -2.079746e-03 -9.991283e-01 -4.168113e-02
    outer loop
      vertex -4.364727e+00 2.150316e+00 5.000000e+00
      vertex -1.508352e+00 2.140720e+00 5.067017e+00
      vertex -1.828724e+00 2.140720e+00 5.077466e+00
    endloop
  endfacet
  facet normal -1.582233e-03 -9.991278e-01 -4.170108e-02
    outer loop
      vertex 4.756825e-05 2.142594e+00 5.000000e+00
      vertex -1.508352e+00 2.140720e+00 5.067017e+00
      vertex -4.364727e+00 2.150316e+00 5.000000e+00
    endloop
  endfacet
  facet normal -7.264034e-04 -9.991260e-01 -4.179287e-02
    outer loop
      vertex 4.756825e-05 2.142594e+00 5.000000e+00
      vertex -1.161051e+00 2.140720e+00 5.057956e+00
      vertex -1.508352e+00 2.140720e+00 5.067017e+00
    endloop
  endfacet
  facet normal -5.477377e-04 -9.991257e-01 -4.180212e-02
    outer loop
      vertex -8.515027e-01 2.140720e+00 5.051867e+00
      vertex -1.161051e+00 2.140720e+00 5.057956e+00
      vertex 4.756825e-05 2.142594e+00 5.000000e+00
    endloop
  endfacet
  facet normal 9.964171e-01 -3.306196e-03 -8.450981e-02
    outer loop
      vertex -4.364727e+00 -2.150316e+00 5.000000e+00
      vertex -4.345248e+00 -1.729635e+00 5.213754e+00
      vertex -4.345248e+00 -2.140720e+00 5.229306e+00
    endloop
  endfacet
  facet normal 9.964161e-01 -2.759048e-03 -8.453980e-02
    outer loop
      vertex -4.345248e+00 -1.146658e+00 5.197366e+00
      vertex -4.345248e+00 -1.729635e+00 5.213754e+00
      vertex -4.364727e+00 -2.150316e+00 5.000000e+00
    endloop
  endfacet
  facet normal 9.964161e-01 2.755893e-03 -8.453994e-02
    outer loop
      vertex -4.364727e+00 2.150316e+00 5.000000e+00
      vertex -4.345248e+00 1.728217e+00 5.213706e+00
      vertex -4.345248e+00 1.142251e+00 5.197267e+00
    endloop
  endfacet
  facet normal 9.964171e-01 3.305423e-03 -8.450985e-02
    outer loop
      vertex -4.345248e+00 2.140720e+00 5.229306e+00
      vertex -4.345248e+00 1.728217e+00 5.213706e+00
      vertex -4.364727e+00 2.150316e+00 5.000000e+00
    endloop
  endfacet
  facet normal 9.964152e-01 -2.124743e-03 -8.456421e-02
    outer loop
      vertex -4.364727e+00 -2.150316e+00 5.000000e+00
      vertex -4.345248e+00 -5.777738e-01 5.187779e+00
      vertex -4.345248e+00 -1.146658e+00 5.197366e+00
    endloop
  endfacet
  facet normal 9.964147e-01 -1.494012e-03 -8.457628e-02
    outer loop
      vertex -4.364727e+00 -2.150316e+00 5.000000e+00
      vertex -4.345248e+00 -1.635243e-03 5.184516e+00
      vertex -4.345248e+00 -5.777738e-01 5.187779e+00
    endloop
  endfacet
  facet normal 9.964161e-01 -8.263935e-07 -8.453744e-02
    outer loop
      vertex -4.364727e+00 2.150316e+00 5.000000e+00
      vertex -4.345248e+00 -1.635243e-03 5.184516e+00
      vertex -4.364727e+00 -2.150316e+00 5.000000e+00
    endloop
  endfacet
  facet normal 9.964148e-01 1.489800e-03 -8.457633e-02
    outer loop
      vertex -4.364727e+00 2.150316e+00 5.000000e+00
      vertex -4.345248e+00 5.729355e-01 5.187724e+00
      vertex -4.345248e+00 -1.635243e-03 5.184516e+00
    endloop
  endfacet
  facet normal 9.964152e-01 2.119800e-03 -8.456435e-02
    outer loop
      vertex -4.345248e+00 1.142251e+00 5.197267e+00
      vertex -4.345248e+00 5.729355e-01 5.187724e+00
      vertex -4.364727e+00 2.150316e+00 5.000000e+00
    endloop
  endfacet
  facet normal -0.000000e+00 -1.000000e+00 -0.000000e+00
    outer loop
      vertex -1.082532e+00 -9.525000e+00 -3.399987e-01
      vertex -1.250000e+00 -9.525000e+00 2.850013e-01
      vertex -7.840000e+00 -9.525000e+00 -4.500000e+00
    endloop
  endfacet
  facet normal -0.000000e+00 -1.000000e+00 -0.000000e+00
    outer loop
      vertex -7.840000e+00 -9.525000e+00 -4.500000e+00
      vertex -6.249999e-01 -9.525000e+00 -7.975302e-01
      vertex -1.082532e+00 -9.525000e+00 -3.399987e-01
    endloop
  endfacet
  facet normal -0.000000e+00 -1.000000e+00 -0.000000e+00
    outer loop
      vertex -7.840000e+00 -9.525000e+00 -4.500000e+00
      vertex 7.204430e-08 -9.525000e+00 -9.649987e-01
      vertex -6.249999e-01 -9.525000e+00 -7.975302e-01
    endloop
  endfacet
  facet normal -0.000000e+00 -1.000000e+00 -0.000000e+00
    outer loop
      vertex 7.840000e+00 -9.525000e+00 -4.500000e+00
      vertex 7.204430e-08 -9.525000e+00 -9.649987e-01
      vertex -7.840000e+00 -9.525000e+00 -4.500000e+00
    endloop
  endfacet
  facet normal -0.000000e+00 -1.000000e+00 -0.000000e+00
    outer loop
      vertex 7.840000e+00 -9.525000e+00 -4.500000e+00
      vertex 6.250001e-01 -9.525000e+00 -7.975302e-01
      vertex 7.204430e-08 -9.525000e+00 -9.649987e-01
    endloop
  endfacet
  facet normal -0.000000e+00 -1.000000e+00 -0.000000e+00
    outer loop
      vertex 7.840000e+00 -9.525000e+00 -4.500000e+00
      vertex 1.082532e+00 -9.525000e+00 -3.399987e-01
      vertex 6.250001e-01 -9.525000e+00 -7.975302e-01
    endloop
  endfacet
  facet normal -0.000000e+00 -1.000000e+00 -0.000000e+00
    outer loop
      vertex 1.250000e+00 -9.525000e+00 2.850013e-01
      vertex 1.082532e+00 -9.525000e+00 -3.399987e-01
      vertex 7.840000e+00 -9.525000e+00 -4.500000e+00
    endloop
  endfacet
  facet normal -0.000000e+00 -1.000000e+00 -0.000000e+00
    outer loop
      vertex 7.729726e+00 -9.525000e+00 5.443164e+00
      vertex 7.840000e+00 -9.525000e+00 -4.500000e+00
      vertex 7.840000e+00 -9.525000e+00 5.459621e+00
    endloop
  endfacet
  facet normal -0.000000e+00 -1.000000e+00 -0.000000e+00
    outer loop
      vertex 6.015889e+00 -9.525000e+00 5.217354e+00
      vertex 7.840000e+00 -9.525000e+00 -4.500000e+00
      vertex 7.729726e+00 -9.525000e+00 5.443164e+00
    endloop
  endfacet
  facet normal -0.000000e+00 -1.000000e+00 -0.000000e+00
    outer loop
      vertex 6.015889e+00 -9.525000e+00 5.217354e+00
      vertex 1.250000e+00 -9.525000e+00 2.850013e-01
      vertex 7.840000e+00 -9.525000e+00 -4.500000e+00
    endloop
  endfacet
  facet normal -0.000000e+00 -1.000000e+00 -0.000000e+00
    outer loop
      vertex 4.538420e+00 -9.525000e+00 5.067857e+00
      vertex 1.250000e+00 -9.525000e+00 2.850013e-01
      vertex 6.015889e+00 -9.525000e+00 5.217354e+00
    endloop
  endfacet
  facet normal -0.000000e+00 -1.000000e+00 -0.000000e+00
    outer loop
      vertex 4.538420e+00 -9.525000e+00 5.067857e+00
      vertex 1.082532e+00 -9.525000e+00 9.100013e-01
      vertex 1.250000e+00 -9.525000e+00 2.850013e-01
    endloop
  endfacet
  facet normal -0.000000e+00 -1.000000e+00 -0.000000e+00
    outer loop
      vertex 3.221740e+00 -9.525000e+00 4.969882e+00
      vertex 1.082532e+00 -9.525000e+00 9.100013e-01
      vertex 4.538420e+00 -9.525000e+00 5.067857e+00
    endloop
  endfacet
  facet normal -0.000000e+00 -1.000000e+00 -0.000000e+00
    outer loop
      vertex 2.006185e+00 -9.525000e+00 4.908938e+00
      vertex 1.082532e+00 -9.525000e+00 9.100013e-01
      vertex 3.221740e+00 -9.525000e+00 4.969882e+00
    endloop
  endfacet
  facet normal -0.000000e+00 -1.000000e+00 -0.000000e+00
    outer loop
      vertex 6.250001e-01 -9.525000e+00 1.367533e+00
      vertex 1.082532e+00 -9.525000e+00 9.100013e-01
      vertex 2.006185e+00 -9.525000e+00 4.908938e+00
    endloop
  endfacet
  facet normal -0.000000e+00 -1.000000e+00 -0.000000e+00
    outer loop
      vertex 8.497732e-01 -9.525000e+00 4.877261e+00
      vertex 6.250001e-01 -9.525000e+00 1.367533e+00
      vertex 2.006185e+00 -9.525000e+00 4.908938e+00
    endloop
  endfacet
  facet normal -0.000000e+00 -1.000000e+00 -0.000000e+00
    outer loop
      vertex 7.204430e-08 -9.525000e+00 1.535002e+00
      vertex 6.250001e-01 -9.525000e+00 1.367533e+00
      vertex 8.497732e-01 -9.525000e+00 4.877261e+00
    endloop
  endfacet
  facet normal -0.000000e+00 -1.000000e+00 -0.000000e+00
    outer loop
      vertex -2.817376e-01 -9.525000e+00 4.871096e+00
      vertex 7.204430e-08 -9.525000e+00 1.535002e+00
      vertex 8.497732e-01 -9.525000e+00 4.877261e+00
    endloop
  endfacet
  facet normal -0.000000e+00 -1.000000e+00 -0.000000e+00
    outer loop
      vertex -6.249999e-01 -9.525000e+00 1.367533e+00
      vertex 7.204430e-08 -9.525000e+00 1.535002e+00
      vertex -2.817376e-01 -9.525000e+00 4.871096e+00
    endloop
  endfacet
  facet normal -0.000000e+00 -1.000000e+00 -0.000000e+00
    outer loop
      vertex -7.840000e+00 -9.525000e+00 -4.500000e+00
      vertex -6.834659e+00 -9.525000e+00 5.318211e+00
      vertex -7.840000e+00 -9.525000e+00 5.459621e+00
    endloop
  endfacet
  facet normal -0.000000e+00 -1.000000e+00 -0.000000e+00
    outer loop
      vertex -7.840000e+00 -9.525000e+00 -4.500000e+00
      vertex -5.251191e+00 -9.525000e+00 5.134757e+00
      vertex -6.834659e+00 -9.525000e+00 5.318211e+00
    endloop
  endfacet
  facet normal -0.000000e+00 -1.000000e+00 -0.000000e+00
    outer loop
      vertex -1.250000e+00 -9.525000e+00 2.850013e-01
      vertex -5.251191e+00 -9.525000e+00 5.134757e+00
      vertex -7.840000e+00 -9.525000e+00 -4.500000e+00
    endloop
  endfacet
  facet normal -0.000000e+00 -1.000000e+00 -0.000000e+00
    outer loop
      vertex -1.250000e+00 -9.525000e+00 2.850013e-01
      vertex -3.862585e+00 -9.525000e+00 5.013417e+00
      vertex -5.251191e+00 -9.525000e+00 5.134757e+00
    endloop
  endfacet
  facet normal -0.000000e+00 -1.000000e+00 -0.000000e+00
    outer loop
      vertex -1.082532e+00 -9.525000e+00 9.100013e-01
      vertex -3.862585e+00 -9.525000e+00 5.013417e+00
      vertex -1.250000e+00 -9.525000e+00 2.850013e-01
    endloop
  endfacet
  facet normal -0.000000e+00 -1.000000e+00 -0.000000e+00
    outer loop
      vertex -1.082532e+00 -9.525000e+00 9.100013e-01
      vertex -2.602952e+00 -9.525000e+00 4.935317e+00
      vertex -3.862585e+00 -9.525000e+00 5.013417e+00
    endloop
  endfacet
  facet normal -0.000000e+00 -1.000000e+00 -0.000000e+00
    outer loop
      vertex -6.249999e-01 -9.525000e+00 1.367533e+00
      vertex -2.602952e+00 -9.525000e+00 4.935317e+00
      vertex -1.082532e+00 -9.525000e+00 9.100013e-01
    endloop
  endfacet
  facet normal -0.000000e+00 -1.000000e+00 -0.000000e+00
    outer loop
      vertex -6.249999e-01 -9.525000e+00 1.367533e+00
      vertex -1.421162e+00 -9.525000e+00 4.889707e+00
      vertex -2.602952e+00 -9.525000e+00 4.935317e+00
    endloop
  endfacet
  facet normal -0.000000e+00 -1.000000e+00 -0.000000e+00
    outer loop
      vertex -2.817376e-01 -9.525000e+00 4.871096e+00
      vertex -1.421162e+00 -9.525000e+00 4.889707e+00
      vertex -6.249999e-01 -9.525000e+00 1.367533e+00
    endloop
  endfacet
  facet normal -1.000000e+00 -0.000000e+00 -0.000000e+00
    outer loop
      vertex -9.525000e+00 6.417564e+00 5.265228e+00
      vertex -9.525000e+00 7.840000e+00 5.459621e+00
      vertex -9.525000e+00 7.840000e+00 -4.500000e+00
    endloop
  endfacet
  facet normal -1.000000e+00 -0.000000e+00 -0.000000e+00
    outer loop
      vertex -9.525000e+00 7.840000e+00 -4.500000e+00
      vertex -9.525000e+00 4.889601e+00 5.099602e+00
      vertex -9.525000e+00 6.417564e+00 5.265228e+00
    endloop
  endfacet
  facet normal -1.000000e+00 -0.000000e+00 -0.000000e+00
    outer loop
      vertex -9.525000e+00 7.840000e+00 -4.500000e+00
      vertex -9.525000e+00 3.538973e+00 4.990449e+00
      vertex -9.525000e+00 4.889601e+00 5.099602e+00
    endloop
  endfacet
  facet normal -1.000000e+00 -0.000000e+00 -0.000000e+00
    outer loop
      vertex -9.525000e+00 2.302587e+00 4.921186e+00
      vertex -9.525000e+00 3.538973e+00 4.990449e+00
      vertex -9.525000e+00 7.840000e+00 -4.500000e+00
    endloop
  endfacet
  facet normal -1.000000e+00 -0.000000e+00 -0.000000e+00
    outer loop
      vertex -9.525000e+00 7.840000e+00 -4.500000e+00
      vertex -9.525000e+00 1.134670e+00 4.882684e+00
      vertex -9.525000e+00 2.302587e+00 4.921186e+00
    endloop
  endfacet
  facet normal -1.000000e+00 -0.000000e+00 -0.000000e+00
    outer loop
      vertex -9.525000e+00 7.840000e+00 -4.500000e+00
      vertex -9.525000e+00 1.879704e-05 4.870335e+00
      vertex -9.525000e+00 1.134670e+00 4.882684e+00
    endloop
  endfacet
  facet normal -1.000000e+00 -0.000000e+00 -0.000000e+00
    outer loop
      vertex -9.525000e+00 -7.840000e+00 -4.500000e+00
      vertex -9.525000e+00 1.879704e-05 4.870335e+00
      vertex -9.525000e+00 7.840000e+00 -4.500000e+00
    endloop
  endfacet
  facet normal -1.000000e+00 -0.000000e+00 -0.000000e+00
    outer loop
      vertex -9.525000e+00 -7.840000e+00 -4.500000e+00
      vertex -9.525000e+00 -1.134626e+00 4.882683e+00
      vertex -9.525000e+00 1.879704e-05 4.870335e+00
    endloop
  endfacet
  facet normal -1.000000e+00 -0.000000e+00 -0.000000e+00
    outer loop
      vertex -9.525000e+00 -7.840000e+00 -4.500000e+00
      vertex -9.525000e+00 -2.302643e+00 4.921189e+00
      vertex -9.525000e+00 -1.134626e+00 4.882683e+00
    endloop
  endfacet
  facet normal -1.000000e+00 -0.000000e+00 -0.000000e+00
    outer loop
      vertex -9.525000e+00 -3.538793e+00 4.990437e+00
      vertex -9.525000e+00 -2.302643e+00 4.921189e+00
      vertex -9.525000e+00 -7.840000e+00 -4.500000e+00
    endloop
  endfacet
  facet normal -1.000000e+00 -0.000000e+00 -0.000000e+00
    outer loop
      vertex -9.525000e+00 -7.840000e+00 -4.500000e+00
      vertex -9.525000e+00 -4.890029e+00 5.099642e+00
      vertex -9.525000e+00 -3.538793e+00 4.990437e+00
    endloop
  endfacet
  facet normal -1.000000e+00 -0.000000e+00 -0.000000e+00
    outer loop
      vertex -9.525000e+00 -7.840000e+00 -4.500000e+00
      vertex -9.525000e+00 -6.417908e+00 5.265271e+00
      vertex -9.525000e+00 -4.890029e+00 5.099642e+00
    endloop
  endfacet
  facet normal -1.000000e+00 -0.000000e+00 -0.000000e+00
    outer loop
      vertex -9.525000e+00 -7.840000e+00 5.459621e+00
      vertex -9.525000e+00 -6.417908e+00 5.265271e+00
      vertex -9.525000e+00 -7.840000e+00 -4.500000e+00
    endloop
  endfacet
  facet normal -7.071068e-01 -7.071068e-01 -0.000000e+00
    outer loop
      vertex -9.525000e+00 -7.840000e+00 -4.500000e+00
      vertex -9.326596e+00 -8.038404e+00 5.453967e+00
      vertex -9.525000e+00 -7.840000e+00 5.459621e+00
    endloop
  endfacet
  facet normal -7.071068e-01 -7.071068e-01 -0.000000e+00
    outer loop
      vertex -8.295776e+00 -9.069224e+00 5.448881e+00
      vertex -9.326596e+00 -8.038404e+00 5.453967e+00
      vertex -9.525000e+00 -7.840000e+00 -4.500000e+00
    endloop
  endfacet
  facet normal -7.071068e-01 -7.071068e-01 -0.000000e+00
    outer loop
      vertex -7.840000e+00 -9.525000e+00 -4.500000e+00
      vertex -8.295776e+00 -9.069224e+00 5.448881e+00
      vertex -9.525000e+00 -7.840000e+00 -4.500000e+00
    endloop
  endfacet
  facet normal -7.071068e-01 -7.071068e-01 -0.000000e+00
    outer loop
      vertex -7.840000e+00 -9.525000e+00 5.459621e+00
      vertex -8.295776e+00 -9.069224e+00 5.448881e+00
      vertex -7.840000e+00 -9.525000e+00 -4.500000e+00
    endloop
  endfacet
  facet normal -7.071068e-01 7.071068e-01 0.000000e+00
    outer loop
      vertex -7.840000e+00 9.525000e+00 -4.500000e+00
      vertex -8.295780e+00 9.069221e+00 5.448881e+00
      vertex -7.840000e+00 9.525000e+00 5.459621e+00
    endloop
  endfacet
  facet normal -7.071068e-01 7.071068e-01 0.000000e+00
    outer loop
      vertex -9.525000e+00 7.840000e+00 -4.500000e+00
      vertex -8.295780e+00 9.069221e+00 5.448881e+00
      vertex -7.840000e+00 9.525000e+00 -4.500000e+00
    endloop
  endfacet
  facet normal -7.071068e-01 7.071068e-01 0.000000e+00
    outer loop
      vertex -9.525000e+00 7.840000e+00 -4.500000e+00
      vertex -9.326597e+00 8.038404e+00 5.453967e+00
      vertex -8.295780e+00 9.069221e+00 5.448881e+00
    endloop
  endfacet
  facet normal -7.071068e-01 7.071068e-01 0.000000e+00
    outer loop
      vertex -9.525000e+00 7.840000e+00 5.459621e+00
      vertex -9.326597e+00 8.038404e+00 5.453967e+00
      vertex -9.525000e+00 7.840000e+00 -4.500000e+00
    endloop
  endfacet
  facet normal -0.000000e+00 -0.000000e+00 -1.000000e+00
    outer loop
      vertex -3.555000e+00 1.780000e+00 -4.500000e+00
      vertex -5.725000e+00 5.647468e+00 -4.500000e+00
      vertex -5.267468e+00 6.105000e+00 -4.500000e+00
    endloop
  endfacet
  facet normal -0.000000e+00 -0.000000e+00 -1.000000e+00
    outer loop
      vertex -6.350000e+00 5.480000e+00 -4.500000e+00
      vertex -5.725000e+00 5.647468e+00 -4.500000e+00
      vertex -3.555000e+00 1.780000e+00 -4.500000e+00
    endloop
  endfacet
  facet normal -0.000000e+00 -0.000000e+00 -1.000000e+00
    outer loop
      vertex 6.975000e+00 5.647468e+00 -4.500000e+00
      vertex 7.432532e+00 6.105000e+00 -4.500000e+00
      vertex 6.975000e+00 -5.647468e+00 -4.500000e+00
    endloop
  endfacet
  facet normal -0.000000e+00 -0.000000e+00 -1.000000e+00
    outer loop
      vertex 5.725000e+00 5.647468e+00 -4.500000e+00
      vertex 6.350000e+00 5.480000e+00 -4.500000e+00
      vertex 3.555000e+00 1.780000e+00 -4.500000e+00
    endloop
  endfacet
  facet normal -0.000000e+00 -0.000000e+00 -1.000000e+00
    outer loop
      vertex -5.100000e+00 6.730000e+00 -4.500000e+00
      vertex 5.267468e+00 7.355000e+00 -4.500000e+00
      vertex 5.100000e+00 6.730000e+00 -4.500000e+00
    endloop
  endfacet
  facet normal -0.000000e+00 -0.000000e+00 -1.000000e+00
    outer loop
      vertex -5.267468e+00 7.355000e+00 -4.500000e+00
      vertex 5.267468e+00 7.355000e+00 -4.500000e+00
      vertex -5.100000e+00 6.730000e+00 -4.500000e+00
    endloop
  endfacet
  facet normal -0.000000e+00 -0.000000e+00 -1.000000e+00
    outer loop
      vertex -5.267468e+00 7.355000e+00 -4.500000e+00
      vertex 5.725000e+00 7.812532e+00 -4.500000e+00
      vertex 5.267468e+00 7.355000e+00 -4.500000e+00
    endloop
  endfacet
  facet normal -0.000000e+00 -0.000000e+00 -1.000000e+00
    outer loop
      vertex -5.725000e+00 7.812532e+00 -4.500000e+00
      vertex 5.725000e+00 7.812532e+00 -4.500000e+00
      vertex -5.267468e+00 7.355000e+00 -4.500000e+00
    endloop
  endfacet
  facet normal -0.000000e+00 -0.000000e+00 -1.000000e+00
    outer loop
      vertex -7.600000e+00 -6.730000e+00 -4.500000e+00
      vertex -7.432532e+00 -7.355000e+00 -4.500000e+00
      vertex -9.525000e+00 -7.840000e+00 -4.500000e+00
    endloop
  endfacet
  facet normal -0.000000e+00 -0.000000e+00 -1.000000e+00
    outer loop
      vertex -7.432532e+00 6.105000e+00 -4.500000e+00
      vertex -6.975000e+00 -5.647468e+00 -4.500000e+00
      vertex -7.432532e+00 -6.105000e+00 -4.500000e+00
    endloop
  endfacet
  facet normal -0.000000e+00 -0.000000e+00 -1.000000e+00
    outer loop
      vertex -6.975000e+00 5.647468e+00 -4.500000e+00
      vertex -6.975000e+00 -5.647468e+00 -4.500000e+00
      vertex -7.432532e+00 6.105000e+00 -4.500000e+00
    endloop
  endfacet
  facet normal -0.000000e+00 -0.000000e+00 -1.000000e+00
    outer loop
      vertex -5.725000e+00 -7.812532e+00 -4.500000e+00
      vertex 5.267468e+00 -7.355000e+00 -4.500000e+00
      vertex 5.725000e+00 -7.812532e+00 -4.500000e+00
    endloop
  endfacet
  facet normal -0.000000e+00 -0.000000e+00 -1.000000e+00
    outer loop
      vertex -5.267468e+00 -7.355000e+00 -4.500000e+00
      vertex 5.267468e+00 -7.355000e+00 -4.500000e+00
      vertex -5.725000e+00 -7.812532e+00 -4.500000e+00
    endloop
  endfacet
  facet normal -0.000000e+00 -0.000000e+00 -1.000000e+00
    outer loop
      vertex -5.267468e+00 -7.355000e+00 -4.500000e+00
      vertex 5.100000e+00 -6.730000e+00 -4.500000e+00
      vertex 5.267468e+00 -7.355000e+00 -4.500000e+00
    endloop
  endfacet
  facet normal -0.000000e+00 -0.000000e+00 -1.000000e+00
    outer loop
      vertex -5.100000e+00 -6.730000e+00 -4.500000e+00
      vertex 5.100000e+00 -6.730000e+00 -4.500000e+00
      vertex -5.267468e+00 -7.355000e+00 -4.500000e+00
    endloop
  endfacet
  facet normal -0.000000e+00 -0.000000e+00 -1.000000e+00
    outer loop
      vertex 5.725000e+00 -5.647468e+00 -4.500000e+00
      vertex 5.267468e+00 -6.105000e+00 -4.500000e+00
      vertex 3.555000e+00 -1.780000e+00 -4.500000e+00
    endloop
  endfacet
  facet normal -0.000000e+00 -0.000000e+00 -1.000000e+00
    outer loop
      vertex -7.840000e+00 -9.525000e+00 -4.500000e+00
      vertex -6.975000e+00 -7.812532e+00 -4.500000e+00
      vertex -6.350000e+00 -7.980000e+00 -4.500000e+00
    endloop
  endfacet
  facet normal -0.000000e+00 -0.000000e+00 -1.000000e+00
    outer loop
      vertex -7.840000e+00 -9.525000e+00 -4.500000e+00
      vertex -7.432532e+00 -7.355000e+00 -4.500000e+00
      vertex -6.975000e+00 -7.812532e+00 -4.500000e+00
    endloop
  endfacet
  facet normal -0.000000e+00 -0.000000e+00 -1.000000e+00
    outer loop
      vertex -9.525000e+00 -7.840000e+00 -4.500000e+00
      vertex -7.432532e+00 -7.355000e+00 -4.500000e+00
      vertex -7.840000e+00 -9.525000e+00 -4.500000e+00
    endloop
  endfacet
  facet normal -0.000000e+00 -0.000000e+00 -1.000000e+00
    outer loop
      vertex -5.725000e+00 -7.812532e+00 -4.500000e+00
      vertex -7.840000e+00 -9.525000e+00 -4.500000e+00
      vertex -6.350000e+00 -7.980000e+00 -4.500000e+00
    endloop
  endfacet
  facet normal -0.000000e+00 -0.000000e+00 -1.000000e+00
    outer loop
      vertex 5.725000e+00 -7.812532e+00 -4.500000e+00
      vertex -7.840000e+00 -9.525000e+00 -4.500000e+00
      vertex -5.725000e+00 -7.812532e+00 -4.500000e+00
    endloop
  endfacet
  facet normal -0.000000e+00 -0.000000e+00 -1.000000e+00
    outer loop
      vertex 5.725000e+00 -7.812532e+00 -4.500000e+00
      vertex 7.840000e+00 -9.525000e+00 -4.500000e+00
      vertex -7.840000e+00 -9.525000e+00 -4.500000e+00
    endloop
  endfacet
  facet normal -0.000000e+00 -0.000000e+00 -1.000000e+00
    outer loop
      vertex 6.350000e+00 -7.980000e+00 -4.500000e+00
      vertex 7.840000e+00 -9.525000e+00 -4.500000e+00
      vertex 5.725000e+00 -7.812532e+00 -4.500000e+00
    endloop
  endfacet
  facet normal -0.000000e+00 -0.000000e+00 -1.000000e+00
    outer loop
      vertex 9.525000e+00 -7.840000e+00 -4.500000e+00
      vertex 7.600000e+00 -6.730000e+00 -4.500000e+00
      vertex 7.432532e+00 -6.105000e+00 -4.500000e+00
    endloop
  endfacet
  facet normal -0.000000e+00 -0.000000e+00 -1.000000e+00
    outer loop
      vertex 9.525000e+00 -7.840000e+00 -4.500000e+00
      vertex 7.432532e+00 -7.355000e+00 -4.500000e+00
      vertex 7.600000e+00 -6.730000e+00 -4.500000e+00
    endloop
  endfacet
  facet normal -0.000000e+00 -0.000000e+00 -1.000000e+00
    outer loop
      vertex 7.840000e+00 -9.525000e+00 -4.500000e+00
      vertex 7.432532e+00 -7.355000e+00 -4.500000e+00
      vertex 9.525000e+00 -7.840000e+00 -4.500000e+00
    endloop
  endfacet
  facet normal -0.000000e+00 -0.000000e+00 -1.000000e+00
    outer loop
      vertex 7.840000e+00 -9.525000e+00 -4.500000e+00
      vertex 6.975000e+00 -7.812532e+00 -4.500000e+00
      vertex 7.432532e+00 -7.355000e+00 -4.500000e+00
    endloop
  endfacet
  facet normal -0.000000e+00 -0.000000e+00 -1.000000e+00
    outer loop
      vertex 6.350000e+00 -7.980000e+00 -4.500000e+00
      vertex 6.975000e+00 -7.812532e+00 -4.500000e+00
      vertex 7.840000e+00 -9.525000e+00 -4.500000e+00
    endloop
  endfacet
  facet normal -0.000000e+00 -0.000000e+00 -1.000000e+00
    outer loop
      vertex 7.432532e+00 6.105000e+00 -4.500000e+00
      vertex 7.432532e+00 -6.105000e+00 -4.500000e+00
      vertex 6.975000e+00 -5.647468e+00 -4.500000e+00
    endloop
  endfacet
  facet normal -0.000000e+00 -0.000000e+00 -1.000000e+00
    outer loop
      vertex 7.432532e+00 6.105000e+00 -4.500000e+00
      vertex 9.525000e+00 -7.840000e+00 -4.500000e+00
      vertex 7.432532e+00 -6.105000e+00 -4.500000e+00
    endloop
  endfacet
  facet normal -0.000000e+00 -0.000000e+00 -1.000000e+00
    outer loop
      vertex 9.525000e+00 7.840000e+00 -4.500000e+00
      vertex 9.525000e+00 -7.840000e+00 -4.500000e+00
      vertex 7.432532e+00 6.105000e+00 -4.500000e+00
    endloop
  endfacet
  facet normal -0.000000e+00 -0.000000e+00 -1.000000e+00
    outer loop
      vertex 7.840000e+00 9.525000e+00 -4.500000e+00
      vertex 6.975000e+00 7.812532e+00 -4.500000e+00
      vertex 6.350000e+00 7.980000e+00 -4.500000e+00
    endloop
  endfacet
  facet normal -0.000000e+00 -0.000000e+00 -1.000000e+00
    outer loop
      vertex 7.840000e+00 9.525000e+00 -4.500000e+00
      vertex 7.432532e+00 7.355000e+00 -4.500000e+00
      vertex 6.975000e+00 7.812532e+00 -4.500000e+00
    endloop
  endfacet
  facet normal -0.000000e+00 -0.000000e+00 -1.000000e+00
    outer loop
      vertex 9.525000e+00 7.840000e+00 -4.500000e+00
      vertex 7.432532e+00 7.355000e+00 -4.500000e+00
      vertex 7.840000e+00 9.525000e+00 -4.500000e+00
    endloop
  endfacet
  facet normal -0.000000e+00 -0.000000e+00 -1.000000e+00
    outer loop
      vertex 9.525000e+00 7.840000e+00 -4.500000e+00
      vertex 7.600000e+00 6.730000e+00 -4.500000e+00
      vertex 7.432532e+00 7.355000e+00 -4.500000e+00
    endloop
  endfacet
  facet normal -0.000000e+00 -0.000000e+00 -1.000000e+00
    outer loop
      vertex 7.432532e+00 6.105000e+00 -4.500000e+00
      vertex 7.600000e+00 6.730000e+00 -4.500000e+00
      vertex 9.525000e+00 7.840000e+00 -4.500000e+00
    endloop
  endfacet
  facet normal -0.000000e+00 -0.000000e+00 -1.000000e+00
    outer loop
      vertex -7.840000e+00 9.525000e+00 -4.500000e+00
      vertex -6.350000e+00 7.980000e+00 -4.500000e+00
      vertex -6.975000e+00 7.812532e+00 -4.500000e+00
    endloop
  endfacet
  facet normal -0.000000e+00 -0.000000e+00 -1.000000e+00
    outer loop
      vertex -7.840000e+00 9.525000e+00 -4.500000e+00
      vertex -5.725000e+00 7.812532e+00 -4.500000e+00
      vertex -6.350000e+00 7.980000e+00 -4.500000e+00
    endloop
  endfacet
  facet normal -0.000000e+00 -0.000000e+00 -1.000000e+00
    outer loop
      vertex 7.840000e+00 9.525000e+00 -4.500000e+00
      vertex -5.725000e+00 7.812532e+00 -4.500000e+00
      vertex -7.840000e+00 9.525000e+00 -4.500000e+00
    endloop
  endfacet
  facet normal -0.000000e+00 -0.000000e+00 -1.000000e+00
    outer loop
      vertex 7.840000e+00 9.525000e+00 -4.500000e+00
      vertex 5.725000e+00 7.812532e+00 -4.500000e+00
      vertex -5.725000e+00 7.812532e+00 -4.500000e+00
    endloop
  endfacet
  facet normal -0.000000e+00 -0.000000e+00 -1.000000e+00
    outer loop
      vertex 6.350000e+00 7.980000e+00 -4.500000e+00
      vertex 5.725000e+00 7.812532e+00 -4.500000e+00
      vertex 7.840000e+00 9.525000e+00 -4.500000e+00
    endloop
  endfacet
  facet normal -0.000000e+00 -0.000000e+00 -1.000000e+00
    outer loop
      vertex -7.432532e+00 7.355000e+00 -4.500000e+00
      vertex -7.840000e+00 9.525000e+00 -4.500000e+00
      vertex -6.975000e+00 7.812532e+00 -4.500000e+00
    endloop
  endfacet
  facet normal -0.000000e+00 -0.000000e+00 -1.000000e+00
    outer loop
      vertex -9.525000e+00 7.840000e+00 -4.500000e+00
      vertex -7.840000e+00 9.525000e+00 -4.500000e+00
      vertex -7.432532e+00 7.355000e+00 -4.500000e+00
    endloop
  endfacet
  facet normal -0.000000e+00 -0.000000e+00 -1.000000e+00
    outer loop
      vertex -9.525000e+00 -7.840000e+00 -4.500000e+00
      vertex -7.432532e+00 -6.105000e+00 -4.500000e+00
      vertex -7.600000e+00 -6.730000e+00 -4.500000e+00
    endloop
  endfacet
  facet normal -0.000000e+00 -0.000000e+00 -1.000000e+00
    outer loop
      vertex -9.525000e+00 -7.840000e+00 -4.500000e+00
      vertex -7.432532e+00 6.105000e+00 -4.500000e+00
      vertex -7.432532e+00 -6.105000e+00 -4.500000e+00
    endloop
  endfacet
  facet normal -0.000000e+00 -0.000000e+00 -1.000000e+00
    outer loop
      vertex -9.525000e+00 7.840000e+00 -4.500000e+00
      vertex -7.432532e+00 6.105000e+00 -4.500000e+00
      vertex -9.525000e+00 -7.840000e+00 -4.500000e+00
    endloop
  endfacet
  facet normal -0.000000e+00 -0.000000e+00 -1.000000e+00
    outer loop
      vertex -9.525000e+00 7.840000e+00 -4.500000e+00
      vertex -7.600000e+00 6.730000e+00 -4.500000e+00
      vertex -7.432532e+00 6.105000e+00 -4.500000e+00
    endloop
  endfacet
  facet normal -0.000000e+00 -0.000000e+00 -1.000000e+00
    outer loop
      vertex -7.432532e+00 7.355000e+00 -4.500000e+00
      vertex -7.600000e+00 6.730000e+00 -4.500000e+00
      vertex -9.525000e+00 7.840000e+00 -4.500000e+00
    endloop
  endfacet
  facet normal -0.000000e+00 -0.000000e+00 -1.000000e+00
    outer loop
      vertex 3.555000e+00 1.780000e+00 -4.500000e+00
      vertex 5.267468e+00 6.105000e+00 -4.500000e+00
      vertex 5.725000e+00 5.647468e+00 -4.500000e+00
    endloop
  endfacet
  facet normal -0.000000e+00 -0.000000e+00 -1.000000e+00
    outer loop
      vertex 3.555000e+00 1.780000e+00 -4.500000e+00
      vertex 5.100000e+00 6.730000e+00 -4.500000e+00
      vertex 5.267468e+00 6.105000e+00 -4.500000e+00
    endloop
  endfacet
  facet normal -0.000000e+00 -0.000000e+00 -1.000000e+00
    outer loop
      vertex -3.555000e+00 1.780000e+00 -4.500000e+00
      vertex 5.100000e+00 6.730000e+00 -4.500000e+00
      vertex 3.555000e+00 1.780000e+00 -4.500000e+00
    endloop
  endfacet
  facet normal -0.000000e+00 -0.000000e+00 -1.000000e+00
    outer loop
      vertex -3.555000e+00 1.780000e+00 -4.500000e+00
      vertex -5.100000e+00 6.730000e+00 -4.500000e+00
      vertex 5.100000e+00 6.730000e+00 -4.500000e+00
    endloop
  endfacet
  facet normal -0.000000e+00 -0.000000e+00 -1.000000e+00
    outer loop
      vertex -5.267468e+00 6.105000e+00 -4.500000e+00
      vertex -5.100000e+00 6.730000e+00 -4.500000e+00
      vertex -3.555000e+00 1.780000e+00 -4.500000e+00
    endloop
  endfacet
  facet normal -0.000000e+00 -0.000000e+00 -1.000000e+00
    outer loop
      vertex 3.555000e+00 -1.780000e+00 -4.500000e+00
      vertex 6.350000e+00 -5.480000e+00 -4.500000e+00
      vertex 5.725000e+00 -5.647468e+00 -4.500000e+00
    endloop
  endfacet
  facet normal -0.000000e+00 -0.000000e+00 -1.000000e+00
    outer loop
      vertex 3.555000e+00 -1.780000e+00 -4.500000e+00
      vertex 6.975000e+00 -5.647468e+00 -4.500000e+00
      vertex 6.350000e+00 -5.480000e+00 -4.500000e+00
    endloop
  endfacet
  facet normal -0.000000e+00 -0.000000e+00 -1.000000e+00
    outer loop
      vertex 3.555000e+00 1.780000e+00 -4.500000e+00
      vertex 6.975000e+00 -5.647468e+00 -4.500000e+00
      vertex 3.555000e+00 -1.780000e+00 -4.500000e+00
    endloop
  endfacet
  facet normal -0.000000e+00 -0.000000e+00 -1.000000e+00
    outer loop
      vertex 3.555000e+00 1.780000e+00 -4.500000e+00
      vertex 6.975000e+00 5.647468e+00 -4.500000e+00
      vertex 6.975000e+00 -5.647468e+00 -4.500000e+00
    endloop
  endfacet
  facet normal -0.000000e+00 -0.000000e+00 -1.000000e+00
    outer loop
      vertex 6.350000e+00 5.480000e+00 -4.500000e+00
      vertex 6.975000e+00 5.647468e+00 -4.500000e+00
      vertex 3.555000e+00 1.780000e+00 -4.500000e+00
    endloop
  endfacet
  facet normal -0.000000e+00 -0.000000e+00 -1.000000e+00
    outer loop
      vertex -3.555000e+00 -1.780000e+00 -4.500000e+00
      vertex -5.267468e+00 -6.105000e+00 -4.500000e+00
      vertex -5.725000e+00 -5.647468e+00 -4.500000e+00
    endloop
  endfacet
  facet normal -0.000000e+00 -0.000000e+00 -1.000000e+00
    outer loop
      vertex -3.555000e+00 -1.780000e+00 -4.500000e+00
      vertex -5.100000e+00 -6.730000e+00 -4.500000e+00
      vertex -5.267468e+00 -6.105000e+00 -4.500000e+00
    endloop
  endfacet
  facet normal -0.000000e+00 -0.000000e+00 -1.000000e+00
    outer loop
      vertex 3.555000e+00 -1.780000e+00 -4.500000e+00
      vertex -5.100000e+00 -6.730000e+00 -4.500000e+00
      vertex -3.555000e+00 -1.780000e+00 -4.500000e+00
    endloop
  endfacet
  facet normal -0.000000e+00 -0.000000e+00 -1.000000e+00
    outer loop
      vertex 3.555000e+00 -1.780000e+00 -4.500000e+00
      vertex 5.100000e+00 -6.730000e+00 -4.500000e+00
      vertex -5.100000e+00 -6.730000e+00 -4.500000e+00
    endloop
  endfacet
  facet normal -0.000000e+00 -0.000000e+00 -1.000000e+00
    outer loop
      vertex 5.267468e+00 -6.105000e+00 -4.500000e+00
      vertex 5.100000e+00 -6.730000e+00 -4.500000e+00
      vertex 3.555000e+00 -1.780000e+00 -4.500000e+00
    endloop
  endfacet
  facet normal -0.000000e+00 -0.000000e+00 -1.000000e+00
    outer loop
      vertex -3.555000e+00 1.780000e+00 -4.500000e+00
      vertex -6.975000e+00 5.647468e+00 -4.500000e+00
      vertex -6.350000e+00 5.480000e+00 -4.500000e+00
    endloop
  endfacet
  facet normal -0.000000e+00 -0.000000e+00 -1.000000e+00
    outer loop
      vertex -3.555000e+00 1.780000e+00 -4.500000e+00
      vertex -6.975000e+00 -5.647468e+00 -4.500000e+00
      vertex -6.975000e+00 5.647468e+00 -4.500000e+00
    endloop
  endfacet
  facet normal -0.000000e+00 -0.000000e+00 -1.000000e+00
    outer loop
      vertex -3.555000e+00 -1.780000e+00 -4.500000e+00
      vertex -6.975000e+00 -5.647468e+00 -4.500000e+00
      vertex -3.555000e+00 1.780000e+00 -4.500000e+00
    endloop
  endfacet
  facet normal -0.000000e+00 -0.000000e+00 -1.000000e+00
    outer loop
      vertex -3.555000e+00 -1.780000e+00 -4.500000e+00
      vertex -6.350000e+00 -5.480000e+00 -4.500000e+00
      vertex -6.975000e+00 -5.647468e+00 -4.500000e+00
    endloop
  endfacet
  facet normal -0.000000e+00 -0.000000e+00 -1.000000e+00
    outer loop
      vertex -5.725000e+00 -5.647468e+00 -4.500000e+00
      vertex -6.350000e+00 -5.480000e+00 -4.500000e+00
      vertex -3.555000e+00 -1.780000e+00 -4.500000e+00
    endloop
  endfacet
  facet normal 0.000000e+00 1.000000e+00 0.000000e+00
    outer loop
      vertex -3.555000e+00 -1.780000e+00 1.531849e+00
      vertex 3.555000e+00 -1.780000e+00 -4.500000e+00
      vertex -3.555000e+00 -1.780000e+00 -4.500000e+00
    endloop
  endfacet
  facet normal 0.000000e+00 1.000000e+00 0.000000e+00
    outer loop
      vertex 3.555000e+00 -1.780000e+00 1.531849e+00
      vertex 3.555000e+00 -1.780000e+00 -4.500000e+00
      vertex -3.555000e+00 -1.780000e+00 1.531849e+00
    endloop
  endfacet
  facet normal 0.000000e+00 1.000000e+00 0.000000e+00
    outer loop
      vertex 3.555000e+00 -1.796377e+00 1.531849e+00
      vertex -3.555000e+00 -1.796377e+00 8.968151e+00
      vertex 3.555000e+00 -1.796377e+00 8.968151e+00
    endloop
  endfacet
  facet normal 0.000000e+00 1.000000e+00 0.000000e+00
    outer loop
      vertex -3.555000e+00 -1.796377e+00 1.531849e+00
      vertex -3.555000e+00 -1.796377e+00 8.968151e+00
      vertex 3.555000e+00 -1.796377e+00 1.531849e+00
    endloop
  endfacet
  facet normal 0.000000e+00 0.000000e+00 1.000000e+00
    outer loop
      vertex 3.555000e+00 -1.796377e+00 1.531849e+00
      vertex -3.555000e+00 -1.780000e+00 1.531849e+00
      vertex -3.555000e+00 -1.796377e+00 1.531849e+00
    endloop
  endfacet
  facet normal 0.000000e+00 0.000000e+00 1.000000e+00
    outer loop
      vertex 3.555000e+00 -1.780000e+00 1.531849e+00
      vertex -3.555000e+00 -1.780000e+00 1.531849e+00
      vertex 3.555000e+00 -1.796377e+00 1.531849e+00
    endloop
  endfacet
  facet normal 1.000000e+00 0.000000e+00 0.000000e+00
    outer loop
      vertex -3.555000e+00 -1.763623e+00 5.000000e+00
      vertex -3.555000e+00 -1.796377e+00 1.531849e+00
      vertex -3.555000e+00 -1.780000e+00 1.531849e+00
    endloop
  endfacet
  facet normal 1.000000e+00 0.000000e+00 0.000000e+00
    outer loop
      vertex -3.555000e+00 -1.763623e+00 5.000000e+00
      vertex -3.555000e+00 -1.796377e+00 8.968151e+00
      vertex -3.555000e+00 -1.796377e+00 1.531849e+00
    endloop
  endfacet
  facet normal 1.000000e+00 0.000000e+00 0.000000e+00
    outer loop
      vertex -3.555000e+00 -1.763623e+00 8.968151e+00
      vertex -3.555000e+00 -1.796377e+00 8.968151e+00
      vertex -3.555000e+00 -1.763623e+00 5.000000e+00
    endloop
  endfacet
  facet normal 1.000000e+00 0.000000e+00 0.000000e+00
    outer loop
      vertex -3.555000e+00 1.763623e+00 1.031849e+00
      vertex -3.555000e+00 1.780000e+00 -4.500000e+00
      vertex -3.555000e+00 1.780000e+00 1.031849e+00
    endloop
  endfacet
  facet normal 1.000000e+00 0.000000e+00 0.000000e+00
    outer loop
      vertex -3.555000e+00 -1.780000e+00 -4.500000e+00
      vertex -3.555000e+00 1.780000e+00 -4.500000e+00
      vertex -3.555000e+00 1.763623e+00 1.031849e+00
    endloop
  endfacet
  facet normal 1.000000e+00 0.000000e+00 0.000000e+00
    outer loop
      vertex -3.555000e+00 -1.780000e+00 1.531849e+00
      vertex -3.555000e+00 1.763623e+00 5.000000e+00
      vertex -3.555000e+00 -1.763623e+00 5.000000e+00
    endloop
  endfacet
  facet normal 1.000000e+00 0.000000e+00 0.000000e+00
    outer loop
      vertex -3.555000e+00 -1.780000e+00 1.531849e+00
      vertex -3.555000e+00 1.763623e+00 1.031849e+00
      vertex -3.555000e+00 1.763623e+00 5.000000e+00
    endloop
  endfacet
  facet normal 1.000000e+00 0.000000e+00 0.000000e+00
    outer loop
      vertex -3.555000e+00 -1.780000e+00 -4.500000e+00
      vertex -3.555000e+00 1.763623e+00 1.031849e+00
      vertex -3.555000e+00 -1.780000e+00 1.531849e+00
    endloop
  endfacet
  facet normal 0.000000e+00 -1.000000e+00 0.000000e+00
    outer loop
      vertex 3.555000e+00 1.780000e+00 1.031849e+00
      vertex -3.555000e+00 1.780000e+00 -4.500000e+00
      vertex 3.555000e+00 1.780000e+00 -4.500000e+00
    endloop
  endfacet
  facet normal 0.000000e+00 -1.000000e+00 0.000000e+00
    outer loop
      vertex -3.555000e+00 1.780000e+00 1.031849e+00
      vertex -3.555000e+00 1.780000e+00 -4.500000e+00
      vertex 3.555000e+00 1.780000e+00 1.031849e+00
    endloop
  endfacet
  facet normal -9.291129e-01 -2.962736e-01 -3.315866e-15
    outer loop
      vertex 7.432532e+00 -6.105000e+00 -4.500000e+00
      vertex 7.600000e+00 -6.730000e+00 -4.500000e+00
      vertex 7.501642e+00 -6.243974e+00 4.913843e+00
    endloop
  endfacet
  facet normal -8.305407e-01 -5.329133e-01 -9.473904e-16
    outer loop
      vertex 7.230354e+00 -5.842601e+00 4.828977e+00
      vertex 7.432532e+00 -6.105000e+00 -4.500000e+00
      vertex 7.501642e+00 -6.243974e+00 4.913843e+00
    endloop
  endfacet
  facet normal -6.901029e-01 -6.919816e-01 -3.315866e-15
    outer loop
      vertex 6.975000e+00 -5.647468e+00 -4.500000e+00
      vertex 7.432532e+00 -6.105000e+00 -4.500000e+00
      vertex 7.230354e+00 -5.842601e+00 4.828977e+00
    endloop
  endfacet
  facet normal -5.285779e-01 -8.334446e-01 -1.421085e-15
    outer loop
      vertex 6.826813e+00 -5.574513e+00 4.745192e+00
      vertex 6.975000e+00 -5.647468e+00 -4.500000e+00
      vertex 7.230354e+00 -5.842601e+00 4.828977e+00
    endloop
  endfacet
  facet normal -2.938168e-01 -9.301383e-01 -3.789561e-15
    outer loop
      vertex 6.350000e+00 -5.480000e+00 -4.500000e+00
      vertex 6.975000e+00 -5.647468e+00 -4.500000e+00
      vertex 6.826813e+00 -5.574513e+00 4.745192e+00
    endloop
  endfacet
  facet normal -1.270880e-01 -9.747965e-01 -1.894781e-15
    outer loop
      vertex 6.349767e+00 -5.480000e+00 4.674852e+00
      vertex 6.350000e+00 -5.480000e+00 -4.500000e+00
      vertex 6.826813e+00 -5.574513e+00 4.745192e+00
    endloop
  endfacet
  facet normal 1.281155e-01 -9.744222e-01 -1.539509e-15
    outer loop
      vertex 5.869800e+00 -5.575917e+00 4.628745e+00
      vertex 6.350000e+00 -5.480000e+00 -4.500000e+00
      vertex 6.349767e+00 -5.480000e+00 4.674852e+00
    endloop
  endfacet
  facet normal 2.947201e-01 -9.297640e-01 -3.434290e-15
    outer loop
      vertex 5.869800e+00 -5.575917e+00 4.628745e+00
      vertex 5.725000e+00 -5.647468e+00 -4.500000e+00
      vertex 6.350000e+00 -5.480000e+00 -4.500000e+00
    endloop
  endfacet
  facet normal 5.315365e-01 -8.310134e-01 -1.539509e-15
    outer loop
      vertex 5.461938e+00 -5.850315e+00 4.614479e+00
      vertex 5.725000e+00 -5.647468e+00 -4.500000e+00
      vertex 5.869800e+00 -5.575917e+00 4.628745e+00
    endloop
  endfacet
  facet normal 6.921582e-01 -6.899245e-01 -3.789561e-15
    outer loop
      vertex 5.461938e+00 -5.850315e+00 4.614479e+00
      vertex 5.267468e+00 -6.105000e+00 -4.500000e+00
      vertex 5.725000e+00 -5.647468e+00 -4.500000e+00
    endloop
  endfacet
  facet normal 8.344123e-01 -5.264657e-01 -1.894781e-15
    outer loop
      vertex 5.191547e+00 -6.260439e+00 4.634502e+00
      vertex 5.267468e+00 -6.105000e+00 -4.500000e+00
      vertex 5.461938e+00 -5.850315e+00 4.614479e+00
    endloop
  endfacet
  facet normal 9.309292e-01 -2.918829e-01 -1.894781e-15
    outer loop
      vertex 5.191547e+00 -6.260439e+00 4.634502e+00
      vertex 5.100000e+00 -6.730000e+00 -4.500000e+00
      vertex 5.267468e+00 -6.105000e+00 -4.500000e+00
    endloop
  endfacet
  facet normal 9.755754e-01 -1.223845e-01 3.552712e-16
    outer loop
      vertex 5.100045e+00 -6.740619e+00 4.685374e+00
      vertex 5.100000e+00 -6.730000e+00 -4.500000e+00
      vertex 5.191547e+00 -6.260439e+00 4.634502e+00
    endloop
  endfacet
  facet normal 9.736999e-01 1.325790e-01 8.289664e-16
    outer loop
      vertex 5.198580e+00 -7.216552e+00 4.758848e+00
      vertex 5.100000e+00 -6.730000e+00 -4.500000e+00
      vertex 5.100045e+00 -6.740619e+00 4.685374e+00
    endloop
  endfacet
  facet normal 9.290537e-01 2.964139e-01 -1.421085e-15
    outer loop
      vertex 5.267468e+00 -7.355000e+00 -4.500000e+00
      vertex 5.100000e+00 -6.730000e+00 -4.500000e+00
      vertex 5.198580e+00 -7.216552e+00 4.758848e+00
    endloop
  endfacet
  facet normal 8.303907e-01 5.331436e-01 -9.473902e-16
    outer loop
      vertex 5.469986e+00 -7.617736e+00 4.843717e+00
      vertex 5.267468e+00 -7.355000e+00 -4.500000e+00
      vertex 5.198580e+00 -7.216552e+00 4.758848e+00
    endloop
  endfacet
  facet normal 6.900122e-01 6.920715e-01 -3.315866e-15
    outer loop
      vertex 5.725000e+00 -7.812532e+00 -4.500000e+00
      vertex 5.267468e+00 -7.355000e+00 -4.500000e+00
      vertex 5.469986e+00 -7.617736e+00 4.843717e+00
    endloop
  endfacet
  facet normal 5.283641e-01 8.335853e-01 -9.473902e-16
    outer loop
      vertex 5.873648e+00 -7.885677e+00 4.927479e+00
      vertex 5.725000e+00 -7.812532e+00 -4.500000e+00
      vertex 5.469986e+00 -7.617736e+00 4.843717e+00
    endloop
  endfacet
  facet normal 2.936938e-01 9.301890e-01 -3.315866e-15
    outer loop
      vertex 6.350000e+00 -7.980000e+00 -4.500000e+00
      vertex 5.725000e+00 -7.812532e+00 -4.500000e+00
      vertex 5.873648e+00 -7.885677e+00 4.927479e+00
    endloop
  endfacet
  facet normal -9.737608e-01 -1.322286e-01 -1.421085e-15
    outer loop
      vertex 7.600000e+00 -6.730000e+00 -4.500000e+00
      vertex 7.599961e+00 -6.720169e+00 4.987286e+00
      vertex 7.501642e+00 -6.243974e+00 4.913843e+00
    endloop
  endfacet
  facet normal -9.755338e-01 1.227012e-01 -1.894781e-15
    outer loop
      vertex 7.600000e+00 -6.730000e+00 -4.500000e+00
      vertex 7.508290e+00 -7.199961e+00 5.038047e+00
      vertex 7.599961e+00 -6.720169e+00 4.987286e+00
    endloop
  endfacet
  facet normal -9.308860e-01 2.919895e-01 -3.789561e-15
    outer loop
      vertex 7.432532e+00 -7.355000e+00 -4.500000e+00
      vertex 7.508290e+00 -7.199961e+00 5.038047e+00
      vertex 7.600000e+00 -6.730000e+00 -4.500000e+00
    endloop
  endfacet
  facet normal -8.343143e-01 5.266276e-01 -1.421085e-15
    outer loop
      vertex 7.432532e+00 -7.355000e+00 -4.500000e+00
      vertex 7.237856e+00 -7.609893e+00 5.058021e+00
      vertex 7.508290e+00 -7.199961e+00 5.038047e+00
    endloop
  endfacet
  facet normal -6.921034e-01 6.899799e-01 -3.315866e-15
    outer loop
      vertex 6.975000e+00 -7.812532e+00 -4.500000e+00
      vertex 7.237856e+00 -7.609893e+00 5.058021e+00
      vertex 7.432532e+00 -7.355000e+00 -4.500000e+00
    endloop
  endfacet
  facet normal -5.315123e-01 8.310559e-01 -9.473904e-16
    outer loop
      vertex 6.975000e+00 -7.812532e+00 -4.500000e+00
      vertex 6.830315e+00 -7.884036e+00 5.043775e+00
      vertex 7.237856e+00 -7.609893e+00 5.058021e+00
    endloop
  endfacet
  facet normal -2.947506e-01 9.297512e-01 -3.315866e-15
    outer loop
      vertex 6.350000e+00 -7.980000e+00 -4.500000e+00
      vertex 6.830315e+00 -7.884036e+00 5.043775e+00
      vertex 6.975000e+00 -7.812532e+00 -4.500000e+00
    endloop
  endfacet
  facet normal -1.282938e-01 9.744093e-01 -1.421085e-15
    outer loop
      vertex 6.350000e+00 -7.980000e+00 -4.500000e+00
      vertex 6.350787e+00 -7.980000e+00 4.997765e+00
      vertex 6.830315e+00 -7.884036e+00 5.043775e+00
    endloop
  endfacet
  facet normal 1.268173e-01 9.748471e-01 -1.421085e-15
    outer loop
      vertex 5.873648e+00 -7.885677e+00 4.927479e+00
      vertex 6.350787e+00 -7.980000e+00 4.997765e+00
      vertex 6.350000e+00 -7.980000e+00 -4.500000e+00
    endloop
  endfacet
  facet normal -9.334209e-01 -2.855507e-01 -3.434290e-15
    outer loop
      vertex -5.267468e+00 -6.105000e+00 -4.500000e+00
      vertex -5.100000e+00 -6.730000e+00 -4.500000e+00
      vertex -5.182203e+00 -6.284185e+00 4.636430e+00
    endloop
  endfacet
  facet normal -8.416504e-01 -5.152428e-01 -1.184238e-15
    outer loop
      vertex -5.444139e+00 -5.868654e+00 4.614679e+00
      vertex -5.267468e+00 -6.105000e+00 -4.500000e+00
      vertex -5.182203e+00 -6.284185e+00 4.636430e+00
    endloop
  endfacet
  facet normal -6.969047e-01 -6.850340e-01 -3.434290e-15
    outer loop
      vertex -5.725000e+00 -5.647468e+00 -4.500000e+00
      vertex -5.267468e+00 -6.105000e+00 -4.500000e+00
      vertex -5.444139e+00 -5.868654e+00 4.614679e+00
    endloop
  endfacet
  facet normal -5.425912e-01 -8.234215e-01 -1.539509e-15
    outer loop
      vertex -5.846144e+00 -5.586047e+00 4.627170e+00
      vertex -5.725000e+00 -5.647468e+00 -4.500000e+00
      vertex -5.444139e+00 -5.868654e+00 4.614679e+00
    endloop
  endfacet
  facet normal -3.010283e-01 -9.270627e-01 -1.894781e-15
    outer loop
      vertex -6.350000e+00 -5.480000e+00 -4.500000e+00
      vertex -5.725000e+00 -5.647468e+00 -4.500000e+00
      vertex -5.846144e+00 -5.586047e+00 4.627170e+00
    endloop
  endfacet
  facet normal -1.413008e-01 -9.716486e-01 0.000000e+00
    outer loop
      vertex -6.323978e+00 -5.480271e+00 4.671744e+00
      vertex -6.350000e+00 -5.480000e+00 -4.500000e+00
      vertex -5.846144e+00 -5.586047e+00 4.627170e+00
    endloop
  endfacet
  facet normal 1.138822e-01 -9.772604e-01 3.552713e-16
    outer loop
      vertex -6.803080e+00 -5.565003e+00 4.741072e+00
      vertex -6.350000e+00 -5.480000e+00 -4.500000e+00
      vertex -6.323978e+00 -5.480271e+00 4.671744e+00
    endloop
  endfacet
  facet normal 2.874881e-01 -9.326744e-01 -1.539509e-15
    outer loop
      vertex -6.803080e+00 -5.565003e+00 4.741072e+00
      vertex -6.975000e+00 -5.647468e+00 -4.500000e+00
      vertex -6.350000e+00 -5.480000e+00 -4.500000e+00
    endloop
  endfacet
  facet normal 5.174872e-01 -8.406117e-01 -1.065814e-15
    outer loop
      vertex -7.212497e+00 -5.825235e+00 4.824559e+00
      vertex -6.975000e+00 -5.647468e+00 -4.500000e+00
      vertex -6.803080e+00 -5.565003e+00 4.741072e+00
    endloop
  endfacet
  facet normal 6.853409e-01 -6.966124e-01 -3.315866e-15
    outer loop
      vertex -7.212497e+00 -5.825235e+00 4.824559e+00
      vertex -7.432532e+00 -6.105000e+00 -4.500000e+00
      vertex -6.975000e+00 -5.647468e+00 -4.500000e+00
    endloop
  endfacet
  facet normal 8.231031e-01 -5.437097e-01 -1.421085e-15
    outer loop
      vertex -7.491609e+00 -6.220853e+00 4.909636e+00
      vertex -7.432532e+00 -6.105000e+00 -4.500000e+00
      vertex -7.212497e+00 -5.825235e+00 4.824559e+00
    endloop
  endfacet
  facet normal 9.264374e-01 -3.024391e-01 -1.894781e-15
    outer loop
      vertex -7.491609e+00 -6.220853e+00 4.909636e+00
      vertex -7.600000e+00 -6.730000e+00 -4.500000e+00
      vertex -7.432532e+00 -6.105000e+00 -4.500000e+00
    endloop
  endfacet
  facet normal 9.709612e-01 -1.452383e-01 0.000000e+00
    outer loop
      vertex -7.599496e+00 -6.694503e+00 4.983916e+00
      vertex -7.600000e+00 -6.730000e+00 -4.500000e+00
      vertex -7.491609e+00 -6.220853e+00 4.909636e+00
    endloop
  endfacet
  facet normal 9.779181e-01 1.094874e-01 4.736952e-16
    outer loop
      vertex -7.517697e+00 -7.176075e+00 5.036110e+00
      vertex -7.600000e+00 -6.730000e+00 -4.500000e+00
      vertex -7.599496e+00 -6.694503e+00 4.983916e+00
    endloop
  endfacet
  facet normal 9.333944e-01 2.856200e-01 -1.421085e-15
    outer loop
      vertex -7.432532e+00 -7.355000e+00 -4.500000e+00
      vertex -7.600000e+00 -6.730000e+00 -4.500000e+00
      vertex -7.517697e+00 -7.176075e+00 5.036110e+00
    endloop
  endfacet
  facet normal 8.416011e-01 5.153363e-01 -1.421085e-15
    outer loop
      vertex -7.255775e+00 -7.591436e+00 5.057821e+00
      vertex -7.432532e+00 -7.355000e+00 -4.500000e+00
      vertex -7.517697e+00 -7.176075e+00 5.036110e+00
    endloop
  endfacet
  facet normal 6.968818e-01 6.850581e-01 -3.789561e-15
    outer loop
      vertex -6.975000e+00 -7.812532e+00 -4.500000e+00
      vertex -7.432532e+00 -7.355000e+00 -4.500000e+00
      vertex -7.255775e+00 -7.591436e+00 5.057821e+00
    endloop
  endfacet
  facet normal 5.425825e-01 8.234394e-01 -1.421085e-15
    outer loop
      vertex -6.853909e+00 -7.873930e+00 5.045344e+00
      vertex -6.975000e+00 -7.812532e+00 -4.500000e+00
      vertex -7.255775e+00 -7.591436e+00 5.057821e+00
    endloop
  endfacet
  facet normal 3.010426e-01 9.270564e-01 -3.315866e-15
    outer loop
      vertex -6.350000e+00 -7.980000e+00 -4.500000e+00
      vertex -6.975000e+00 -7.812532e+00 -4.500000e+00
      vertex -6.853909e+00 -7.873930e+00 5.045344e+00
    endloop
  endfacet
  facet normal -9.779406e-01 -1.092746e-01 -1.539509e-15
    outer loop
      vertex -5.100000e+00 -6.730000e+00 -4.500000e+00
      vertex -5.100519e+00 -6.766036e+00 4.688715e+00
      vertex -5.182203e+00 -6.284185e+00 4.636430e+00
    endloop
  endfacet
  facet normal -9.708829e-01 1.455480e-01 -1.894781e-15
    outer loop
      vertex -5.100000e+00 -6.730000e+00 -4.500000e+00
      vertex -5.208670e+00 -7.239769e+00 4.763075e+00
      vertex -5.100519e+00 -6.766036e+00 4.688715e+00
    endloop
  endfacet
  facet normal -9.263632e-01 3.026052e-01 -3.789561e-15
    outer loop
      vertex -5.267468e+00 -7.355000e+00 -4.500000e+00
      vertex -5.208670e+00 -7.239769e+00 4.763075e+00
      vertex -5.100000e+00 -6.730000e+00 -4.500000e+00
    endloop
  endfacet
  facet normal -8.228760e-01 5.440215e-01 -1.421085e-15
    outer loop
      vertex -5.267468e+00 -7.355000e+00 -4.500000e+00
      vertex -5.488077e+00 -7.635311e+00 4.848190e+00
      vertex -5.208670e+00 -7.239769e+00 4.763075e+00
    endloop
  endfacet
  facet normal -6.851880e-01 6.967581e-01 -3.315866e-15
    outer loop
      vertex -5.725000e+00 -7.812532e+00 -4.500000e+00
      vertex -5.488077e+00 -7.635311e+00 4.848190e+00
      vertex -5.267468e+00 -7.355000e+00 -4.500000e+00
    endloop
  endfacet
  facet normal -5.172624e-01 8.407853e-01 -9.473903e-16
    outer loop
      vertex -5.725000e+00 -7.812532e+00 -4.500000e+00
      vertex -5.897189e+00 -7.895102e+00 4.931563e+00
      vertex -5.488077e+00 -7.635311e+00 4.848190e+00
    endloop
  endfacet
  facet normal -2.874162e-01 9.327023e-01 -3.315866e-15
    outer loop
      vertex -6.350000e+00 -7.980000e+00 -4.500000e+00
      vertex -5.897189e+00 -7.895102e+00 4.931563e+00
      vertex -5.725000e+00 -7.812532e+00 -4.500000e+00
    endloop
  endfacet
  facet normal -1.137268e-01 9.772865e-01 -1.421085e-15
    outer loop
      vertex -6.350000e+00 -7.980000e+00 -4.500000e+00
      vertex -6.376335e+00 -7.979723e+00 5.000841e+00
      vertex -5.897189e+00 -7.895102e+00 4.931563e+00
    endloop
  endfacet
  facet normal 1.413986e-01 9.716406e-01 -1.421085e-15
    outer loop
      vertex -6.853909e+00 -7.873930e+00 5.045344e+00
      vertex -6.376335e+00 -7.979723e+00 5.000841e+00
      vertex -6.350000e+00 -7.980000e+00 -4.500000e+00
    endloop
  endfacet
  facet normal -9.259977e-01 -3.034209e-01 -3.315866e-15
    outer loop
      vertex 7.432532e+00 7.355000e+00 -4.500000e+00
      vertex 7.600000e+00 6.730000e+00 -4.500000e+00
      vertex 7.489959e+00 7.242828e+00 5.041348e+00
    endloop
  endfacet
  facet normal -8.204638e-01 -5.467694e-01 -9.473904e-16
    outer loop
      vertex 7.204248e+00 7.642557e+00 5.058144e+00
      vertex 7.432532e+00 7.355000e+00 -4.500000e+00
      vertex 7.489959e+00 7.242828e+00 5.041348e+00
    endloop
  endfacet
  facet normal -6.831414e-01 -6.986904e-01 -3.315866e-15
    outer loop
      vertex 6.975000e+00 7.812532e+00 -4.500000e+00
      vertex 7.432532e+00 7.355000e+00 -4.500000e+00
      vertex 7.204248e+00 7.642557e+00 5.058144e+00
    endloop
  endfacet
  facet normal -5.109409e-01 -8.443452e-01 -1.421085e-15
    outer loop
      vertex 6.786780e+00 7.901206e+00 5.040690e+00
      vertex 6.975000e+00 7.812532e+00 -4.500000e+00
      vertex 7.204248e+00 7.642557e+00 5.058144e+00
    endloop
  endfacet
  facet normal -2.831414e-01 -9.343300e-01 -3.789561e-15
    outer loop
      vertex 6.350000e+00 7.980000e+00 -4.500000e+00
      vertex 6.975000e+00 7.812532e+00 -4.500000e+00
      vertex 6.786780e+00 7.901206e+00 5.040690e+00
    endloop
  endfacet
  facet normal -1.042486e-01 -9.787640e-01 -1.894781e-15
    outer loop
      vertex 6.304152e+00 7.979159e+00 4.991977e+00
      vertex 6.350000e+00 7.980000e+00 -4.500000e+00
      vertex 6.786780e+00 7.901206e+00 5.040690e+00
    endloop
  endfacet
  facet normal 1.506394e-01 -9.696798e-01 -1.421085e-15
    outer loop
      vertex 5.830950e+00 7.867140e+00 4.919885e+00
      vertex 6.350000e+00 7.980000e+00 -4.500000e+00
      vertex 6.304152e+00 7.979159e+00 4.991977e+00
    endloop
  endfacet
  facet normal 3.050799e-01 -9.252458e-01 -3.315866e-15
    outer loop
      vertex 5.830950e+00 7.867140e+00 4.919885e+00
      vertex 5.725000e+00 7.812532e+00 -4.500000e+00
      vertex 6.350000e+00 7.980000e+00 -4.500000e+00
    endloop
  endfacet
  facet normal 5.484963e-01 -8.196394e-01 -1.421085e-15
    outer loop
      vertex 5.437189e+00 7.583976e+00 4.835363e+00
      vertex 5.725000e+00 7.812532e+00 -4.500000e+00
      vertex 5.830950e+00 7.867140e+00 4.919885e+00
    endloop
  endfacet
  facet normal 6.987582e-01 -6.830688e-01 -3.789561e-15
    outer loop
      vertex 5.437189e+00 7.583976e+00 4.835363e+00
      vertex 5.267468e+00 7.355000e+00 -4.500000e+00
      vertex 5.725000e+00 7.812532e+00 -4.500000e+00
    endloop
  endfacet
  facet normal 8.438035e-01 -5.124901e-01 -1.894781e-15
    outer loop
      vertex 5.181080e+00 7.172862e+00 4.751073e+00
      vertex 5.267468e+00 7.355000e+00 -4.500000e+00
      vertex 5.437189e+00 7.583976e+00 4.835363e+00
    endloop
  endfacet
  facet normal 9.337204e-01 -2.847632e-01 -1.894781e-15
    outer loop
      vertex 5.181080e+00 7.172862e+00 4.751073e+00
      vertex 5.100000e+00 6.730000e+00 -4.500000e+00
      vertex 5.267468e+00 7.355000e+00 -4.500000e+00
    endloop
  endfacet
  facet normal 9.782363e-01 -1.083579e-01 3.552713e-16
    outer loop
      vertex 5.100533e+00 6.693480e+00 4.679345e+00
      vertex 5.100000e+00 6.730000e+00 -4.500000e+00
      vertex 5.181080e+00 7.172862e+00 4.751073e+00
    endloop
  endfacet
  facet normal 9.704549e-01 1.466232e-01 7.105427e-16
    outer loop
      vertex 5.210261e+00 6.216683e+00 4.631130e+00
      vertex 5.100000e+00 6.730000e+00 -4.500000e+00
      vertex 5.100533e+00 6.693480e+00 4.679345e+00
    endloop
  endfacet
  facet normal 9.259389e-01 3.035512e-01 -1.539509e-15
    outer loop
      vertex 5.267468e+00 6.105000e+00 -4.500000e+00
      vertex 5.100000e+00 6.730000e+00 -4.500000e+00
      vertex 5.210261e+00 6.216683e+00 4.631130e+00
    endloop
  endfacet
  facet normal 8.203265e-01 5.469732e-01 -1.184238e-15
    outer loop
      vertex 5.496047e+00 5.817167e+00 4.614355e+00
      vertex 5.267468e+00 6.105000e+00 -4.500000e+00
      vertex 5.210261e+00 6.216683e+00 4.631130e+00
    endloop
  endfacet
  facet normal 6.830627e-01 6.987638e-01 -1.539509e-15
    outer loop
      vertex 5.725000e+00 5.647468e+00 -4.500000e+00
      vertex 5.267468e+00 6.105000e+00 -4.500000e+00
      vertex 5.496047e+00 5.817167e+00 4.614355e+00
    endloop
  endfacet
  facet normal 5.107525e-01 8.444597e-01 7.105427e-16
    outer loop
      vertex 5.913632e+00 5.558640e+00 4.631856e+00
      vertex 5.725000e+00 5.647468e+00 -4.500000e+00
      vertex 5.496047e+00 5.817167e+00 4.614355e+00
    endloop
  endfacet
  facet normal 2.830316e-01 9.343710e-01 -1.539509e-15
    outer loop
      vertex 6.350000e+00 5.480000e+00 -4.500000e+00
      vertex 5.725000e+00 5.647468e+00 -4.500000e+00
      vertex 5.913632e+00 5.558640e+00 4.631856e+00
    endloop
  endfacet
  facet normal -9.705146e-01 -1.464569e-01 -1.421085e-15
    outer loop
      vertex 7.600000e+00 6.730000e+00 -4.500000e+00
      vertex 7.599471e+00 6.766385e+00 4.993191e+00
      vertex 7.489959e+00 7.242828e+00 5.041348e+00
    endloop
  endfacet
  facet normal -9.782202e-01 1.084390e-01 -1.421085e-15
    outer loop
      vertex 7.600000e+00 6.730000e+00 -4.500000e+00
      vertex 7.518856e+00 6.286969e+00 4.921490e+00
      vertex 7.599471e+00 6.766385e+00 4.993191e+00
    endloop
  endfacet
  facet normal -9.337032e-01 2.848084e-01 -3.315866e-15
    outer loop
      vertex 7.432532e+00 6.105000e+00 -4.500000e+00
      vertex 7.518856e+00 6.286969e+00 4.921490e+00
      vertex 7.600000e+00 6.730000e+00 -4.500000e+00
    endloop
  endfacet
  facet normal -8.437546e-01 5.125692e-01 -9.473904e-16
    outer loop
      vertex 7.432532e+00 6.105000e+00 -4.500000e+00
      vertex 7.262692e+00 5.875897e+00 4.837216e+00
      vertex 7.518856e+00 6.286969e+00 4.921490e+00
    endloop
  endfacet
  facet normal -6.987265e-01 6.831026e-01 -1.421085e-15
    outer loop
      vertex 6.975000e+00 5.647468e+00 -4.500000e+00
      vertex 7.262692e+00 5.875897e+00 4.837216e+00
      vertex 7.432532e+00 6.105000e+00 -4.500000e+00
    endloop
  endfacet
  facet normal -5.485708e-01 8.196247e-01 9.473904e-16
    outer loop
      vertex 6.975000e+00 5.647468e+00 -4.500000e+00
      vertex 6.869448e+00 5.593042e+00 4.752780e+00
      vertex 7.262692e+00 5.875897e+00 4.837216e+00
    endloop
  endfacet
  facet normal -3.051861e-01 9.251973e-01 -1.421085e-15
    outer loop
      vertex 6.350000e+00 5.480000e+00 -4.500000e+00
      vertex 6.869448e+00 5.593042e+00 4.752780e+00
      vertex 6.975000e+00 5.647468e+00 -4.500000e+00
    endloop
  endfacet
  facet normal -1.509199e-01 9.696248e-01 -1.065814e-15
    outer loop
      vertex 6.350000e+00 5.480000e+00 -4.500000e+00
      vertex 6.396502e+00 5.480865e+00 4.680660e+00
      vertex 6.869448e+00 5.593042e+00 4.752780e+00
    endloop
  endfacet
  facet normal 1.039645e-01 9.787984e-01 -1.184238e-15
    outer loop
      vertex 5.913632e+00 5.558640e+00 4.631856e+00
      vertex 6.396502e+00 5.480865e+00 4.680660e+00
      vertex 6.350000e+00 5.480000e+00 -4.500000e+00
    endloop
  endfacet
  facet normal -9.280182e-01 -2.988377e-01 -3.315866e-15
    outer loop
      vertex -5.267468e+00 7.355000e+00 -4.500000e+00
      vertex -5.100000e+00 6.730000e+00 -4.500000e+00
      vertex -5.202464e+00 7.225641e+00 4.760495e+00
    endloop
  endfacet
  facet normal -8.274785e-01 -5.374131e-01 -9.473904e-16
    outer loop
      vertex -5.477024e+00 7.624658e+00 4.845468e+00
      vertex -5.267468e+00 7.355000e+00 -4.500000e+00
      vertex -5.202464e+00 7.225641e+00 4.760495e+00
    endloop
  endfacet
  facet normal -6.881354e-01 -6.939173e-01 -3.315866e-15
    outer loop
      vertex -5.725000e+00 7.812532e+00 -4.500000e+00
      vertex -5.267468e+00 7.355000e+00 -4.500000e+00
      vertex -5.477024e+00 7.624658e+00 4.845468e+00
    endloop
  endfacet
  facet normal -5.240546e-01 -8.364226e-01 -1.421085e-15
    outer loop
      vertex -5.882771e+00 7.889395e+00 4.929070e+00
      vertex -5.725000e+00 7.812532e+00 -4.500000e+00
      vertex -5.477024e+00 7.624658e+00 4.845468e+00
    endloop
  endfacet
  facet normal -2.912610e-01 -9.311805e-01 -3.789561e-15
    outer loop
      vertex -6.350000e+00 7.980000e+00 -4.500000e+00
      vertex -5.725000e+00 7.812532e+00 -4.500000e+00
      vertex -5.882771e+00 7.889395e+00 4.929070e+00
    endloop
  endfacet
  facet normal -1.217453e-01 -9.758266e-01 -1.894781e-15
    outer loop
      vertex -6.360684e+00 7.979954e+00 4.998964e+00
      vertex -6.350000e+00 7.980000e+00 -4.500000e+00
      vertex -5.882771e+00 7.889395e+00 4.929070e+00
    endloop
  endfacet
  facet normal 1.333835e-01 -9.733658e-01 -1.421085e-15
    outer loop
      vertex -6.839504e+00 7.880167e+00 5.044395e+00
      vertex -6.350000e+00 7.980000e+00 -4.500000e+00
      vertex -6.360684e+00 7.979954e+00 4.998964e+00
    endloop
  endfacet
  facet normal 2.972011e-01 -9.287198e-01 -3.315866e-15
    outer loop
      vertex -6.839504e+00 7.880167e+00 5.044395e+00
      vertex -6.975000e+00 7.812532e+00 -4.500000e+00
      vertex -6.350000e+00 7.980000e+00 -4.500000e+00
    endloop
  endfacet
  facet normal 5.358885e-01 -8.280654e-01 -1.421085e-15
    outer loop
      vertex -7.245078e+00 7.602546e+00 5.057953e+00
      vertex -6.975000e+00 7.812532e+00 -4.500000e+00
      vertex -6.839504e+00 7.880167e+00 5.044395e+00
    endloop
  endfacet
  facet normal 6.940292e-01 -6.880207e-01 -3.789561e-15
    outer loop
      vertex -7.245078e+00 7.602546e+00 5.057953e+00
      vertex -7.432532e+00 7.355000e+00 -4.500000e+00
      vertex -6.975000e+00 7.812532e+00 -4.500000e+00
    endloop
  endfacet
  facet normal 8.372636e-01 -5.221151e-01 -1.894781e-15
    outer loop
      vertex -7.512130e+00 7.190386e+00 5.037279e+00
      vertex -7.432532e+00 7.355000e+00 -4.500000e+00
      vertex -7.245078e+00 7.602546e+00 5.057953e+00
    endloop
  endfacet
  facet normal 9.319096e-01 -2.894362e-01 -1.894781e-15
    outer loop
      vertex -7.512130e+00 7.190386e+00 5.037279e+00
      vertex -7.600000e+00 6.730000e+00 -4.500000e+00
      vertex -7.432532e+00 7.355000e+00 -4.500000e+00
    endloop
  endfacet
  facet normal 9.765244e-01 -1.173884e-01 4.736950e-16
    outer loop
      vertex -7.599837e+00 6.709821e+00 4.985935e+00
      vertex -7.600000e+00 6.730000e+00 -4.500000e+00
      vertex -7.512130e+00 7.190386e+00 5.037279e+00
    endloop
  endfacet
  facet normal 9.726594e-01 1.374908e-01 9.473902e-16
    outer loop
      vertex -7.497636e+00 6.234589e+00 4.912143e+00
      vertex -7.600000e+00 6.730000e+00 -4.500000e+00
      vertex -7.599837e+00 6.709821e+00 4.985935e+00
    endloop
  endfacet
  facet normal 9.280446e-01 2.987763e-01 -1.421085e-15
    outer loop
      vertex -7.432532e+00 6.105000e+00 -4.500000e+00
      vertex -7.600000e+00 6.730000e+00 -4.500000e+00
      vertex -7.497636e+00 6.234589e+00 4.912143e+00
    endloop
  endfacet
  facet normal 8.275426e-01 5.373151e-01 -9.473903e-16
    outer loop
      vertex -7.223117e+00 5.835480e+00 4.827176e+00
      vertex -7.432532e+00 6.105000e+00 -4.500000e+00
      vertex -7.497636e+00 6.234589e+00 4.912143e+00
    endloop
  endfacet
  facet normal 6.881731e-01 6.938806e-01 -1.421085e-15
    outer loop
      vertex -6.975000e+00 5.647468e+00 -4.500000e+00
      vertex -7.432532e+00 6.105000e+00 -4.500000e+00
      vertex -7.223117e+00 5.835480e+00 4.827176e+00
    endloop
  endfacet
  facet normal 5.241258e-01 8.363724e-01 8.289666e-16
    outer loop
      vertex -6.817354e+00 5.570655e+00 4.743542e+00
      vertex -6.975000e+00 5.647468e+00 -4.500000e+00
      vertex -7.223117e+00 5.835480e+00 4.827176e+00
    endloop
  endfacet
  facet normal 2.912945e-01 9.311671e-01 -1.539509e-15
    outer loop
      vertex -6.350000e+00 5.480000e+00 -4.500000e+00
      vertex -6.975000e+00 5.647468e+00 -4.500000e+00
      vertex -6.817354e+00 5.570655e+00 4.743542e+00
    endloop
  endfacet
  facet normal -9.726309e-01 -1.376759e-01 -1.421085e-15
    outer loop
      vertex -5.100000e+00 6.730000e+00 -4.500000e+00
      vertex -5.100170e+00 6.750643e+00 4.686684e+00
      vertex -5.202464e+00 7.225641e+00 4.760495e+00
    endloop
  endfacet
  facet normal -9.765322e-01 1.172401e-01 -1.539509e-15
    outer loop
      vertex -5.100000e+00 6.730000e+00 -4.500000e+00
      vertex -5.187834e+00 6.269706e+00 4.635246e+00
      vertex -5.100170e+00 6.750643e+00 4.686684e+00
    endloop
  endfacet
  facet normal -9.319194e-01 2.894117e-01 -3.434290e-15
    outer loop
      vertex -5.267468e+00 6.105000e+00 -4.500000e+00
      vertex -5.187834e+00 6.269706e+00 4.635246e+00
      vertex -5.100000e+00 6.730000e+00 -4.500000e+00
    endloop
  endfacet
  facet normal -8.372604e-01 5.221038e-01 -1.184238e-15
    outer loop
      vertex -5.267468e+00 6.105000e+00 -4.500000e+00
      vertex -5.454971e+00 5.857404e+00 4.614546e+00
      vertex -5.187834e+00 6.269706e+00 4.635246e+00
    endloop
  endfacet
  facet normal -6.940162e-01 6.880340e-01 -1.539509e-15
    outer loop
      vertex -5.725000e+00 5.647468e+00 -4.500000e+00
      vertex -5.454971e+00 5.857404e+00 4.614546e+00
      vertex -5.267468e+00 6.105000e+00 -4.500000e+00
    endloop
  endfacet
  facet normal -5.359039e-01 8.280666e-01 7.105427e-16
    outer loop
      vertex -5.725000e+00 5.647468e+00 -4.500000e+00
      vertex -5.860389e+00 5.579878e+00 4.628110e+00
      vertex -5.454971e+00 5.857404e+00 4.614546e+00
    endloop
  endfacet
  facet normal -2.972296e-01 9.287078e-01 -1.539509e-15
    outer loop
      vertex -6.350000e+00 5.480000e+00 -4.500000e+00
      vertex -5.860389e+00 5.579878e+00 4.628110e+00
      vertex -5.725000e+00 5.647468e+00 -4.500000e+00
    endloop
  endfacet
  facet normal -1.333835e-01 9.733540e-01 -1.184238e-15
    outer loop
      vertex -6.350000e+00 5.480000e+00 -4.500000e+00
      vertex -6.339423e+00 5.480045e+00 4.673597e+00
      vertex -5.860389e+00 5.579878e+00 4.628110e+00
    endloop
  endfacet
  facet normal 1.218072e-01 9.758133e-01 -1.184238e-15
    outer loop
      vertex -6.817354e+00 5.570655e+00 4.743542e+00
      vertex -6.339423e+00 5.480045e+00 4.673597e+00
      vertex -6.350000e+00 5.480000e+00 -4.500000e+00
    endloop
  endfacet
  facet normal 0.000000e+00 0.000000e+00 1.000000e+00
    outer loop
      vertex -3.968151e+00 1.763623e+00 5.000000e+00
      vertex -3.555000e+00 -1.763623e+00 5.000000e+00
      vertex -3.555000e+00 1.763623e+00 5.000000e+00
    endloop
  endfacet
  facet normal 0.000000e+00 0.000000e+00 1.000000e+00
    outer loop
      vertex -3.968151e+00 -1.763623e+00 5.000000e+00
      vertex -3.555000e+00 -1.763623e+00 5.000000e+00
      vertex -3.968151e+00 1.763623e+00 5.000000e+00
    endloop
  endfacet
  facet normal 7.071068e-01 -7.071068e-01 0.000000e+00
    outer loop
      vertex 8.811612e+00 -8.553388e+00 5.446334e+00
      vertex 7.840000e+00 -9.525000e+00 5.459621e+00
      vertex 7.840000e+00 -9.525000e+00 -4.500000e+00
    endloop
  endfacet
  facet normal 7.071068e-01 -7.071068e-01 0.000000e+00
    outer loop
      vertex 9.525000e+00 -7.840000e+00 -4.500000e+00
      vertex 8.811612e+00 -8.553388e+00 5.446334e+00
      vertex 7.840000e+00 -9.525000e+00 -4.500000e+00
    endloop
  endfacet
  facet normal 7.071068e-01 -7.071068e-01 0.000000e+00
    outer loop
      vertex 9.525000e+00 -7.840000e+00 5.459621e+00
      vertex 8.811612e+00 -8.553388e+00 5.446334e+00
      vertex 9.525000e+00 -7.840000e+00 -4.500000e+00
    endloop
  endfacet
  facet normal 1.000000e+00 0.000000e+00 0.000000e+00
    outer loop
      vertex 9.525000e+00 -7.271300e+00 5.377249e+00
      vertex 9.525000e+00 -7.840000e+00 5.459621e+00
      vertex 9.525000e+00 -7.840000e+00 -4.500000e+00
    endloop
  endfacet
  facet normal 1.000000e+00 0.000000e+00 0.000000e+00
    outer loop
      vertex 9.525000e+00 -7.840000e+00 -4.500000e+00
      vertex 9.525000e+00 -5.626264e+00 5.173870e+00
      vertex 9.525000e+00 -7.271300e+00 5.377249e+00
    endloop
  endfacet
  facet normal 1.000000e+00 0.000000e+00 0.000000e+00
    outer loop
      vertex 9.525000e+00 -7.840000e+00 -4.500000e+00
      vertex 9.525000e+00 -4.195518e+00 5.039142e+00
      vertex 9.525000e+00 -5.626264e+00 5.173870e+00
    endloop
  endfacet
  facet normal 1.000000e+00 0.000000e+00 0.000000e+00
    outer loop
      vertex 9.525000e+00 -2.909486e+00 4.951522e+00
      vertex 9.525000e+00 -4.195518e+00 5.039142e+00
      vertex 9.525000e+00 -7.840000e+00 -4.500000e+00
    endloop
  endfacet
  facet normal 1.000000e+00 0.000000e+00 0.000000e+00
    outer loop
      vertex 9.525000e+00 -7.840000e+00 -4.500000e+00
      vertex 9.525000e+00 -1.711849e+00 4.898442e+00
      vertex 9.525000e+00 -2.909486e+00 4.951522e+00
    endloop
  endfacet
  facet normal 1.000000e+00 0.000000e+00 0.000000e+00
    outer loop
      vertex 9.525000e+00 -7.840000e+00 -4.500000e+00
      vertex 9.525000e+00 -5.652930e-01 4.873400e+00
      vertex 9.525000e+00 -1.711849e+00 4.898442e+00
    endloop
  endfacet
  facet normal 1.000000e+00 0.000000e+00 0.000000e+00
    outer loop
      vertex 9.525000e+00 5.330119e-17 4.870335e+00
      vertex 9.525000e+00 -5.652930e-01 4.873400e+00
      vertex 9.525000e+00 -7.840000e+00 -4.500000e+00
    endloop
  endfacet
  facet normal 1.000000e+00 0.000000e+00 0.000000e+00
    outer loop
      vertex 9.525000e+00 7.840000e+00 -4.500000e+00
      vertex 9.525000e+00 5.330119e-17 4.870335e+00
      vertex 9.525000e+00 -7.840000e+00 -4.500000e+00
    endloop
  endfacet
  facet normal 1.000000e+00 0.000000e+00 0.000000e+00
    outer loop
      vertex 9.525000e+00 5.652482e-01 4.873399e+00
      vertex 9.525000e+00 5.330119e-17 4.870335e+00
      vertex 9.525000e+00 7.840000e+00 -4.500000e+00
    endloop
  endfacet
  facet normal 1.000000e+00 0.000000e+00 0.000000e+00
    outer loop
      vertex 9.525000e+00 7.840000e+00 -4.500000e+00
      vertex 9.525000e+00 1.712006e+00 4.898447e+00
      vertex 9.525000e+00 5.652482e-01 4.873399e+00
    endloop
  endfacet
  facet normal 1.000000e+00 0.000000e+00 0.000000e+00
    outer loop
      vertex 9.525000e+00 7.840000e+00 -4.500000e+00
      vertex 9.525000e+00 2.909392e+00 4.951517e+00
      vertex 9.525000e+00 1.712006e+00 4.898447e+00
    endloop
  endfacet
  facet normal 1.000000e+00 0.000000e+00 0.000000e+00
    outer loop
      vertex 9.525000e+00 4.195454e+00 5.039136e+00
      vertex 9.525000e+00 2.909392e+00 4.951517e+00
      vertex 9.525000e+00 7.840000e+00 -4.500000e+00
    endloop
  endfacet
  facet normal 1.000000e+00 0.000000e+00 0.000000e+00
    outer loop
      vertex 9.525000e+00 7.840000e+00 -4.500000e+00
      vertex 9.525000e+00 5.626787e+00 5.173926e+00
      vertex 9.525000e+00 4.195454e+00 5.039136e+00
    endloop
  endfacet
  facet normal 1.000000e+00 0.000000e+00 0.000000e+00
    outer loop
      vertex 9.525000e+00 7.840000e+00 -4.500000e+00
      vertex 9.525000e+00 7.271403e+00 5.377263e+00
      vertex 9.525000e+00 5.626787e+00 5.173926e+00
    endloop
  endfacet
  facet normal 1.000000e+00 0.000000e+00 0.000000e+00
    outer loop
      vertex 9.525000e+00 7.840000e+00 5.459621e+00
      vertex 9.525000e+00 7.271403e+00 5.377263e+00
      vertex 9.525000e+00 7.840000e+00 -4.500000e+00
    endloop
  endfacet
  facet normal 7.071068e-01 7.071068e-01 0.000000e+00
    outer loop
      vertex 8.811616e+00 8.553384e+00 5.446334e+00
      vertex 9.525000e+00 7.840000e+00 5.459621e+00
      vertex 9.525000e+00 7.840000e+00 -4.500000e+00
    endloop
  endfacet
  facet normal 7.071068e-01 7.071068e-01 0.000000e+00
    outer loop
      vertex 7.840000e+00 9.525000e+00 -4.500000e+00
      vertex 8.811616e+00 8.553384e+00 5.446334e+00
      vertex 9.525000e+00 7.840000e+00 -4.500000e+00
    endloop
  endfacet
  facet normal 7.071068e-01 7.071068e-01 0.000000e+00
    outer loop
      vertex 7.840000e+00 9.525000e+00 5.459621e+00
      vertex 8.811616e+00 8.553384e+00 5.446334e+00
      vertex 7.840000e+00 9.525000e+00 -4.500000e+00
    endloop
  endfacet
  facet normal 0.000000e+00 1.000000e+00 0.000000e+00
    outer loop
      vertex 7.729689e+00 9.525000e+00 5.443159e+00
      vertex 7.840000e+00 9.525000e+00 5.459621e+00
      vertex 7.840000e+00 9.525000e+00 -4.500000e+00
    endloop
  endfacet
  facet normal 0.000000e+00 1.000000e+00 0.000000e+00
    outer loop
      vertex -7.840000e+00 9.525000e+00 -4.500000e+00
      vertex -6.834887e+00 9.525000e+00 5.318241e+00
      vertex -5.251673e+00 9.525000e+00 5.134806e+00
    endloop
  endfacet
  facet normal 0.000000e+00 1.000000e+00 0.000000e+00
    outer loop
      vertex -7.840000e+00 9.525000e+00 5.459621e+00
      vertex -6.834887e+00 9.525000e+00 5.318241e+00
      vertex -7.840000e+00 9.525000e+00 -4.500000e+00
    endloop
  endfacet
  facet normal 0.000000e+00 1.000000e+00 0.000000e+00
    outer loop
      vertex -2.602991e+00 9.525000e+00 4.935319e+00
      vertex -6.249999e-01 9.525000e+00 7.975302e-01
      vertex -1.082532e+00 9.525000e+00 3.399987e-01
    endloop
  endfacet
  facet normal 0.000000e+00 1.000000e+00 0.000000e+00
    outer loop
      vertex -1.421245e+00 9.525000e+00 4.889709e+00
      vertex -6.249999e-01 9.525000e+00 7.975302e-01
      vertex -2.602991e+00 9.525000e+00 4.935319e+00
    endloop
  endfacet
  facet normal 0.000000e+00 1.000000e+00 0.000000e+00
    outer loop
      vertex -2.816955e-01 9.525000e+00 4.871096e+00
      vertex -6.249999e-01 9.525000e+00 7.975302e-01
      vertex -1.421245e+00 9.525000e+00 4.889709e+00
    endloop
  endfacet
  facet normal 0.000000e+00 1.000000e+00 0.000000e+00
    outer loop
      vertex 7.204430e-08 9.525000e+00 9.649987e-01
      vertex -6.249999e-01 9.525000e+00 7.975302e-01
      vertex -2.816955e-01 9.525000e+00 4.871096e+00
    endloop
  endfacet
  facet normal 0.000000e+00 1.000000e+00 0.000000e+00
    outer loop
      vertex 8.498747e-01 9.525000e+00 4.877263e+00
      vertex 7.204430e-08 9.525000e+00 9.649987e-01
      vertex -2.816955e-01 9.525000e+00 4.871096e+00
    endloop
  endfacet
  facet normal 0.000000e+00 1.000000e+00 0.000000e+00
    outer loop
      vertex 6.250001e-01 9.525000e+00 7.975302e-01
      vertex 7.204430e-08 9.525000e+00 9.649987e-01
      vertex 8.498747e-01 9.525000e+00 4.877263e+00
    endloop
  endfacet
  facet normal 0.000000e+00 1.000000e+00 0.000000e+00
    outer loop
      vertex 2.006023e+00 9.525000e+00 4.908931e+00
      vertex 6.250001e-01 9.525000e+00 7.975302e-01
      vertex 8.498747e-01 9.525000e+00 4.877263e+00
    endloop
  endfacet
  facet normal 0.000000e+00 1.000000e+00 0.000000e+00
    outer loop
      vertex 1.082532e+00 9.525000e+00 3.399987e-01
      vertex 6.250001e-01 9.525000e+00 7.975302e-01
      vertex 2.006023e+00 9.525000e+00 4.908931e+00
    endloop
  endfacet
  facet normal 0.000000e+00 1.000000e+00 0.000000e+00
    outer loop
      vertex 3.221897e+00 9.525000e+00 4.969892e+00
      vertex 1.082532e+00 9.525000e+00 3.399987e-01
      vertex 2.006023e+00 9.525000e+00 4.908931e+00
    endloop
  endfacet
  facet normal 0.000000e+00 1.000000e+00 0.000000e+00
    outer loop
      vertex 4.538236e+00 9.525000e+00 5.067841e+00
      vertex 1.082532e+00 9.525000e+00 3.399987e-01
      vertex 3.221897e+00 9.525000e+00 4.969892e+00
    endloop
  endfacet
  facet normal 0.000000e+00 1.000000e+00 0.000000e+00
    outer loop
      vertex 4.538236e+00 9.525000e+00 5.067841e+00
      vertex 1.250000e+00 9.525000e+00 -2.850013e-01
      vertex 1.082532e+00 9.525000e+00 3.399987e-01
    endloop
  endfacet
  facet normal 0.000000e+00 1.000000e+00 0.000000e+00
    outer loop
      vertex 6.015440e+00 9.525000e+00 5.217302e+00
      vertex 1.250000e+00 9.525000e+00 -2.850013e-01
      vertex 4.538236e+00 9.525000e+00 5.067841e+00
    endloop
  endfacet
  facet normal 0.000000e+00 1.000000e+00 0.000000e+00
    outer loop
      vertex 7.840000e+00 9.525000e+00 -4.500000e+00
      vertex 6.015440e+00 9.525000e+00 5.217302e+00
      vertex 7.729689e+00 9.525000e+00 5.443159e+00
    endloop
  endfacet
  facet normal 0.000000e+00 1.000000e+00 0.000000e+00
    outer loop
      vertex 7.840000e+00 9.525000e+00 -4.500000e+00
      vertex 1.250000e+00 9.525000e+00 -2.850013e-01
      vertex 6.015440e+00 9.525000e+00 5.217302e+00
    endloop
  endfacet
  facet normal 0.000000e+00 1.000000e+00 0.000000e+00
    outer loop
      vertex 1.082532e+00 9.525000e+00 -9.100013e-01
      vertex 1.250000e+00 9.525000e+00 -2.850013e-01
      vertex 7.840000e+00 9.525000e+00 -4.500000e+00
    endloop
  endfacet
  facet normal 0.000000e+00 1.000000e+00 0.000000e+00
    outer loop
      vertex 7.840000e+00 9.525000e+00 -4.500000e+00
      vertex 6.250001e-01 9.525000e+00 -1.367533e+00
      vertex 1.082532e+00 9.525000e+00 -9.100013e-01
    endloop
  endfacet
  facet normal 0.000000e+00 1.000000e+00 0.000000e+00
    outer loop
      vertex 7.840000e+00 9.525000e+00 -4.500000e+00
      vertex 7.204430e-08 9.525000e+00 -1.535001e+00
      vertex 6.250001e-01 9.525000e+00 -1.367533e+00
    endloop
  endfacet
  facet normal 0.000000e+00 1.000000e+00 0.000000e+00
    outer loop
      vertex -7.840000e+00 9.525000e+00 -4.500000e+00
      vertex 7.204430e-08 9.525000e+00 -1.535001e+00
      vertex 7.840000e+00 9.525000e+00 -4.500000e+00
    endloop
  endfacet
  facet normal 0.000000e+00 1.000000e+00 0.000000e+00
    outer loop
      vertex -7.840000e+00 9.525000e+00 -4.500000e+00
      vertex -6.249999e-01 9.525000e+00 -1.367533e+00
      vertex 7.204430e-08 9.525000e+00 -1.535001e+00
    endloop
  endfacet
  facet normal 0.000000e+00 1.000000e+00 0.000000e+00
    outer loop
      vertex -1.082532e+00 9.525000e+00 -9.100013e-01
      vertex -6.249999e-01 9.525000e+00 -1.367533e+00
      vertex -7.840000e+00 9.525000e+00 -4.500000e+00
    endloop
  endfacet
  facet normal 0.000000e+00 1.000000e+00 0.000000e+00
    outer loop
      vertex -1.082532e+00 9.525000e+00 3.399987e-01
      vertex -3.862361e+00 9.525000e+00 5.013400e+00
      vertex -2.602991e+00 9.525000e+00 4.935319e+00
    endloop
  endfacet
  facet normal 0.000000e+00 1.000000e+00 0.000000e+00
    outer loop
      vertex -1.082532e+00 9.525000e+00 3.399987e-01
      vertex -5.251673e+00 9.525000e+00 5.134806e+00
      vertex -3.862361e+00 9.525000e+00 5.013400e+00
    endloop
  endfacet
  facet normal 0.000000e+00 1.000000e+00 0.000000e+00
    outer loop
      vertex -1.250000e+00 9.525000e+00 -2.850013e-01
      vertex -5.251673e+00 9.525000e+00 5.134806e+00
      vertex -1.082532e+00 9.525000e+00 3.399987e-01
    endloop
  endfacet
  facet normal 0.000000e+00 1.000000e+00 0.000000e+00
    outer loop
      vertex -1.250000e+00 9.525000e+00 -2.850013e-01
      vertex -7.840000e+00 9.525000e+00 -4.500000e+00
      vertex -5.251673e+00 9.525000e+00 5.134806e+00
    endloop
  endfacet
  facet normal 0.000000e+00 1.000000e+00 0.000000e+00
    outer loop
      vertex -1.082532e+00 9.525000e+00 -9.100013e-01
      vertex -7.840000e+00 9.525000e+00 -4.500000e+00
      vertex -1.250000e+00 9.525000e+00 -2.850013e-01
    endloop
  endfacet
  facet normal 0.000000e+00 -1.000000e+00 2.449294e-16
    outer loop
      vertex 6.250001e-01 -4.525000e+00 1.367533e+00
      vertex 7.204430e-08 -4.525000e+00 1.535002e+00
      vertex -6.249999e-01 -4.525000e+00 1.367533e+00
    endloop
  endfacet
  facet normal 0.000000e+00 -1.000000e+00 2.449294e-16
    outer loop
      vertex 6.250001e-01 -4.525000e+00 -7.975302e-01
      vertex -6.249999e-01 -4.525000e+00 -7.975302e-01
      vertex 7.204430e-08 -4.525000e+00 -9.649987e-01
    endloop
  endfacet
  facet normal 0.000000e+00 -1.000000e+00 2.449294e-16
    outer loop
      vertex 6.250001e-01 -4.525000e+00 -7.975302e-01
      vertex -1.082532e+00 -4.525000e+00 -3.399987e-01
      vertex -6.249999e-01 -4.525000e+00 -7.975302e-01
    endloop
  endfacet
  facet normal 0.000000e+00 -1.000000e+00 2.449294e-16
    outer loop
      vertex 1.082532e+00 -4.525000e+00 -3.399987e-01
      vertex -1.082532e+00 -4.525000e+00 -3.399987e-01
      vertex 6.250001e-01 -4.525000e+00 -7.975302e-01
    endloop
  endfacet
  facet normal 0.000000e+00 -1.000000e+00 2.449294e-16
    outer loop
      vertex 1.082532e+00 -4.525000e+00 -3.399987e-01
      vertex -1.250000e+00 -4.525000e+00 2.850013e-01
      vertex -1.082532e+00 -4.525000e+00 -3.399987e-01
    endloop
  endfacet
  facet normal 0.000000e+00 -1.000000e+00 2.449294e-16
    outer loop
      vertex 1.250000e+00 -4.525000e+00 2.850013e-01
      vertex -1.250000e+00 -4.525000e+00 2.850013e-01
      vertex 1.082532e+00 -4.525000e+00 -3.399987e-01
    endloop
  endfacet
  facet normal 0.000000e+00 -1.000000e+00 2.449294e-16
    outer loop
      vertex 1.250000e+00 -4.525000e+00 2.850013e-01
      vertex -1.082532e+00 -4.525000e+00 9.100013e-01
      vertex -1.250000e+00 -4.525000e+00 2.850013e-01
    endloop
  endfacet
  facet normal 0.000000e+00 -1.000000e+00 2.449294e-16
    outer loop
      vertex 1.082532e+00 -4.525000e+00 9.100013e-01
      vertex -1.082532e+00 -4.525000e+00 9.100013e-01
      vertex 1.250000e+00 -4.525000e+00 2.850013e-01
    endloop
  endfacet
  facet normal 0.000000e+00 -1.000000e+00 2.449294e-16
    outer loop
      vertex 1.082532e+00 -4.525000e+00 9.100013e-01
      vertex -6.249999e-01 -4.525000e+00 1.367533e+00
      vertex -1.082532e+00 -4.525000e+00 9.100013e-01
    endloop
  endfacet
  facet normal 0.000000e+00 -1.000000e+00 2.449294e-16
    outer loop
      vertex 6.250001e-01 -4.525000e+00 1.367533e+00
      vertex -6.249999e-01 -4.525000e+00 1.367533e+00
      vertex 1.082532e+00 -4.525000e+00 9.100013e-01
    endloop
  endfacet
  facet normal 9.106836e-01 5.921190e-17 3.333333e-01
    outer loop
      vertex -1.082532e+00 -9.525000e+00 -3.399987e-01
      vertex -1.082532e+00 -4.525000e+00 -3.399987e-01
      vertex -1.250000e+00 -4.525000e+00 2.850013e-01
    endloop
  endfacet
  facet normal 7.440169e-01 1.184238e-16 6.220085e-01
    outer loop
      vertex -6.249999e-01 -9.525000e+00 -7.975302e-01
      vertex -1.082532e+00 -4.525000e+00 -3.399987e-01
      vertex -1.082532e+00 -9.525000e+00 -3.399987e-01
    endloop
  endfacet
  facet normal 6.220085e-01 1.776357e-16 7.440169e-01
    outer loop
      vertex -6.249999e-01 -9.525000e+00 -7.975302e-01
      vertex -6.249999e-01 -4.525000e+00 -7.975302e-01
      vertex -1.082532e+00 -4.525000e+00 -3.399987e-01
    endloop
  endfacet
  facet normal 3.333333e-01 2.368476e-16 9.106836e-01
    outer loop
      vertex 7.204430e-08 -9.525000e+00 -9.649987e-01
      vertex -6.249999e-01 -4.525000e+00 -7.975302e-01
      vertex -6.249999e-01 -9.525000e+00 -7.975302e-01
    endloop
  endfacet
  facet normal 1.666667e-01 2.960595e-16 9.553418e-01
    outer loop
      vertex 7.204430e-08 -9.525000e+00 -9.649987e-01
      vertex 7.204430e-08 -4.525000e+00 -9.649987e-01
      vertex -6.249999e-01 -4.525000e+00 -7.975302e-01
    endloop
  endfacet
  facet normal -1.666667e-01 2.368476e-16 9.553418e-01
    outer loop
      vertex 6.250001e-01 -9.525000e+00 -7.975302e-01
      vertex 7.204430e-08 -4.525000e+00 -9.649987e-01
      vertex 7.204430e-08 -9.525000e+00 -9.649987e-01
    endloop
  endfacet
  facet normal -3.333333e-01 2.960595e-16 9.106836e-01
    outer loop
      vertex 6.250001e-01 -9.525000e+00 -7.975302e-01
      vertex 6.250001e-01 -4.525000e+00 -7.975302e-01
      vertex 7.204430e-08 -4.525000e+00 -9.649987e-01
    endloop
  endfacet
  facet normal -6.220085e-01 2.368476e-16 7.440169e-01
    outer loop
      vertex 1.082532e+00 -9.525000e+00 -3.399987e-01
      vertex 6.250001e-01 -4.525000e+00 -7.975302e-01
      vertex 6.250001e-01 -9.525000e+00 -7.975302e-01
    endloop
  endfacet
  facet normal -7.440169e-01 1.776357e-16 6.220085e-01
    outer loop
      vertex 1.082532e+00 -9.525000e+00 -3.399987e-01
      vertex 1.082532e+00 -4.525000e+00 -3.399987e-01
      vertex 6.250001e-01 -4.525000e+00 -7.975302e-01
    endloop
  endfacet
  facet normal -9.106836e-01 5.921190e-17 3.333333e-01
    outer loop
      vertex 1.250000e+00 -9.525000e+00 2.850013e-01
      vertex 1.082532e+00 -4.525000e+00 -3.399987e-01
      vertex 1.082532e+00 -9.525000e+00 -3.399987e-01
    endloop
  endfacet
  facet normal -9.553418e-01 0.000000e+00 1.666667e-01
    outer loop
      vertex 1.250000e+00 -9.525000e+00 2.850013e-01
      vertex 1.250000e+00 -4.525000e+00 2.850013e-01
      vertex 1.082532e+00 -4.525000e+00 -3.399987e-01
    endloop
  endfacet
  facet normal -9.553418e-01 -5.921190e-17 -1.666667e-01
    outer loop
      vertex 1.082532e+00 -9.525000e+00 9.100013e-01
      vertex 1.250000e+00 -4.525000e+00 2.850013e-01
      vertex 1.250000e+00 -9.525000e+00 2.850013e-01
    endloop
  endfacet
  facet normal -9.106836e-01 -5.921190e-17 -3.333333e-01
    outer loop
      vertex 1.082532e+00 -9.525000e+00 9.100013e-01
      vertex 1.082532e+00 -4.525000e+00 9.100013e-01
      vertex 1.250000e+00 -4.525000e+00 2.850013e-01
    endloop
  endfacet
  facet normal -7.440169e-01 -1.184238e-16 -6.220085e-01
    outer loop
      vertex 6.250001e-01 -9.525000e+00 1.367533e+00
      vertex 1.082532e+00 -4.525000e+00 9.100013e-01
      vertex 1.082532e+00 -9.525000e+00 9.100013e-01
    endloop
  endfacet
  facet normal -6.220085e-01 -1.776357e-16 -7.440169e-01
    outer loop
      vertex 6.250001e-01 -9.525000e+00 1.367533e+00
      vertex 6.250001e-01 -4.525000e+00 1.367533e+00
      vertex 1.082532e+00 -4.525000e+00 9.100013e-01
    endloop
  endfacet
  facet normal -3.333333e-01 -2.368476e-16 -9.106836e-01
    outer loop
      vertex 7.204430e-08 -9.525000e+00 1.535002e+00
      vertex 6.250001e-01 -4.525000e+00 1.367533e+00
      vertex 6.250001e-01 -9.525000e+00 1.367533e+00
    endloop
  endfacet
  facet normal -1.666667e-01 -2.960595e-16 -9.553418e-01
    outer loop
      vertex 7.204430e-08 -9.525000e+00 1.535002e+00
      vertex 7.204430e-08 -4.525000e+00 1.535002e+00
      vertex 6.250001e-01 -4.525000e+00 1.367533e+00
    endloop
  endfacet
  facet normal 1.666667e-01 -2.368476e-16 -9.553418e-01
    outer loop
      vertex -6.249999e-01 -9.525000e+00 1.367533e+00
      vertex 7.204430e-08 -4.525000e+00 1.535002e+00
      vertex 7.204430e-08 -9.525000e+00 1.535002e+00
    endloop
  endfacet
  facet normal 3.333333e-01 -2.960595e-16 -9.106836e-01
    outer loop
      vertex -6.249999e-01 -9.525000e+00 1.367533e+00
      vertex -6.249999e-01 -4.525000e+00 1.367533e+00
      vertex 7.204430e-08 -4.525000e+00 1.535002e+00
    endloop
  endfacet
  facet normal 6.220085e-01 -2.368476e-16 -7.440169e-01
    outer loop
      vertex -1.082532e+00 -9.525000e+00 9.100013e-01
      vertex -6.249999e-01 -4.525000e+00 1.367533e+00
      vertex -6.249999e-01 -9.525000e+00 1.367533e+00
    endloop
  endfacet
  facet normal 7.440169e-01 -1.776357e-16 -6.220085e-01
    outer loop
      vertex -1.082532e+00 -9.525000e+00 9.100013e-01
      vertex -1.082532e+00 -4.525000e+00 9.100013e-01
      vertex -6.249999e-01 -4.525000e+00 1.367533e+00
    endloop
  endfacet
  facet normal 9.106836e-01 -5.921190e-17 -3.333333e-01
    outer loop
      vertex -1.250000e+00 -9.525000e+00 2.850013e-01
      vertex -1.082532e+00 -4.525000e+00 9.100013e-01
      vertex -1.082532e+00 -9.525000e+00 9.100013e-01
    endloop
  endfacet
  facet normal 9.553418e-01 1.999680e-32 -1.666667e-01
    outer loop
      vertex -1.250000e+00 -9.525000e+00 2.850013e-01
      vertex -1.250000e+00 -4.525000e+00 2.850013e-01
      vertex -1.082532e+00 -4.525000e+00 9.100013e-01
    endloop
  endfacet
  facet normal 9.553418e-01 5.921190e-17 1.666667e-01
    outer loop
      vertex -1.082532e+00 -9.525000e+00 -3.399987e-01
      vertex -1.250000e+00 -4.525000e+00 2.850013e-01
      vertex -1.250000e+00 -9.525000e+00 2.850013e-01
    endloop
  endfacet
  facet normal 0.000000e+00 1.000000e+00 -1.224647e-16
    outer loop
      vertex 6.250001e-01 4.525000e+00 -1.367533e+00
      vertex 7.204430e-08 4.525000e+00 -1.535001e+00
      vertex -6.249999e-01 4.525000e+00 -1.367533e+00
    endloop
  endfacet
  facet normal 0.000000e+00 1.000000e+00 -1.224647e-16
    outer loop
      vertex 6.250001e-01 4.525000e+00 7.975302e-01
      vertex -6.249999e-01 4.525000e+00 7.975302e-01
      vertex 7.204430e-08 4.525000e+00 9.649987e-01
    endloop
  endfacet
  facet normal 0.000000e+00 1.000000e+00 -1.224647e-16
    outer loop
      vertex 6.250001e-01 4.525000e+00 7.975302e-01
      vertex -1.082532e+00 4.525000e+00 3.399987e-01
      vertex -6.249999e-01 4.525000e+00 7.975302e-01
    endloop
  endfacet
  facet normal 0.000000e+00 1.000000e+00 -1.224647e-16
    outer loop
      vertex 1.082532e+00 4.525000e+00 3.399987e-01
      vertex -1.082532e+00 4.525000e+00 3.399987e-01
      vertex 6.250001e-01 4.525000e+00 7.975302e-01
    endloop
  endfacet
  facet normal 0.000000e+00 1.000000e+00 -1.224647e-16
    outer loop
      vertex 1.082532e+00 4.525000e+00 3.399987e-01
      vertex -1.250000e+00 4.525000e+00 -2.850013e-01
      vertex -1.082532e+00 4.525000e+00 3.399987e-01
    endloop
  endfacet
  facet normal 0.000000e+00 1.000000e+00 -1.224647e-16
    outer loop
      vertex 1.250000e+00 4.525000e+00 -2.850013e-01
      vertex -1.250000e+00 4.525000e+00 -2.850013e-01
      vertex 1.082532e+00 4.525000e+00 3.399987e-01
    endloop
  endfacet
  facet normal 0.000000e+00 1.000000e+00 -1.224647e-16
    outer loop
      vertex 1.250000e+00 4.525000e+00 -2.850013e-01
      vertex -1.082532e+00 4.525000e+00 -9.100013e-01
      vertex -1.250000e+00 4.525000e+00 -2.850013e-01
    endloop
  endfacet
  facet normal 0.000000e+00 1.000000e+00 -1.224647e-16
    outer loop
      vertex 1.082532e+00 4.525000e+00 -9.100013e-01
      vertex -1.082532e+00 4.525000e+00 -9.100013e-01
      vertex 1.250000e+00 4.525000e+00 -2.850013e-01
    endloop
  endfacet
  facet normal 0.000000e+00 1.000000e+00 -1.224647e-16
    outer loop
      vertex 1.082532e+00 4.525000e+00 -9.100013e-01
      vertex -6.249999e-01 4.525000e+00 -1.367533e+00
      vertex -1.082532e+00 4.525000e+00 -9.100013e-01
    endloop
  endfacet
  facet normal 0.000000e+00 1.000000e+00 -1.224647e-16
    outer loop
      vertex 6.250001e-01 4.525000e+00 -1.367533e+00
      vertex -6.249999e-01 4.525000e+00 -1.367533e+00
      vertex 1.082532e+00 4.525000e+00 -9.100013e-01
    endloop
  endfacet
  facet normal 9.106836e-01 -4.999199e-33 -3.333333e-01
    outer loop
      vertex -1.082532e+00 9.525000e+00 3.399987e-01
      vertex -1.082532e+00 4.525000e+00 3.399987e-01
      vertex -1.250000e+00 4.525000e+00 -2.850013e-01
    endloop
  endfacet
  facet normal 7.440169e-01 -5.921190e-17 -6.220085e-01
    outer loop
      vertex -6.249999e-01 9.525000e+00 7.975302e-01
      vertex -1.082532e+00 4.525000e+00 3.399987e-01
      vertex -1.082532e+00 9.525000e+00 3.399987e-01
    endloop
  endfacet
  facet normal 6.220085e-01 -5.921190e-17 -7.440169e-01
    outer loop
      vertex -6.249999e-01 9.525000e+00 7.975302e-01
      vertex -6.249999e-01 4.525000e+00 7.975302e-01
      vertex -1.082532e+00 4.525000e+00 3.399987e-01
    endloop
  endfacet
  facet normal 3.333333e-01 -1.184238e-16 -9.106836e-01
    outer loop
      vertex 7.204430e-08 9.525000e+00 9.649987e-01
      vertex -6.249999e-01 4.525000e+00 7.975302e-01
      vertex -6.249999e-01 9.525000e+00 7.975302e-01
    endloop
  endfacet
  facet normal 1.666667e-01 -5.921190e-17 -9.553418e-01
    outer loop
      vertex 7.204430e-08 9.525000e+00 9.649987e-01
      vertex 7.204430e-08 4.525000e+00 9.649987e-01
      vertex -6.249999e-01 4.525000e+00 7.975302e-01
    endloop
  endfacet
  facet normal -1.666667e-01 -1.184238e-16 -9.553418e-01
    outer loop
      vertex 6.250001e-01 9.525000e+00 7.975302e-01
      vertex 7.204430e-08 4.525000e+00 9.649987e-01
      vertex 7.204430e-08 9.525000e+00 9.649987e-01
    endloop
  endfacet
  facet normal -3.333333e-01 -5.921190e-17 -9.106836e-01
    outer loop
      vertex 6.250001e-01 9.525000e+00 7.975302e-01
      vertex 6.250001e-01 4.525000e+00 7.975302e-01
      vertex 7.204430e-08 4.525000e+00 9.649987e-01
    endloop
  endfacet
  facet normal -6.220085e-01 -5.921190e-17 -7.440169e-01
    outer loop
      vertex 1.082532e+00 9.525000e+00 3.399987e-01
      vertex 6.250001e-01 4.525000e+00 7.975302e-01
      vertex 6.250001e-01 9.525000e+00 7.975302e-01
    endloop
  endfacet
  facet normal -7.440169e-01 -0.000000e+00 -6.220085e-01
    outer loop
      vertex 1.082532e+00 9.525000e+00 3.399987e-01
      vertex 1.082532e+00 4.525000e+00 3.399987e-01
      vertex 6.250001e-01 4.525000e+00 7.975302e-01
    endloop
  endfacet
  facet normal -9.106836e-01 -0.000000e+00 -3.333333e-01
    outer loop
      vertex 1.250000e+00 9.525000e+00 -2.850013e-01
      vertex 1.082532e+00 4.525000e+00 3.399987e-01
      vertex 1.082532e+00 9.525000e+00 3.399987e-01
    endloop
  endfacet
  facet normal -9.553418e-01 -0.000000e+00 -1.666667e-01
    outer loop
      vertex 1.250000e+00 9.525000e+00 -2.850013e-01
      vertex 1.250000e+00 4.525000e+00 -2.850013e-01
      vertex 1.082532e+00 4.525000e+00 3.399987e-01
    endloop
  endfacet
  facet normal -9.553418e-01 0.000000e+00 1.666667e-01
    outer loop
      vertex 1.082532e+00 9.525000e+00 -9.100013e-01
      vertex 1.250000e+00 4.525000e+00 -2.850013e-01
      vertex 1.250000e+00 9.525000e+00 -2.850013e-01
    endloop
  endfacet
  facet normal -9.106836e-01 0.000000e+00 3.333333e-01
    outer loop
      vertex 1.082532e+00 9.525000e+00 -9.100013e-01
      vertex 1.082532e+00 4.525000e+00 -9.100013e-01
      vertex 1.250000e+00 4.525000e+00 -2.850013e-01
    endloop
  endfacet
  facet normal -7.440169e-01 5.921190e-17 6.220085e-01
    outer loop
      vertex 6.250001e-01 9.525000e+00 -1.367533e+00
      vertex 1.082532e+00 4.525000e+00 -9.100013e-01
      vertex 1.082532e+00 9.525000e+00 -9.100013e-01
    endloop
  endfacet
  facet normal -6.220085e-01 5.921190e-17 7.440169e-01
    outer loop
      vertex 6.250001e-01 9.525000e+00 -1.367533e+00
      vertex 6.250001e-01 4.525000e+00 -1.367533e+00
      vertex 1.082532e+00 4.525000e+00 -9.100013e-01
    endloop
  endfacet
  facet normal -3.333333e-01 1.184238e-16 9.106836e-01
    outer loop
      vertex 7.204430e-08 9.525000e+00 -1.535001e+00
      vertex 6.250001e-01 4.525000e+00 -1.367533e+00
      vertex 6.250001e-01 9.525000e+00 -1.367533e+00
    endloop
  endfacet
  facet normal -1.666667e-01 5.921190e-17 9.553418e-01
    outer loop
      vertex 7.204430e-08 9.525000e+00 -1.535001e+00
      vertex 7.204430e-08 4.525000e+00 -1.535001e+00
      vertex 6.250001e-01 4.525000e+00 -1.367533e+00
    endloop
  endfacet
  facet normal 1.666667e-01 1.184238e-16 9.553418e-01
    outer loop
      vertex -6.249999e-01 9.525000e+00 -1.367533e+00
      vertex 7.204430e-08 4.525000e+00 -1.535001e+00
      vertex 7.204430e-08 9.525000e+00 -1.535001e+00
    endloop
  endfacet
  facet normal 3.333333e-01 5.921190e-17 9.106836e-01
    outer loop
      vertex -6.249999e-01 9.525000e+00 -1.367533e+00
      vertex -6.249999e-01 4.525000e+00 -1.367533e+00
      vertex 7.204430e-08 4.525000e+00 -1.535001e+00
    endloop
  endfacet
  facet normal 6.220085e-01 5.921190e-17 7.440169e-01
    outer loop
      vertex -1.082532e+00 9.525000e+00 -9.100013e-01
      vertex -6.249999e-01 4.525000e+00 -1.367533e+00
      vertex -6.249999e-01 9.525000e+00 -1.367533e+00
    endloop
  endfacet
  facet normal 7.440169e-01 0.000000e+00 6.220085e-01
    outer loop
      vertex -1.082532e+00 9.525000e+00 -9.100013e-01
      vertex -1.082532e+00 4.525000e+00 -9.100013e-01
      vertex -6.249999e-01 4.525000e+00 -1.367533e+00
    endloop
  endfacet
  facet normal 9.106836e-01 -4.999199e-33 3.333333e-01
    outer loop
      vertex -1.250000e+00 9.525000e+00 -2.850013e-01
      vertex -1.082532e+00 4.525000e+00 -9.100013e-01
      vertex -1.082532e+00 9.525000e+00 -9.100013e-01
    endloop
  endfacet
  facet normal 9.553418e-01 -9.998399e-33 1.666667e-01
    outer loop
      vertex -1.250000e+00 9.525000e+00 -2.850013e-01
      vertex -1.250000e+00 4.525000e+00 -2.850013e-01
      vertex -1.082532e+00 4.525000e+00 -9.100013e-01
    endloop
  endfacet
  facet normal 9.553418e-01 -9.998399e-33 -1.666667e-01
    outer loop
      vertex -1.082532e+00 9.525000e+00 3.399987e-01
      vertex -1.250000e+00 4.525000e+00 -2.850013e-01
      vertex -1.250000e+00 9.525000e+00 -2.850013e-01
    endloop
  endfacet
  facet normal 0.000000e+00 0.000000e+00 1.000000e+00
    outer loop
      vertex 3.555000e+00 1.763623e+00 5.000000e+00
      vertex 3.968151e+00 -1.763623e+00 5.000000e+00
      vertex 3.968151e+00 1.763623e+00 5.000000e+00
    endloop
  endfacet
  facet normal 0.000000e+00 0.000000e+00 1.000000e+00
    outer loop
      vertex 3.555000e+00 -1.763623e+00 5.000000e+00
      vertex 3.968151e+00 -1.763623e+00 5.000000e+00
      vertex 3.555000e+00 1.763623e+00 5.000000e+00
    endloop
  endfacet
  facet normal 0.000000e+00 0.000000e+00 1.000000e+00
    outer loop
      vertex 4.360919e+00 9.419944e-18 5.000000e+00
      vertex 4.345248e+00 2.140720e+00 5.000000e+00
      vertex 4.345248e+00 -2.140720e+00 5.000000e+00
    endloop
  endfacet
  facet normal 0.000000e+00 0.000000e+00 1.000000e+00
    outer loop
      vertex 4.364727e+00 2.150316e+00 5.000000e+00
      vertex 4.345248e+00 2.140720e+00 5.000000e+00
      vertex 4.360919e+00 9.419944e-18 5.000000e+00
    endloop
  endfacet
  facet normal 0.000000e+00 0.000000e+00 1.000000e+00
    outer loop
      vertex 4.756825e-05 2.142594e+00 5.000000e+00
      vertex 4.345248e+00 2.140720e+00 5.000000e+00
      vertex 4.364727e+00 2.150316e+00 5.000000e+00
    endloop
  endfacet
  facet normal 0.000000e+00 0.000000e+00 1.000000e+00
    outer loop
      vertex -4.345248e+00 2.140720e+00 5.000000e+00
      vertex 4.345248e+00 2.140720e+00 5.000000e+00
      vertex 4.756825e-05 2.142594e+00 5.000000e+00
    endloop
  endfacet
  facet normal 0.000000e+00 0.000000e+00 1.000000e+00
    outer loop
      vertex 4.345248e+00 -2.140720e+00 5.000000e+00
      vertex 4.364727e+00 -2.150316e+00 5.000000e+00
      vertex 4.360919e+00 9.419944e-18 5.000000e+00
    endloop
  endfacet
  facet normal 0.000000e+00 0.000000e+00 1.000000e+00
    outer loop
      vertex 4.345248e+00 -2.140720e+00 5.000000e+00
      vertex -4.756825e-05 -2.142594e+00 5.000000e+00
      vertex 4.364727e+00 -2.150316e+00 5.000000e+00
    endloop
  endfacet
  facet normal 0.000000e+00 0.000000e+00 1.000000e+00
    outer loop
      vertex -4.345248e+00 -2.140720e+00 5.000000e+00
      vertex -4.756825e-05 -2.142594e+00 5.000000e+00
      vertex 4.345248e+00 -2.140720e+00 5.000000e+00
    endloop
  endfacet
  facet normal 0.000000e+00 0.000000e+00 1.000000e+00
    outer loop
      vertex -4.345248e+00 -2.140720e+00 5.000000e+00
      vertex -4.364727e+00 -2.150316e+00 5.000000e+00
      vertex -4.756825e-05 -2.142594e+00 5.000000e+00
    endloop
  endfacet
  facet normal 0.000000e+00 0.000000e+00 1.000000e+00
    outer loop
      vertex -4.345248e+00 2.140720e+00 5.000000e+00
      vertex -4.364727e+00 -2.150316e+00 5.000000e+00
      vertex -4.345248e+00 -2.140720e+00 5.000000e+00
    endloop
  endfacet
  facet normal 0.000000e+00 0.000000e+00 1.000000e+00
    outer loop
      vertex -4.345248e+00 2.140720e+00 5.000000e+00
      vertex -4.364727e+00 2.150316e+00 5.000000e+00
      vertex -4.364727e+00 -2.150316e+00 5.000000e+00
    endloop
  endfacet
  facet normal 0.000000e+00 0.000000e+00 1.000000e+00
    outer loop
      vertex 4.756825e-05 2.142594e+00 5.000000e+00
      vertex -4.364727e+00 2.150316e+00 5.000000e+00
      vertex -4.345248e+00 2.140720e+00 5.000000e+00
    endloop
  endfacet
  facet normal -1.000000e+00 0.000000e+00 0.000000e+00
    outer loop
      vertex 3.555000e+00 1.763623e+00 1.031849e+00
      vertex 3.555000e+00 1.780000e+00 1.031849e+00
      vertex 3.555000e+00 1.780000e+00 -4.500000e+00
    endloop
  endfacet
  facet normal -1.000000e+00 0.000000e+00 0.000000e+00
    outer loop
      vertex 3.555000e+00 -1.763623e+00 5.000000e+00
      vertex 3.555000e+00 -1.796377e+00 8.968151e+00
      vertex 3.555000e+00 -1.763623e+00 8.968151e+00
    endloop
  endfacet
  facet normal -1.000000e+00 0.000000e+00 0.000000e+00
    outer loop
      vertex 3.555000e+00 -1.763623e+00 5.000000e+00
      vertex 3.555000e+00 -1.796377e+00 1.531849e+00
      vertex 3.555000e+00 -1.796377e+00 8.968151e+00
    endloop
  endfacet
  facet normal -1.000000e+00 0.000000e+00 0.000000e+00
    outer loop
      vertex 3.555000e+00 -1.780000e+00 1.531849e+00
      vertex 3.555000e+00 -1.796377e+00 1.531849e+00
      vertex 3.555000e+00 -1.763623e+00 5.000000e+00
    endloop
  endfacet
  facet normal -1.000000e+00 0.000000e+00 0.000000e+00
    outer loop
      vertex 3.555000e+00 1.763623e+00 5.000000e+00
      vertex 3.555000e+00 -1.780000e+00 1.531849e+00
      vertex 3.555000e+00 -1.763623e+00 5.000000e+00
    endloop
  endfacet
  facet normal -1.000000e+00 0.000000e+00 0.000000e+00
    outer loop
      vertex 3.555000e+00 1.763623e+00 1.031849e+00
      vertex 3.555000e+00 -1.780000e+00 1.531849e+00
      vertex 3.555000e+00 1.763623e+00 5.000000e+00
    endloop
  endfacet
  facet normal -1.000000e+00 0.000000e+00 0.000000e+00
    outer loop
      vertex 3.555000e+00 1.763623e+00 1.031849e+00
      vertex 3.555000e+00 -1.780000e+00 -4.500000e+00
      vertex 3.555000e+00 -1.780000e+00 1.531849e+00
    endloop
  endfacet
  facet normal -1.000000e+00 0.000000e+00 0.000000e+00
    outer loop
      vertex 3.555000e+00 1.780000e+00 -4.500000e+00
      vertex 3.555000e+00 -1.780000e+00 -4.500000e+00
      vertex 3.555000e+00 1.763623e+00 1.031849e+00
    endloop
  endfacet
  facet normal 0.000000e+00 9.995120e-01 -3.123475e-02
    outer loop
      vertex -3.968151e+00 -1.212491e+00 2.832126e+01
      vertex 3.968151e+00 -1.763623e+00 1.068504e+01
      vertex -3.968151e+00 -1.763623e+00 1.068504e+01
    endloop
  endfacet
  facet normal 0.000000e+00 9.995120e-01 -3.123475e-02
    outer loop
      vertex 3.968151e+00 -1.212491e+00 2.832126e+01
      vertex 3.968151e+00 -1.763623e+00 1.068504e+01
      vertex -3.968151e+00 -1.212491e+00 2.832126e+01
    endloop
  endfacet
  facet normal -0.000000e+00 -9.995120e-01 -3.123475e-02
    outer loop
      vertex 3.968151e+00 1.212491e+00 2.832126e+01
      vertex -3.968151e+00 1.763623e+00 1.068504e+01
      vertex 3.968151e+00 1.763623e+00 1.068504e+01
    endloop
  endfacet
  facet normal -0.000000e+00 -9.995120e-01 -3.123475e-02
    outer loop
      vertex -3.968151e+00 1.212491e+00 2.832126e+01
      vertex -3.968151e+00 1.763623e+00 1.068504e+01
      vertex 3.968151e+00 1.212491e+00 2.832126e+01
    endloop
  endfacet
  facet normal 1.000000e+00 0.000000e+00 0.000000e+00
    outer loop
      vertex 4.345248e+00 -2.140720e+00 5.000000e+00
      vertex 4.345248e+00 -1.727355e+00 5.213677e+00
      vertex 4.345248e+00 -2.140720e+00 5.229306e+00
    endloop
  endfacet
  facet normal 1.000000e+00 0.000000e+00 0.000000e+00
    outer loop
      vertex 4.345248e+00 -1.141125e+00 5.197242e+00
      vertex 4.345248e+00 -1.727355e+00 5.213677e+00
      vertex 4.345248e+00 -2.140720e+00 5.000000e+00
    endloop
  endfacet
  facet normal 1.000000e+00 0.000000e+00 0.000000e+00
    outer loop
      vertex 4.345248e+00 2.140720e+00 5.000000e+00
      vertex 4.345248e+00 1.727355e+00 5.213677e+00
      vertex 4.345248e+00 1.141125e+00 5.197242e+00
    endloop
  endfacet
  facet normal 1.000000e+00 0.000000e+00 0.000000e+00
    outer loop
      vertex 4.345248e+00 2.140720e+00 5.229306e+00
      vertex 4.345248e+00 1.727355e+00 5.213677e+00
      vertex 4.345248e+00 2.140720e+00 5.000000e+00
    endloop
  endfacet
  facet normal 1.000000e+00 0.000000e+00 0.000000e+00
    outer loop
      vertex 4.345248e+00 -2.140720e+00 5.000000e+00
      vertex 4.345248e+00 -5.728952e-01 5.187723e+00
      vertex 4.345248e+00 -1.141125e+00 5.197242e+00
    endloop
  endfacet
  facet normal 1.000000e+00 0.000000e+00 0.000000e+00
    outer loop
      vertex 4.345248e+00 -2.140720e+00 5.000000e+00
      vertex 4.345248e+00 1.129834e-17 5.184516e+00
      vertex 4.345248e+00 -5.728952e-01 5.187723e+00
    endloop
  endfacet
  facet normal 1.000000e+00 0.000000e+00 0.000000e+00
    outer loop
      vertex 4.345248e+00 2.140720e+00 5.000000e+00
      vertex 4.345248e+00 1.129834e-17 5.184516e+00
      vertex 4.345248e+00 -2.140720e+00 5.000000e+00
    endloop
  endfacet
  facet normal 1.000000e+00 0.000000e+00 0.000000e+00
    outer loop
      vertex 4.345248e+00 2.140720e+00 5.000000e+00
      vertex 4.345248e+00 5.728952e-01 5.187724e+00
      vertex 4.345248e+00 1.129834e-17 5.184516e+00
    endloop
  endfacet
  facet normal 1.000000e+00 0.000000e+00 0.000000e+00
    outer loop
      vertex 4.345248e+00 1.141125e+00 5.197242e+00
      vertex 4.345248e+00 5.728952e-01 5.187724e+00
      vertex 4.345248e+00 2.140720e+00 5.000000e+00
    endloop
  endfacet
  facet normal 0.000000e+00 1.000000e+00 0.000000e+00
    outer loop
      vertex 4.345248e+00 2.140720e+00 5.000000e+00
      vertex 3.947807e+00 2.140720e+00 5.197091e+00
      vertex 4.345248e+00 2.140720e+00 5.229306e+00
    endloop
  endfacet
  facet normal 0.000000e+00 1.000000e+00 0.000000e+00
    outer loop
      vertex 4.345248e+00 2.140720e+00 5.000000e+00
      vertex 3.042683e+00 2.140720e+00 5.135258e+00
      vertex 3.947807e+00 2.140720e+00 5.197091e+00
    endloop
  endfacet
  facet normal 0.000000e+00 1.000000e+00 0.000000e+00
    outer loop
      vertex 2.401122e+00 2.140720e+00 5.101128e+00
      vertex 3.042683e+00 2.140720e+00 5.135258e+00
      vertex 4.345248e+00 2.140720e+00 5.000000e+00
    endloop
  endfacet
  facet normal 0.000000e+00 1.000000e+00 0.000000e+00
    outer loop
      vertex 4.345248e+00 2.140720e+00 5.000000e+00
      vertex 1.911549e+00 2.140720e+00 5.080494e+00
      vertex 2.401122e+00 2.140720e+00 5.101128e+00
    endloop
  endfacet
  facet normal 0.000000e+00 1.000000e+00 0.000000e+00
    outer loop
      vertex 4.345248e+00 2.140720e+00 5.000000e+00
      vertex 1.826602e+00 2.140720e+00 5.077391e+00
      vertex 1.911549e+00 2.140720e+00 5.080494e+00
    endloop
  endfacet
  facet normal 0.000000e+00 1.000000e+00 0.000000e+00
    outer loop
      vertex 1.515966e+00 2.140720e+00 5.067243e+00
      vertex 1.826602e+00 2.140720e+00 5.077391e+00
      vertex 4.345248e+00 2.140720e+00 5.000000e+00
    endloop
  endfacet
  facet normal 0.000000e+00 1.000000e+00 0.000000e+00
    outer loop
      vertex 4.345248e+00 2.140720e+00 5.000000e+00
      vertex 1.171498e+00 2.140720e+00 5.058195e+00
      vertex 1.515966e+00 2.140720e+00 5.067243e+00
    endloop
  endfacet
  facet normal 0.000000e+00 1.000000e+00 0.000000e+00
    outer loop
      vertex 4.345248e+00 2.140720e+00 5.000000e+00
      vertex 8.579432e-01 2.140720e+00 5.051975e+00
      vertex 1.171498e+00 2.140720e+00 5.058195e+00
    endloop
  endfacet
  facet normal 0.000000e+00 1.000000e+00 0.000000e+00
    outer loop
      vertex 5.640386e-01 2.140720e+00 5.047890e+00
      vertex 8.579432e-01 2.140720e+00 5.051975e+00
      vertex 4.345248e+00 2.140720e+00 5.000000e+00
    endloop
  endfacet
  facet normal 0.000000e+00 1.000000e+00 0.000000e+00
    outer loop
      vertex -4.345248e+00 2.140720e+00 5.000000e+00
      vertex -8.515027e-01 2.140720e+00 5.051867e+00
      vertex -5.643474e-01 2.140720e+00 5.047894e+00
    endloop
  endfacet
  facet normal 0.000000e+00 1.000000e+00 0.000000e+00
    outer loop
      vertex -4.345248e+00 2.140720e+00 5.000000e+00
      vertex -1.161051e+00 2.140720e+00 5.057956e+00
      vertex -8.515027e-01 2.140720e+00 5.051867e+00
    endloop
  endfacet
  facet normal 0.000000e+00 1.000000e+00 0.000000e+00
    outer loop
      vertex -1.508352e+00 2.140720e+00 5.067017e+00
      vertex -1.161051e+00 2.140720e+00 5.057956e+00
      vertex -4.345248e+00 2.140720e+00 5.000000e+00
    endloop
  endfacet
  facet normal 0.000000e+00 1.000000e+00 0.000000e+00
    outer loop
      vertex -4.345248e+00 2.140720e+00 5.000000e+00
      vertex -1.828724e+00 2.140720e+00 5.077466e+00
      vertex -1.508352e+00 2.140720e+00 5.067017e+00
    endloop
  endfacet
  facet normal 0.000000e+00 1.000000e+00 0.000000e+00
    outer loop
      vertex -4.345248e+00 2.140720e+00 5.000000e+00
      vertex -1.911462e+00 2.140720e+00 5.080491e+00
      vertex -1.828724e+00 2.140720e+00 5.077466e+00
    endloop
  endfacet
  facet normal 0.000000e+00 1.000000e+00 0.000000e+00
    outer loop
      vertex -2.402216e+00 2.140720e+00 5.101180e+00
      vertex -1.911462e+00 2.140720e+00 5.080491e+00
      vertex -4.345248e+00 2.140720e+00 5.000000e+00
    endloop
  endfacet
  facet normal 0.000000e+00 1.000000e+00 0.000000e+00
    outer loop
      vertex -4.345248e+00 2.140720e+00 5.000000e+00
      vertex -3.041946e+00 2.140720e+00 5.135214e+00
      vertex -2.402216e+00 2.140720e+00 5.101180e+00
    endloop
  endfacet
  facet normal 0.000000e+00 1.000000e+00 0.000000e+00
    outer loop
      vertex -4.345248e+00 2.140720e+00 5.000000e+00
      vertex -3.946511e+00 2.140720e+00 5.196991e+00
      vertex -3.041946e+00 2.140720e+00 5.135214e+00
    endloop
  endfacet
  facet normal 0.000000e+00 1.000000e+00 0.000000e+00
    outer loop
      vertex -4.345248e+00 2.140720e+00 5.229306e+00
      vertex -3.946511e+00 2.140720e+00 5.196991e+00
      vertex -4.345248e+00 2.140720e+00 5.000000e+00
    endloop
  endfacet
  facet normal 0.000000e+00 1.000000e+00 0.000000e+00
    outer loop
      vertex 4.345248e+00 2.140720e+00 5.000000e+00
      vertex 2.821933e-01 2.140720e+00 5.045559e+00
      vertex 5.640386e-01 2.140720e+00 5.047890e+00
    endloop
  endfacet
  facet normal 0.000000e+00 1.000000e+00 0.000000e+00
    outer loop
      vertex 4.345248e+00 2.140720e+00 5.000000e+00
      vertex 3.671039e-05 2.140720e+00 5.044781e+00
      vertex 2.821933e-01 2.140720e+00 5.045559e+00
    endloop
  endfacet
  facet normal 0.000000e+00 1.000000e+00 0.000000e+00
    outer loop
      vertex -4.345248e+00 2.140720e+00 5.000000e+00
      vertex 3.671039e-05 2.140720e+00 5.044781e+00
      vertex 4.345248e+00 2.140720e+00 5.000000e+00
    endloop
  endfacet
  facet normal 0.000000e+00 1.000000e+00 0.000000e+00
    outer loop
      vertex -4.345248e+00 2.140720e+00 5.000000e+00
      vertex -2.845921e-01 2.140720e+00 5.045573e+00
      vertex 3.671039e-05 2.140720e+00 5.044781e+00
    endloop
  endfacet
  facet normal 0.000000e+00 1.000000e+00 0.000000e+00
    outer loop
      vertex -5.643474e-01 2.140720e+00 5.047894e+00
      vertex -2.845921e-01 2.140720e+00 5.045573e+00
      vertex -4.345248e+00 2.140720e+00 5.000000e+00
    endloop
  endfacet
  facet normal 0.000000e+00 -9.995120e-01 3.123475e-02
    outer loop
      vertex 4.345248e+00 -1.589772e+00 2.832126e+01
      vertex -4.345248e+00 -2.140720e+00 1.069093e+01
      vertex 4.345248e+00 -2.140720e+00 1.069093e+01
    endloop
  endfacet
  facet normal 0.000000e+00 -9.995120e-01 3.123475e-02
    outer loop
      vertex -4.345248e+00 -1.589772e+00 2.832126e+01
      vertex -4.345248e+00 -2.140720e+00 1.069093e+01
      vertex 4.345248e+00 -1.589772e+00 2.832126e+01
    endloop
  endfacet
  facet normal 0.000000e+00 9.995120e-01 3.123475e-02
    outer loop
      vertex -4.345248e+00 1.589772e+00 2.832126e+01
      vertex 4.345248e+00 2.140720e+00 1.069093e+01
      vertex -4.345248e+00 2.140720e+00 1.069093e+01
    endloop
  endfacet
  facet normal 0.000000e+00 9.995120e-01 3.123475e-02
    outer loop
      vertex 4.345248e+00 1.589772e+00 2.832126e+01
      vertex 4.345248e+00 2.140720e+00 1.069093e+01
      vertex -4.345248e+00 1.589772e+00 2.832126e+01
    endloop
  endfacet
  facet normal -0.000000e+00 -0.000000e+00 -1.000000e+00
    outer loop
      vertex -3.555000e+00 -1.796377e+00 8.968151e+00
      vertex 3.555000e+00 -1.763623e+00 8.968151e+00
      vertex 3.555000e+00 -1.796377e+00 8.968151e+00
    endloop
  endfacet
  facet normal -0.000000e+00 -0.000000e+00 -1.000000e+00
    outer loop
      vertex -3.555000e+00 -1.763623e+00 8.968151e+00
      vertex 3.555000e+00 -1.763623e+00 8.968151e+00
      vertex -3.555000e+00 -1.796377e+00 8.968151e+00
    endloop
  endfacet
  facet normal -0.000000e+00 -1.000000e+00 -0.000000e+00
    outer loop
      vertex -4.345248e+00 -2.140720e+00 5.000000e+00
      vertex -3.947807e+00 -2.140720e+00 5.197091e+00
      vertex -4.345248e+00 -2.140720e+00 5.229306e+00
    endloop
  endfacet
  facet normal -0.000000e+00 -1.000000e+00 -0.000000e+00
    outer loop
      vertex -4.345248e+00 -2.140720e+00 5.000000e+00
      vertex -3.042683e+00 -2.140720e+00 5.135258e+00
      vertex -3.947807e+00 -2.140720e+00 5.197091e+00
    endloop
  endfacet
  facet normal -0.000000e+00 -1.000000e+00 -0.000000e+00
    outer loop
      vertex -2.401122e+00 -2.140720e+00 5.101128e+00
      vertex -3.042683e+00 -2.140720e+00 5.135258e+00
      vertex -4.345248e+00 -2.140720e+00 5.000000e+00
    endloop
  endfacet
  facet normal -0.000000e+00 -1.000000e+00 -0.000000e+00
    outer loop
      vertex -4.345248e+00 -2.140720e+00 5.000000e+00
      vertex -1.911549e+00 -2.140720e+00 5.080494e+00
      vertex -2.401122e+00 -2.140720e+00 5.101128e+00
    endloop
  endfacet
  facet normal -0.000000e+00 -1.000000e+00 -0.000000e+00
    outer loop
      vertex -4.345248e+00 -2.140720e+00 5.000000e+00
      vertex -1.826602e+00 -2.140720e+00 5.077391e+00
      vertex -1.911549e+00 -2.140720e+00 5.080494e+00
    endloop
  endfacet
  facet normal -0.000000e+00 -1.000000e+00 -0.000000e+00
    outer loop
      vertex -1.515966e+00 -2.140720e+00 5.067243e+00
      vertex -1.826602e+00 -2.140720e+00 5.077391e+00
      vertex -4.345248e+00 -2.140720e+00 5.000000e+00
    endloop
  endfacet
  facet normal -0.000000e+00 -1.000000e+00 -0.000000e+00
    outer loop
      vertex -4.345248e+00 -2.140720e+00 5.000000e+00
      vertex -1.171498e+00 -2.140720e+00 5.058195e+00
      vertex -1.515966e+00 -2.140720e+00 5.067243e+00
    endloop
  endfacet
  facet normal -0.000000e+00 -1.000000e+00 -0.000000e+00
    outer loop
      vertex -4.345248e+00 -2.140720e+00 5.000000e+00
      vertex -8.579432e-01 -2.140720e+00 5.051975e+00
      vertex -1.171498e+00 -2.140720e+00 5.058195e+00
    endloop
  endfacet
  facet normal -0.000000e+00 -1.000000e+00 -0.000000e+00
    outer loop
      vertex -5.640386e-01 -2.140720e+00 5.047890e+00
      vertex -8.579432e-01 -2.140720e+00 5.051975e+00
      vertex -4.345248e+00 -2.140720e+00 5.000000e+00
    endloop
  endfacet
  facet normal -0.000000e+00 -1.000000e+00 -0.000000e+00
    outer loop
      vertex 4.345248e+00 -2.140720e+00 5.000000e+00
      vertex 8.515027e-01 -2.140720e+00 5.051867e+00
      vertex 5.643474e-01 -2.140720e+00 5.047894e+00
    endloop
  endfacet
  facet normal -0.000000e+00 -1.000000e+00 -0.000000e+00
    outer loop
      vertex 4.345248e+00 -2.140720e+00 5.000000e+00
      vertex 1.161051e+00 -2.140720e+00 5.057956e+00
      vertex 8.515027e-01 -2.140720e+00 5.051867e+00
    endloop
  endfacet
  facet normal -0.000000e+00 -1.000000e+00 -0.000000e+00
    outer loop
      vertex 1.508352e+00 -2.140720e+00 5.067017e+00
      vertex 1.161051e+00 -2.140720e+00 5.057956e+00
      vertex 4.345248e+00 -2.140720e+00 5.000000e+00
    endloop
  endfacet
  facet normal -0.000000e+00 -1.000000e+00 -0.000000e+00
    outer loop
      vertex 4.345248e+00 -2.140720e+00 5.000000e+00
      vertex 1.828724e+00 -2.140720e+00 5.077466e+00
      vertex 1.508352e+00 -2.140720e+00 5.067017e+00
    endloop
  endfacet
  facet normal -0.000000e+00 -1.000000e+00 -0.000000e+00
    outer loop
      vertex 4.345248e+00 -2.140720e+00 5.000000e+00
      vertex 1.911462e+00 -2.140720e+00 5.080491e+00
      vertex 1.828724e+00 -2.140720e+00 5.077466e+00
    endloop
  endfacet
  facet normal -0.000000e+00 -1.000000e+00 -0.000000e+00
    outer loop
      vertex 2.402216e+00 -2.140720e+00 5.101180e+00
      vertex 1.911462e+00 -2.140720e+00 5.080491e+00
      vertex 4.345248e+00 -2.140720e+00 5.000000e+00
    endloop
  endfacet
  facet normal -0.000000e+00 -1.000000e+00 -0.000000e+00
    outer loop
      vertex 4.345248e+00 -2.140720e+00 5.000000e+00
      vertex 3.041946e+00 -2.140720e+00 5.135214e+00
      vertex 2.402216e+00 -2.140720e+00 5.101180e+00
    endloop
  endfacet
  facet normal -0.000000e+00 -1.000000e+00 -0.000000e+00
    outer loop
      vertex 4.345248e+00 -2.140720e+00 5.000000e+00
      vertex 3.946511e+00 -2.140720e+00 5.196991e+00
      vertex 3.041946e+00 -2.140720e+00 5.135214e+00
    endloop
  endfacet
  facet normal -0.000000e+00 -1.000000e+00 -0.000000e+00
    outer loop
      vertex 4.345248e+00 -2.140720e+00 5.229306e+00
      vertex 3.946511e+00 -2.140720e+00 5.196991e+00
      vertex 4.345248e+00 -2.140720e+00 5.000000e+00
    endloop
  endfacet
  facet normal -0.000000e+00 -1.000000e+00 -0.000000e+00
    outer loop
      vertex -4.345248e+00 -2.140720e+00 5.000000e+00
      vertex -2.821933e-01 -2.140720e+00 5.045559e+00
      vertex -5.640386e-01 -2.140720e+00 5.047890e+00
    endloop
  endfacet
  facet normal -0.000000e+00 -1.000000e+00 -0.000000e+00
    outer loop
      vertex -4.345248e+00 -2.140720e+00 5.000000e+00
      vertex -3.671039e-05 -2.140720e+00 5.044781e+00
      vertex -2.821933e-01 -2.140720e+00 5.045559e+00
    endloop
  endfacet
  facet normal -0.000000e+00 -1.000000e+00 -0.000000e+00
    outer loop
      vertex 4.345248e+00 -2.140720e+00 5.000000e+00
      vertex -3.671039e-05 -2.140720e+00 5.044781e+00
      vertex -4.345248e+00 -2.140720e+00 5.000000e+00
    endloop
  endfacet
  facet normal -0.000000e+00 -1.000000e+00 -0.000000e+00
    outer loop
      vertex 4.345248e+00 -2.140720e+00 5.000000e+00
      vertex 2.845921e-01 -2.140720e+00 5.045573e+00
      vertex -3.671039e-05 -2.140720e+00 5.044781e+00
    endloop
  endfacet
  facet normal -0.000000e+00 -1.000000e+00 -0.000000e+00
    outer loop
      vertex 5.643474e-01 -2.140720e+00 5.047894e+00
      vertex 2.845921e-01 -2.140720e+00 5.045573e+00
      vertex 4.345248e+00 -2.140720e+00 5.000000e+00
    endloop
  endfacet
  facet normal -0.000000e+00 -1.000000e+00 -0.000000e+00
    outer loop
      vertex 4.345248e+00 -2.140720e+00 1.069093e+01
      vertex 3.946511e+00 -2.140720e+00 5.196991e+00
      vertex 4.345248e+00 -2.140720e+00 5.229306e+00
    endloop
  endfacet
  facet normal -0.000000e+00 -1.000000e+00 -0.000000e+00
    outer loop
      vertex 4.345248e+00 -2.140720e+00 1.069093e+01
      vertex 3.041946e+00 -2.140720e+00 5.135214e+00
      vertex 3.946511e+00 -2.140720e+00 5.196991e+00
    endloop
  endfacet
  facet normal -0.000000e+00 -1.000000e+00 -0.000000e+00
    outer loop
      vertex 2.402216e+00 -2.140720e+00 5.101180e+00
      vertex 3.041946e+00 -2.140720e+00 5.135214e+00
      vertex 4.345248e+00 -2.140720e+00 1.069093e+01
    endloop
  endfacet
  facet normal -0.000000e+00 -1.000000e+00 -0.000000e+00
    outer loop
      vertex 4.345248e+00 -2.140720e+00 1.069093e+01
      vertex 1.911462e+00 -2.140720e+00 5.080491e+00
      vertex 2.402216e+00 -2.140720e+00 5.101180e+00
    endloop
  endfacet
  facet normal -0.000000e+00 -1.000000e+00 -0.000000e+00
    outer loop
      vertex 4.345248e+00 -2.140720e+00 1.069093e+01
      vertex 1.828724e+00 -2.140720e+00 5.077466e+00
      vertex 1.911462e+00 -2.140720e+00 5.080491e+00
    endloop
  endfacet
  facet normal -0.000000e+00 -1.000000e+00 -0.000000e+00
    outer loop
      vertex 1.508352e+00 -2.140720e+00 5.067017e+00
      vertex 1.828724e+00 -2.140720e+00 5.077466e+00
      vertex 4.345248e+00 -2.140720e+00 1.069093e+01
    endloop
  endfacet
  facet normal -0.000000e+00 -1.000000e+00 -0.000000e+00
    outer loop
      vertex 4.345248e+00 -2.140720e+00 1.069093e+01
      vertex 1.161051e+00 -2.140720e+00 5.057956e+00
      vertex 1.508352e+00 -2.140720e+00 5.067017e+00
    endloop
  endfacet
  facet normal -0.000000e+00 -1.000000e+00 -0.000000e+00
    outer loop
      vertex 4.345248e+00 -2.140720e+00 1.069093e+01
      vertex 8.515027e-01 -2.140720e+00 5.051867e+00
      vertex 1.161051e+00 -2.140720e+00 5.057956e+00
    endloop
  endfacet
  facet normal -0.000000e+00 -1.000000e+00 -0.000000e+00
    outer loop
      vertex 5.643474e-01 -2.140720e+00 5.047894e+00
      vertex 8.515027e-01 -2.140720e+00 5.051867e+00
      vertex 4.345248e+00 -2.140720e+00 1.069093e+01
    endloop
  endfacet
  facet normal -0.000000e+00 -1.000000e+00 -0.000000e+00
    outer loop
      vertex 4.345248e+00 -2.140720e+00 1.069093e+01
      vertex 2.845921e-01 -2.140720e+00 5.045573e+00
      vertex 5.643474e-01 -2.140720e+00 5.047894e+00
    endloop
  endfacet
  facet normal -0.000000e+00 -1.000000e+00 -0.000000e+00
    outer loop
      vertex 4.345248e+00 -2.140720e+00 1.069093e+01
      vertex -3.671039e-05 -2.140720e+00 5.044781e+00
      vertex 2.845921e-01 -2.140720e+00 5.045573e+00
    endloop
  endfacet
  facet normal -0.000000e+00 -1.000000e+00 -0.000000e+00
    outer loop
      vertex -4.345248e+00 -2.140720e+00 1.069093e+01
      vertex -3.671039e-05 -2.140720e+00 5.044781e+00
      vertex 4.345248e+00 -2.140720e+00 1.069093e+01
    endloop
  endfacet
  facet normal -0.000000e+00 -1.000000e+00 -0.000000e+00
    outer loop
      vertex -4.345248e+00 -2.140720e+00 1.069093e+01
      vertex -2.821933e-01 -2.140720e+00 5.045559e+00
      vertex -3.671039e-05 -2.140720e+00 5.044781e+00
    endloop
  endfacet
  facet normal -0.000000e+00 -1.000000e+00 -0.000000e+00
    outer loop
      vertex -5.640386e-01 -2.140720e+00 5.047890e+00
      vertex -2.821933e-01 -2.140720e+00 5.045559e+00
      vertex -4.345248e+00 -2.140720e+00 1.069093e+01
    endloop
  endfacet
  facet normal -0.000000e+00 -1.000000e+00 -0.000000e+00
    outer loop
      vertex -4.345248e+00 -2.140720e+00 1.069093e+01
      vertex -8.579432e-01 -2.140720e+00 5.051975e+00
      vertex -5.640386e-01 -2.140720e+00 5.047890e+00
    endloop
  endfacet
  facet normal -0.000000e+00 -1.000000e+00 -0.000000e+00
    outer loop
      vertex -4.345248e+00 -2.140720e+00 1.069093e+01
      vertex -1.171498e+00 -2.140720e+00 5.058195e+00
      vertex -8.579432e-01 -2.140720e+00 5.051975e+00
    endloop
  endfacet
  facet normal -0.000000e+00 -1.000000e+00 -0.000000e+00
    outer loop
      vertex -1.515966e+00 -2.140720e+00 5.067243e+00
      vertex -1.171498e+00 -2.140720e+00 5.058195e+00
      vertex -4.345248e+00 -2.140720e+00 1.069093e+01
    endloop
  endfacet
  facet normal -0.000000e+00 -1.000000e+00 -0.000000e+00
    outer loop
      vertex -4.345248e+00 -2.140720e+00 1.069093e+01
      vertex -1.826602e+00 -2.140720e+00 5.077391e+00
      vertex -1.515966e+00 -2.140720e+00 5.067243e+00
    endloop
  endfacet
  facet normal -0.000000e+00 -1.000000e+00 -0.000000e+00
    outer loop
      vertex -4.345248e+00 -2.140720e+00 1.069093e+01
      vertex -1.911549e+00 -2.140720e+00 5.080494e+00
      vertex -1.826602e+00 -2.140720e+00 5.077391e+00
    endloop
  endfacet
  facet normal -0.000000e+00 -1.000000e+00 -0.000000e+00
    outer loop
      vertex -2.401122e+00 -2.140720e+00 5.101128e+00
      vertex -1.911549e+00 -2.140720e+00 5.080494e+00
      vertex -4.345248e+00 -2.140720e+00 1.069093e+01
    endloop
  endfacet
  facet normal -0.000000e+00 -1.000000e+00 -0.000000e+00
    outer loop
      vertex -4.345248e+00 -2.140720e+00 1.069093e+01
      vertex -3.042683e+00 -2.140720e+00 5.135258e+00
      vertex -2.401122e+00 -2.140720e+00 5.101128e+00
    endloop
  endfacet
  facet normal -0.000000e+00 -1.000000e+00 -0.000000e+00
    outer loop
      vertex -4.345248e+00 -2.140720e+00 1.069093e+01
      vertex -3.947807e+00 -2.140720e+00 5.197091e+00
      vertex -3.042683e+00 -2.140720e+00 5.135258e+00
    endloop
  endfacet
  facet normal -0.000000e+00 -1.000000e+00 -0.000000e+00
    outer loop
      vertex -4.345248e+00 -2.140720e+00 5.229306e+00
      vertex -3.947807e+00 -2.140720e+00 5.197091e+00
      vertex -4.345248e+00 -2.140720e+00 1.069093e+01
    endloop
  endfacet
  facet normal -1.000000e+00 -0.000000e+00 -0.000000e+00
    outer loop
      vertex -4.345248e+00 2.140720e+00 5.000000e+00
      vertex -4.345248e+00 1.728217e+00 5.213706e+00
      vertex -4.345248e+00 2.140720e+00 5.229306e+00
    endloop
  endfacet
  facet normal -1.000000e+00 -0.000000e+00 -0.000000e+00
    outer loop
      vertex -4.345248e+00 1.142251e+00 5.197267e+00
      vertex -4.345248e+00 1.728217e+00 5.213706e+00
      vertex -4.345248e+00 2.140720e+00 5.000000e+00
    endloop
  endfacet
  facet normal -1.000000e+00 -0.000000e+00 -0.000000e+00
    outer loop
      vertex -4.345248e+00 -2.140720e+00 5.000000e+00
      vertex -4.345248e+00 -1.729635e+00 5.213754e+00
      vertex -4.345248e+00 -1.146658e+00 5.197366e+00
    endloop
  endfacet
  facet normal -1.000000e+00 -0.000000e+00 -0.000000e+00
    outer loop
      vertex -4.345248e+00 -2.140720e+00 5.229306e+00
      vertex -4.345248e+00 -1.729635e+00 5.213754e+00
      vertex -4.345248e+00 -2.140720e+00 5.000000e+00
    endloop
  endfacet
  facet normal -1.000000e+00 -0.000000e+00 -0.000000e+00
    outer loop
      vertex -4.345248e+00 2.140720e+00 5.000000e+00
      vertex -4.345248e+00 5.729355e-01 5.187724e+00
      vertex -4.345248e+00 1.142251e+00 5.197267e+00
    endloop
  endfacet
  facet normal -1.000000e+00 -0.000000e+00 -0.000000e+00
    outer loop
      vertex -4.345248e+00 2.140720e+00 5.000000e+00
      vertex -4.345248e+00 -1.635243e-03 5.184516e+00
      vertex -4.345248e+00 5.729355e-01 5.187724e+00
    endloop
  endfacet
  facet normal -1.000000e+00 -0.000000e+00 -0.000000e+00
    outer loop
      vertex -4.345248e+00 -2.140720e+00 5.000000e+00
      vertex -4.345248e+00 -1.635243e-03 5.184516e+00
      vertex -4.345248e+00 2.140720e+00 5.000000e+00
    endloop
  endfacet
  facet normal -1.000000e+00 -0.000000e+00 -0.000000e+00
    outer loop
      vertex -4.345248e+00 -2.140720e+00 5.000000e+00
      vertex -4.345248e+00 -5.777738e-01 5.187779e+00
      vertex -4.345248e+00 -1.635243e-03 5.184516e+00
    endloop
  endfacet
  facet normal -1.000000e+00 -0.000000e+00 -0.000000e+00
    outer loop
      vertex -4.345248e+00 -1.146658e+00 5.197366e+00
      vertex -4.345248e+00 -5.777738e-01 5.187779e+00
      vertex -4.345248e+00 -2.140720e+00 5.000000e+00
    endloop
  endfacet
  facet normal 0.000000e+00 1.000000e+00 0.000000e+00
    outer loop
      vertex -4.345248e+00 2.140720e+00 1.069093e+01
      vertex -3.946511e+00 2.140720e+00 5.196991e+00
      vertex -4.345248e+00 2.140720e+00 5.229306e+00
    endloop
  endfacet
  facet normal 0.000000e+00 1.000000e+00 0.000000e+00
    outer loop
      vertex -4.345248e+00 2.140720e+00 1.069093e+01
      vertex -3.041946e+00 2.140720e+00 5.135214e+00
      vertex -3.946511e+00 2.140720e+00 5.196991e+00
    endloop
  endfacet
  facet normal 0.000000e+00 1.000000e+00 0.000000e+00
    outer loop
      vertex -2.402216e+00 2.140720e+00 5.101180e+00
      vertex -3.041946e+00 2.140720e+00 5.135214e+00
      vertex -4.345248e+00 2.140720e+00 1.069093e+01
    endloop
  endfacet
  facet normal 0.000000e+00 1.000000e+00 0.000000e+00
    outer loop
      vertex -4.345248e+00 2.140720e+00 1.069093e+01
      vertex -1.911462e+00 2.140720e+00 5.080491e+00
      vertex -2.402216e+00 2.140720e+00 5.101180e+00
    endloop
  endfacet
  facet normal 0.000000e+00 1.000000e+00 0.000000e+00
    outer loop
      vertex -4.345248e+00 2.140720e+00 1.069093e+01
      vertex -1.828724e+00 2.140720e+00 5.077466e+00
      vertex -1.911462e+00 2.140720e+00 5.080491e+00
    endloop
  endfacet
  facet normal 0.000000e+00 1.000000e+00 0.000000e+00
    outer loop
      vertex -1.508352e+00 2.140720e+00 5.067017e+00
      vertex -1.828724e+00 2.140720e+00 5.077466e+00
      vertex -4.345248e+00 2.140720e+00 1.069093e+01
    endloop
  endfacet
  facet normal 0.000000e+00 1.000000e+00 0.000000e+00
    outer loop
      vertex -4.345248e+00 2.140720e+00 1.069093e+01
      vertex -1.161051e+00 2.140720e+00 5.057956e+00
      vertex -1.508352e+00 2.140720e+00 5.067017e+00
    endloop
  endfacet
  facet normal 0.000000e+00 1.000000e+00 0.000000e+00
    outer loop
      vertex -4.345248e+00 2.140720e+00 1.069093e+01
      vertex -8.515027e-01 2.140720e+00 5.051867e+00
      vertex -1.161051e+00 2.140720e+00 5.057956e+00
    endloop
  endfacet
  facet normal 0.000000e+00 1.000000e+00 0.000000e+00
    outer loop
      vertex -5.643474e-01 2.140720e+00 5.047894e+00
      vertex -8.515027e-01 2.140720e+00 5.051867e+00
      vertex -4.345248e+00 2.140720e+00 1.069093e+01
    endloop
  endfacet
  facet normal 0.000000e+00 1.000000e+00 0.000000e+00
    outer loop
      vertex -4.345248e+00 2.140720e+00 1.069093e+01
      vertex -2.845921e-01 2.140720e+00 5.045573e+00
      vertex -5.643474e-01 2.140720e+00 5.047894e+00
    endloop
  endfacet
  facet normal 0.000000e+00 1.000000e+00 0.000000e+00
    outer loop
      vertex -4.345248e+00 2.140720e+00 1.069093e+01
      vertex 3.671039e-05 2.140720e+00 5.044781e+00
      vertex -2.845921e-01 2.140720e+00 5.045573e+00
    endloop
  endfacet
  facet normal 0.000000e+00 1.000000e+00 0.000000e+00
    outer loop
      vertex 4.345248e+00 2.140720e+00 1.069093e+01
      vertex 3.671039e-05 2.140720e+00 5.044781e+00
      vertex -4.345248e+00 2.140720e+00 1.069093e+01
    endloop
  endfacet
  facet normal 0.000000e+00 1.000000e+00 0.000000e+00
    outer loop
      vertex 4.345248e+00 2.140720e+00 1.069093e+01
      vertex 2.821933e-01 2.140720e+00 5.045559e+00
      vertex 3.671039e-05 2.140720e+00 5.044781e+00
    endloop
  endfacet
  facet normal 0.000000e+00 1.000000e+00 0.000000e+00
    outer loop
      vertex 5.640386e-01 2.140720e+00 5.047890e+00
      vertex 2.821933e-01 2.140720e+00 5.045559e+00
      vertex 4.345248e+00 2.140720e+00 1.069093e+01
    endloop
  endfacet
  facet normal 0.000000e+00 1.000000e+00 0.000000e+00
    outer loop
      vertex 4.345248e+00 2.140720e+00 1.069093e+01
      vertex 8.579432e-01 2.140720e+00 5.051975e+00
      vertex 5.640386e-01 2.140720e+00 5.047890e+00
    endloop
  endfacet
  facet normal 0.000000e+00 1.000000e+00 0.000000e+00
    outer loop
      vertex 4.345248e+00 2.140720e+00 1.069093e+01
      vertex 1.171498e+00 2.140720e+00 5.058195e+00
      vertex 8.579432e-01 2.140720e+00 5.051975e+00
    endloop
  endfacet
  facet normal 0.000000e+00 1.000000e+00 0.000000e+00
    outer loop
      vertex 1.515966e+00 2.140720e+00 5.067243e+00
      vertex 1.171498e+00 2.140720e+00 5.058195e+00
      vertex 4.345248e+00 2.140720e+00 1.069093e+01
    endloop
  endfacet
  facet normal 0.000000e+00 1.000000e+00 0.000000e+00
    outer loop
      vertex 4.345248e+00 2.140720e+00 1.069093e+01
      vertex 1.826602e+00 2.140720e+00 5.077391e+00
      vertex 1.515966e+00 2.140720e+00 5.067243e+00
    endloop
  endfacet
  facet normal 0.000000e+00 1.000000e+00 0.000000e+00
    outer loop
      vertex 4.345248e+00 2.140720e+00 1.069093e+01
      vertex 1.911549e+00 2.140720e+00 5.080494e+00
      vertex 1.826602e+00 2.140720e+00 5.077391e+00
    endloop
  endfacet
  facet normal 0.000000e+00 1.000000e+00 0.000000e+00
    outer loop
      vertex 2.401122e+00 2.140720e+00 5.101128e+00
      vertex 1.911549e+00 2.140720e+00 5.080494e+00
      vertex 4.345248e+00 2.140720e+00 1.069093e+01
    endloop
  endfacet
  facet normal 0.000000e+00 1.000000e+00 0.000000e+00
    outer loop
      vertex 4.345248e+00 2.140720e+00 1.069093e+01
      vertex 3.042683e+00 2.140720e+00 5.135258e+00
      vertex 2.401122e+00 2.140720e+00 5.101128e+00
    endloop
  endfacet
  facet normal 0.000000e+00 1.000000e+00 0.000000e+00
    outer loop
      vertex 4.345248e+00 2.140720e+00 1.069093e+01
      vertex 3.947807e+00 2.140720e+00 5.197091e+00
      vertex 3.042683e+00 2.140720e+00 5.135258e+00
    endloop
  endfacet
  facet normal 0.000000e+00 1.000000e+00 0.000000e+00
    outer loop
      vertex 4.345248e+00 2.140720e+00 5.229306e+00
      vertex 3.947807e+00 2.140720e+00 5.197091e+00
      vertex 4.345248e+00 2.140720e+00 1.069093e+01
    endloop
  endfacet
  facet normal -0.000000e+00 -0.000000e+00 -1.000000e+00
    outer loop
      vertex -3.555000e+00 1.763623e+00 1.031849e+00
      vertex 3.555000e+00 1.780000e+00 1.031849e+00
      vertex 3.555000e+00 1.763623e+00 1.031849e+00
    endloop
  endfacet
  facet normal -0.000000e+00 -0.000000e+00 -1.000000e+00
    outer loop
      vertex -3.555000e+00 1.780000e+00 1.031849e+00
      vertex 3.555000e+00 1.780000e+00 1.031849e+00
      vertex -3.555000e+00 1.763623e+00 1.031849e+00
    endloop
  endfacet
  facet normal 0.000000e+00 -1.000000e+00 0.000000e+00
    outer loop
      vertex 3.555000e+00 1.763623e+00 5.000000e+00
      vertex -3.555000e+00 1.763623e+00 1.031849e+00
      vertex 3.555000e+00 1.763623e+00 1.031849e+00
    endloop
  endfacet
  facet normal 0.000000e+00 -1.000000e+00 0.000000e+00
    outer loop
      vertex -3.555000e+00 1.763623e+00 5.000000e+00
      vertex -3.555000e+00 1.763623e+00 1.031849e+00
      vertex 3.555000e+00 1.763623e+00 5.000000e+00
    endloop
  endfacet
  facet normal 0.000000e+00 -1.000000e+00 0.000000e+00
    outer loop
      vertex 3.968151e+00 1.763623e+00 1.068504e+01
      vertex 3.555000e+00 1.763623e+00 5.000000e+00
      vertex 3.968151e+00 1.763623e+00 5.000000e+00
    endloop
  endfacet
  facet normal 0.000000e+00 -1.000000e+00 0.000000e+00
    outer loop
      vertex -3.968151e+00 1.763623e+00 1.068504e+01
      vertex 3.555000e+00 1.763623e+00 5.000000e+00
      vertex 3.968151e+00 1.763623e+00 1.068504e+01
    endloop
  endfacet
  facet normal 0.000000e+00 -1.000000e+00 0.000000e+00
    outer loop
      vertex -3.968151e+00 1.763623e+00 1.068504e+01
      vertex -3.555000e+00 1.763623e+00 5.000000e+00
      vertex 3.555000e+00 1.763623e+00 5.000000e+00
    endloop
  endfacet
  facet normal 0.000000e+00 -1.000000e+00 0.000000e+00
    outer loop
      vertex -3.968151e+00 1.763623e+00 5.000000e+00
      vertex -3.555000e+00 1.763623e+00 5.000000e+00
      vertex -3.968151e+00 1.763623e+00 1.068504e+01
    endloop
  endfacet
  facet normal 1.000000e+00 0.000000e+00 0.000000e+00
    outer loop
      vertex -3.968151e+00 1.212491e+00 2.832126e+01
      vertex -3.968151e+00 2.821796e-01 2.832126e+01
      vertex -3.968151e+00 2.821796e-01 2.374664e+01
    endloop
  endfacet
  facet normal 1.000000e+00 0.000000e+00 0.000000e+00
    outer loop
      vertex -3.968151e+00 1.763623e+00 1.068504e+01
      vertex -3.968151e+00 -1.763623e+00 5.000000e+00
      vertex -3.968151e+00 1.763623e+00 5.000000e+00
    endloop
  endfacet
  facet normal 1.000000e+00 0.000000e+00 0.000000e+00
    outer loop
      vertex -3.968151e+00 -1.763623e+00 1.068504e+01
      vertex -3.968151e+00 -1.763623e+00 5.000000e+00
      vertex -3.968151e+00 1.763623e+00 1.068504e+01
    endloop
  endfacet
  facet normal 1.000000e+00 0.000000e+00 0.000000e+00
    outer loop
      vertex -3.968151e+00 2.821796e-01 2.374664e+01
      vertex -3.968151e+00 1.763623e+00 1.068504e+01
      vertex -3.968151e+00 1.212491e+00 2.832126e+01
    endloop
  endfacet
  facet normal 1.000000e+00 0.000000e+00 0.000000e+00
    outer loop
      vertex -3.968151e+00 2.821796e-01 2.374664e+01
      vertex -3.968151e+00 -1.763623e+00 1.068504e+01
      vertex -3.968151e+00 1.763623e+00 1.068504e+01
    endloop
  endfacet
  facet normal 1.000000e+00 0.000000e+00 0.000000e+00
    outer loop
      vertex -3.968151e+00 -2.821796e-01 2.374664e+01
      vertex -3.968151e+00 -1.763623e+00 1.068504e+01
      vertex -3.968151e+00 2.821796e-01 2.374664e+01
    endloop
  endfacet
  facet normal 1.000000e+00 0.000000e+00 0.000000e+00
    outer loop
      vertex -3.968151e+00 -2.821796e-01 2.374664e+01
      vertex -3.968151e+00 -1.212491e+00 2.832126e+01
      vertex -3.968151e+00 -1.763623e+00 1.068504e+01
    endloop
  endfacet
  facet normal 1.000000e+00 0.000000e+00 0.000000e+00
    outer loop
      vertex -3.968151e+00 -2.821796e-01 2.832126e+01
      vertex -3.968151e+00 -1.212491e+00 2.832126e+01
      vertex -3.968151e+00 -2.821796e-01 2.374664e+01
    endloop
  endfacet
  facet normal 0.000000e+00 1.000000e+00 0.000000e+00
    outer loop
      vertex 3.968151e+00 -1.763623e+00 5.000000e+00
      vertex 3.555000e+00 -1.763623e+00 5.000000e+00
      vertex 3.555000e+00 -1.763623e+00 8.968151e+00
    endloop
  endfacet
  facet normal 0.000000e+00 1.000000e+00 0.000000e+00
    outer loop
      vertex 3.555000e+00 -1.763623e+00 8.968151e+00
      vertex 3.968151e+00 -1.763623e+00 1.068504e+01
      vertex 3.968151e+00 -1.763623e+00 5.000000e+00
    endloop
  endfacet
  facet normal 0.000000e+00 1.000000e+00 0.000000e+00
    outer loop
      vertex 3.555000e+00 -1.763623e+00 8.968151e+00
      vertex -3.968151e+00 -1.763623e+00 1.068504e+01
      vertex 3.968151e+00 -1.763623e+00 1.068504e+01
    endloop
  endfacet
  facet normal 0.000000e+00 1.000000e+00 0.000000e+00
    outer loop
      vertex -3.555000e+00 -1.763623e+00 8.968151e+00
      vertex -3.968151e+00 -1.763623e+00 1.068504e+01
      vertex 3.555000e+00 -1.763623e+00 8.968151e+00
    endloop
  endfacet
  facet normal 0.000000e+00 1.000000e+00 0.000000e+00
    outer loop
      vertex -3.555000e+00 -1.763623e+00 8.968151e+00
      vertex -3.968151e+00 -1.763623e+00 5.000000e+00
      vertex -3.968151e+00 -1.763623e+00 1.068504e+01
    endloop
  endfacet
  facet normal 0.000000e+00 1.000000e+00 0.000000e+00
    outer loop
      vertex -3.555000e+00 -1.763623e+00 5.000000e+00
      vertex -3.968151e+00 -1.763623e+00 5.000000e+00
      vertex -3.555000e+00 -1.763623e+00 8.968151e+00
    endloop
  endfacet
  facet normal -1.000000e+00 0.000000e+00 0.000000e+00
    outer loop
      vertex 3.968151e+00 1.763623e+00 5.000000e+00
      vertex 3.968151e+00 -1.763623e+00 5.000000e+00
      vertex 3.968151e+00 -1.763623e+00 1.068504e+01
    endloop
  endfacet
  facet normal -1.000000e+00 0.000000e+00 0.000000e+00
    outer loop
      vertex 3.968151e+00 2.821796e-01 2.374664e+01
      vertex 3.968151e+00 2.821796e-01 2.832126e+01
      vertex 3.968151e+00 1.212491e+00 2.832126e+01
    endloop
  endfacet
  facet normal -1.000000e+00 0.000000e+00 0.000000e+00
    outer loop
      vertex 3.968151e+00 1.763623e+00 1.068504e+01
      vertex 3.968151e+00 2.821796e-01 2.374664e+01
      vertex 3.968151e+00 1.212491e+00 2.832126e+01
    endloop
  endfacet
  facet normal -1.000000e+00 0.000000e+00 0.000000e+00
    outer loop
      vertex 3.968151e+00 -1.375083e-01 2.374664e+01
      vertex 3.968151e+00 2.821796e-01 2.374664e+01
      vertex 3.968151e+00 1.763623e+00 1.068504e+01
    endloop
  endfacet
  facet normal -1.000000e+00 0.000000e+00 0.000000e+00
    outer loop
      vertex 3.968151e+00 -1.763623e+00 1.068504e+01
      vertex 3.968151e+00 1.763623e+00 1.068504e+01
      vertex 3.968151e+00 1.763623e+00 5.000000e+00
    endloop
  endfacet
  facet normal -1.000000e+00 0.000000e+00 0.000000e+00
    outer loop
      vertex 3.968151e+00 -1.763623e+00 1.068504e+01
      vertex 3.968151e+00 -1.375083e-01 2.374664e+01
      vertex 3.968151e+00 1.763623e+00 1.068504e+01
    endloop
  endfacet
  facet normal -1.000000e+00 0.000000e+00 0.000000e+00
    outer loop
      vertex 3.968151e+00 -2.821796e-01 2.374664e+01
      vertex 3.968151e+00 -1.375083e-01 2.374664e+01
      vertex 3.968151e+00 -1.763623e+00 1.068504e+01
    endloop
  endfacet
  facet normal -1.000000e+00 0.000000e+00 0.000000e+00
    outer loop
      vertex 3.968151e+00 -1.212491e+00 2.832126e+01
      vertex 3.968151e+00 -2.821796e-01 2.374664e+01
      vertex 3.968151e+00 -1.763623e+00 1.068504e+01
    endloop
  endfacet
  facet normal -1.000000e+00 0.000000e+00 0.000000e+00
    outer loop
      vertex 3.968151e+00 -2.821796e-01 2.832126e+01
      vertex 3.968151e+00 -2.821796e-01 2.374664e+01
      vertex 3.968151e+00 -1.212491e+00 2.832126e+01
    endloop
  endfacet
  facet normal 0.000000e+00 0.000000e+00 1.000000e+00
    outer loop
      vertex 3.968151e+00 -1.212491e+00 2.832126e+01
      vertex 4.345248e+00 -2.821796e-01 2.832126e+01
      vertex 3.968151e+00 -2.821796e-01 2.832126e+01
    endloop
  endfacet
  facet normal 0.000000e+00 0.000000e+00 1.000000e+00
    outer loop
      vertex 3.968151e+00 -1.212491e+00 2.832126e+01
      vertex 4.345248e+00 -1.589772e+00 2.832126e+01
      vertex 4.345248e+00 -2.821796e-01 2.832126e+01
    endloop
  endfacet
  facet normal 0.000000e+00 0.000000e+00 1.000000e+00
    outer loop
      vertex -3.968151e+00 -1.212491e+00 2.832126e+01
      vertex 4.345248e+00 -1.589772e+00 2.832126e+01
      vertex 3.968151e+00 -1.212491e+00 2.832126e+01
    endloop
  endfacet
  facet normal 0.000000e+00 0.000000e+00 1.000000e+00
    outer loop
      vertex -3.968151e+00 -1.212491e+00 2.832126e+01
      vertex -4.345248e+00 -1.589772e+00 2.832126e+01
      vertex 4.345248e+00 -1.589772e+00 2.832126e+01
    endloop
  endfacet
  facet normal 0.000000e+00 0.000000e+00 1.000000e+00
    outer loop
      vertex -3.968151e+00 -1.212491e+00 2.832126e+01
      vertex -4.345248e+00 -2.821796e-01 2.832126e+01
      vertex -4.345248e+00 -1.589772e+00 2.832126e+01
    endloop
  endfacet
  facet normal 0.000000e+00 0.000000e+00 1.000000e+00
    outer loop
      vertex -3.968151e+00 -2.821796e-01 2.832126e+01
      vertex -4.345248e+00 -2.821796e-01 2.832126e+01
      vertex -3.968151e+00 -1.212491e+00 2.832126e+01
    endloop
  endfacet
  facet normal 0.000000e+00 0.000000e+00 1.000000e+00
    outer loop
      vertex 3.968151e+00 1.212491e+00 2.832126e+01
      vertex 4.345248e+00 2.821796e-01 2.832126e+01
      vertex 4.345248e+00 1.589772e+00 2.832126e+01
    endloop
  endfacet
  facet normal 0.000000e+00 0.000000e+00 1.000000e+00
    outer loop
      vertex 3.968151e+00 2.821796e-01 2.832126e+01
      vertex 4.345248e+00 2.821796e-01 2.832126e+01
      vertex 3.968151e+00 1.212491e+00 2.832126e+01
    endloop
  endfacet
  facet normal 0.000000e+00 0.000000e+00 1.000000e+00
    outer loop
      vertex -4.345248e+00 1.589772e+00 2.832126e+01
      vertex 3.968151e+00 1.212491e+00 2.832126e+01
      vertex 4.345248e+00 1.589772e+00 2.832126e+01
    endloop
  endfacet
  facet normal 0.000000e+00 0.000000e+00 1.000000e+00
    outer loop
      vertex -3.968151e+00 1.212491e+00 2.832126e+01
      vertex 3.968151e+00 1.212491e+00 2.832126e+01
      vertex -4.345248e+00 1.589772e+00 2.832126e+01
    endloop
  endfacet
  facet normal 0.000000e+00 0.000000e+00 1.000000e+00
    outer loop
      vertex -4.345248e+00 2.821796e-01 2.832126e+01
      vertex -3.968151e+00 1.212491e+00 2.832126e+01
      vertex -4.345248e+00 1.589772e+00 2.832126e+01
    endloop
  endfacet
  facet normal 0.000000e+00 0.000000e+00 1.000000e+00
    outer loop
      vertex -3.968151e+00 2.821796e-01 2.832126e+01
      vertex -3.968151e+00 1.212491e+00 2.832126e+01
      vertex -4.345248e+00 2.821796e-01 2.832126e+01
    endloop
  endfacet
endsolid antenna:plate
